Watch roots:
 - C:\Users\Felipe\Documents\WeChat Files\wxid_xd3703k0ih2p22\FileStorage
DB: C:\Users\Felipe\Desktop\Wechat Automation\OCR-wechat-3.9.12.51\wechat_receipt_state.db
Sink mode: google-sheets
Google Sheets ref: https://docs.google.com/spreadsheets/d/14_O2qiXu-TYAhz2LeG0wEmjxxaNDpyU16CQiuo0Wf8c/edit?usp=sharing
Google credentials: C:\Users\Felipe\Desktop\Wechat Automation\OCR-wechat-3.9.12.51\google_service_account.json
Client map: C:\Users\Felipe\Desktop\Wechat Automation\OCR-wechat-3.9.12.51\clientes_grupos.json
Recent files window (hours): 24
Resolution mode: db-first
DB merge path: C:\Users\Felipe\Desktop\Wechat Automation\OCR-wechat-3.9.12.51\.runtime\wechat_merge.db
Settle (seconds): 1
Original wait (seconds): 7
Temp correlation (seconds): 30
Thumb candidates enabled: False
Manual order guard: False
Manual burst gap (seconds): 2
Manual burst max (seconds): 8
Verification column: STATUS_VERIFICACAO
UI force download: False
UI force delay (seconds): 15
UI force scope: mapped-groups
UI focus policy: immediate
UI batch mode: group-sequential
UI item timeout (seconds): 5
UI retry backoff (seconds): [5, 10, 20, 40]
UI window backends: ['win32', 'uia']
UI window classes: ['WeChatMainWndForPC', 'Base_PowerMessageWindow', 'Chrome_WidgetWin_0']
Sheet order scope: per_talker
Sheet materialization order: desc
Sheet commit order: asc
Process existing files on startup: False
[RECOVER] ignored_startup_backlog=3101
[RECOVER] ignored_startup_sink_rows=1
Google Sheets: Automação Judy | main=Página1 | review=Página1 | auth=service_account:google_service_account.json
WeChat DB resolver: enabled | wx_dir=C:\Users\Felipe\Documents\WeChat Files\wxid_xd3703k0ih2p22 | merge=C:\Users\Felipe\Desktop\Wechat Automation\OCR-wechat-3.9.12.51\.runtime\wechat_merge.db
UI force runtime enabled: False
[RECOVER] backfilled_receipt_fields=235 | sheet_updated=0 | sheet_failed=0
OCR engine: rapidocr
[OCR] warmup_complete | ms=342
Watchdog: enabled
UI force download worker: disabled
[SCAN] reconcile complete | queued_or_refreshed=0
[SCAN] reconcile complete | queued_or_refreshed=0
[SCAN] reconcile complete | queued_or_refreshed=0
[SCAN] reconcile complete | queued_or_refreshed=0
[SCAN] reconcile complete | queued_or_refreshed=0
[SCAN] reconcile complete | queued_or_refreshed=0
[SCAN] reconcile complete | queued_or_refreshed=0
[SCAN] reconcile complete | queued_or_refreshed=0
[SCAN] reconcile complete | queued_or_refreshed=0
[SCAN] reconcile complete | queued_or_refreshed=0
[SCAN] reconcile complete | queued_or_refreshed=0
[SCAN] reconcile complete | queued_or_refreshed=0
[SCAN] reconcile complete | queued_or_refreshed=0
[SCAN] reconcile complete | queued_or_refreshed=0
[SCAN] reconcile complete | queued_or_refreshed=0
[SCAN] reconcile complete | queued_or_refreshed=0
[SCAN] reconcile complete | queued_or_refreshed=0
[SCAN] reconcile complete | queued_or_refreshed=0
[SCAN] reconcile complete | queued_or_refreshed=0
[SCAN] reconcile complete | queued_or_refreshed=0
[SCAN] reconcile complete | queued_or_refreshed=0
[SCAN] reconcile complete | queued_or_refreshed=0
[SCAN] reconcile complete | queued_or_refreshed=0
[SCAN] reconcile complete | queued_or_refreshed=0
[SCAN] reconcile complete | queued_or_refreshed=0
[SCAN] reconcile complete | queued_or_refreshed=0
[SCAN] reconcile complete | queued_or_refreshed=0
[OK] 9fc4fd9cd8e1b9453a64babbdf9ddb79.dat | cliente=6 | banco=CLEEND | valor=3259.0 | data=21/07/2026 16:16 | sink=staged | resolution=direct_image | verification=CONFIRMADO | manual_open_to_claim_ms=1705 | open_ms=223 | prep_ms=1 | ocr_ms=3016 | parse_ms=1 | manual_open_to_ingest_ms=4975
[SINK] committed | file_id=1b41e15ea02f6f2cdfa8f5a424e2a421ad67b360 | msg=- | talker=- | create_time=0 | sheet=Página1 | row=189 | ingest_to_commit_ms=2277 | manual_open_to_commit_ms=7252
[RETRY] 9c80ad04cebb30211f1e53196f6cfd91_.jpg | attempt=1 | err=FileNotFoundError: Resolved file disappeared: C:\Users\Felipe\Documents\WeChat Files\wxid_xd3703k0ih2p22\FileStorage\Temp\9c80ad04cebb30211f1e53196f6cfd91_.jpg
[SCAN] reconcile complete | queued_or_refreshed=1
[OK] ea2d9dfcc54c2d74abfba360d9caa8d6.dat | cliente=6 | banco=CLEEND | valor=9100.0 | data=21/07/2026 16:18 | sink=staged | resolution=direct_image | verification=CONFIRMADO | manual_open_to_claim_ms=1814 | open_ms=5 | prep_ms=0 | ocr_ms=2422 | parse_ms=1 | manual_open_to_ingest_ms=4242
[SINK] committed | file_id=f85f51f90a8c8a71ada2b9c9f22ec89912d24e35 | msg=- | talker=- | create_time=0 | sheet=Página1 | row=190 | ingest_to_commit_ms=917 | manual_open_to_commit_ms=5159
[OK] adabe073ab2fda430a30675c754b33b4.dat | cliente=6 | banco=CLEEND | valor=89.2 | data=21/07/2026 16:40 | sink=staged | resolution=direct_image | verification=CONFIRMADO | manual_open_to_claim_ms=2400 | open_ms=13 | prep_ms=1 | ocr_ms=5366 | parse_ms=1 | manual_open_to_ingest_ms=7783
[SINK] committed | file_id=352e54735d4c0000b26438f4bf1f55c7cbb67a41 | msg=- | talker=- | create_time=0 | sheet=Página1 | row=191 | ingest_to_commit_ms=937 | manual_open_to_commit_ms=8720
[OK] fcd3dc9898cb960add2212cadea38657.dat | cliente=6 | banco=CLEEND | valor=20.0 | data=21/07/2026 16:48 | sink=staged | resolution=direct_image | verification=CONFIRMADO | manual_open_to_claim_ms=5770 | open_ms=15 | prep_ms=1 | ocr_ms=2955 | parse_ms=3 | manual_open_to_ingest_ms=8753
[SINK] committed | file_id=7c4b092df538caa0f97e4b2520ab410ba3b2d150 | msg=- | talker=- | create_time=0 | sheet=Página1 | row=192 | ingest_to_commit_ms=1272 | manual_open_to_commit_ms=10025
[OK] 30d30a75b1c378d7340fbbc20a90dbad.dat | cliente=6 | banco=CLEEND | valor=1222.0 | data=21/07/2026 16:47 | sink=staged | resolution=direct_image | verification=CONFIRMADO | manual_open_to_claim_ms=7412 | open_ms=16 | prep_ms=1 | ocr_ms=5736 | parse_ms=2 | manual_open_to_ingest_ms=13172
[SINK] committed | file_id=546575ba928a73e020c750a6ded5731d913269b0 | msg=- | talker=- | create_time=0 | sheet=Página1 | row=193 | ingest_to_commit_ms=990 | manual_open_to_commit_ms=14162
[RETRY] 9c80ad04cebb30211f1e53196f6cfd91_.jpg | attempt=2 | err=FileNotFoundError: Resolved file disappeared: C:\Users\Felipe\Documents\WeChat Files\wxid_xd3703k0ih2p22\FileStorage\Temp\9c80ad04cebb30211f1e53196f6cfd91_.jpg
[RETRY] 76d17493f4d8ca242cf01aec94b03745_.jpg | attempt=1 | err=FileNotFoundError: Resolved file disappeared: C:\Users\Felipe\Documents\WeChat Files\wxid_xd3703k0ih2p22\FileStorage\Temp\76d17493f4d8ca242cf01aec94b03745_.jpg
[RETRY] d43271e132f29c81c8ed92fa9516a925_.jpg | attempt=1 | err=FileNotFoundError: Resolved file disappeared: C:\Users\Felipe\Documents\WeChat Files\wxid_xd3703k0ih2p22\FileStorage\Temp\d43271e132f29c81c8ed92fa9516a925_.jpg
[RETRY] fb4287647e69036ea3be694f8f6bad63_.jpg | attempt=1 | err=FileNotFoundError: Resolved file disappeared: C:\Users\Felipe\Documents\WeChat Files\wxid_xd3703k0ih2p22\FileStorage\Temp\fb4287647e69036ea3be694f8f6bad63_.jpg
[RETRY] 9ae9eeb668a1868a03460c9ab79d2520_.jpg | attempt=1 | err=FileNotFoundError: Resolved file disappeared: C:\Users\Felipe\Documents\WeChat Files\wxid_xd3703k0ih2p22\FileStorage\Temp\9ae9eeb668a1868a03460c9ab79d2520_.jpg
[OCR] Attempting raw image fallback for 19f86912d11_214_thum.jpg (is_receipt=True, has_amount=False)
[EXCEPTION] 19f86912d11_214_thum.jpg | missing_core_fields | verification=TEMP_PREVIEW
[RETRY] 76d17493f4d8ca242cf01aec94b03745_.jpg | attempt=2 | err=FileNotFoundError: Resolved file disappeared: C:\Users\Felipe\Documents\WeChat Files\wxid_xd3703k0ih2p22\FileStorage\Temp\76d17493f4d8ca242cf01aec94b03745_.jpg
[RETRY] d43271e132f29c81c8ed92fa9516a925_.jpg | attempt=2 | err=FileNotFoundError: Resolved file disappeared: C:\Users\Felipe\Documents\WeChat Files\wxid_xd3703k0ih2p22\FileStorage\Temp\d43271e132f29c81c8ed92fa9516a925_.jpg
[RETRY] fb4287647e69036ea3be694f8f6bad63_.jpg | attempt=2 | err=FileNotFoundError: Resolved file disappeared: C:\Users\Felipe\Documents\WeChat Files\wxid_xd3703k0ih2p22\FileStorage\Temp\fb4287647e69036ea3be694f8f6bad63_.jpg
[RETRY] 9ae9eeb668a1868a03460c9ab79d2520_.jpg | attempt=2 | err=FileNotFoundError: Resolved file disappeared: C:\Users\Felipe\Documents\WeChat Files\wxid_xd3703k0ih2p22\FileStorage\Temp\9ae9eeb668a1868a03460c9ab79d2520_.jpg
[SCAN] reconcile complete | queued_or_refreshed=5
[SKIP] 9c80ad04cebb30211f1e53196f6cfd91_.jpg | temp_file_disappeared_after_3_attempts
[SKIP] 76d17493f4d8ca242cf01aec94b03745_.jpg | temp_file_disappeared_after_3_attempts
[SKIP] d43271e132f29c81c8ed92fa9516a925_.jpg | temp_file_disappeared_after_3_attempts
[SKIP] fb4287647e69036ea3be694f8f6bad63_.jpg | temp_file_disappeared_after_3_attempts
[SKIP] 9ae9eeb668a1868a03460c9ab79d2520_.jpg | temp_file_disappeared_after_3_attempts
[SCAN] reconcile complete | queued_or_refreshed=5
[SCAN] reconcile complete | queued_or_refreshed=0
[SCAN] reconcile complete | queued_or_refreshed=0
[SCAN] reconcile complete | queued_or_refreshed=0
[SCAN] reconcile complete | queued_or_refreshed=0
[SCAN] reconcile complete | queued_or_refreshed=0
[SCAN] reconcile complete | queued_or_refreshed=0
[SCAN] reconcile complete | queued_or_refreshed=0
[SCAN] reconcile complete | queued_or_refreshed=0
[SCAN] reconcile complete | queued_or_refreshed=0
[SCAN] reconcile complete | queued_or_refreshed=0
[SCAN] reconcile complete | queued_or_refreshed=0
[SCAN] reconcile complete | queued_or_refreshed=0
[SCAN] reconcile complete | queued_or_refreshed=0
[SCAN] reconcile complete | queued_or_refreshed=0
[SCAN] reconcile complete | queued_or_refreshed=0
[SCAN] reconcile complete | queued_or_refreshed=0
[SCAN] reconcile complete | queued_or_refreshed=0
[SCAN] reconcile complete | queued_or_refreshed=0
[SCAN] reconcile complete | queued_or_refreshed=0
[SCAN] reconcile complete | queued_or_refreshed=0
[SCAN] reconcile complete | queued_or_refreshed=0
[SCAN] reconcile complete | queued_or_refreshed=0
[SCAN] reconcile complete | queued_or_refreshed=0
[SCAN] reconcile complete | queued_or_refreshed=0
[SCAN] reconcile complete | queued_or_refreshed=0
[SCAN] reconcile complete | queued_or_refreshed=0
[SCAN] reconcile complete | queued_or_refreshed=0
[SCAN] reconcile complete | queued_or_refreshed=0
[SCAN] reconcile complete | queued_or_refreshed=0
[SCAN] reconcile complete | queued_or_refreshed=0
[SCAN] reconcile complete | queued_or_refreshed=0
[SCAN] reconcile complete | queued_or_refreshed=0
[SCAN] reconcile complete | queued_or_refreshed=0
[SCAN] reconcile complete | queued_or_refreshed=0
[SCAN] reconcile complete | queued_or_refreshed=0
[SCAN] reconcile complete | queued_or_refreshed=0
[SCAN] reconcile complete | queued_or_refreshed=0
[SCAN] reconcile complete | queued_or_refreshed=0
[SCAN] reconcile complete | queued_or_refreshed=0
[SCAN] reconcile complete | queued_or_refreshed=0
[SCAN] reconcile complete | queued_or_refreshed=0
[SCAN] reconcile complete | queued_or_refreshed=0
[SCAN] reconcile complete | queued_or_refreshed=0
[SCAN] reconcile complete | queued_or_refreshed=0
[SCAN] reconcile complete | queued_or_refreshed=0
[SCAN] reconcile complete | queued_or_refreshed=0
[SCAN] reconcile complete | queued_or_refreshed=0
[SCAN] reconcile complete | queued_or_refreshed=0
[SCAN] reconcile complete | queued_or_refreshed=0
[SCAN] reconcile complete | queued_or_refreshed=0
[SCAN] reconcile complete | queued_or_refreshed=0
[SCAN] reconcile complete | queued_or_refreshed=0
[SCAN] reconcile complete | queued_or_refreshed=0
[SCAN] reconcile complete | queued_or_refreshed=0
[SCAN] reconcile complete | queued_or_refreshed=0
[SCAN] reconcile complete | queued_or_refreshed=0
[SCAN] reconcile complete | queued_or_refreshed=0
[SCAN] reconcile complete | queued_or_refreshed=0
[SCAN] reconcile complete | queued_or_refreshed=0
[SCAN] reconcile complete | queued_or_refreshed=0
[SCAN] reconcile complete | queued_or_refreshed=0
[SCAN] reconcile complete | queued_or_refreshed=0
[SCAN] reconcile complete | queued_or_refreshed=0
[SCAN] reconcile complete | queued_or_refreshed=0
[SCAN] reconcile complete | queued_or_refreshed=0
[SCAN] reconcile complete | queued_or_refreshed=0
[SCAN] reconcile complete | queued_or_refreshed=0
[SCAN] reconcile complete | queued_or_refreshed=0
[SCAN] reconcile complete | queued_or_refreshed=0
[SCAN] reconcile complete | queued_or_refreshed=0
[SCAN] reconcile complete | queued_or_refreshed=0
[SCAN] reconcile complete | queued_or_refreshed=0
[SCAN] reconcile complete | queued_or_refreshed=0
[SCAN] reconcile complete | queued_or_refreshed=0
[SCAN] reconcile complete | queued_or_refreshed=0
[SCAN] reconcile complete | queued_or_refreshed=0
[SCAN] reconcile complete | queued_or_refreshed=0
[SCAN] reconcile complete | queued_or_refreshed=0
[SCAN] reconcile complete | queued_or_refreshed=0
[SCAN] reconcile complete | queued_or_refreshed=0
[SCAN] reconcile complete | queued_or_refreshed=0
[SCAN] reconcile complete | queued_or_refreshed=0
[SCAN] reconcile complete | queued_or_refreshed=0
[HOLD] 19f86912d11_214_thum.jpg | waiting_temp_context
[OK] 8c28efe0024fa6171aa076fdc392873d.dat | cliente=6 | banco=CLEEND | valor=80.0 | data=17/07/2026 14:45 | sink=staged | resolution=direct_image | verification=CONFIRMADO | manual_open_to_claim_ms=1410 | open_ms=98 | prep_ms=2 | ocr_ms=3722 | parse_ms=1 | manual_open_to_ingest_ms=5280
[SINK] committed | file_id=6560bf0f40048cde693af799d4212f271e3a7b6d | msg=- | talker=- | create_time=0 | sheet=Página1 | row=193 | ingest_to_commit_ms=2790 | manual_open_to_commit_ms=8070
[OK] 32f7a0cd572ebbc85b906b35b0f2a5d2.dat | cliente=6 | banco=CLEEND | valor=170.0 | data=20/07/2026 18:32 | sink=staged | resolution=direct_image | verification=CONFIRMADO | manual_open_to_claim_ms=3928 | open_ms=9 | prep_ms=1 | ocr_ms=4530 | parse_ms=1 | manual_open_to_ingest_ms=8478
[SINK] committed | file_id=b10beeb632c9f84eb3a2c4e231d054174ea89744 | msg=- | talker=- | create_time=0 | sheet=Página1 | row=194 | ingest_to_commit_ms=1720 | manual_open_to_commit_ms=10198
[OK] 892f774992f31db0138606c4364e401e.dat | cliente=6 | banco=CLEEND | valor=130.0 | data=21/07/2026 07:36 | sink=staged | resolution=direct_image | verification=CONFIRMADO | manual_open_to_claim_ms=1316 | open_ms=11 | prep_ms=1 | ocr_ms=6533 | parse_ms=2 | manual_open_to_ingest_ms=7865
[SINK] committed | file_id=873294f94bbf3cf8a89d375b20731ef839bf3b54 | msg=- | talker=- | create_time=0 | sheet=Página1 | row=195 | ingest_to_commit_ms=1224 | manual_open_to_commit_ms=9089
[RETRY] 19f86912d11_214_thum.jpg | attempt=2 | err=FileNotFoundError: Resolved file disappeared: C:\Users\Felipe\Documents\WeChat Files\wxid_xd3703k0ih2p22\FileStorage\Temp\19f86912d11_214_thum.jpg
[RETRY] f4c68c5fa682a0b0c3735614a6e4be12_.jpg | attempt=1 | err=FileNotFoundError: Resolved file disappeared: C:\Users\Felipe\Documents\WeChat Files\wxid_xd3703k0ih2p22\FileStorage\Temp\f4c68c5fa682a0b0c3735614a6e4be12_.jpg
[RETRY] 83ece064f8406e96fb228e705b8df48b_.jpg | attempt=1 | err=FileNotFoundError: Resolved file disappeared: C:\Users\Felipe\Documents\WeChat Files\wxid_xd3703k0ih2p22\FileStorage\Temp\83ece064f8406e96fb228e705b8df48b_.jpg
[RETRY] 7ef11dc5a65b1733fcc95a3025427949_.jpg | attempt=1 | err=FileNotFoundError: Resolved file disappeared: C:\Users\Felipe\Documents\WeChat Files\wxid_xd3703k0ih2p22\FileStorage\Temp\7ef11dc5a65b1733fcc95a3025427949_.jpg
[OK] c04cc74ecea88cde12752ae4e996b9c7.dat | cliente=6 | banco=CLEEND | valor=298.0 | data=19/07/2026 12:00 | sink=staged | resolution=direct_image | verification=CONFIRMADO | manual_open_to_claim_ms=1803 | open_ms=8 | prep_ms=1 | ocr_ms=6154 | parse_ms=2 | manual_open_to_ingest_ms=7981
[SINK] committed | file_id=a8826b51d2055d7d8653815f7cbc3a3d552707c5 | msg=- | talker=- | create_time=0 | sheet=Página1 | row=196 | ingest_to_commit_ms=1053 | manual_open_to_commit_ms=9034
[RETRY] a46acbd8f2ad3f2812389d7727f0b028_.jpg | attempt=1 | err=FileNotFoundError: Resolved file disappeared: C:\Users\Felipe\Documents\WeChat Files\wxid_xd3703k0ih2p22\FileStorage\Temp\a46acbd8f2ad3f2812389d7727f0b028_.jpg
[OK] 0a7a42ffd1975636f93fc6adbe2a8708.dat | cliente=6 | banco=CLEEND | valor=10.0 | data=21/07/2026 11:44 | sink=staged | resolution=direct_image | verification=CONFIRMADO | manual_open_to_claim_ms=1617 | open_ms=8 | prep_ms=1 | ocr_ms=2307 | parse_ms=1 | manual_open_to_ingest_ms=3940
[SINK] committed | file_id=e43b05487bdf47ec20e5e1e22412336a66606f9f | msg=- | talker=- | create_time=0 | sheet=Página1 | row=197 | ingest_to_commit_ms=993 | manual_open_to_commit_ms=4933
[RETRY] d34b2daf8753d0188dff9bf939302091_.jpg | attempt=1 | err=FileNotFoundError: Resolved file disappeared: C:\Users\Felipe\Documents\WeChat Files\wxid_xd3703k0ih2p22\FileStorage\Temp\d34b2daf8753d0188dff9bf939302091_.jpg
[RETRY] f4c68c5fa682a0b0c3735614a6e4be12_.jpg | attempt=2 | err=FileNotFoundError: Resolved file disappeared: C:\Users\Felipe\Documents\WeChat Files\wxid_xd3703k0ih2p22\FileStorage\Temp\f4c68c5fa682a0b0c3735614a6e4be12_.jpg
[RETRY] 83ece064f8406e96fb228e705b8df48b_.jpg | attempt=2 | err=FileNotFoundError: Resolved file disappeared: C:\Users\Felipe\Documents\WeChat Files\wxid_xd3703k0ih2p22\FileStorage\Temp\83ece064f8406e96fb228e705b8df48b_.jpg
[RETRY] 7ef11dc5a65b1733fcc95a3025427949_.jpg | attempt=2 | err=FileNotFoundError: Resolved file disappeared: C:\Users\Felipe\Documents\WeChat Files\wxid_xd3703k0ih2p22\FileStorage\Temp\7ef11dc5a65b1733fcc95a3025427949_.jpg
[SCAN] reconcile complete | queued_or_refreshed=5
[RETRY] a46acbd8f2ad3f2812389d7727f0b028_.jpg | attempt=2 | err=FileNotFoundError: Resolved file disappeared: C:\Users\Felipe\Documents\WeChat Files\wxid_xd3703k0ih2p22\FileStorage\Temp\a46acbd8f2ad3f2812389d7727f0b028_.jpg
[RETRY] d34b2daf8753d0188dff9bf939302091_.jpg | attempt=2 | err=FileNotFoundError: Resolved file disappeared: C:\Users\Felipe\Documents\WeChat Files\wxid_xd3703k0ih2p22\FileStorage\Temp\d34b2daf8753d0188dff9bf939302091_.jpg
[SKIP] 19f86912d11_214_thum.jpg | temp_file_disappeared_after_3_attempts
[SKIP] f4c68c5fa682a0b0c3735614a6e4be12_.jpg | temp_file_disappeared_after_3_attempts
[SKIP] 83ece064f8406e96fb228e705b8df48b_.jpg | temp_file_disappeared_after_3_attempts
[SKIP] 7ef11dc5a65b1733fcc95a3025427949_.jpg | temp_file_disappeared_after_3_attempts
[SKIP] a46acbd8f2ad3f2812389d7727f0b028_.jpg | temp_file_disappeared_after_3_attempts
[SKIP] d34b2daf8753d0188dff9bf939302091_.jpg | temp_file_disappeared_after_3_attempts
[OK] 3285e88be7cf2404ae258967a1583780.dat | cliente=6 | banco=CLEEND | valor=400.0 | data=21/07/2026 13:37 | sink=staged | resolution=direct_image | verification=CONFIRMADO | manual_open_to_claim_ms=1266 | open_ms=79 | prep_ms=43 | ocr_ms=5768 | parse_ms=2 | manual_open_to_ingest_ms=7172
[SINK] committed | file_id=0abb5c15f16bc1b4cdb0799b7c03546877ff81e9 | msg=- | talker=- | create_time=0 | sheet=Página1 | row=198 | ingest_to_commit_ms=1104 | manual_open_to_commit_ms=8276
[OK] dd0012bb9f6c9b684f927f3d3bfe8e53.dat | cliente=6 | banco=CLEEND | valor=135.0 | data=21/07/2026 15:49 | sink=staged | resolution=direct_image | verification=CONFIRMADO | manual_open_to_claim_ms=4904 | open_ms=23 | prep_ms=4 | ocr_ms=3146 | parse_ms=1 | manual_open_to_ingest_ms=8086
[SINK] committed | file_id=dd4a7bd3f66a8497f583cf4e7b10120c565b6976 | msg=- | talker=- | create_time=0 | sheet=Página1 | row=199 | ingest_to_commit_ms=935 | manual_open_to_commit_ms=9021
[SCAN] reconcile complete | queued_or_refreshed=8
[OK] 67c40c6d826d03ffdc3036279f601168.dat | cliente=6 | banco=CLEEND | valor=122.0 | data=20/07/2026 17:15 | sink=staged | resolution=direct_image | verification=CONFIRMADO | manual_open_to_claim_ms=7268 | open_ms=9 | prep_ms=1 | ocr_ms=3396 | parse_ms=2 | manual_open_to_ingest_ms=10685
[SINK] committed | file_id=d5aa7c24ff746218f619e6b2aa664b9daebecf25 | msg=- | talker=- | create_time=0 | sheet=Página1 | row=200 | ingest_to_commit_ms=936 | manual_open_to_commit_ms=11621
[OK] 4a7c8f1f239683e77f41cc9f4d5b4d32.dat | cliente=6 | banco=CLEEND | valor=65.0 | data=21/07/2026 10:48 | sink=staged | resolution=direct_image | verification=CONFIRMADO | manual_open_to_claim_ms=2685 | open_ms=10 | prep_ms=1 | ocr_ms=2733 | parse_ms=1 | manual_open_to_ingest_ms=5430
[SINK] committed | file_id=baa0f44dbd7fe5d31fc92603af3134bd03517fd7 | msg=- | talker=- | create_time=0 | sheet=Página1 | row=201 | ingest_to_commit_ms=968 | manual_open_to_commit_ms=6399
[RETRY] 1eb4a797557a59701edc5bef38c3c69e_.jpg | attempt=1 | err=FileNotFoundError: Resolved file disappeared: C:\Users\Felipe\Documents\WeChat Files\wxid_xd3703k0ih2p22\FileStorage\Temp\1eb4a797557a59701edc5bef38c3c69e_.jpg
[RETRY] 4683c90cc395ecc3c179586a4e0154c5_.jpg | attempt=1 | err=FileNotFoundError: Resolved file disappeared: C:\Users\Felipe\Documents\WeChat Files\wxid_xd3703k0ih2p22\FileStorage\Temp\4683c90cc395ecc3c179586a4e0154c5_.jpg
[RETRY] 18e9bf83031ad21333a531400275a4c1_.jpg | attempt=1 | err=FileNotFoundError: Resolved file disappeared: C:\Users\Felipe\Documents\WeChat Files\wxid_xd3703k0ih2p22\FileStorage\Temp\18e9bf83031ad21333a531400275a4c1_.jpg
[RETRY] d61f3f9583dc085bcdaf6a5e00d6613c_.jpg | attempt=1 | err=FileNotFoundError: Resolved file disappeared: C:\Users\Felipe\Documents\WeChat Files\wxid_xd3703k0ih2p22\FileStorage\Temp\d61f3f9583dc085bcdaf6a5e00d6613c_.jpg
[OK] 0ae44ce22279bf009aaafeecdedce6ef.dat | cliente=6 | banco=CLEEND | valor=211.9 | data=21/07/2026 10:53 | sink=staged | resolution=direct_image | verification=CONFIRMADO | manual_open_to_claim_ms=1779 | open_ms=18 | prep_ms=1 | ocr_ms=3410 | parse_ms=2 | manual_open_to_ingest_ms=5220
[SINK] committed | file_id=0a075b428fc098ad3c33390d2d5a14578d81b0e6 | msg=- | talker=- | create_time=0 | sheet=Página1 | row=202 | ingest_to_commit_ms=1001 | manual_open_to_commit_ms=6221
[RETRY] 27ce877a09e8039a122927c6deaaf786_.jpg | attempt=1 | err=FileNotFoundError: Resolved file disappeared: C:\Users\Felipe\Documents\WeChat Files\wxid_xd3703k0ih2p22\FileStorage\Temp\27ce877a09e8039a122927c6deaaf786_.jpg
[OK] f5f2e6275970c1c8f2c4eaa57c7644ca.dat | cliente=6 | banco=CLEEND | valor=619.8 | data=21/07/2026 10:59 | sink=staged | resolution=direct_image | verification=CONFIRMADO | manual_open_to_claim_ms=1202 | open_ms=8 | prep_ms=0 | ocr_ms=2552 | parse_ms=1 | manual_open_to_ingest_ms=3767
[SINK] committed | file_id=94608ab5dfe87d380507fbb0dcea9ae8a2b5f5a6 | msg=- | talker=- | create_time=0 | sheet=Página1 | row=203 | ingest_to_commit_ms=1001 | manual_open_to_commit_ms=4769
[RETRY] a053d742e51952dad5a76e3f8992c647_.jpg | attempt=1 | err=FileNotFoundError: Resolved file disappeared: C:\Users\Felipe\Documents\WeChat Files\wxid_xd3703k0ih2p22\FileStorage\Temp\a053d742e51952dad5a76e3f8992c647_.jpg
[OK] 990b3e02fee9ba2617189b9ce85095f3.dat | cliente=6 | banco=CLEEND | valor=90.0 | data=21/07/2026 11:08 | sink=staged | resolution=direct_image | verification=CONFIRMADO | manual_open_to_claim_ms=1154 | open_ms=8 | prep_ms=0 | ocr_ms=2767 | parse_ms=1 | manual_open_to_ingest_ms=3935
[SINK] committed | file_id=e843e3c97d3084e0e397e0d9730bdd5a7405c4d5 | msg=- | talker=- | create_time=0 | sheet=Página1 | row=204 | ingest_to_commit_ms=999 | manual_open_to_commit_ms=4934
[RETRY] baf91dc71a4eeb5fa42fc44be498c485_.jpg | attempt=1 | err=FileNotFoundError: Resolved file disappeared: C:\Users\Felipe\Documents\WeChat Files\wxid_xd3703k0ih2p22\FileStorage\Temp\baf91dc71a4eeb5fa42fc44be498c485_.jpg
[OK] 4088a972393f4fa4dc4e18565f89d606.dat | cliente=6 | banco=CLEEND | valor=343.1 | data=21/07/2026 11:09 | sink=staged | resolution=direct_image | verification=CONFIRMADO | manual_open_to_claim_ms=1200 | open_ms=5 | prep_ms=1 | ocr_ms=2907 | parse_ms=4 | manual_open_to_ingest_ms=4126
[SINK] committed | file_id=7327425f99e3394dbf26d5fc3eb0cef5f55c9d08 | msg=- | talker=- | create_time=0 | sheet=Página1 | row=205 | ingest_to_commit_ms=982 | manual_open_to_commit_ms=5109
[RETRY] 1eb4a797557a59701edc5bef38c3c69e_.jpg | attempt=2 | err=FileNotFoundError: Resolved file disappeared: C:\Users\Felipe\Documents\WeChat Files\wxid_xd3703k0ih2p22\FileStorage\Temp\1eb4a797557a59701edc5bef38c3c69e_.jpg
[RETRY] 4683c90cc395ecc3c179586a4e0154c5_.jpg | attempt=2 | err=FileNotFoundError: Resolved file disappeared: C:\Users\Felipe\Documents\WeChat Files\wxid_xd3703k0ih2p22\FileStorage\Temp\4683c90cc395ecc3c179586a4e0154c5_.jpg
[RETRY] 18e9bf83031ad21333a531400275a4c1_.jpg | attempt=2 | err=FileNotFoundError: Resolved file disappeared: C:\Users\Felipe\Documents\WeChat Files\wxid_xd3703k0ih2p22\FileStorage\Temp\18e9bf83031ad21333a531400275a4c1_.jpg
[RETRY] d61f3f9583dc085bcdaf6a5e00d6613c_.jpg | attempt=2 | err=FileNotFoundError: Resolved file disappeared: C:\Users\Felipe\Documents\WeChat Files\wxid_xd3703k0ih2p22\FileStorage\Temp\d61f3f9583dc085bcdaf6a5e00d6613c_.jpg
[RETRY] f46b24680f86317b8a3d8d08d8650c50_.jpg | attempt=1 | err=FileNotFoundError: Resolved file disappeared: C:\Users\Felipe\Documents\WeChat Files\wxid_xd3703k0ih2p22\FileStorage\Temp\f46b24680f86317b8a3d8d08d8650c50_.jpg
[RETRY] 27ce877a09e8039a122927c6deaaf786_.jpg | attempt=2 | err=FileNotFoundError: Resolved file disappeared: C:\Users\Felipe\Documents\WeChat Files\wxid_xd3703k0ih2p22\FileStorage\Temp\27ce877a09e8039a122927c6deaaf786_.jpg
[OK] d19f60b05e2157878ef28c0df6f61833.dat | cliente=6 | banco=CLEEND | valor=189.9 | data=21/07/2026 10:44 | sink=staged | resolution=direct_image | verification=CONFIRMADO | manual_open_to_claim_ms=1788 | open_ms=27 | prep_ms=2 | ocr_ms=3884 | parse_ms=1 | manual_open_to_ingest_ms=5712
[SINK] committed | file_id=77507feae7bc68d9e5fd39c9e9d543452d3e2021 | msg=- | talker=- | create_time=0 | sheet=Página1 | row=206 | ingest_to_commit_ms=929 | manual_open_to_commit_ms=6641
[RETRY] 4c2857154689d168ec7a8dec1eef7298_.jpg | attempt=1 | err=FileNotFoundError: Resolved file disappeared: C:\Users\Felipe\Documents\WeChat Files\wxid_xd3703k0ih2p22\FileStorage\Temp\4c2857154689d168ec7a8dec1eef7298_.jpg
[RETRY] a053d742e51952dad5a76e3f8992c647_.jpg | attempt=2 | err=FileNotFoundError: Resolved file disappeared: C:\Users\Felipe\Documents\WeChat Files\wxid_xd3703k0ih2p22\FileStorage\Temp\a053d742e51952dad5a76e3f8992c647_.jpg
[OK] 25e0d662790f132402b15a6bbfd43fec.dat | cliente=6 | banco=CLEEND | valor=1255.5 | data=21/07/2026 15:27 | sink=staged | resolution=direct_image | verification=CONFIRMADO | manual_open_to_claim_ms=1679 | open_ms=7 | prep_ms=1 | ocr_ms=2815 | parse_ms=1 | manual_open_to_ingest_ms=4505
[SINK] committed | file_id=d031abb00dceca27445da254ba04d08a13610cdf | msg=- | talker=- | create_time=0 | sheet=Página1 | row=207 | ingest_to_commit_ms=825 | manual_open_to_commit_ms=5330
[RETRY] 838f0c223d53628e6721f8f790712e08_.jpg | attempt=1 | err=FileNotFoundError: Resolved file disappeared: C:\Users\Felipe\Documents\WeChat Files\wxid_xd3703k0ih2p22\FileStorage\Temp\838f0c223d53628e6721f8f790712e08_.jpg
[RETRY] baf91dc71a4eeb5fa42fc44be498c485_.jpg | attempt=2 | err=FileNotFoundError: Resolved file disappeared: C:\Users\Felipe\Documents\WeChat Files\wxid_xd3703k0ih2p22\FileStorage\Temp\baf91dc71a4eeb5fa42fc44be498c485_.jpg
[OK] e255c5d390967a208eaf680351a41aeb.dat | cliente=6 | banco=CLEEND | valor=32.0 | data=21/07/2026 11:12 | sink=staged | resolution=direct_image | verification=CONFIRMADO | manual_open_to_claim_ms=1919 | open_ms=19 | prep_ms=1 | ocr_ms=2553 | parse_ms=1 | manual_open_to_ingest_ms=4501
[SINK] committed | file_id=e151e6667f1c0ca2e573f226fc682436be8eacc3 | msg=- | talker=- | create_time=0 | sheet=Página1 | row=208 | ingest_to_commit_ms=998 | manual_open_to_commit_ms=5500
[RETRY] 27bcce20d26468574cc228ea4487eb24_.jpg | attempt=1 | err=FileNotFoundError: Resolved file disappeared: C:\Users\Felipe\Documents\WeChat Files\wxid_xd3703k0ih2p22\FileStorage\Temp\27bcce20d26468574cc228ea4487eb24_.jpg
[RETRY] f46b24680f86317b8a3d8d08d8650c50_.jpg | attempt=2 | err=FileNotFoundError: Resolved file disappeared: C:\Users\Felipe\Documents\WeChat Files\wxid_xd3703k0ih2p22\FileStorage\Temp\f46b24680f86317b8a3d8d08d8650c50_.jpg
[OK] bcaece20d6db748e1db05ab581eb8d05.dat | cliente=6 | banco=CLEEND | valor=301.6 | data=21/07/2026 11:38 | sink=staged | resolution=direct_image | verification=CONFIRMADO | manual_open_to_claim_ms=2241 | open_ms=34 | prep_ms=5 | ocr_ms=2392 | parse_ms=1 | manual_open_to_ingest_ms=4683
[SINK] committed | file_id=84cda230144893972cb3bdbd3efff1bc3d039ec8 | msg=- | talker=- | create_time=0 | sheet=Página1 | row=209 | ingest_to_commit_ms=1387 | manual_open_to_commit_ms=6071
[RETRY] fd9df93c5753381e75ef852c640c88a3_.jpg | attempt=1 | err=FileNotFoundError: Resolved file disappeared: C:\Users\Felipe\Documents\WeChat Files\wxid_xd3703k0ih2p22\FileStorage\Temp\fd9df93c5753381e75ef852c640c88a3_.jpg
[SCAN] reconcile complete | queued_or_refreshed=13
[OK] cee11b6fdcd816a08ff4890ffcdc96c8.dat | cliente=6 | banco=CLEEND | valor=84.9 | data=21/07/2026 11:46 | sink=staged | resolution=direct_image | verification=CONFIRMADO | manual_open_to_claim_ms=6147 | open_ms=8 | prep_ms=0 | ocr_ms=4916 | parse_ms=2 | manual_open_to_ingest_ms=11083
[SINK] committed | file_id=e27c5af4ef659c1b1eba554f6f6568b9d1d10967 | msg=- | talker=- | create_time=0 | sheet=Página1 | row=210 | ingest_to_commit_ms=927 | manual_open_to_commit_ms=12010
[OK] 6eecc28163c4a0151123ca28089876e6.dat | cliente=6 | banco=CLEEND | valor=154.9 | data=21/07/2026 12:22 | sink=staged | resolution=direct_image | verification=CONFIRMADO | manual_open_to_claim_ms=3127 | open_ms=9 | prep_ms=1 | ocr_ms=4469 | parse_ms=2 | manual_open_to_ingest_ms=7614
[SINK] committed | file_id=1a4dcba68679ed3012ec7858cc44a7623eab4b70 | msg=- | talker=- | create_time=0 | sheet=Página1 | row=211 | ingest_to_commit_ms=1121 | manual_open_to_commit_ms=8735
[RETRY] 4c2857154689d168ec7a8dec1eef7298_.jpg | attempt=2 | err=FileNotFoundError: Resolved file disappeared: C:\Users\Felipe\Documents\WeChat Files\wxid_xd3703k0ih2p22\FileStorage\Temp\4c2857154689d168ec7a8dec1eef7298_.jpg
[RETRY] 838f0c223d53628e6721f8f790712e08_.jpg | attempt=2 | err=FileNotFoundError: Resolved file disappeared: C:\Users\Felipe\Documents\WeChat Files\wxid_xd3703k0ih2p22\FileStorage\Temp\838f0c223d53628e6721f8f790712e08_.jpg
[RETRY] 27bcce20d26468574cc228ea4487eb24_.jpg | attempt=2 | err=FileNotFoundError: Resolved file disappeared: C:\Users\Felipe\Documents\WeChat Files\wxid_xd3703k0ih2p22\FileStorage\Temp\27bcce20d26468574cc228ea4487eb24_.jpg
[RETRY] a5a735e3f73b0923945c5bf954d9bf68_.jpg | attempt=1 | err=FileNotFoundError: Resolved file disappeared: C:\Users\Felipe\Documents\WeChat Files\wxid_xd3703k0ih2p22\FileStorage\Temp\a5a735e3f73b0923945c5bf954d9bf68_.jpg
[RETRY] 76edaf67d3b39adbe74e49c9abc0db8a_.jpg | attempt=1 | err=FileNotFoundError: Resolved file disappeared: C:\Users\Felipe\Documents\WeChat Files\wxid_xd3703k0ih2p22\FileStorage\Temp\76edaf67d3b39adbe74e49c9abc0db8a_.jpg
[OK] 66a963c23988e02c5161cd257b64f350.dat | cliente=6 | banco=CLEEND | valor=82.9 | data=21/07/2026 11:03 | sink=staged | resolution=direct_image | verification=CONFIRMADO | manual_open_to_claim_ms=1791 | open_ms=25 | prep_ms=1 | ocr_ms=2081 | parse_ms=2 | manual_open_to_ingest_ms=3911
[SINK] committed | file_id=3b6323921e5ac73e327f0d874280d0f07993b610 | msg=- | talker=- | create_time=0 | sheet=Página1 | row=212 | ingest_to_commit_ms=1074 | manual_open_to_commit_ms=4985
[SKIP] 1eb4a797557a59701edc5bef38c3c69e_.jpg | temp_file_disappeared_after_3_attempts
[SKIP] 4683c90cc395ecc3c179586a4e0154c5_.jpg | temp_file_disappeared_after_3_attempts
[SKIP] 18e9bf83031ad21333a531400275a4c1_.jpg | temp_file_disappeared_after_3_attempts
[SKIP] d61f3f9583dc085bcdaf6a5e00d6613c_.jpg | temp_file_disappeared_after_3_attempts
[RETRY] e8555b2508804608ee6200fafa6e81c3_.jpg | attempt=1 | err=FileNotFoundError: Resolved file disappeared: C:\Users\Felipe\Documents\WeChat Files\wxid_xd3703k0ih2p22\FileStorage\Temp\e8555b2508804608ee6200fafa6e81c3_.jpg
[SKIP] 27ce877a09e8039a122927c6deaaf786_.jpg | temp_file_disappeared_after_3_attempts
[OK] 178f791630c0cca05ae903c362b628bd.dat | cliente=6 | banco=CLEEND | valor=1068.2 | data=21/07/2026 16:26 | sink=staged | resolution=direct_image | verification=CONFIRMADO | manual_open_to_claim_ms=1634 | open_ms=11 | prep_ms=0 | ocr_ms=5594 | parse_ms=2 | manual_open_to_ingest_ms=7246
[SINK] committed | file_id=e947a274d25c881ddb385dc14b3f6a972de22890 | msg=- | talker=- | create_time=0 | sheet=Página1 | row=213 | ingest_to_commit_ms=930 | manual_open_to_commit_ms=8176
[SKIP] a053d742e51952dad5a76e3f8992c647_.jpg | temp_file_disappeared_after_3_attempts
[RETRY] fd9df93c5753381e75ef852c640c88a3_.jpg | attempt=2 | err=FileNotFoundError: Resolved file disappeared: C:\Users\Felipe\Documents\WeChat Files\wxid_xd3703k0ih2p22\FileStorage\Temp\fd9df93c5753381e75ef852c640c88a3_.jpg
[RETRY] 27cf16cbd16e3355f11490b1c5642819_.jpg | attempt=1 | err=FileNotFoundError: Resolved file disappeared: C:\Users\Felipe\Documents\WeChat Files\wxid_xd3703k0ih2p22\FileStorage\Temp\27cf16cbd16e3355f11490b1c5642819_.jpg
[SKIP] baf91dc71a4eeb5fa42fc44be498c485_.jpg | temp_file_disappeared_after_3_attempts
[RETRY] a5a735e3f73b0923945c5bf954d9bf68_.jpg | attempt=2 | err=FileNotFoundError: Resolved file disappeared: C:\Users\Felipe\Documents\WeChat Files\wxid_xd3703k0ih2p22\FileStorage\Temp\a5a735e3f73b0923945c5bf954d9bf68_.jpg
[RETRY] 76edaf67d3b39adbe74e49c9abc0db8a_.jpg | attempt=2 | err=FileNotFoundError: Resolved file disappeared: C:\Users\Felipe\Documents\WeChat Files\wxid_xd3703k0ih2p22\FileStorage\Temp\76edaf67d3b39adbe74e49c9abc0db8a_.jpg
[SKIP] f46b24680f86317b8a3d8d08d8650c50_.jpg | temp_file_disappeared_after_3_attempts
[RETRY] e8555b2508804608ee6200fafa6e81c3_.jpg | attempt=2 | err=FileNotFoundError: Resolved file disappeared: C:\Users\Felipe\Documents\WeChat Files\wxid_xd3703k0ih2p22\FileStorage\Temp\e8555b2508804608ee6200fafa6e81c3_.jpg
[RETRY] 27cf16cbd16e3355f11490b1c5642819_.jpg | attempt=2 | err=FileNotFoundError: Resolved file disappeared: C:\Users\Felipe\Documents\WeChat Files\wxid_xd3703k0ih2p22\FileStorage\Temp\27cf16cbd16e3355f11490b1c5642819_.jpg
[SKIP] 4c2857154689d168ec7a8dec1eef7298_.jpg | temp_file_disappeared_after_3_attempts
[SKIP] 838f0c223d53628e6721f8f790712e08_.jpg | temp_file_disappeared_after_3_attempts
[SKIP] 27bcce20d26468574cc228ea4487eb24_.jpg | temp_file_disappeared_after_3_attempts
[SCAN] reconcile complete | queued_or_refreshed=10
[SKIP] fd9df93c5753381e75ef852c640c88a3_.jpg | temp_file_disappeared_after_3_attempts
[SKIP] a5a735e3f73b0923945c5bf954d9bf68_.jpg | temp_file_disappeared_after_3_attempts
[SKIP] 76edaf67d3b39adbe74e49c9abc0db8a_.jpg | temp_file_disappeared_after_3_attempts
[SKIP] e8555b2508804608ee6200fafa6e81c3_.jpg | temp_file_disappeared_after_3_attempts
[SKIP] 27cf16cbd16e3355f11490b1c5642819_.jpg | temp_file_disappeared_after_3_attempts
[SCAN] reconcile complete | queued_or_refreshed=7
[SCAN] reconcile complete | queued_or_refreshed=0
[SCAN] reconcile complete | queued_or_refreshed=0
[SCAN] reconcile complete | queued_or_refreshed=0
[SCAN] reconcile complete | queued_or_refreshed=0
[SCAN] reconcile complete | queued_or_refreshed=0
[SCAN] reconcile complete | queued_or_refreshed=0
[SCAN] reconcile complete | queued_or_refreshed=0
[SCAN] reconcile complete | queued_or_refreshed=0
[SCAN] reconcile complete | queued_or_refreshed=0
[SCAN] reconcile complete | queued_or_refreshed=0
[SCAN] reconcile complete | queued_or_refreshed=0
[SCAN] reconcile complete | queued_or_refreshed=0
[SCAN] reconcile complete | queued_or_refreshed=0
[SCAN] reconcile complete | queued_or_refreshed=0
[SCAN] reconcile complete | queued_or_refreshed=0
[SCAN] reconcile complete | queued_or_refreshed=0
[SCAN] reconcile complete | queued_or_refreshed=0
[SCAN] reconcile complete | queued_or_refreshed=0
[SCAN] reconcile complete | queued_or_refreshed=0
[SCAN] reconcile complete | queued_or_refreshed=0
[SCAN] reconcile complete | queued_or_refreshed=0
[OK] 03a148f26649bb3dee2736cb80fea918.dat | cliente=6 | banco=CLEEND | valor=2000.0 | data=21/07/2026 17:02 | sink=staged | resolution=direct_image | verification=CONFIRMADO | manual_open_to_claim_ms=1816 | open_ms=33 | prep_ms=2 | ocr_ms=5035 | parse_ms=4 | manual_open_to_ingest_ms=6911
[SINK] committed | file_id=a8bddb3a374d3e9650a7dfa5a1ba6ed5028c7270 | msg=- | talker=- | create_time=0 | sheet=Página1 | row=214 | ingest_to_commit_ms=2619 | manual_open_to_commit_ms=9530
[OK] 7a7efb53dc057bc2d67230aad19703cf.dat | cliente=6 | banco=CLEEND | valor=2900.2 | data=21/07/2026 23:34 | sink=staged | resolution=direct_image | verification=CONFIRMADO | manual_open_to_claim_ms=9893 | open_ms=21 | prep_ms=1 | ocr_ms=6050 | parse_ms=2 | manual_open_to_ingest_ms=15970
[SINK] committed | file_id=6279fb9506e51b5591f23fa37db6cb9b78190f49 | msg=- | talker=- | create_time=0 | sheet=Página1 | row=215 | ingest_to_commit_ms=1390 | manual_open_to_commit_ms=17360
[SCAN] reconcile complete | queued_or_refreshed=3
[OK] e5638f51984a767807181a0e04e3be1c.dat | cliente=6 | banco=CLEEND | valor=200.0 | data=21/07/2026 17:55 | sink=staged | resolution=direct_image | verification=CONFIRMADO | manual_open_to_claim_ms=7351 | open_ms=50 | prep_ms=1 | ocr_ms=5428 | parse_ms=2 | manual_open_to_ingest_ms=12838
[SINK] committed | file_id=aade5f6470b98d1dfffc27080f3b2f25b39089f6 | msg=- | talker=- | create_time=0 | sheet=Página1 | row=216 | ingest_to_commit_ms=916 | manual_open_to_commit_ms=13754
[OK] 6d4eb4d9f6879231dd574091ca5ff1a9.dat | cliente=6 | banco=CLEEND | valor=630.0 | data=21/07/2026 19:08 | sink=staged | resolution=direct_image | verification=CONFIRMADO | manual_open_to_claim_ms=4778 | open_ms=8 | prep_ms=1 | ocr_ms=4544 | parse_ms=3 | manual_open_to_ingest_ms=9343
[SINK] committed | file_id=df43fd7091564b9854b2233ccf633eeaeb27f4f6 | msg=- | talker=- | create_time=0 | sheet=Página1 | row=217 | ingest_to_commit_ms=940 | manual_open_to_commit_ms=10283
[OK] 1dfa551d6bd831289b3fd5b859402e67.dat | cliente=6 | banco=CLEEND | valor=2590.0 | data=21/07/2026 16:14 | sink=staged | resolution=direct_image | verification=CONFIRMADO | manual_open_to_claim_ms=1313 | open_ms=15 | prep_ms=0 | ocr_ms=4613 | parse_ms=2 | manual_open_to_ingest_ms=5944
[SINK] committed | file_id=4646d820dcd5ff8a2870572be13915b196f72bbe | msg=- | talker=- | create_time=0 | sheet=Página1 | row=218 | ingest_to_commit_ms=1044 | manual_open_to_commit_ms=6988
[RETRY] 36b3ed2b167c9abc34a31442a78fbf75_.jpg | attempt=1 | err=FileNotFoundError: Resolved file disappeared: C:\Users\Felipe\Documents\WeChat Files\wxid_xd3703k0ih2p22\FileStorage\Temp\36b3ed2b167c9abc34a31442a78fbf75_.jpg
[RETRY] c227978adfc46e18f860b2c25a922221_.jpg | attempt=1 | err=FileNotFoundError: Resolved file disappeared: C:\Users\Felipe\Documents\WeChat Files\wxid_xd3703k0ih2p22\FileStorage\Temp\c227978adfc46e18f860b2c25a922221_.jpg
[RETRY] a88b968fb2775da0226b564f059e46ac_.jpg | attempt=1 | err=FileNotFoundError: Resolved file disappeared: C:\Users\Felipe\Documents\WeChat Files\wxid_xd3703k0ih2p22\FileStorage\Temp\a88b968fb2775da0226b564f059e46ac_.jpg
[RETRY] 57a5c6b135c113aa82b7976b0140f3a9_.jpg | attempt=1 | err=FileNotFoundError: Resolved file disappeared: C:\Users\Felipe\Documents\WeChat Files\wxid_xd3703k0ih2p22\FileStorage\Temp\57a5c6b135c113aa82b7976b0140f3a9_.jpg
[RETRY] b8dc534fba39745be73ea1efa1b2bc64_.jpg | attempt=1 | err=FileNotFoundError: Resolved file disappeared: C:\Users\Felipe\Documents\WeChat Files\wxid_xd3703k0ih2p22\FileStorage\Temp\b8dc534fba39745be73ea1efa1b2bc64_.jpg
[OK] e8053fef15d4adb6a4fc8eb8e9cca387.dat | cliente=6 | banco=CLEEND | valor=1716.03 | data=21/07/2026 17:47 | sink=staged | resolution=direct_image | verification=CONFIRMADO | manual_open_to_claim_ms=1178 | open_ms=12 | prep_ms=1 | ocr_ms=3535 | parse_ms=2 | manual_open_to_ingest_ms=4736
[SINK] committed | file_id=3a8e55f21752fc831c3a9e25bce314a5abd425b7 | msg=- | talker=- | create_time=0 | sheet=Página1 | row=219 | ingest_to_commit_ms=1181 | manual_open_to_commit_ms=5918
[RETRY] bb9d342b7c6e8392ec9685eed0f2ed6f_.jpg | attempt=1 | err=FileNotFoundError: Resolved file disappeared: C:\Users\Felipe\Documents\WeChat Files\wxid_xd3703k0ih2p22\FileStorage\Temp\bb9d342b7c6e8392ec9685eed0f2ed6f_.jpg
[OK] 8d297e38bb9930632000732d5da546a2.dat | cliente=6 | banco=CLEEND | valor=130.0 | data=21/07/2026 17:06 | sink=staged | resolution=direct_image | verification=CONFIRMADO | manual_open_to_claim_ms=2268 | open_ms=83 | prep_ms=1 | ocr_ms=1444 | parse_ms=1 | manual_open_to_ingest_ms=3799
[SINK] committed | file_id=29580741037866148b9090ee5d4070059322d10e | msg=- | talker=- | create_time=0 | sheet=Página1 | row=220 | ingest_to_commit_ms=947 | manual_open_to_commit_ms=4745
[RETRY] 8cc0dc1e1bed9928238147192eadf278_.jpg | attempt=1 | err=FileNotFoundError: Resolved file disappeared: C:\Users\Felipe\Documents\WeChat Files\wxid_xd3703k0ih2p22\FileStorage\Temp\8cc0dc1e1bed9928238147192eadf278_.jpg
[OK] 29bcb07e7a42d8e70c003277125d5228.dat | cliente=6 | banco=CLEEND | valor=300.0 | data=22/07/2026 09:06 | sink=staged | resolution=direct_image | verification=CONFIRMADO | manual_open_to_claim_ms=1440 | open_ms=36 | prep_ms=1 | ocr_ms=2786 | parse_ms=1 | manual_open_to_ingest_ms=4265
[SINK] committed | file_id=bd25089b8fa832b410eca4d0aba5e2c9597380f4 | msg=- | talker=- | create_time=0 | sheet=Página1 | row=221 | ingest_to_commit_ms=931 | manual_open_to_commit_ms=5196
[RETRY] 8195a808849446908f6394628fa56c4e_.jpg | attempt=1 | err=FileNotFoundError: Resolved file disappeared: C:\Users\Felipe\Documents\WeChat Files\wxid_xd3703k0ih2p22\FileStorage\Temp\8195a808849446908f6394628fa56c4e_.jpg
[OK] 258fd8c39bc186930ede11d2f31160a6.dat | cliente=6 | banco=CLEEND | valor=6000.0 | data=21/07/2026 10:12 | sink=staged | resolution=direct_image | verification=CONFIRMADO | manual_open_to_claim_ms=1545 | open_ms=32 | prep_ms=50 | ocr_ms=3072 | parse_ms=1 | manual_open_to_ingest_ms=4719
[SINK] committed | file_id=1959317ec16b3822bf15040ad9251feed4ba23fb | msg=- | talker=- | create_time=0 | sheet=Página1 | row=222 | ingest_to_commit_ms=921 | manual_open_to_commit_ms=5640
[RETRY] 36b3ed2b167c9abc34a31442a78fbf75_.jpg | attempt=2 | err=FileNotFoundError: Resolved file disappeared: C:\Users\Felipe\Documents\WeChat Files\wxid_xd3703k0ih2p22\FileStorage\Temp\36b3ed2b167c9abc34a31442a78fbf75_.jpg
[RETRY] c227978adfc46e18f860b2c25a922221_.jpg | attempt=2 | err=FileNotFoundError: Resolved file disappeared: C:\Users\Felipe\Documents\WeChat Files\wxid_xd3703k0ih2p22\FileStorage\Temp\c227978adfc46e18f860b2c25a922221_.jpg
[RETRY] a88b968fb2775da0226b564f059e46ac_.jpg | attempt=2 | err=FileNotFoundError: Resolved file disappeared: C:\Users\Felipe\Documents\WeChat Files\wxid_xd3703k0ih2p22\FileStorage\Temp\a88b968fb2775da0226b564f059e46ac_.jpg
[RETRY] 57a5c6b135c113aa82b7976b0140f3a9_.jpg | attempt=2 | err=FileNotFoundError: Resolved file disappeared: C:\Users\Felipe\Documents\WeChat Files\wxid_xd3703k0ih2p22\FileStorage\Temp\57a5c6b135c113aa82b7976b0140f3a9_.jpg
[RETRY] b8dc534fba39745be73ea1efa1b2bc64_.jpg | attempt=2 | err=FileNotFoundError: Resolved file disappeared: C:\Users\Felipe\Documents\WeChat Files\wxid_xd3703k0ih2p22\FileStorage\Temp\b8dc534fba39745be73ea1efa1b2bc64_.jpg
[RETRY] d581a4176dbb23016085ea952ebc3cd0_.jpg | attempt=1 | err=FileNotFoundError: Resolved file disappeared: C:\Users\Felipe\Documents\WeChat Files\wxid_xd3703k0ih2p22\FileStorage\Temp\d581a4176dbb23016085ea952ebc3cd0_.jpg
[OK] fcd9dd23f76d52ffcde5da65ba37d3f9.dat | cliente=6 | banco=CLEEND | valor=7800.0 | data=21/07/2026 10:13 | sink=staged | resolution=direct_image | verification=CONFIRMADO | manual_open_to_claim_ms=1026 | open_ms=19 | prep_ms=1 | ocr_ms=2741 | parse_ms=1 | manual_open_to_ingest_ms=3800
[SINK] committed | file_id=9060318f1dc11ba35d9c0f4bdcc81889462a867f | msg=- | talker=- | create_time=0 | sheet=Página1 | row=223 | ingest_to_commit_ms=895 | manual_open_to_commit_ms=4695
[RETRY] bb9d342b7c6e8392ec9685eed0f2ed6f_.jpg | attempt=2 | err=FileNotFoundError: Resolved file disappeared: C:\Users\Felipe\Documents\WeChat Files\wxid_xd3703k0ih2p22\FileStorage\Temp\bb9d342b7c6e8392ec9685eed0f2ed6f_.jpg
[RETRY] 2dd1bf55a756de28bcd3e466764a6a30_.jpg | attempt=1 | err=FileNotFoundError: Resolved file disappeared: C:\Users\Felipe\Documents\WeChat Files\wxid_xd3703k0ih2p22\FileStorage\Temp\2dd1bf55a756de28bcd3e466764a6a30_.jpg
[RETRY] 8cc0dc1e1bed9928238147192eadf278_.jpg | attempt=2 | err=FileNotFoundError: Resolved file disappeared: C:\Users\Felipe\Documents\WeChat Files\wxid_xd3703k0ih2p22\FileStorage\Temp\8cc0dc1e1bed9928238147192eadf278_.jpg
[RETRY] 8195a808849446908f6394628fa56c4e_.jpg | attempt=2 | err=FileNotFoundError: Resolved file disappeared: C:\Users\Felipe\Documents\WeChat Files\wxid_xd3703k0ih2p22\FileStorage\Temp\8195a808849446908f6394628fa56c4e_.jpg
[SCAN] reconcile complete | queued_or_refreshed=10
[RETRY] d581a4176dbb23016085ea952ebc3cd0_.jpg | attempt=2 | err=FileNotFoundError: Resolved file disappeared: C:\Users\Felipe\Documents\WeChat Files\wxid_xd3703k0ih2p22\FileStorage\Temp\d581a4176dbb23016085ea952ebc3cd0_.jpg
[RETRY] 2dd1bf55a756de28bcd3e466764a6a30_.jpg | attempt=2 | err=FileNotFoundError: Resolved file disappeared: C:\Users\Felipe\Documents\WeChat Files\wxid_xd3703k0ih2p22\FileStorage\Temp\2dd1bf55a756de28bcd3e466764a6a30_.jpg
[SKIP] 36b3ed2b167c9abc34a31442a78fbf75_.jpg | temp_file_disappeared_after_3_attempts
[SKIP] c227978adfc46e18f860b2c25a922221_.jpg | temp_file_disappeared_after_3_attempts
[SKIP] a88b968fb2775da0226b564f059e46ac_.jpg | temp_file_disappeared_after_3_attempts
[SKIP] 57a5c6b135c113aa82b7976b0140f3a9_.jpg | temp_file_disappeared_after_3_attempts
[SKIP] b8dc534fba39745be73ea1efa1b2bc64_.jpg | temp_file_disappeared_after_3_attempts
[SKIP] bb9d342b7c6e8392ec9685eed0f2ed6f_.jpg | temp_file_disappeared_after_3_attempts
[SKIP] 8cc0dc1e1bed9928238147192eadf278_.jpg | temp_file_disappeared_after_3_attempts
[SKIP] 8195a808849446908f6394628fa56c4e_.jpg | temp_file_disappeared_after_3_attempts
[SKIP] d581a4176dbb23016085ea952ebc3cd0_.jpg | temp_file_disappeared_after_3_attempts
[SKIP] 2dd1bf55a756de28bcd3e466764a6a30_.jpg | temp_file_disappeared_after_3_attempts
[SCAN] reconcile complete | queued_or_refreshed=7
[SCAN] reconcile complete | queued_or_refreshed=1
[SCAN] reconcile complete | queued_or_refreshed=0
[OK] 65030b99a516de79090f7f5eca776e0a.dat | cliente=65 | banco=AMD | valor=3000.0 | data=21/07/2026 19:16 | sink=staged | resolution=direct_image | verification=CONFIRMADO | manual_open_to_claim_ms=1274 | open_ms=15 | prep_ms=43 | ocr_ms=2988 | parse_ms=3 | manual_open_to_ingest_ms=4346
[SINK] committed | file_id=4e20f6300d217a541dacef1c43e1b5559c9ac9fe | msg=- | talker=- | create_time=0 | sheet=Página1 | row=224 | ingest_to_commit_ms=4676 | manual_open_to_commit_ms=9022
[OK] 3b7e189c8beeb1e39667e6434c226eb4.dat | cliente=65 | banco=AMD | valor=2365.0 | data=21/07/2026 10:24 | sink=staged | resolution=direct_image | verification=CONFIRMADO | manual_open_to_claim_ms=5393 | open_ms=15 | prep_ms=44 | ocr_ms=3302 | parse_ms=1 | manual_open_to_ingest_ms=8765
[SINK] committed | file_id=2d05dce1705264aa1cc74cc7ff69e7960d0af938 | msg=- | talker=- | create_time=0 | sheet=Página1 | row=225 | ingest_to_commit_ms=1345 | manual_open_to_commit_ms=10111
[OK] 887d2015718ce884334914bdc35ea92b.dat | cliente=65 | banco=AMD | valor=2900.0 | data=22/07/2026 09:29 | sink=staged | resolution=direct_image | verification=CONFIRMADO | manual_open_to_claim_ms=2472 | open_ms=40 | prep_ms=70 | ocr_ms=2382 | parse_ms=1 | manual_open_to_ingest_ms=4991
[SINK] committed | file_id=cfbd588c20273a2b43028b8c6eb25e7f41a74bfd | msg=- | talker=- | create_time=0 | sheet=Página1 | row=226 | ingest_to_commit_ms=1294 | manual_open_to_commit_ms=6285
[RETRY] b6cd19a3346b6e8e1b2a23fc2d22f99b_.jpg | attempt=1 | err=FileNotFoundError: Resolved file disappeared: C:\Users\Felipe\Documents\WeChat Files\wxid_xd3703k0ih2p22\FileStorage\Temp\b6cd19a3346b6e8e1b2a23fc2d22f99b_.jpg
[RETRY] dbc90c09ec0c6ca3d3c318be29f84ef0_.jpg | attempt=1 | err=FileNotFoundError: Resolved file disappeared: C:\Users\Felipe\Documents\WeChat Files\wxid_xd3703k0ih2p22\FileStorage\Temp\dbc90c09ec0c6ca3d3c318be29f84ef0_.jpg
[RETRY] 7d1ac32a4861aad57f1b281611521f3e_.jpg | attempt=1 | err=FileNotFoundError: Resolved file disappeared: C:\Users\Felipe\Documents\WeChat Files\wxid_xd3703k0ih2p22\FileStorage\Temp\7d1ac32a4861aad57f1b281611521f3e_.jpg
[OK] 0e63e77d2ab1830e94bb437f12d92b69.dat | cliente=65 | banco=AMD | valor=2000.0 | data=22/07/2026 09:54 | sink=staged | resolution=direct_image | verification=CONFIRMADO | manual_open_to_claim_ms=2145 | open_ms=13 | prep_ms=1 | ocr_ms=5242 | parse_ms=2 | manual_open_to_ingest_ms=7409
[SINK] committed | file_id=23a3d75d50eed312fcdc29e5c4bc40d73a120003 | msg=- | talker=- | create_time=0 | sheet=Página1 | row=227 | ingest_to_commit_ms=1269 | manual_open_to_commit_ms=8678
[RETRY] 30962eb65e884591047628f6e6b3be39_.jpg | attempt=1 | err=FileNotFoundError: Resolved file disappeared: C:\Users\Felipe\Documents\WeChat Files\wxid_xd3703k0ih2p22\FileStorage\Temp\30962eb65e884591047628f6e6b3be39_.jpg
[OK] 17851365756ce07fdd3158a64ab29f82.dat | cliente=65 | banco=AMD | valor=1500.0 | data=22/07/2026 10:05 | sink=staged | resolution=direct_image | verification=CONFIRMADO | manual_open_to_claim_ms=1178 | open_ms=19 | prep_ms=63 | ocr_ms=2163 | parse_ms=1 | manual_open_to_ingest_ms=3435
[SINK] committed | file_id=72e9f86fdd7fad291cbcb7df9268c519f3436c86 | msg=- | talker=- | create_time=0 | sheet=Página1 | row=228 | ingest_to_commit_ms=1115 | manual_open_to_commit_ms=4550
[RETRY] e4884c1bf5b6b6097f0f9fe96446f58a_.jpg | attempt=1 | err=FileNotFoundError: Resolved file disappeared: C:\Users\Felipe\Documents\WeChat Files\wxid_xd3703k0ih2p22\FileStorage\Temp\e4884c1bf5b6b6097f0f9fe96446f58a_.jpg
[RETRY] b6cd19a3346b6e8e1b2a23fc2d22f99b_.jpg | attempt=2 | err=FileNotFoundError: Resolved file disappeared: C:\Users\Felipe\Documents\WeChat Files\wxid_xd3703k0ih2p22\FileStorage\Temp\b6cd19a3346b6e8e1b2a23fc2d22f99b_.jpg
[RETRY] dbc90c09ec0c6ca3d3c318be29f84ef0_.jpg | attempt=2 | err=FileNotFoundError: Resolved file disappeared: C:\Users\Felipe\Documents\WeChat Files\wxid_xd3703k0ih2p22\FileStorage\Temp\dbc90c09ec0c6ca3d3c318be29f84ef0_.jpg
[RETRY] 7d1ac32a4861aad57f1b281611521f3e_.jpg | attempt=2 | err=FileNotFoundError: Resolved file disappeared: C:\Users\Felipe\Documents\WeChat Files\wxid_xd3703k0ih2p22\FileStorage\Temp\7d1ac32a4861aad57f1b281611521f3e_.jpg
[RETRY] 30962eb65e884591047628f6e6b3be39_.jpg | attempt=2 | err=FileNotFoundError: Resolved file disappeared: C:\Users\Felipe\Documents\WeChat Files\wxid_xd3703k0ih2p22\FileStorage\Temp\30962eb65e884591047628f6e6b3be39_.jpg
[RETRY] e4884c1bf5b6b6097f0f9fe96446f58a_.jpg | attempt=2 | err=FileNotFoundError: Resolved file disappeared: C:\Users\Felipe\Documents\WeChat Files\wxid_xd3703k0ih2p22\FileStorage\Temp\e4884c1bf5b6b6097f0f9fe96446f58a_.jpg
[SCAN] reconcile complete | queued_or_refreshed=5
[SKIP] b6cd19a3346b6e8e1b2a23fc2d22f99b_.jpg | temp_file_disappeared_after_3_attempts
[SKIP] dbc90c09ec0c6ca3d3c318be29f84ef0_.jpg | temp_file_disappeared_after_3_attempts
[SKIP] 7d1ac32a4861aad57f1b281611521f3e_.jpg | temp_file_disappeared_after_3_attempts
[SKIP] 30962eb65e884591047628f6e6b3be39_.jpg | temp_file_disappeared_after_3_attempts
[SKIP] e4884c1bf5b6b6097f0f9fe96446f58a_.jpg | temp_file_disappeared_after_3_attempts
[SCAN] reconcile complete | queued_or_refreshed=5
[SCAN] reconcile complete | queued_or_refreshed=0
[SCAN] reconcile complete | queued_or_refreshed=0
[SCAN] reconcile complete | queued_or_refreshed=0
[SCAN] reconcile complete | queued_or_refreshed=0
[SCAN] reconcile complete | queued_or_refreshed=0
[SCAN] reconcile complete | queued_or_refreshed=0
[SCAN] reconcile complete | queued_or_refreshed=0
[SCAN] reconcile complete | queued_or_refreshed=0
[SCAN] reconcile complete | queued_or_refreshed=0
[SCAN] reconcile complete | queued_or_refreshed=0
[SCAN] reconcile complete | queued_or_refreshed=0
[SCAN] reconcile complete | queued_or_refreshed=0
[SCAN] reconcile complete | queued_or_refreshed=0
[SCAN] reconcile complete | queued_or_refreshed=0
[SCAN] reconcile complete | queued_or_refreshed=1
[OK] 7d3a5256fee7065470e9e0c70f440268.dat | cliente=65 | banco=AMD | valor=120.0 | data=02/07/2026 10:30 | sink=staged | resolution=direct_image | verification=CONFIRMADO | manual_open_to_claim_ms=8072 | open_ms=60 | prep_ms=38 | ocr_ms=1910 | parse_ms=1 | manual_open_to_ingest_ms=10109
[SINK] committed | file_id=d2e8c101862b3f49a6496c1f06fafcb6fbe0bbc9 | msg=- | talker=- | create_time=0 | sheet=Página1 | row=229 | ingest_to_commit_ms=2705 | manual_open_to_commit_ms=12814
[RETRY] 9cfed3c29b8b84be99ff43b9a760b242_.jpg | attempt=1 | err=FileNotFoundError: Resolved file disappeared: C:\Users\Felipe\Documents\WeChat Files\wxid_xd3703k0ih2p22\FileStorage\Temp\9cfed3c29b8b84be99ff43b9a760b242_.jpg
[RETRY] 9cfed3c29b8b84be99ff43b9a760b242_.jpg | attempt=2 | err=FileNotFoundError: Resolved file disappeared: C:\Users\Felipe\Documents\WeChat Files\wxid_xd3703k0ih2p22\FileStorage\Temp\9cfed3c29b8b84be99ff43b9a760b242_.jpg
[SCAN] reconcile complete | queued_or_refreshed=1
[SKIP] 9cfed3c29b8b84be99ff43b9a760b242_.jpg | temp_file_disappeared_after_3_attempts
[SCAN] reconcile complete | queued_or_refreshed=1
[SCAN] reconcile complete | queued_or_refreshed=0
[SCAN] reconcile complete | queued_or_refreshed=0
[SCAN] reconcile complete | queued_or_refreshed=0
[SCAN] reconcile complete | queued_or_refreshed=0
[SCAN] reconcile complete | queued_or_refreshed=0
[SCAN] reconcile complete | queued_or_refreshed=0
[SCAN] reconcile complete | queued_or_refreshed=0
[SCAN] reconcile complete | queued_or_refreshed=0
[SCAN] reconcile complete | queued_or_refreshed=0
[SCAN] reconcile complete | queued_or_refreshed=0
[SCAN] reconcile complete | queued_or_refreshed=0
[SCAN] reconcile complete | queued_or_refreshed=0
[SCAN] reconcile complete | queued_or_refreshed=0
[SCAN] reconcile complete | queued_or_refreshed=0
[SCAN] reconcile complete | queued_or_refreshed=0
[SCAN] reconcile complete | queued_or_refreshed=0
[SCAN] reconcile complete | queued_or_refreshed=0
[SCAN] reconcile complete | queued_or_refreshed=0
[SCAN] reconcile complete | queued_or_refreshed=0
[SCAN] reconcile complete | queued_or_refreshed=0
[SCAN] reconcile complete | queued_or_refreshed=0
[SCAN] reconcile complete | queued_or_refreshed=0
[SCAN] reconcile complete | queued_or_refreshed=0
[SCAN] reconcile complete | queued_or_refreshed=0
[SCAN] reconcile complete | queued_or_refreshed=0
[SCAN] reconcile complete | queued_or_refreshed=0
[SCAN] reconcile complete | queued_or_refreshed=0
[SCAN] reconcile complete | queued_or_refreshed=0
[SCAN] reconcile complete | queued_or_refreshed=0
[SCAN] reconcile complete | queued_or_refreshed=0
[SCAN] reconcile complete | queued_or_refreshed=0
[SCAN] reconcile complete | queued_or_refreshed=0
[SCAN] reconcile complete | queued_or_refreshed=0
[SCAN] reconcile complete | queued_or_refreshed=0
[SCAN] reconcile complete | queued_or_refreshed=0
[SCAN] reconcile complete | queued_or_refreshed=0
[SCAN] reconcile complete | queued_or_refreshed=0
[SCAN] reconcile complete | queued_or_refreshed=0
[SCAN] reconcile complete | queued_or_refreshed=0
[SCAN] reconcile complete | queued_or_refreshed=0
[SCAN] reconcile complete | queued_or_refreshed=0
[SCAN] reconcile complete | queued_or_refreshed=0
[SCAN] reconcile complete | queued_or_refreshed=0
[SCAN] reconcile complete | queued_or_refreshed=0
[OK] 675ab78487caf20ab7359625d34f11ee.dat | cliente=652 | banco=AMD | valor=180.0 | data=21/07/2026 15:51 | sink=staged | resolution=direct_image | verification=CONFIRMADO | manual_open_to_claim_ms=1807 | open_ms=25 | prep_ms=1 | ocr_ms=3494 | parse_ms=1 | manual_open_to_ingest_ms=5348
[SINK] committed | file_id=b2ad95e7de2a0053ad606fcb01af5b8a8a961651 | msg=- | talker=- | create_time=0 | sheet=Página1 | row=230 | ingest_to_commit_ms=2138 | manual_open_to_commit_ms=7487
[RETRY] 075571ca2f63f8999f8376267578d4e4_.jpg | attempt=1 | err=FileNotFoundError: Resolved file disappeared: C:\Users\Felipe\Documents\WeChat Files\wxid_xd3703k0ih2p22\FileStorage\Temp\075571ca2f63f8999f8376267578d4e4_.jpg
[OK] 878af5ffb77ff5e5deaf4569b27e4da4.dat | cliente=652 | banco=AMD | valor=165.0 | data=21/07/2026 11:37 | sink=staged | resolution=direct_image | verification=CONFIRMADO | manual_open_to_claim_ms=1511 | open_ms=7 | prep_ms=0 | ocr_ms=2329 | parse_ms=1 | manual_open_to_ingest_ms=3852
[SINK] committed | file_id=73415585caf80312264090dc43ba021a249898e1 | msg=- | talker=- | create_time=0 | sheet=Página1 | row=231 | ingest_to_commit_ms=996 | manual_open_to_commit_ms=4848
[RETRY] c0f7d45e7fd6de871b7187524598336d_.jpg | attempt=1 | err=FileNotFoundError: Resolved file disappeared: C:\Users\Felipe\Documents\WeChat Files\wxid_xd3703k0ih2p22\FileStorage\Temp\c0f7d45e7fd6de871b7187524598336d_.jpg
[OK] 41aec4fef4440c63e7f72d8a83380064.dat | cliente=652 | banco=AMD | valor=165.0 | data=21/07/2026 14:10 | sink=staged | resolution=direct_image | verification=CONFIRMADO | manual_open_to_claim_ms=2128 | open_ms=7 | prep_ms=1 | ocr_ms=5033 | parse_ms=3 | manual_open_to_ingest_ms=7177
[SINK] committed | file_id=13e84842947c98bd89002611e95aec47b81a901b | msg=- | talker=- | create_time=0 | sheet=Página1 | row=232 | ingest_to_commit_ms=967 | manual_open_to_commit_ms=8144
[RETRY] 87665c2672828f6251de1e1e02af1001_.jpg | attempt=1 | err=FileNotFoundError: Resolved file disappeared: C:\Users\Felipe\Documents\WeChat Files\wxid_xd3703k0ih2p22\FileStorage\Temp\87665c2672828f6251de1e1e02af1001_.jpg
[OK] d7ab6438c8ba70a27067c10c14fd6501.dat | cliente=652 | banco=AMD | valor=165.0 | data=21/07/2026 15:15 | sink=staged | resolution=direct_image | verification=CONFIRMADO | manual_open_to_claim_ms=1724 | open_ms=6 | prep_ms=0 | ocr_ms=2661 | parse_ms=1 | manual_open_to_ingest_ms=4397
[SINK] committed | file_id=b2d2671ce9fc11ea12a38e8e672e157bb17d97a3 | msg=- | talker=- | create_time=0 | sheet=Página1 | row=233 | ingest_to_commit_ms=1012 | manual_open_to_commit_ms=5409
[RETRY] a38e04c30e8cdb299ca135ce5290a8f8_.jpg | attempt=1 | err=FileNotFoundError: Resolved file disappeared: C:\Users\Felipe\Documents\WeChat Files\wxid_xd3703k0ih2p22\FileStorage\Temp\a38e04c30e8cdb299ca135ce5290a8f8_.jpg
[OK] 69ce5a250c682dfb35f12aba730b88de.dat | cliente=652 | banco=AMD | valor=165.0 | data=21/07/2026 16:28 | sink=staged | resolution=direct_image | verification=CONFIRMADO | manual_open_to_claim_ms=1538 | open_ms=10 | prep_ms=0 | ocr_ms=3569 | parse_ms=1 | manual_open_to_ingest_ms=5122
[SINK] committed | file_id=4b99820b23eed1bd89d2d66c347b141589b2f95a | msg=- | talker=- | create_time=0 | sheet=Página1 | row=234 | ingest_to_commit_ms=1449 | manual_open_to_commit_ms=6570
[RETRY] 075571ca2f63f8999f8376267578d4e4_.jpg | attempt=2 | err=FileNotFoundError: Resolved file disappeared: C:\Users\Felipe\Documents\WeChat Files\wxid_xd3703k0ih2p22\FileStorage\Temp\075571ca2f63f8999f8376267578d4e4_.jpg
[RETRY] deb6d8ac17e978c991464a304c4bd1c0_.jpg | attempt=1 | err=FileNotFoundError: Resolved file disappeared: C:\Users\Felipe\Documents\WeChat Files\wxid_xd3703k0ih2p22\FileStorage\Temp\deb6d8ac17e978c991464a304c4bd1c0_.jpg
[RETRY] c0f7d45e7fd6de871b7187524598336d_.jpg | attempt=2 | err=FileNotFoundError: Resolved file disappeared: C:\Users\Felipe\Documents\WeChat Files\wxid_xd3703k0ih2p22\FileStorage\Temp\c0f7d45e7fd6de871b7187524598336d_.jpg
[OK] 647441d4ebb44eb480d4f9ade9a61aba.dat | cliente=652 | banco=AMD | valor=270.0 | data=21/07/2026 17:03 | sink=staged | resolution=direct_image | verification=CONFIRMADO | manual_open_to_claim_ms=1631 | open_ms=10 | prep_ms=1 | ocr_ms=3716 | parse_ms=2 | manual_open_to_ingest_ms=5364
[SINK] committed | file_id=be305c93c89572c7675f88a92d7745e000b9acad | msg=- | talker=- | create_time=0 | sheet=Página1 | row=235 | ingest_to_commit_ms=902 | manual_open_to_commit_ms=6266
[RETRY] c1eab469d505b0d133f84f1af105ae38_.jpg | attempt=1 | err=FileNotFoundError: Resolved file disappeared: C:\Users\Felipe\Documents\WeChat Files\wxid_xd3703k0ih2p22\FileStorage\Temp\c1eab469d505b0d133f84f1af105ae38_.jpg
[OK] 8e07086ea585517bbd78f55fa2af7a3f.dat | cliente=652 | banco=AMD | valor=160.0 | data=21/07/2026 17:36 | sink=staged | resolution=direct_image | verification=CONFIRMADO | manual_open_to_claim_ms=1109 | open_ms=14 | prep_ms=1 | ocr_ms=1922 | parse_ms=1 | manual_open_to_ingest_ms=3051
[SINK] committed | file_id=ba72fbf70ec1b21952744b6f901b337e0afbd348 | msg=- | talker=- | create_time=0 | sheet=Página1 | row=236 | ingest_to_commit_ms=877 | manual_open_to_commit_ms=3928
[RETRY] 87665c2672828f6251de1e1e02af1001_.jpg | attempt=2 | err=FileNotFoundError: Resolved file disappeared: C:\Users\Felipe\Documents\WeChat Files\wxid_xd3703k0ih2p22\FileStorage\Temp\87665c2672828f6251de1e1e02af1001_.jpg
[RETRY] 1405e95db165c274452e5fba1a1c9125_.jpg | attempt=1 | err=FileNotFoundError: Resolved file disappeared: C:\Users\Felipe\Documents\WeChat Files\wxid_xd3703k0ih2p22\FileStorage\Temp\1405e95db165c274452e5fba1a1c9125_.jpg
[RETRY] a38e04c30e8cdb299ca135ce5290a8f8_.jpg | attempt=2 | err=FileNotFoundError: Resolved file disappeared: C:\Users\Felipe\Documents\WeChat Files\wxid_xd3703k0ih2p22\FileStorage\Temp\a38e04c30e8cdb299ca135ce5290a8f8_.jpg
[OK] 9d62fc803e00ed87c8792e855b1b303a.dat | cliente=652 | banco=AMD | valor=165.0 | data=21/07/2026 16:51 | sink=staged | resolution=direct_image | verification=CONFIRMADO | manual_open_to_claim_ms=1676 | open_ms=10 | prep_ms=0 | ocr_ms=3397 | parse_ms=1 | manual_open_to_ingest_ms=5088
[SINK] committed | file_id=4c4b646edf5f78a85595380a2b5f3bf9e54a9308 | msg=- | talker=- | create_time=0 | sheet=Página1 | row=237 | ingest_to_commit_ms=1462 | manual_open_to_commit_ms=6551
[RETRY] 489547710a553db9f1150c190a49620d_.jpg | attempt=1 | err=FileNotFoundError: Resolved file disappeared: C:\Users\Felipe\Documents\WeChat Files\wxid_xd3703k0ih2p22\FileStorage\Temp\489547710a553db9f1150c190a49620d_.jpg
[OK] a2c89caf2469a6833f35e82fcf4ae5ef.dat | cliente=652 | banco=AMD | valor=165.0 | data=21/07/2026 18:06 | sink=staged | resolution=direct_image | verification=CONFIRMADO | manual_open_to_claim_ms=1554 | open_ms=7 | prep_ms=1 | ocr_ms=6021 | parse_ms=2 | manual_open_to_ingest_ms=7587
[SINK] committed | file_id=5100f1a487df4d5649046d1e823e2fa60054cf07 | msg=- | talker=- | create_time=0 | sheet=Página1 | row=238 | ingest_to_commit_ms=931 | manual_open_to_commit_ms=8518
[SCAN] reconcile complete | queued_or_refreshed=9
[OK] cb8ca77144f5af4bc7abcbe8445f02cc.dat | cliente=652 | banco=AMD | valor=190.0 | data=21/07/2026 19:07 | sink=staged | resolution=direct_image | verification=CONFIRMADO | manual_open_to_claim_ms=4560 | open_ms=70 | prep_ms=2 | ocr_ms=2079 | parse_ms=1 | manual_open_to_ingest_ms=6721
[SINK] committed | file_id=36c98d946cb352e161167969713372d561e72fa0 | msg=- | talker=- | create_time=0 | sheet=Página1 | row=239 | ingest_to_commit_ms=871 | manual_open_to_commit_ms=7592
[RETRY] deb6d8ac17e978c991464a304c4bd1c0_.jpg | attempt=2 | err=FileNotFoundError: Resolved file disappeared: C:\Users\Felipe\Documents\WeChat Files\wxid_xd3703k0ih2p22\FileStorage\Temp\deb6d8ac17e978c991464a304c4bd1c0_.jpg
[RETRY] c1eab469d505b0d133f84f1af105ae38_.jpg | attempt=2 | err=FileNotFoundError: Resolved file disappeared: C:\Users\Felipe\Documents\WeChat Files\wxid_xd3703k0ih2p22\FileStorage\Temp\c1eab469d505b0d133f84f1af105ae38_.jpg
[RETRY] 1405e95db165c274452e5fba1a1c9125_.jpg | attempt=2 | err=FileNotFoundError: Resolved file disappeared: C:\Users\Felipe\Documents\WeChat Files\wxid_xd3703k0ih2p22\FileStorage\Temp\1405e95db165c274452e5fba1a1c9125_.jpg
[RETRY] 9255eeead3cdf612a2ce4afc4e757bce_.jpg | attempt=1 | err=FileNotFoundError: Resolved file disappeared: C:\Users\Felipe\Documents\WeChat Files\wxid_xd3703k0ih2p22\FileStorage\Temp\9255eeead3cdf612a2ce4afc4e757bce_.jpg
[RETRY] c9dc593ee0d383fc2aefcc11e17d70b2_.jpg | attempt=1 | err=FileNotFoundError: Resolved file disappeared: C:\Users\Felipe\Documents\WeChat Files\wxid_xd3703k0ih2p22\FileStorage\Temp\c9dc593ee0d383fc2aefcc11e17d70b2_.jpg
[OK] e68543a5a34aa97eee88be9f1f72c672.dat | cliente=652 | banco=AMD | valor=165.0 | data=21/07/2026 20:32 | sink=staged | resolution=direct_image | verification=CONFIRMADO | manual_open_to_claim_ms=1772 | open_ms=7 | prep_ms=0 | ocr_ms=1948 | parse_ms=0 | manual_open_to_ingest_ms=3730
[SINK] committed | file_id=7ad884636cc59ec39490d269c41b162b5c55a4e9 | msg=- | talker=- | create_time=0 | sheet=Página1 | row=240 | ingest_to_commit_ms=1421 | manual_open_to_commit_ms=5151
[RETRY] 678b25564d8f5f177fa853024350b599_.jpg | attempt=1 | err=FileNotFoundError: Resolved file disappeared: C:\Users\Felipe\Documents\WeChat Files\wxid_xd3703k0ih2p22\FileStorage\Temp\678b25564d8f5f177fa853024350b599_.jpg
[RETRY] 489547710a553db9f1150c190a49620d_.jpg | attempt=2 | err=FileNotFoundError: Resolved file disappeared: C:\Users\Felipe\Documents\WeChat Files\wxid_xd3703k0ih2p22\FileStorage\Temp\489547710a553db9f1150c190a49620d_.jpg
[OK] 5409ff10d2af0b8dee81ca72ee4674a9.dat | cliente=652 | banco=AMD | valor=165.0 | data=21/07/2026 20:33 | sink=staged | resolution=direct_image | verification=CONFIRMADO | manual_open_to_claim_ms=1594 | open_ms=10 | prep_ms=0 | ocr_ms=3893 | parse_ms=2 | manual_open_to_ingest_ms=5503
[SINK] committed | file_id=2556b678b5a95329187580871c32f7ec7cb70e70 | msg=- | talker=- | create_time=0 | sheet=Página1 | row=241 | ingest_to_commit_ms=1019 | manual_open_to_commit_ms=6522
[SKIP] 075571ca2f63f8999f8376267578d4e4_.jpg | temp_file_disappeared_after_3_attempts
[SKIP] c0f7d45e7fd6de871b7187524598336d_.jpg | temp_file_disappeared_after_3_attempts
[RETRY] f337a94f2cec8f2b17d254a2ef413d27_.jpg | attempt=1 | err=FileNotFoundError: Resolved file disappeared: C:\Users\Felipe\Documents\WeChat Files\wxid_xd3703k0ih2p22\FileStorage\Temp\f337a94f2cec8f2b17d254a2ef413d27_.jpg
[OK] bfe20f813a6d7b873b56d67a43c8aea1.dat | cliente=652 | banco=AMD | valor=165.0 | data=21/07/2026 22:09 | sink=staged | resolution=direct_image | verification=CONFIRMADO | manual_open_to_claim_ms=1377 | open_ms=26 | prep_ms=1 | ocr_ms=1548 | parse_ms=1 | manual_open_to_ingest_ms=2955
[SINK] committed | file_id=e0c5a07a579efb1b09ed24afa5a85503c23c9e0f | msg=- | talker=- | create_time=0 | sheet=Página1 | row=242 | ingest_to_commit_ms=943 | manual_open_to_commit_ms=3898
[RETRY] 67a0b135a0ac3618ebd9a83c0cc242d7_.jpg | attempt=1 | err=FileNotFoundError: Resolved file disappeared: C:\Users\Felipe\Documents\WeChat Files\wxid_xd3703k0ih2p22\FileStorage\Temp\67a0b135a0ac3618ebd9a83c0cc242d7_.jpg
[OK] 6773fbf70a0881e26f80a037024bcfec.dat | cliente=652 | banco=AMD | valor=290.0 | data=21/07/2026 19:42 | sink=staged | resolution=direct_image | verification=CONFIRMADO | manual_open_to_claim_ms=1246 | open_ms=12 | prep_ms=1 | ocr_ms=3264 | parse_ms=1 | manual_open_to_ingest_ms=4528
[SINK] committed | file_id=608b11b9cac4818e12ad59e8588071e9e93a8d65 | msg=- | talker=- | create_time=0 | sheet=Página1 | row=243 | ingest_to_commit_ms=1074 | manual_open_to_commit_ms=5602
[SKIP] 87665c2672828f6251de1e1e02af1001_.jpg | temp_file_disappeared_after_3_attempts
[RETRY] 9255eeead3cdf612a2ce4afc4e757bce_.jpg | attempt=2 | err=FileNotFoundError: Resolved file disappeared: C:\Users\Felipe\Documents\WeChat Files\wxid_xd3703k0ih2p22\FileStorage\Temp\9255eeead3cdf612a2ce4afc4e757bce_.jpg
[RETRY] c9dc593ee0d383fc2aefcc11e17d70b2_.jpg | attempt=2 | err=FileNotFoundError: Resolved file disappeared: C:\Users\Felipe\Documents\WeChat Files\wxid_xd3703k0ih2p22\FileStorage\Temp\c9dc593ee0d383fc2aefcc11e17d70b2_.jpg
[RETRY] 78557cc5ad8f6be6d6a3563d0c5d54ad_.jpg | attempt=1 | err=FileNotFoundError: Resolved file disappeared: C:\Users\Felipe\Documents\WeChat Files\wxid_xd3703k0ih2p22\FileStorage\Temp\78557cc5ad8f6be6d6a3563d0c5d54ad_.jpg
[SKIP] a38e04c30e8cdb299ca135ce5290a8f8_.jpg | temp_file_disappeared_after_3_attempts
[OK] 3f3ffd54f00df02ebd6e7de27009a250.dat | cliente=652 | banco=AMD | valor=185.0 | data=21/07/2026 22:18 | sink=staged | resolution=direct_image | verification=CONFIRMADO | manual_open_to_claim_ms=1877 | open_ms=15 | prep_ms=1 | ocr_ms=2204 | parse_ms=1 | manual_open_to_ingest_ms=4103
[SINK] committed | file_id=a168dadef8b0a914216d98daa50023830be8bcfe | msg=- | talker=- | create_time=0 | sheet=Página1 | row=244 | ingest_to_commit_ms=996 | manual_open_to_commit_ms=5099
[RETRY] 678b25564d8f5f177fa853024350b599_.jpg | attempt=2 | err=FileNotFoundError: Resolved file disappeared: C:\Users\Felipe\Documents\WeChat Files\wxid_xd3703k0ih2p22\FileStorage\Temp\678b25564d8f5f177fa853024350b599_.jpg
[RETRY] 1f967da6de2c559fdcf41924510c5547_.jpg | attempt=1 | err=FileNotFoundError: Resolved file disappeared: C:\Users\Felipe\Documents\WeChat Files\wxid_xd3703k0ih2p22\FileStorage\Temp\1f967da6de2c559fdcf41924510c5547_.jpg
[OK] 4e61293800e49cc903379bb9c7fd14ce.dat | cliente=652 | banco=AMD | valor=270.0 | data=21/07/2026 23:27 | sink=staged | resolution=direct_image | verification=CONFIRMADO | manual_open_to_claim_ms=1251 | open_ms=11 | prep_ms=0 | ocr_ms=3731 | parse_ms=1 | manual_open_to_ingest_ms=4998
[SINK] committed | file_id=afafe1e7169a945e7b45b08ae9a21ac24b8b2a31 | msg=- | talker=- | create_time=0 | sheet=Página1 | row=245 | ingest_to_commit_ms=1114 | manual_open_to_commit_ms=6112
[RETRY] f337a94f2cec8f2b17d254a2ef413d27_.jpg | attempt=2 | err=FileNotFoundError: Resolved file disappeared: C:\Users\Felipe\Documents\WeChat Files\wxid_xd3703k0ih2p22\FileStorage\Temp\f337a94f2cec8f2b17d254a2ef413d27_.jpg
[RETRY] 3d09b35c7868f1aeec78b65a847c0c6b_.jpg | attempt=1 | err=FileNotFoundError: Resolved file disappeared: C:\Users\Felipe\Documents\WeChat Files\wxid_xd3703k0ih2p22\FileStorage\Temp\3d09b35c7868f1aeec78b65a847c0c6b_.jpg
[RETRY] 67a0b135a0ac3618ebd9a83c0cc242d7_.jpg | attempt=2 | err=FileNotFoundError: Resolved file disappeared: C:\Users\Felipe\Documents\WeChat Files\wxid_xd3703k0ih2p22\FileStorage\Temp\67a0b135a0ac3618ebd9a83c0cc242d7_.jpg
[OK] 9c17ae9b8d26c5677ab24028b45f0bd7.dat | cliente=652 | banco=AMD | valor=165.0 | data=22/07/2026 06:34 | sink=staged | resolution=direct_image | verification=CONFIRMADO | manual_open_to_claim_ms=1054 | open_ms=24 | prep_ms=0 | ocr_ms=1869 | parse_ms=1 | manual_open_to_ingest_ms=2951
[SINK] committed | file_id=91edf094f827fcb1cc678719500382b5ed49f9ab | msg=- | talker=- | create_time=0 | sheet=Página1 | row=246 | ingest_to_commit_ms=1076 | manual_open_to_commit_ms=4028
[RETRY] 2555b929cd3d7b2aa1d43de51a3481f6_.jpg | attempt=1 | err=FileNotFoundError: Resolved file disappeared: C:\Users\Felipe\Documents\WeChat Files\wxid_xd3703k0ih2p22\FileStorage\Temp\2555b929cd3d7b2aa1d43de51a3481f6_.jpg
[SKIP] deb6d8ac17e978c991464a304c4bd1c0_.jpg | temp_file_disappeared_after_3_attempts
[SKIP] c1eab469d505b0d133f84f1af105ae38_.jpg | temp_file_disappeared_after_3_attempts
[SKIP] 1405e95db165c274452e5fba1a1c9125_.jpg | temp_file_disappeared_after_3_attempts
[RETRY] 78557cc5ad8f6be6d6a3563d0c5d54ad_.jpg | attempt=2 | err=FileNotFoundError: Resolved file disappeared: C:\Users\Felipe\Documents\WeChat Files\wxid_xd3703k0ih2p22\FileStorage\Temp\78557cc5ad8f6be6d6a3563d0c5d54ad_.jpg
[OK] 8b2aa5c9e3df0d65db5242e8f75b57e8.dat | cliente=652 | banco=AMD | valor=165.0 | data=22/07/2026 07:52 | sink=staged | resolution=direct_image | verification=CONFIRMADO | manual_open_to_claim_ms=1362 | open_ms=9 | prep_ms=1 | ocr_ms=4522 | parse_ms=1 | manual_open_to_ingest_ms=5899
[SINK] committed | file_id=2afe3b349c117866a222a0621831a0b3e4c357e5 | msg=- | talker=- | create_time=0 | sheet=Página1 | row=247 | ingest_to_commit_ms=1030 | manual_open_to_commit_ms=6929
[SKIP] 489547710a553db9f1150c190a49620d_.jpg | temp_file_disappeared_after_3_attempts
[RETRY] 1f967da6de2c559fdcf41924510c5547_.jpg | attempt=2 | err=FileNotFoundError: Resolved file disappeared: C:\Users\Felipe\Documents\WeChat Files\wxid_xd3703k0ih2p22\FileStorage\Temp\1f967da6de2c559fdcf41924510c5547_.jpg
[RETRY] 6448f3581eb51ebcf27d6cbf1431f65e_.jpg | attempt=1 | err=FileNotFoundError: Resolved file disappeared: C:\Users\Felipe\Documents\WeChat Files\wxid_xd3703k0ih2p22\FileStorage\Temp\6448f3581eb51ebcf27d6cbf1431f65e_.jpg
[OK] 5ca8c45de84fe3e1a70a6e14848ea77e.dat | cliente=652 | banco=AMD | valor=165.0 | data=22/07/2026 08:09 | sink=staged | resolution=direct_image | verification=CONFIRMADO | manual_open_to_claim_ms=1146 | open_ms=4 | prep_ms=0 | ocr_ms=2217 | parse_ms=1 | manual_open_to_ingest_ms=3371
[SINK] committed | file_id=c555928785f5fc9168884b8d71e71d9a9194489e | msg=- | talker=- | create_time=0 | sheet=Página1 | row=248 | ingest_to_commit_ms=6740 | manual_open_to_commit_ms=10111
[SCAN] reconcile complete | queued_or_refreshed=18
[OK] 7832acf832dd40fab23bdf11d1f6ee88.dat | cliente=652 | banco=AMD | valor=175.0 | data=22/07/2026 08:30 | sink=staged | resolution=direct_image | verification=CONFIRMADO | manual_open_to_claim_ms=6251 | open_ms=5 | prep_ms=0 | ocr_ms=4017 | parse_ms=1 | manual_open_to_ingest_ms=10280
[SINK] committed | file_id=8988b254b10113096e7ff646290ea5f33ec2a636 | msg=- | talker=- | create_time=0 | sheet=Página1 | row=249 | ingest_to_commit_ms=1366 | manual_open_to_commit_ms=11646
[OK] 26215d8b54de960b10082b79c18f3dfd.dat | cliente=652 | banco=AMD | valor=165.0 | data=22/07/2026 08:29 | sink=staged | resolution=direct_image | verification=CONFIRMADO | manual_open_to_claim_ms=2240 | open_ms=6 | prep_ms=0 | ocr_ms=1715 | parse_ms=1 | manual_open_to_ingest_ms=3963
[SINK] committed | file_id=af48ab8fd5b0d724ac6dd5cd0d1a94978243eb65 | msg=- | talker=- | create_time=0 | sheet=Página1 | row=250 | ingest_to_commit_ms=1305 | manual_open_to_commit_ms=5268
[SKIP] 9255eeead3cdf612a2ce4afc4e757bce_.jpg | temp_file_disappeared_after_3_attempts
[SKIP] c9dc593ee0d383fc2aefcc11e17d70b2_.jpg | temp_file_disappeared_after_3_attempts
[RETRY] 3d09b35c7868f1aeec78b65a847c0c6b_.jpg | attempt=2 | err=FileNotFoundError: Resolved file disappeared: C:\Users\Felipe\Documents\WeChat Files\wxid_xd3703k0ih2p22\FileStorage\Temp\3d09b35c7868f1aeec78b65a847c0c6b_.jpg
[RETRY] 2555b929cd3d7b2aa1d43de51a3481f6_.jpg | attempt=2 | err=FileNotFoundError: Resolved file disappeared: C:\Users\Felipe\Documents\WeChat Files\wxid_xd3703k0ih2p22\FileStorage\Temp\2555b929cd3d7b2aa1d43de51a3481f6_.jpg
[RETRY] bcd2a61a2e1def2de2a6079279f38a44_.jpg | attempt=1 | err=FileNotFoundError: Resolved file disappeared: C:\Users\Felipe\Documents\WeChat Files\wxid_xd3703k0ih2p22\FileStorage\Temp\bcd2a61a2e1def2de2a6079279f38a44_.jpg
[RETRY] 3e42255b7a1483734cc11a04f29b46d0_.jpg | attempt=1 | err=FileNotFoundError: Resolved file disappeared: C:\Users\Felipe\Documents\WeChat Files\wxid_xd3703k0ih2p22\FileStorage\Temp\3e42255b7a1483734cc11a04f29b46d0_.jpg
[RETRY] 2d0c63318bfe4f028c57f1b243a0175c_.jpg | attempt=1 | err=FileNotFoundError: Resolved file disappeared: C:\Users\Felipe\Documents\WeChat Files\wxid_xd3703k0ih2p22\FileStorage\Temp\2d0c63318bfe4f028c57f1b243a0175c_.jpg
[OK] 9ce44ac7a742f6acbecb230f4df88df3.dat | cliente=652 | banco=AMD | valor=165.0 | data=22/07/2026 08:34 | sink=staged | resolution=direct_image | verification=CONFIRMADO | manual_open_to_claim_ms=2110 | open_ms=4 | prep_ms=0 | ocr_ms=1710 | parse_ms=1 | manual_open_to_ingest_ms=3828
[SINK] committed | file_id=e1774cc17339d4cd68837b46fd209437d4700fd2 | msg=- | talker=- | create_time=0 | sheet=Página1 | row=251 | ingest_to_commit_ms=1065 | manual_open_to_commit_ms=4893
[SKIP] 678b25564d8f5f177fa853024350b599_.jpg | temp_file_disappeared_after_3_attempts
[RETRY] 6448f3581eb51ebcf27d6cbf1431f65e_.jpg | attempt=2 | err=FileNotFoundError: Resolved file disappeared: C:\Users\Felipe\Documents\WeChat Files\wxid_xd3703k0ih2p22\FileStorage\Temp\6448f3581eb51ebcf27d6cbf1431f65e_.jpg
[RETRY] 72c63d3d89630513f9e08ac285eb6c63_.jpg | attempt=1 | err=FileNotFoundError: Resolved file disappeared: C:\Users\Felipe\Documents\WeChat Files\wxid_xd3703k0ih2p22\FileStorage\Temp\72c63d3d89630513f9e08ac285eb6c63_.jpg
[OK] 23d8684c30c818b2f6242a44358bea6e.dat | cliente=652 | banco=AMD | valor=82.5 | data=22/07/2026 08:53 | sink=staged | resolution=direct_image | verification=CONFIRMADO | manual_open_to_claim_ms=1863 | open_ms=10 | prep_ms=1 | ocr_ms=2111 | parse_ms=1 | manual_open_to_ingest_ms=3990
[SINK] committed | file_id=3f02786a5f15b28db751031e732396edf125ade2 | msg=- | talker=- | create_time=0 | sheet=Página1 | row=252 | ingest_to_commit_ms=833 | manual_open_to_commit_ms=4824
[SKIP] f337a94f2cec8f2b17d254a2ef413d27_.jpg | temp_file_disappeared_after_3_attempts
[SKIP] 67a0b135a0ac3618ebd9a83c0cc242d7_.jpg | temp_file_disappeared_after_3_attempts
[RETRY] d4669af5e37069e8ea620eefe091e941_.jpg | attempt=1 | err=FileNotFoundError: Resolved file disappeared: C:\Users\Felipe\Documents\WeChat Files\wxid_xd3703k0ih2p22\FileStorage\Temp\d4669af5e37069e8ea620eefe091e941_.jpg
[OK] 6dc85c10739e204732da7d50c84ecb29.dat | cliente=652 | banco=AMD | valor=220.0 | data=22/07/2026 10:09 | sink=staged | resolution=direct_image | verification=CONFIRMADO | manual_open_to_claim_ms=1209 | open_ms=3 | prep_ms=0 | ocr_ms=1974 | parse_ms=1 | manual_open_to_ingest_ms=3191
[SINK] committed | file_id=5da3339468662b99af8b6966f380fa9fe74ee0b2 | msg=- | talker=- | create_time=0 | sheet=Página1 | row=253 | ingest_to_commit_ms=824 | manual_open_to_commit_ms=4015
[RETRY] d46f1c03fd1180b18fc114f1832a60da_.jpg | attempt=1 | err=FileNotFoundError: Resolved file disappeared: C:\Users\Felipe\Documents\WeChat Files\wxid_xd3703k0ih2p22\FileStorage\Temp\d46f1c03fd1180b18fc114f1832a60da_.jpg
[SKIP] 78557cc5ad8f6be6d6a3563d0c5d54ad_.jpg | temp_file_disappeared_after_3_attempts
[RETRY] bcd2a61a2e1def2de2a6079279f38a44_.jpg | attempt=2 | err=FileNotFoundError: Resolved file disappeared: C:\Users\Felipe\Documents\WeChat Files\wxid_xd3703k0ih2p22\FileStorage\Temp\bcd2a61a2e1def2de2a6079279f38a44_.jpg
[RETRY] 3e42255b7a1483734cc11a04f29b46d0_.jpg | attempt=2 | err=FileNotFoundError: Resolved file disappeared: C:\Users\Felipe\Documents\WeChat Files\wxid_xd3703k0ih2p22\FileStorage\Temp\3e42255b7a1483734cc11a04f29b46d0_.jpg
[RETRY] 2d0c63318bfe4f028c57f1b243a0175c_.jpg | attempt=2 | err=FileNotFoundError: Resolved file disappeared: C:\Users\Felipe\Documents\WeChat Files\wxid_xd3703k0ih2p22\FileStorage\Temp\2d0c63318bfe4f028c57f1b243a0175c_.jpg
[OK] 6a5d8496cb29e693f8a03e4c8ab0378a.dat | cliente=652 | banco=AMD | valor=145.0 | data=22/07/2026 10:23 | sink=staged | resolution=direct_image | verification=CONFIRMADO | manual_open_to_claim_ms=2073 | open_ms=16 | prep_ms=0 | ocr_ms=1309 | parse_ms=1 | manual_open_to_ingest_ms=3403
[SINK] committed | file_id=a901929c96bd261b065cfd72f32b05ee3727887e | msg=- | talker=- | create_time=0 | sheet=Página1 | row=254 | ingest_to_commit_ms=897 | manual_open_to_commit_ms=4300
[SKIP] 1f967da6de2c559fdcf41924510c5547_.jpg | temp_file_disappeared_after_3_attempts
[RETRY] f7048b4c86c3b0677b7daf0d0489a94b_.jpg | attempt=1 | err=FileNotFoundError: Resolved file disappeared: C:\Users\Felipe\Documents\WeChat Files\wxid_xd3703k0ih2p22\FileStorage\Temp\f7048b4c86c3b0677b7daf0d0489a94b_.jpg
[RETRY] 72c63d3d89630513f9e08ac285eb6c63_.jpg | attempt=2 | err=FileNotFoundError: Resolved file disappeared: C:\Users\Felipe\Documents\WeChat Files\wxid_xd3703k0ih2p22\FileStorage\Temp\72c63d3d89630513f9e08ac285eb6c63_.jpg
[RETRY] ea96ecf270694b2fd050d4eb6648fd49_.jpg | attempt=1 | err=FileNotFoundError: Resolved file disappeared: C:\Users\Felipe\Documents\WeChat Files\wxid_xd3703k0ih2p22\FileStorage\Temp\ea96ecf270694b2fd050d4eb6648fd49_.jpg
[OK] f8e81027197b4d3049d5eafa0aa18183.dat | cliente=652 | banco=AMD | valor=165.0 | data=22/07/2026 09:25 | sink=staged | resolution=direct_image | verification=CONFIRMADO | manual_open_to_claim_ms=1585 | open_ms=11 | prep_ms=0 | ocr_ms=2574 | parse_ms=1 | manual_open_to_ingest_ms=4176
[SINK] committed | file_id=d3c53e36ee3c44e1963da2c2ea7298f02789a9d8 | msg=- | talker=- | create_time=0 | sheet=Página1 | row=255 | ingest_to_commit_ms=2106 | manual_open_to_commit_ms=6282
[RETRY] d4669af5e37069e8ea620eefe091e941_.jpg | attempt=2 | err=FileNotFoundError: Resolved file disappeared: C:\Users\Felipe\Documents\WeChat Files\wxid_xd3703k0ih2p22\FileStorage\Temp\d4669af5e37069e8ea620eefe091e941_.jpg
[OK] 63df737183c6ac6440f54966d484a664.dat | cliente=652 | banco=AMD | valor=165.0 | data=22/07/2026 10:47 | sink=staged | resolution=direct_image | verification=CONFIRMADO | manual_open_to_claim_ms=1149 | open_ms=3 | prep_ms=0 | ocr_ms=2041 | parse_ms=1 | manual_open_to_ingest_ms=3196
[SINK] committed | file_id=b3a34cebea631f152956f176a5c64e750685176b | msg=- | talker=- | create_time=0 | sheet=Página1 | row=256 | ingest_to_commit_ms=1060 | manual_open_to_commit_ms=4256
[RETRY] a07a85c55232bdfc6ba45bff32c761f5_.jpg | attempt=1 | err=FileNotFoundError: Resolved file disappeared: C:\Users\Felipe\Documents\WeChat Files\wxid_xd3703k0ih2p22\FileStorage\Temp\a07a85c55232bdfc6ba45bff32c761f5_.jpg
[RETRY] d46f1c03fd1180b18fc114f1832a60da_.jpg | attempt=2 | err=FileNotFoundError: Resolved file disappeared: C:\Users\Felipe\Documents\WeChat Files\wxid_xd3703k0ih2p22\FileStorage\Temp\d46f1c03fd1180b18fc114f1832a60da_.jpg
[OK] 316f0d132f68cfa60b850f5b01d1e190.dat | cliente=652 | banco=AMD | valor=110.0 | data=22/07/2026 10:58 | sink=staged | resolution=direct_image | verification=CONFIRMADO | manual_open_to_claim_ms=2124 | open_ms=12 | prep_ms=1 | ocr_ms=1961 | parse_ms=1 | manual_open_to_ingest_ms=4103
[SINK] committed | file_id=55cc5ec9729e2ed88f463b121e51aa739034a270 | msg=- | talker=- | create_time=0 | sheet=Página1 | row=257 | ingest_to_commit_ms=905 | manual_open_to_commit_ms=5007
[SKIP] 3d09b35c7868f1aeec78b65a847c0c6b_.jpg | temp_file_disappeared_after_3_attempts
[SKIP] 2555b929cd3d7b2aa1d43de51a3481f6_.jpg | temp_file_disappeared_after_3_attempts
[RETRY] c680d559971046620da418efa19af219_.jpg | attempt=1 | err=FileNotFoundError: Resolved file disappeared: C:\Users\Felipe\Documents\WeChat Files\wxid_xd3703k0ih2p22\FileStorage\Temp\c680d559971046620da418efa19af219_.jpg
[RETRY] f7048b4c86c3b0677b7daf0d0489a94b_.jpg | attempt=2 | err=FileNotFoundError: Resolved file disappeared: C:\Users\Felipe\Documents\WeChat Files\wxid_xd3703k0ih2p22\FileStorage\Temp\f7048b4c86c3b0677b7daf0d0489a94b_.jpg
[OK] 7643b9c1ec964e6926faf8cf1ca223a9.dat | cliente=652 | banco=AMD | valor=175.0 | data=22/07/2026 10:59 | sink=staged | resolution=direct_image | verification=CONFIRMADO | manual_open_to_claim_ms=1629 | open_ms=4 | prep_ms=0 | ocr_ms=2277 | parse_ms=1 | manual_open_to_ingest_ms=3913
[SINK] committed | file_id=1b7d5841cc68e349f7823481afc469952a089e21 | msg=- | talker=- | create_time=0 | sheet=Página1 | row=258 | ingest_to_commit_ms=1232 | manual_open_to_commit_ms=5145
[SKIP] 6448f3581eb51ebcf27d6cbf1431f65e_.jpg | temp_file_disappeared_after_3_attempts
[RETRY] a2f0606b3f6bb7870e4199dafbb529ef_.jpg | attempt=1 | err=FileNotFoundError: Resolved file disappeared: C:\Users\Felipe\Documents\WeChat Files\wxid_xd3703k0ih2p22\FileStorage\Temp\a2f0606b3f6bb7870e4199dafbb529ef_.jpg
[RETRY] ea96ecf270694b2fd050d4eb6648fd49_.jpg | attempt=2 | err=FileNotFoundError: Resolved file disappeared: C:\Users\Felipe\Documents\WeChat Files\wxid_xd3703k0ih2p22\FileStorage\Temp\ea96ecf270694b2fd050d4eb6648fd49_.jpg
[SCAN] reconcile complete | queued_or_refreshed=16
[RETRY] 8e0cb95ebfd7218fce47865b7ad128f8_.jpg | attempt=1 | err=FileNotFoundError: Resolved file disappeared: C:\Users\Felipe\Documents\WeChat Files\wxid_xd3703k0ih2p22\FileStorage\Temp\8e0cb95ebfd7218fce47865b7ad128f8_.jpg
[OK] b93406c5bc86665a4f9a54cea60f8b5e.dat | cliente=652 | banco=AMD | valor=190.0 | data=21/07/2026 11:22 | sink=staged | resolution=direct_image | verification=CONFIRMADO | manual_open_to_claim_ms=2179 | open_ms=95 | prep_ms=42 | ocr_ms=2818 | parse_ms=1 | manual_open_to_ingest_ms=5147
[SINK] committed | file_id=b1e65d720717198272eb7f3a8ef2cc84291fcc3f | msg=- | talker=- | create_time=0 | sheet=Página1 | row=259 | ingest_to_commit_ms=1254 | manual_open_to_commit_ms=6401
[OK] 9ae2abd1e59a6d5f81a4de163ea56f68.dat | cliente=652 | banco=AMD | valor=450.0 | data=21/07/2026 11:33 | sink=staged | resolution=direct_image | verification=CONFIRMADO | manual_open_to_claim_ms=2690 | open_ms=11 | prep_ms=1 | ocr_ms=4595 | parse_ms=1 | manual_open_to_ingest_ms=7303
[SINK] committed | file_id=ac3909491594439a50c6bd28e293f4f9434bb336 | msg=- | talker=- | create_time=0 | sheet=Página1 | row=260 | ingest_to_commit_ms=973 | manual_open_to_commit_ms=8276
[SKIP] bcd2a61a2e1def2de2a6079279f38a44_.jpg | temp_file_disappeared_after_3_attempts
[SKIP] 3e42255b7a1483734cc11a04f29b46d0_.jpg | temp_file_disappeared_after_3_attempts
[SKIP] 2d0c63318bfe4f028c57f1b243a0175c_.jpg | temp_file_disappeared_after_3_attempts
[RETRY] a07a85c55232bdfc6ba45bff32c761f5_.jpg | attempt=2 | err=FileNotFoundError: Resolved file disappeared: C:\Users\Felipe\Documents\WeChat Files\wxid_xd3703k0ih2p22\FileStorage\Temp\a07a85c55232bdfc6ba45bff32c761f5_.jpg
[RETRY] 1d5f8888eff2b27597f8d5189007f948_.jpg | attempt=1 | err=FileNotFoundError: Resolved file disappeared: C:\Users\Felipe\Documents\WeChat Files\wxid_xd3703k0ih2p22\FileStorage\Temp\1d5f8888eff2b27597f8d5189007f948_.jpg
[RETRY] c680d559971046620da418efa19af219_.jpg | attempt=2 | err=FileNotFoundError: Resolved file disappeared: C:\Users\Felipe\Documents\WeChat Files\wxid_xd3703k0ih2p22\FileStorage\Temp\c680d559971046620da418efa19af219_.jpg
[OK] cc5a4d4e05cdc64af54092e34f94cbd1.dat | cliente=652 | banco=AMD | valor=190.0 | data=21/07/2026 11:54 | sink=staged | resolution=direct_image | verification=CONFIRMADO | manual_open_to_claim_ms=1536 | open_ms=4 | prep_ms=0 | ocr_ms=4846 | parse_ms=2 | manual_open_to_ingest_ms=6393
[SINK] committed | file_id=0be514cda8e7afd8c50067794ea7c6a19b0297af | msg=- | talker=- | create_time=0 | sheet=Página1 | row=261 | ingest_to_commit_ms=964 | manual_open_to_commit_ms=7357
[SKIP] 72c63d3d89630513f9e08ac285eb6c63_.jpg | temp_file_disappeared_after_3_attempts
[RETRY] 31600493a4c48490fa38c9ffc16ded82_.jpg | attempt=1 | err=FileNotFoundError: Resolved file disappeared: C:\Users\Felipe\Documents\WeChat Files\wxid_xd3703k0ih2p22\FileStorage\Temp\31600493a4c48490fa38c9ffc16ded82_.jpg
[RETRY] a2f0606b3f6bb7870e4199dafbb529ef_.jpg | attempt=2 | err=FileNotFoundError: Resolved file disappeared: C:\Users\Felipe\Documents\WeChat Files\wxid_xd3703k0ih2p22\FileStorage\Temp\a2f0606b3f6bb7870e4199dafbb529ef_.jpg
[OK] 947e2b11a4fa75edc6fe79f266d37576.dat | cliente=652 | banco=AMD | valor=750.0 | data=21/07/2026 11:58 | sink=staged | resolution=direct_image | verification=CONFIRMADO | manual_open_to_claim_ms=1783 | open_ms=6 | prep_ms=0 | ocr_ms=3412 | parse_ms=2 | manual_open_to_ingest_ms=5207
[SINK] committed | file_id=62e35b020c691697f16423810014c479bf1359b7 | msg=- | talker=- | create_time=0 | sheet=Página1 | row=262 | ingest_to_commit_ms=1005 | manual_open_to_commit_ms=6212
[SKIP] d4669af5e37069e8ea620eefe091e941_.jpg | temp_file_disappeared_after_3_attempts
[RETRY] ed8d8fc4bc5577d24991ca63e6c4261e_.jpg | attempt=1 | err=FileNotFoundError: Resolved file disappeared: C:\Users\Felipe\Documents\WeChat Files\wxid_xd3703k0ih2p22\FileStorage\Temp\ed8d8fc4bc5577d24991ca63e6c4261e_.jpg
[RETRY] 8e0cb95ebfd7218fce47865b7ad128f8_.jpg | attempt=2 | err=FileNotFoundError: Resolved file disappeared: C:\Users\Felipe\Documents\WeChat Files\wxid_xd3703k0ih2p22\FileStorage\Temp\8e0cb95ebfd7218fce47865b7ad128f8_.jpg
[OK] 5232a2af8ccd30602f42fd5b345ed690.dat | cliente=652 | banco=AMD | valor=150.0 | data=21/07/2026 12:06 | sink=staged | resolution=direct_image | verification=CONFIRMADO | manual_open_to_claim_ms=2076 | open_ms=13 | prep_ms=0 | ocr_ms=3120 | parse_ms=10 | manual_open_to_ingest_ms=5226
[SINK] committed | file_id=864b156c9fca0efdf183e2bffb6cc99170ebe97e | msg=- | talker=- | create_time=0 | sheet=Página1 | row=263 | ingest_to_commit_ms=856 | manual_open_to_commit_ms=6082
[SKIP] d46f1c03fd1180b18fc114f1832a60da_.jpg | temp_file_disappeared_after_3_attempts
[RETRY] c7b3b101677d89a11bd23b06580c8a66_.jpg | attempt=1 | err=FileNotFoundError: Resolved file disappeared: C:\Users\Felipe\Documents\WeChat Files\wxid_xd3703k0ih2p22\FileStorage\Temp\c7b3b101677d89a11bd23b06580c8a66_.jpg
[OK] e171825e851a4d796cce5b29dd0c6ba2.dat | cliente=652 | banco=AMD | valor=150.0 | data=21/07/2026 12:06 | sink=staged | resolution=direct_image | verification=CONFIRMADO | manual_open_to_claim_ms=1364 | open_ms=10 | prep_ms=0 | ocr_ms=1896 | parse_ms=1 | manual_open_to_ingest_ms=3276
[SINK] committed | file_id=1dab83f43fa61b0380737979ac4f7d28dd4cce4b | msg=- | talker=- | create_time=0 | sheet=Página1 | row=264 | ingest_to_commit_ms=972 | manual_open_to_commit_ms=4248
[RETRY] 1d5f8888eff2b27597f8d5189007f948_.jpg | attempt=2 | err=FileNotFoundError: Resolved file disappeared: C:\Users\Felipe\Documents\WeChat Files\wxid_xd3703k0ih2p22\FileStorage\Temp\1d5f8888eff2b27597f8d5189007f948_.jpg
[RETRY] 731c39f7d740c6a444c1fe7e307f08d7_.jpg | attempt=1 | err=FileNotFoundError: Resolved file disappeared: C:\Users\Felipe\Documents\WeChat Files\wxid_xd3703k0ih2p22\FileStorage\Temp\731c39f7d740c6a444c1fe7e307f08d7_.jpg
[SKIP] f7048b4c86c3b0677b7daf0d0489a94b_.jpg | temp_file_disappeared_after_3_attempts
[OK] 12e28b01a053b2f0481ed03cbb09dd30.dat | cliente=652 | banco=AMD | valor=150.0 | data=21/07/2026 12:16 | sink=staged | resolution=direct_image | verification=CONFIRMADO | manual_open_to_claim_ms=1253 | open_ms=6 | prep_ms=0 | ocr_ms=2805 | parse_ms=1 | manual_open_to_ingest_ms=4070
[SINK] committed | file_id=2edbeb0aa01dca71bb54517555427aa6b05c08de | msg=- | talker=- | create_time=0 | sheet=Página1 | row=265 | ingest_to_commit_ms=1200 | manual_open_to_commit_ms=5270
[SKIP] ea96ecf270694b2fd050d4eb6648fd49_.jpg | temp_file_disappeared_after_3_attempts
[RETRY] 31600493a4c48490fa38c9ffc16ded82_.jpg | attempt=2 | err=FileNotFoundError: Resolved file disappeared: C:\Users\Felipe\Documents\WeChat Files\wxid_xd3703k0ih2p22\FileStorage\Temp\31600493a4c48490fa38c9ffc16ded82_.jpg
[RETRY] e68e085167091a18a738c9beb4669480_.jpg | attempt=1 | err=FileNotFoundError: Resolved file disappeared: C:\Users\Felipe\Documents\WeChat Files\wxid_xd3703k0ih2p22\FileStorage\Temp\e68e085167091a18a738c9beb4669480_.jpg
[RETRY] ed8d8fc4bc5577d24991ca63e6c4261e_.jpg | attempt=2 | err=FileNotFoundError: Resolved file disappeared: C:\Users\Felipe\Documents\WeChat Files\wxid_xd3703k0ih2p22\FileStorage\Temp\ed8d8fc4bc5577d24991ca63e6c4261e_.jpg
[OK] d54c082645ff95aff6a77a4a6686c2fd.dat | cliente=652 | banco=AMD | valor=480.0 | data=22/07/2026 12:45 | sink=staged | resolution=direct_image | verification=CONFIRMADO | manual_open_to_claim_ms=1306 | open_ms=20 | prep_ms=1 | ocr_ms=3257 | parse_ms=2 | manual_open_to_ingest_ms=4592
[SINK] committed | file_id=942df7989c1bc6c704da101c12d3f36bbadcc7be | msg=- | talker=- | create_time=0 | sheet=Página1 | row=266 | ingest_to_commit_ms=1134 | manual_open_to_commit_ms=5727
[RETRY] dfd4d886007b346b1ec4739d8de544c3_.jpg | attempt=1 | err=FileNotFoundError: Resolved file disappeared: C:\Users\Felipe\Documents\WeChat Files\wxid_xd3703k0ih2p22\FileStorage\Temp\dfd4d886007b346b1ec4739d8de544c3_.jpg
[OK] a1180ba06c98b316456626a6c5a68d7f.dat | cliente=652 | banco=AMD | valor=360.0 | data=21/07/2026 12:59 | sink=staged | resolution=direct_image | verification=CONFIRMADO | manual_open_to_claim_ms=1351 | open_ms=10 | prep_ms=1 | ocr_ms=4297 | parse_ms=1 | manual_open_to_ingest_ms=5664
[SINK] committed | file_id=bcf2e90223b572a983df49d2df7103e01e2a89f8 | msg=- | talker=- | create_time=0 | sheet=Página1 | row=267 | ingest_to_commit_ms=836 | manual_open_to_commit_ms=6500
[SKIP] a07a85c55232bdfc6ba45bff32c761f5_.jpg | temp_file_disappeared_after_3_attempts
[RETRY] c7b3b101677d89a11bd23b06580c8a66_.jpg | attempt=2 | err=FileNotFoundError: Resolved file disappeared: C:\Users\Felipe\Documents\WeChat Files\wxid_xd3703k0ih2p22\FileStorage\Temp\c7b3b101677d89a11bd23b06580c8a66_.jpg
[RETRY] 731c39f7d740c6a444c1fe7e307f08d7_.jpg | attempt=2 | err=FileNotFoundError: Resolved file disappeared: C:\Users\Felipe\Documents\WeChat Files\wxid_xd3703k0ih2p22\FileStorage\Temp\731c39f7d740c6a444c1fe7e307f08d7_.jpg
[SKIP] c680d559971046620da418efa19af219_.jpg | temp_file_disappeared_after_3_attempts
[RETRY] b5a1435af136904215785d85c1a80c34_.jpg | attempt=1 | err=FileNotFoundError: Resolved file disappeared: C:\Users\Felipe\Documents\WeChat Files\wxid_xd3703k0ih2p22\FileStorage\Temp\b5a1435af136904215785d85c1a80c34_.jpg
[OK] 8372a00b131b76532827604ba3253709.dat | cliente=652 | banco=AMD | valor=320.0 | data=21/07/2026 13:06 | sink=staged | resolution=direct_image | verification=CONFIRMADO | manual_open_to_claim_ms=1596 | open_ms=5 | prep_ms=0 | ocr_ms=2602 | parse_ms=1 | manual_open_to_ingest_ms=4207
[SINK] committed | file_id=6b43bcd3db69a358003fc348ca1ee6ab27195414 | msg=- | talker=- | create_time=0 | sheet=Página1 | row=268 | ingest_to_commit_ms=1188 | manual_open_to_commit_ms=5395
[RETRY] 6a39fc53b3b587c73f7fa15f337ce369_.jpg | attempt=1 | err=FileNotFoundError: Resolved file disappeared: C:\Users\Felipe\Documents\WeChat Files\wxid_xd3703k0ih2p22\FileStorage\Temp\6a39fc53b3b587c73f7fa15f337ce369_.jpg
[SKIP] a2f0606b3f6bb7870e4199dafbb529ef_.jpg | temp_file_disappeared_after_3_attempts
[RETRY] e68e085167091a18a738c9beb4669480_.jpg | attempt=2 | err=FileNotFoundError: Resolved file disappeared: C:\Users\Felipe\Documents\WeChat Files\wxid_xd3703k0ih2p22\FileStorage\Temp\e68e085167091a18a738c9beb4669480_.jpg
[SCAN] reconcile complete | queued_or_refreshed=17
[OK] 2fd07eb67e3efc9f6c39ec0b9c307d1f.dat | cliente=652 | banco=AMD | valor=150.0 | data=21/07/2026 13:16 | sink=staged | resolution=direct_image | verification=CONFIRMADO | manual_open_to_claim_ms=1503 | open_ms=73 | prep_ms=1 | ocr_ms=2641 | parse_ms=1 | manual_open_to_ingest_ms=4227
[SINK] committed | file_id=9aa09dbd70aa9abdfa08bf24fddd038d49d4f503 | msg=- | talker=- | create_time=0 | sheet=Página1 | row=269 | ingest_to_commit_ms=989 | manual_open_to_commit_ms=5217
[SKIP] 8e0cb95ebfd7218fce47865b7ad128f8_.jpg | temp_file_disappeared_after_3_attempts
[RETRY] dfd4d886007b346b1ec4739d8de544c3_.jpg | attempt=2 | err=FileNotFoundError: Resolved file disappeared: C:\Users\Felipe\Documents\WeChat Files\wxid_xd3703k0ih2p22\FileStorage\Temp\dfd4d886007b346b1ec4739d8de544c3_.jpg
[RETRY] b417330248564a18a109d2c527dfe621_.jpg | attempt=1 | err=FileNotFoundError: Resolved file disappeared: C:\Users\Felipe\Documents\WeChat Files\wxid_xd3703k0ih2p22\FileStorage\Temp\b417330248564a18a109d2c527dfe621_.jpg
[OK] bc5770f141246d9acbd5e85c0a2b5f85.dat | cliente=652 | banco=AMD | valor=160.0 | data=21/07/2026 13:20 | sink=staged | resolution=direct_image | verification=CONFIRMADO | manual_open_to_claim_ms=1835 | open_ms=14 | prep_ms=1 | ocr_ms=2104 | parse_ms=1 | manual_open_to_ingest_ms=3958
[SINK] committed | file_id=ed8022afd054fd5d4f866c2208f0491cd393a1c4 | msg=- | talker=- | create_time=0 | sheet=Página1 | row=270 | ingest_to_commit_ms=1487 | manual_open_to_commit_ms=5446
[RETRY] d6ec553aa622122616b51e08b254dbb8_.jpg | attempt=1 | err=FileNotFoundError: Resolved file disappeared: C:\Users\Felipe\Documents\WeChat Files\wxid_xd3703k0ih2p22\FileStorage\Temp\d6ec553aa622122616b51e08b254dbb8_.jpg
[SKIP] 1d5f8888eff2b27597f8d5189007f948_.jpg | temp_file_disappeared_after_3_attempts
[RETRY] b5a1435af136904215785d85c1a80c34_.jpg | attempt=2 | err=FileNotFoundError: Resolved file disappeared: C:\Users\Felipe\Documents\WeChat Files\wxid_xd3703k0ih2p22\FileStorage\Temp\b5a1435af136904215785d85c1a80c34_.jpg
[RETRY] 518092f7e5b9c03c9a8f94b7763b5803_.jpg | attempt=1 | err=FileNotFoundError: Resolved file disappeared: C:\Users\Felipe\Documents\WeChat Files\wxid_xd3703k0ih2p22\FileStorage\Temp\518092f7e5b9c03c9a8f94b7763b5803_.jpg
[OK] f54f1c35fc6d7d0eb4fb230916a1bb79.dat | cliente=652 | banco=AMD | valor=70.0 | data=21/07/2026 13:25 | sink=staged | resolution=direct_image | verification=CONFIRMADO | manual_open_to_claim_ms=2005 | open_ms=45 | prep_ms=1 | ocr_ms=2449 | parse_ms=1 | manual_open_to_ingest_ms=4506
[SINK] committed | file_id=9c0568c5afc00c5be5d79668d2ac3c7d0720f0ac | msg=- | talker=- | create_time=0 | sheet=Página1 | row=271 | ingest_to_commit_ms=1608 | manual_open_to_commit_ms=6114
[RETRY] 6a39fc53b3b587c73f7fa15f337ce369_.jpg | attempt=2 | err=FileNotFoundError: Resolved file disappeared: C:\Users\Felipe\Documents\WeChat Files\wxid_xd3703k0ih2p22\FileStorage\Temp\6a39fc53b3b587c73f7fa15f337ce369_.jpg
[OK] 26e3e33cd0c764a7d9a46aa78b3b763f.dat | cliente=652 | banco=AMD | valor=190.0 | data=21/07/2026 13:34 | sink=staged | resolution=direct_image | verification=CONFIRMADO | manual_open_to_claim_ms=1666 | open_ms=4 | prep_ms=0 | ocr_ms=2199 | parse_ms=1 | manual_open_to_ingest_ms=3873
[SINK] committed | file_id=ceb542ee21be015fc7b8d910982bcda1897f26b8 | msg=- | talker=- | create_time=0 | sheet=Página1 | row=272 | ingest_to_commit_ms=857 | manual_open_to_commit_ms=4729
[SKIP] 31600493a4c48490fa38c9ffc16ded82_.jpg | temp_file_disappeared_after_3_attempts
[RETRY] cd70de79b4425cb6160ed62e7a24dd47_.jpg | attempt=1 | err=FileNotFoundError: Resolved file disappeared: C:\Users\Felipe\Documents\WeChat Files\wxid_xd3703k0ih2p22\FileStorage\Temp\cd70de79b4425cb6160ed62e7a24dd47_.jpg
[SKIP] ed8d8fc4bc5577d24991ca63e6c4261e_.jpg | temp_file_disappeared_after_3_attempts
[OK] 7b6422bcba6557c749b5549e2dd15df3.dat | cliente=652 | banco=AMD | valor=190.0 | data=21/07/2026 13:37 | sink=staged | resolution=direct_image | verification=CONFIRMADO | manual_open_to_claim_ms=1535 | open_ms=10 | prep_ms=0 | ocr_ms=3078 | parse_ms=1 | manual_open_to_ingest_ms=4627
[SINK] committed | file_id=40d717f1911f0e4fb372b3d801e095ee818059ba | msg=- | talker=- | create_time=0 | sheet=Página1 | row=273 | ingest_to_commit_ms=1024 | manual_open_to_commit_ms=5651
[RETRY] b417330248564a18a109d2c527dfe621_.jpg | attempt=2 | err=FileNotFoundError: Resolved file disappeared: C:\Users\Felipe\Documents\WeChat Files\wxid_xd3703k0ih2p22\FileStorage\Temp\b417330248564a18a109d2c527dfe621_.jpg
[RETRY] cb6c7947526e3adac25e9ba4ff20e693_.jpg | attempt=1 | err=FileNotFoundError: Resolved file disappeared: C:\Users\Felipe\Documents\WeChat Files\wxid_xd3703k0ih2p22\FileStorage\Temp\cb6c7947526e3adac25e9ba4ff20e693_.jpg
[RETRY] d6ec553aa622122616b51e08b254dbb8_.jpg | attempt=2 | err=FileNotFoundError: Resolved file disappeared: C:\Users\Felipe\Documents\WeChat Files\wxid_xd3703k0ih2p22\FileStorage\Temp\d6ec553aa622122616b51e08b254dbb8_.jpg
[OK] 75ab5ef62375f917d2beed70eee73bb7.dat | cliente=652 | banco=AMD | valor=150.0 | data=21/07/2026 13:42 | sink=staged | resolution=direct_image | verification=CONFIRMADO | manual_open_to_claim_ms=2129 | open_ms=6 | prep_ms=0 | ocr_ms=2215 | parse_ms=1 | manual_open_to_ingest_ms=4354
[SINK] committed | file_id=a77aaed56bcc5db07376d77fe3aa96aae2038a41 | msg=- | talker=- | create_time=0 | sheet=Página1 | row=274 | ingest_to_commit_ms=885 | manual_open_to_commit_ms=5239
[SKIP] c7b3b101677d89a11bd23b06580c8a66_.jpg | temp_file_disappeared_after_3_attempts
[SKIP] 731c39f7d740c6a444c1fe7e307f08d7_.jpg | temp_file_disappeared_after_3_attempts
[RETRY] 518092f7e5b9c03c9a8f94b7763b5803_.jpg | attempt=2 | err=FileNotFoundError: Resolved file disappeared: C:\Users\Felipe\Documents\WeChat Files\wxid_xd3703k0ih2p22\FileStorage\Temp\518092f7e5b9c03c9a8f94b7763b5803_.jpg
[RETRY] dec92d503ccb26a998147d81f023fe6d_.jpg | attempt=1 | err=FileNotFoundError: Resolved file disappeared: C:\Users\Felipe\Documents\WeChat Files\wxid_xd3703k0ih2p22\FileStorage\Temp\dec92d503ccb26a998147d81f023fe6d_.jpg
[OK] f93915f2c10ea90621876a6f9717f6bb.dat | cliente=652 | banco=AMD | valor=160.0 | data=21/07/2026 13:59 | sink=staged | resolution=direct_image | verification=CONFIRMADO | manual_open_to_claim_ms=1152 | open_ms=11 | prep_ms=0 | ocr_ms=4820 | parse_ms=2 | manual_open_to_ingest_ms=5990
[SINK] committed | file_id=d2c31a1f71389b5a208415b69c43f4eb69833c10 | msg=- | talker=- | create_time=0 | sheet=Página1 | row=275 | ingest_to_commit_ms=1048 | manual_open_to_commit_ms=7039
[SKIP] e68e085167091a18a738c9beb4669480_.jpg | temp_file_disappeared_after_3_attempts
[RETRY] 2cb471d98a68d74aeed86fefc1de5435_.jpg | attempt=1 | err=FileNotFoundError: Resolved file disappeared: C:\Users\Felipe\Documents\WeChat Files\wxid_xd3703k0ih2p22\FileStorage\Temp\2cb471d98a68d74aeed86fefc1de5435_.jpg
[RETRY] cd70de79b4425cb6160ed62e7a24dd47_.jpg | attempt=2 | err=FileNotFoundError: Resolved file disappeared: C:\Users\Felipe\Documents\WeChat Files\wxid_xd3703k0ih2p22\FileStorage\Temp\cd70de79b4425cb6160ed62e7a24dd47_.jpg
[OK] 2e7c3b41bb5cf0465db07e49c8f94e93.dat | cliente=652 | banco=AMD | valor=160.0 | data=21/07/2026 14:06 | sink=staged | resolution=direct_image | verification=CONFIRMADO | manual_open_to_claim_ms=1164 | open_ms=13 | prep_ms=1 | ocr_ms=2396 | parse_ms=1 | manual_open_to_ingest_ms=3579
[SINK] committed | file_id=936d80a1167e6cf16ebfc35f3e7ac32bcb8b8377 | msg=- | talker=- | create_time=0 | sheet=Página1 | row=276 | ingest_to_commit_ms=1126 | manual_open_to_commit_ms=4705
[RETRY] 6de11bff874dc3a9bf44c5b45b139f08_.jpg | attempt=1 | err=FileNotFoundError: Resolved file disappeared: C:\Users\Felipe\Documents\WeChat Files\wxid_xd3703k0ih2p22\FileStorage\Temp\6de11bff874dc3a9bf44c5b45b139f08_.jpg
[SKIP] dfd4d886007b346b1ec4739d8de544c3_.jpg | temp_file_disappeared_after_3_attempts
[RETRY] cb6c7947526e3adac25e9ba4ff20e693_.jpg | attempt=2 | err=FileNotFoundError: Resolved file disappeared: C:\Users\Felipe\Documents\WeChat Files\wxid_xd3703k0ih2p22\FileStorage\Temp\cb6c7947526e3adac25e9ba4ff20e693_.jpg
[OK] 3dbd98c2b983f402bab915b9f912a282.dat | cliente=652 | banco=AMD | valor=190.0 | data=21/07/2026 14:49 | sink=staged | resolution=direct_image | verification=CONFIRMADO | manual_open_to_claim_ms=1472 | open_ms=12 | prep_ms=1 | ocr_ms=3205 | parse_ms=1 | manual_open_to_ingest_ms=4696
[SINK] committed | file_id=9a1e26de3fae6ba52b9bbeeba5016227f2692e10 | msg=- | talker=- | create_time=0 | sheet=Página1 | row=277 | ingest_to_commit_ms=1056 | manual_open_to_commit_ms=5752
[RETRY] d0fc486faca02a62d34553209af962a1_.jpg | attempt=1 | err=FileNotFoundError: Resolved file disappeared: C:\Users\Felipe\Documents\WeChat Files\wxid_xd3703k0ih2p22\FileStorage\Temp\d0fc486faca02a62d34553209af962a1_.jpg
[SKIP] b5a1435af136904215785d85c1a80c34_.jpg | temp_file_disappeared_after_3_attempts
[RETRY] dec92d503ccb26a998147d81f023fe6d_.jpg | attempt=2 | err=FileNotFoundError: Resolved file disappeared: C:\Users\Felipe\Documents\WeChat Files\wxid_xd3703k0ih2p22\FileStorage\Temp\dec92d503ccb26a998147d81f023fe6d_.jpg
[OK] dda1176106d1eff78b3deb4b6de81aea.dat | cliente=652 | banco=AMD | valor=180.0 | data=21/07/2026 14:48 | sink=staged | resolution=direct_image | verification=CONFIRMADO | manual_open_to_claim_ms=1727 | open_ms=11 | prep_ms=0 | ocr_ms=5257 | parse_ms=2 | manual_open_to_ingest_ms=7002
[SINK] committed | file_id=7897a84ceebfe8b8a9b03baf4d74e9951772e650 | msg=- | talker=- | create_time=0 | sheet=Página1 | row=278 | ingest_to_commit_ms=839 | manual_open_to_commit_ms=7841
[SKIP] 6a39fc53b3b587c73f7fa15f337ce369_.jpg | temp_file_disappeared_after_3_attempts
[RETRY] b0a9a33fa1205977169ec2c6291aa6a3_.jpg | attempt=1 | err=FileNotFoundError: Resolved file disappeared: C:\Users\Felipe\Documents\WeChat Files\wxid_xd3703k0ih2p22\FileStorage\Temp\b0a9a33fa1205977169ec2c6291aa6a3_.jpg
[SCAN] reconcile complete | queued_or_refreshed=18
[OK] 7560f29c2a3ed410e22a864d186ca29b.dat | cliente=652 | banco=AMD | valor=190.0 | data=21/07/2026 15:09 | sink=staged | resolution=direct_image | verification=CONFIRMADO | manual_open_to_claim_ms=6728 | open_ms=14 | prep_ms=1 | ocr_ms=2334 | parse_ms=1 | manual_open_to_ingest_ms=9081
[SINK] committed | file_id=ff6a5546a32ecc19c545df4748f609b6bd881e5e | msg=- | talker=- | create_time=0 | sheet=Página1 | row=279 | ingest_to_commit_ms=909 | manual_open_to_commit_ms=9990
[RETRY] 2cb471d98a68d74aeed86fefc1de5435_.jpg | attempt=2 | err=FileNotFoundError: Resolved file disappeared: C:\Users\Felipe\Documents\WeChat Files\wxid_xd3703k0ih2p22\FileStorage\Temp\2cb471d98a68d74aeed86fefc1de5435_.jpg
[RETRY] 6de11bff874dc3a9bf44c5b45b139f08_.jpg | attempt=2 | err=FileNotFoundError: Resolved file disappeared: C:\Users\Felipe\Documents\WeChat Files\wxid_xd3703k0ih2p22\FileStorage\Temp\6de11bff874dc3a9bf44c5b45b139f08_.jpg
[RETRY] cc87433fc777995c0674a3a14a9a7bca_.jpg | attempt=1 | err=FileNotFoundError: Resolved file disappeared: C:\Users\Felipe\Documents\WeChat Files\wxid_xd3703k0ih2p22\FileStorage\Temp\cc87433fc777995c0674a3a14a9a7bca_.jpg
[RETRY] 0bf3b578907ec72e802017dd053703c0_.jpg | attempt=1 | err=FileNotFoundError: Resolved file disappeared: C:\Users\Felipe\Documents\WeChat Files\wxid_xd3703k0ih2p22\FileStorage\Temp\0bf3b578907ec72e802017dd053703c0_.jpg
[OK] e8707c1346bec2b10d4db875feb703c1.dat | cliente=652 | banco=AMD | valor=160.0 | data=21/07/2026 15:09 | sink=staged | resolution=direct_image | verification=CONFIRMADO | manual_open_to_claim_ms=1673 | open_ms=15 | prep_ms=1 | ocr_ms=3917 | parse_ms=1 | manual_open_to_ingest_ms=5612
[SINK] committed | file_id=80b67c36d8b90b9417197b16685f4011d58ca489 | msg=- | talker=- | create_time=0 | sheet=Página1 | row=280 | ingest_to_commit_ms=882 | manual_open_to_commit_ms=6493
[SKIP] b417330248564a18a109d2c527dfe621_.jpg | temp_file_disappeared_after_3_attempts
[SKIP] d6ec553aa622122616b51e08b254dbb8_.jpg | temp_file_disappeared_after_3_attempts
[RETRY] d0fc486faca02a62d34553209af962a1_.jpg | attempt=2 | err=FileNotFoundError: Resolved file disappeared: C:\Users\Felipe\Documents\WeChat Files\wxid_xd3703k0ih2p22\FileStorage\Temp\d0fc486faca02a62d34553209af962a1_.jpg
[OK] 198e779c5239c748d946b26c2a1f8f15.dat | cliente=652 | banco=AMD | valor=360.0 | data=21/07/2026 15:14 | sink=staged | resolution=direct_image | verification=CONFIRMADO | manual_open_to_claim_ms=1658 | open_ms=12 | prep_ms=1 | ocr_ms=2993 | parse_ms=2 | manual_open_to_ingest_ms=4670
[SINK] committed | file_id=c20078b26c68e2c85e116526e9aeb6f89abdde6a | msg=- | talker=- | create_time=0 | sheet=Página1 | row=281 | ingest_to_commit_ms=1227 | manual_open_to_commit_ms=5897
[SKIP] 518092f7e5b9c03c9a8f94b7763b5803_.jpg | temp_file_disappeared_after_3_attempts
[RETRY] e8ba6c9ae955c7bc467767c4fb9dc04d_.jpg | attempt=1 | err=FileNotFoundError: Resolved file disappeared: C:\Users\Felipe\Documents\WeChat Files\wxid_xd3703k0ih2p22\FileStorage\Temp\e8ba6c9ae955c7bc467767c4fb9dc04d_.jpg
[OK] 3cdde1cd5f2d16c55518a951e5683606.dat | cliente=652 | banco=AMD | valor=1500.0 | data=21/07/2026 15:49 | sink=staged | resolution=direct_image | verification=CONFIRMADO | manual_open_to_claim_ms=1701 | open_ms=35 | prep_ms=2 | ocr_ms=2326 | parse_ms=1 | manual_open_to_ingest_ms=4071
[SINK] committed | file_id=fa8841b01449f95f02979d499829708838e5328f | msg=- | talker=- | create_time=0 | sheet=Página1 | row=282 | ingest_to_commit_ms=829 | manual_open_to_commit_ms=4900
[SKIP] cd70de79b4425cb6160ed62e7a24dd47_.jpg | temp_file_disappeared_after_3_attempts
[RETRY] b0a9a33fa1205977169ec2c6291aa6a3_.jpg | attempt=2 | err=FileNotFoundError: Resolved file disappeared: C:\Users\Felipe\Documents\WeChat Files\wxid_xd3703k0ih2p22\FileStorage\Temp\b0a9a33fa1205977169ec2c6291aa6a3_.jpg
[RETRY] 58c7a96d342116de10e584cf08890de2_.jpg | attempt=1 | err=FileNotFoundError: Resolved file disappeared: C:\Users\Felipe\Documents\WeChat Files\wxid_xd3703k0ih2p22\FileStorage\Temp\58c7a96d342116de10e584cf08890de2_.jpg
[OK] 013e9179cb42f9a027d8fd929fb873a2.dat | cliente=652 | banco=AMD | valor=190.0 | data=21/07/2026 15:59 | sink=staged | resolution=direct_image | verification=CONFIRMADO | manual_open_to_claim_ms=1599 | open_ms=12 | prep_ms=0 | ocr_ms=4041 | parse_ms=1 | manual_open_to_ingest_ms=5659
[SINK] committed | file_id=de614a844780d8583f4e68ff79942e9aaa555d3b | msg=- | talker=- | create_time=0 | sheet=Página1 | row=283 | ingest_to_commit_ms=984 | manual_open_to_commit_ms=6643
[SKIP] cb6c7947526e3adac25e9ba4ff20e693_.jpg | temp_file_disappeared_after_3_attempts
[RETRY] cc87433fc777995c0674a3a14a9a7bca_.jpg | attempt=2 | err=FileNotFoundError: Resolved file disappeared: C:\Users\Felipe\Documents\WeChat Files\wxid_xd3703k0ih2p22\FileStorage\Temp\cc87433fc777995c0674a3a14a9a7bca_.jpg
[RETRY] 0bf3b578907ec72e802017dd053703c0_.jpg | attempt=2 | err=FileNotFoundError: Resolved file disappeared: C:\Users\Felipe\Documents\WeChat Files\wxid_xd3703k0ih2p22\FileStorage\Temp\0bf3b578907ec72e802017dd053703c0_.jpg
[RETRY] 6d1a077081ddece19029719ac41d02cf_.jpg | attempt=1 | err=FileNotFoundError: Resolved file disappeared: C:\Users\Felipe\Documents\WeChat Files\wxid_xd3703k0ih2p22\FileStorage\Temp\6d1a077081ddece19029719ac41d02cf_.jpg
[OK] 26ffcf43959a6d6f3c37d999b285a484.dat | cliente=652 | banco=AMD | valor=2900.0 | data=21/07/2026 16:07 | sink=staged | resolution=direct_image | verification=CONFIRMADO | manual_open_to_claim_ms=1337 | open_ms=16 | prep_ms=1 | ocr_ms=1521 | parse_ms=1 | manual_open_to_ingest_ms=2880
[SINK] committed | file_id=ce500b5277e25c8f37ad290b27fb5b8d28926dde | msg=- | talker=- | create_time=0 | sheet=Página1 | row=284 | ingest_to_commit_ms=1154 | manual_open_to_commit_ms=4034
[RETRY] 803e834ae6d461ed8db8c61837f95f8c_.jpg | attempt=1 | err=FileNotFoundError: Resolved file disappeared: C:\Users\Felipe\Documents\WeChat Files\wxid_xd3703k0ih2p22\FileStorage\Temp\803e834ae6d461ed8db8c61837f95f8c_.jpg
[SKIP] dec92d503ccb26a998147d81f023fe6d_.jpg | temp_file_disappeared_after_3_attempts
[RETRY] e8ba6c9ae955c7bc467767c4fb9dc04d_.jpg | attempt=2 | err=FileNotFoundError: Resolved file disappeared: C:\Users\Felipe\Documents\WeChat Files\wxid_xd3703k0ih2p22\FileStorage\Temp\e8ba6c9ae955c7bc467767c4fb9dc04d_.jpg
[RETRY] 959eaae05a384a564d5ba1031fc3c8aa_.jpg | attempt=1 | err=FileNotFoundError: Resolved file disappeared: C:\Users\Felipe\Documents\WeChat Files\wxid_xd3703k0ih2p22\FileStorage\Temp\959eaae05a384a564d5ba1031fc3c8aa_.jpg
[OK] 393eb9c52bf5de899dd224d785add48e.dat | cliente=652 | banco=AMD | valor=190.0 | data=21/07/2026 16:15 | sink=staged | resolution=direct_image | verification=CONFIRMADO | manual_open_to_claim_ms=1357 | open_ms=39 | prep_ms=1 | ocr_ms=2164 | parse_ms=1 | manual_open_to_ingest_ms=3567
[SINK] committed | file_id=da1f6708714447ad8e4f1857ef93c7e19976e001 | msg=- | talker=- | create_time=0 | sheet=Página1 | row=285 | ingest_to_commit_ms=880 | manual_open_to_commit_ms=4447
[RETRY] 58c7a96d342116de10e584cf08890de2_.jpg | attempt=2 | err=FileNotFoundError: Resolved file disappeared: C:\Users\Felipe\Documents\WeChat Files\wxid_xd3703k0ih2p22\FileStorage\Temp\58c7a96d342116de10e584cf08890de2_.jpg
[OK] 08e9b2b6ffebc3abec25a6edfaa36870.dat | cliente=652 | banco=AMD | valor=320.0 | data=21/07/2026 17:26 | sink=staged | resolution=direct_image | verification=CONFIRMADO | manual_open_to_claim_ms=1469 | open_ms=4 | prep_ms=0 | ocr_ms=1573 | parse_ms=1 | manual_open_to_ingest_ms=3049
[SINK] committed | file_id=ec616a2c0fe775fcec5f8d13d3ebccf5356796a1 | msg=- | talker=- | create_time=0 | sheet=Página1 | row=286 | ingest_to_commit_ms=798 | manual_open_to_commit_ms=3848
[RETRY] d8e8fd0ce963153fede8f622c90617b0_.jpg | attempt=1 | err=FileNotFoundError: Resolved file disappeared: C:\Users\Felipe\Documents\WeChat Files\wxid_xd3703k0ih2p22\FileStorage\Temp\d8e8fd0ce963153fede8f622c90617b0_.jpg
[SKIP] 2cb471d98a68d74aeed86fefc1de5435_.jpg | temp_file_disappeared_after_3_attempts
[SKIP] 6de11bff874dc3a9bf44c5b45b139f08_.jpg | temp_file_disappeared_after_3_attempts
[RETRY] 6d1a077081ddece19029719ac41d02cf_.jpg | attempt=2 | err=FileNotFoundError: Resolved file disappeared: C:\Users\Felipe\Documents\WeChat Files\wxid_xd3703k0ih2p22\FileStorage\Temp\6d1a077081ddece19029719ac41d02cf_.jpg
[OK] 0b7660269c01c8f9adb0600f286d4256.dat | cliente=652 | banco=AMD | valor=160.0 | data=22/07/2026 18:07 | sink=staged | resolution=direct_image | verification=CONFIRMADO | manual_open_to_claim_ms=1968 | open_ms=17 | prep_ms=1 | ocr_ms=2264 | parse_ms=2 | manual_open_to_ingest_ms=4257
[SINK] committed | file_id=2a978eabaa5e5dc0dd8b6536e171f4556017f2d1 | msg=- | talker=- | create_time=0 | sheet=Página1 | row=287 | ingest_to_commit_ms=865 | manual_open_to_commit_ms=5122
[RETRY] 08a253dbb06142a3a2452ce1acc57a0b_.jpg | attempt=1 | err=FileNotFoundError: Resolved file disappeared: C:\Users\Felipe\Documents\WeChat Files\wxid_xd3703k0ih2p22\FileStorage\Temp\08a253dbb06142a3a2452ce1acc57a0b_.jpg
[SKIP] d0fc486faca02a62d34553209af962a1_.jpg | temp_file_disappeared_after_3_attempts
[RETRY] 803e834ae6d461ed8db8c61837f95f8c_.jpg | attempt=2 | err=FileNotFoundError: Resolved file disappeared: C:\Users\Felipe\Documents\WeChat Files\wxid_xd3703k0ih2p22\FileStorage\Temp\803e834ae6d461ed8db8c61837f95f8c_.jpg
[OK] 1d2ea220fca0805ea470fda8e5a84ca9.dat | cliente=652 | banco=AMD | valor=160.0 | data=21/07/2026 19:50 | sink=staged | resolution=direct_image | verification=CONFIRMADO | manual_open_to_claim_ms=1578 | open_ms=11 | prep_ms=0 | ocr_ms=4229 | parse_ms=1 | manual_open_to_ingest_ms=5824
[SINK] committed | file_id=65635bd1e43a46a3359c8e044ffd9c32622c3d25 | msg=- | talker=- | create_time=0 | sheet=Página1 | row=288 | ingest_to_commit_ms=983 | manual_open_to_commit_ms=6807
[RETRY] 959eaae05a384a564d5ba1031fc3c8aa_.jpg | attempt=2 | err=FileNotFoundError: Resolved file disappeared: C:\Users\Felipe\Documents\WeChat Files\wxid_xd3703k0ih2p22\FileStorage\Temp\959eaae05a384a564d5ba1031fc3c8aa_.jpg
[RETRY] 258b1416114be7a3f252bf019f65dd27_.jpg | attempt=1 | err=FileNotFoundError: Resolved file disappeared: C:\Users\Felipe\Documents\WeChat Files\wxid_xd3703k0ih2p22\FileStorage\Temp\258b1416114be7a3f252bf019f65dd27_.jpg
[OK] f70aaab10b4a2f234bfe2a770336cc46.dat | cliente=652 | banco=AMD | valor=150.0 | data=21/07/2026 20:01 | sink=staged | resolution=direct_image | verification=CONFIRMADO | manual_open_to_claim_ms=2020 | open_ms=5 | prep_ms=0 | ocr_ms=1770 | parse_ms=1 | manual_open_to_ingest_ms=3798
[SINK] committed | file_id=56843ec345a5b61f5275f99c1433e0b58f9b7a40 | msg=- | talker=- | create_time=0 | sheet=Página1 | row=289 | ingest_to_commit_ms=808 | manual_open_to_commit_ms=4606
[SCAN] reconcile complete | queued_or_refreshed=17
[SKIP] b0a9a33fa1205977169ec2c6291aa6a3_.jpg | temp_file_disappeared_after_3_attempts
[RETRY] d8e8fd0ce963153fede8f622c90617b0_.jpg | attempt=2 | err=FileNotFoundError: Resolved file disappeared: C:\Users\Felipe\Documents\WeChat Files\wxid_xd3703k0ih2p22\FileStorage\Temp\d8e8fd0ce963153fede8f622c90617b0_.jpg
[RETRY] c0ab324654db25cad9311c6d276f3ae4_.jpg | attempt=1 | err=FileNotFoundError: Resolved file disappeared: C:\Users\Felipe\Documents\WeChat Files\wxid_xd3703k0ih2p22\FileStorage\Temp\c0ab324654db25cad9311c6d276f3ae4_.jpg
[RETRY] b5c5a003d6e01e6fd7017741c7fcfab8_.jpg | attempt=1 | err=FileNotFoundError: Resolved file disappeared: C:\Users\Felipe\Documents\WeChat Files\wxid_xd3703k0ih2p22\FileStorage\Temp\b5c5a003d6e01e6fd7017741c7fcfab8_.jpg
[OK] 6f60f4daf62f982dde36f725723584cb.dat | cliente=652 | banco=AMD | valor=150.0 | data=21/07/2026 20:01 | sink=staged | resolution=direct_image | verification=CONFIRMADO | manual_open_to_claim_ms=2233 | open_ms=13 | prep_ms=1 | ocr_ms=2645 | parse_ms=2 | manual_open_to_ingest_ms=4899
[SINK] committed | file_id=81a6a7794775e8411b74d48f8491d242309a1ff4 | msg=- | talker=- | create_time=0 | sheet=Página1 | row=290 | ingest_to_commit_ms=859 | manual_open_to_commit_ms=5758
[SKIP] cc87433fc777995c0674a3a14a9a7bca_.jpg | temp_file_disappeared_after_3_attempts
[SKIP] 0bf3b578907ec72e802017dd053703c0_.jpg | temp_file_disappeared_after_3_attempts
[RETRY] 08a253dbb06142a3a2452ce1acc57a0b_.jpg | attempt=2 | err=FileNotFoundError: Resolved file disappeared: C:\Users\Felipe\Documents\WeChat Files\wxid_xd3703k0ih2p22\FileStorage\Temp\08a253dbb06142a3a2452ce1acc57a0b_.jpg
[OK] 1c441e4513c4f9cc91f4fb58fbd08b30.dat | cliente=652 | banco=AMD | valor=150.0 | data=21/07/2026 20:10 | sink=staged | resolution=direct_image | verification=CONFIRMADO | manual_open_to_claim_ms=1784 | open_ms=11 | prep_ms=0 | ocr_ms=4438 | parse_ms=1 | manual_open_to_ingest_ms=6239
[SINK] committed | file_id=486db997cbafb3e832f80b04a5b1211369e2cc64 | msg=- | talker=- | create_time=0 | sheet=Página1 | row=291 | ingest_to_commit_ms=874 | manual_open_to_commit_ms=7113
[SKIP] e8ba6c9ae955c7bc467767c4fb9dc04d_.jpg | temp_file_disappeared_after_3_attempts
[RETRY] 252c536123532bfa223271cd587a1ae5_.jpg | attempt=1 | err=FileNotFoundError: Resolved file disappeared: C:\Users\Felipe\Documents\WeChat Files\wxid_xd3703k0ih2p22\FileStorage\Temp\252c536123532bfa223271cd587a1ae5_.jpg
[RETRY] 258b1416114be7a3f252bf019f65dd27_.jpg | attempt=2 | err=FileNotFoundError: Resolved file disappeared: C:\Users\Felipe\Documents\WeChat Files\wxid_xd3703k0ih2p22\FileStorage\Temp\258b1416114be7a3f252bf019f65dd27_.jpg
[RETRY] 365db56ed276acd9e4ecf33889d85770_.jpg | attempt=1 | err=FileNotFoundError: Resolved file disappeared: C:\Users\Felipe\Documents\WeChat Files\wxid_xd3703k0ih2p22\FileStorage\Temp\365db56ed276acd9e4ecf33889d85770_.jpg
[OK] 3c0bf0e61e3bb01e51b513ffc849dcaa.dat | cliente=652 | banco=AMD | valor=160.0 | data=21/07/2026 20:33 | sink=staged | resolution=direct_image | verification=CONFIRMADO | manual_open_to_claim_ms=2133 | open_ms=22 | prep_ms=1 | ocr_ms=1766 | parse_ms=1 | manual_open_to_ingest_ms=3928
[SINK] committed | file_id=23469656b1281aecff70456722dccb497ffd4207 | msg=- | talker=- | create_time=0 | sheet=Página1 | row=292 | ingest_to_commit_ms=838 | manual_open_to_commit_ms=4766
[SKIP] 58c7a96d342116de10e584cf08890de2_.jpg | temp_file_disappeared_after_3_attempts
[OK] 3af9f069f2397fa51fa771d0765b29cf.dat | cliente=652 | banco=AMD | valor=220.0 | data=21/07/2026 21:01 | sink=staged | resolution=direct_image | verification=CONFIRMADO | manual_open_to_claim_ms=1838 | open_ms=12 | prep_ms=0 | ocr_ms=2044 | parse_ms=2 | manual_open_to_ingest_ms=3900
[SINK] committed | file_id=775744d3e0e2d4b2296f649a9b94778d5de2942c | msg=- | talker=- | create_time=0 | sheet=Página1 | row=293 | ingest_to_commit_ms=1122 | manual_open_to_commit_ms=5022
[RETRY] c0ab324654db25cad9311c6d276f3ae4_.jpg | attempt=2 | err=FileNotFoundError: Resolved file disappeared: C:\Users\Felipe\Documents\WeChat Files\wxid_xd3703k0ih2p22\FileStorage\Temp\c0ab324654db25cad9311c6d276f3ae4_.jpg
[RETRY] b5c5a003d6e01e6fd7017741c7fcfab8_.jpg | attempt=2 | err=FileNotFoundError: Resolved file disappeared: C:\Users\Felipe\Documents\WeChat Files\wxid_xd3703k0ih2p22\FileStorage\Temp\b5c5a003d6e01e6fd7017741c7fcfab8_.jpg
[RETRY] c3453a568f546cc53e89e754cf110b9b_.jpg | attempt=1 | err=FileNotFoundError: Resolved file disappeared: C:\Users\Felipe\Documents\WeChat Files\wxid_xd3703k0ih2p22\FileStorage\Temp\c3453a568f546cc53e89e754cf110b9b_.jpg
[SKIP] 6d1a077081ddece19029719ac41d02cf_.jpg | temp_file_disappeared_after_3_attempts
[OK] e105f43d3960baf2874d3a81fefe2d01.dat | cliente=652 | banco=AMD | valor=190.0 | data=21/07/2026 21:45 | sink=staged | resolution=direct_image | verification=CONFIRMADO | manual_open_to_claim_ms=1972 | open_ms=6 | prep_ms=0 | ocr_ms=1922 | parse_ms=1 | manual_open_to_ingest_ms=3902
[SINK] committed | file_id=01cc73b9e5a709bc082e979dc69fc88e4ea041d8 | msg=- | talker=- | create_time=0 | sheet=Página1 | row=294 | ingest_to_commit_ms=1699 | manual_open_to_commit_ms=5600
[SKIP] 803e834ae6d461ed8db8c61837f95f8c_.jpg | temp_file_disappeared_after_3_attempts
[RETRY] e9ea25f987e436b151eff6666786cc42_.jpg | attempt=1 | err=FileNotFoundError: Resolved file disappeared: C:\Users\Felipe\Documents\WeChat Files\wxid_xd3703k0ih2p22\FileStorage\Temp\e9ea25f987e436b151eff6666786cc42_.jpg
[RETRY] 252c536123532bfa223271cd587a1ae5_.jpg | attempt=2 | err=FileNotFoundError: Resolved file disappeared: C:\Users\Felipe\Documents\WeChat Files\wxid_xd3703k0ih2p22\FileStorage\Temp\252c536123532bfa223271cd587a1ae5_.jpg
[OK] e0dabe2751550b9f4fffe3f2a16ce68c.dat | cliente=652 | banco=AMD | valor=190.0 | data=21/07/2026 22:25 | sink=staged | resolution=direct_image | verification=CONFIRMADO | manual_open_to_claim_ms=1099 | open_ms=16 | prep_ms=1 | ocr_ms=3716 | parse_ms=2 | manual_open_to_ingest_ms=4840
[SINK] committed | file_id=d35ac67674be66ba0eb429e4354a29cf68d544f7 | msg=- | talker=- | create_time=0 | sheet=Página1 | row=295 | ingest_to_commit_ms=831 | manual_open_to_commit_ms=5670
[SKIP] 959eaae05a384a564d5ba1031fc3c8aa_.jpg | temp_file_disappeared_after_3_attempts
[RETRY] 365db56ed276acd9e4ecf33889d85770_.jpg | attempt=2 | err=FileNotFoundError: Resolved file disappeared: C:\Users\Felipe\Documents\WeChat Files\wxid_xd3703k0ih2p22\FileStorage\Temp\365db56ed276acd9e4ecf33889d85770_.jpg
[RETRY] 5ff75c5ad6f07050c4f1d51de1fd3c5f_.jpg | attempt=1 | err=FileNotFoundError: Resolved file disappeared: C:\Users\Felipe\Documents\WeChat Files\wxid_xd3703k0ih2p22\FileStorage\Temp\5ff75c5ad6f07050c4f1d51de1fd3c5f_.jpg
[OK] 5f8e5d580ac0e1b8449fb62bd0d44576.dat | cliente=652 | banco=AMD | valor=160.0 | data=21/07/2026 22:16 | sink=staged | resolution=direct_image | verification=CONFIRMADO | manual_open_to_claim_ms=1391 | open_ms=4 | prep_ms=0 | ocr_ms=1701 | parse_ms=2 | manual_open_to_ingest_ms=3100
[SINK] committed | file_id=0fc78f25e40cc74ae7e1827d56b07a0c75b3ceed | msg=- | talker=- | create_time=0 | sheet=Página1 | row=296 | ingest_to_commit_ms=804 | manual_open_to_commit_ms=3904
[RETRY] 8e772f2ff285bf44d1982c11387714b5_.jpg | attempt=1 | err=FileNotFoundError: Resolved file disappeared: C:\Users\Felipe\Documents\WeChat Files\wxid_xd3703k0ih2p22\FileStorage\Temp\8e772f2ff285bf44d1982c11387714b5_.jpg
[SKIP] d8e8fd0ce963153fede8f622c90617b0_.jpg | temp_file_disappeared_after_3_attempts
[RETRY] c3453a568f546cc53e89e754cf110b9b_.jpg | attempt=2 | err=FileNotFoundError: Resolved file disappeared: C:\Users\Felipe\Documents\WeChat Files\wxid_xd3703k0ih2p22\FileStorage\Temp\c3453a568f546cc53e89e754cf110b9b_.jpg
[OK] fb84c61a8c299ba1b68e616766e43652.dat | cliente=652 | banco=AMD | valor=190.0 | data=21/07/2026 22:37 | sink=staged | resolution=direct_image | verification=CONFIRMADO | manual_open_to_claim_ms=2174 | open_ms=14 | prep_ms=1 | ocr_ms=3331 | parse_ms=1 | manual_open_to_ingest_ms=5526
[SINK] committed | file_id=d8e8bd28402320d2c1e54fa9d6a7b5e9417bdbea | msg=- | talker=- | create_time=0 | sheet=Página1 | row=297 | ingest_to_commit_ms=819 | manual_open_to_commit_ms=6345
[SKIP] 08a253dbb06142a3a2452ce1acc57a0b_.jpg | temp_file_disappeared_after_3_attempts
[RETRY] 2540486e4b1c6db6da0525e70013bd9d_.jpg | attempt=1 | err=FileNotFoundError: Resolved file disappeared: C:\Users\Felipe\Documents\WeChat Files\wxid_xd3703k0ih2p22\FileStorage\Temp\2540486e4b1c6db6da0525e70013bd9d_.jpg
[RETRY] e9ea25f987e436b151eff6666786cc42_.jpg | attempt=2 | err=FileNotFoundError: Resolved file disappeared: C:\Users\Felipe\Documents\WeChat Files\wxid_xd3703k0ih2p22\FileStorage\Temp\e9ea25f987e436b151eff6666786cc42_.jpg
[OK] 176f790019dda2ec31f9be2afafc69c3.dat | cliente=652 | banco=AMD | valor=320.0 | data=21/07/2026 22:49 | sink=staged | resolution=direct_image | verification=CONFIRMADO | manual_open_to_claim_ms=1086 | open_ms=16 | prep_ms=1 | ocr_ms=3550 | parse_ms=1 | manual_open_to_ingest_ms=4657
[SINK] committed | file_id=330414cfa073e1d0a24cbd95dd485213b315bb2d | msg=- | talker=- | create_time=0 | sheet=Página1 | row=298 | ingest_to_commit_ms=834 | manual_open_to_commit_ms=5491
[RETRY] 444b4c3caa1c2e5aa79092e733497c34_.jpg | attempt=1 | err=FileNotFoundError: Resolved file disappeared: C:\Users\Felipe\Documents\WeChat Files\wxid_xd3703k0ih2p22\FileStorage\Temp\444b4c3caa1c2e5aa79092e733497c34_.jpg
[SKIP] 258b1416114be7a3f252bf019f65dd27_.jpg | temp_file_disappeared_after_3_attempts
[RETRY] 5ff75c5ad6f07050c4f1d51de1fd3c5f_.jpg | attempt=2 | err=FileNotFoundError: Resolved file disappeared: C:\Users\Felipe\Documents\WeChat Files\wxid_xd3703k0ih2p22\FileStorage\Temp\5ff75c5ad6f07050c4f1d51de1fd3c5f_.jpg
[OK] befc0d40b6348a2866c9d2009943c7e4.dat | cliente=652 | banco=AMD | valor=540.0 | data=21/07/2026 23:17 | sink=staged | resolution=direct_image | verification=CONFIRMADO | manual_open_to_claim_ms=2058 | open_ms=12 | prep_ms=0 | ocr_ms=2690 | parse_ms=1 | manual_open_to_ingest_ms=4765
[SINK] committed | file_id=1a87aefd44543df717948b42f4c25e7e2af36f89 | msg=- | talker=- | create_time=0 | sheet=Página1 | row=299 | ingest_to_commit_ms=931 | manual_open_to_commit_ms=5696
[SCAN] reconcile complete | queued_or_refreshed=17
[RETRY] 8e772f2ff285bf44d1982c11387714b5_.jpg | attempt=2 | err=FileNotFoundError: Resolved file disappeared: C:\Users\Felipe\Documents\WeChat Files\wxid_xd3703k0ih2p22\FileStorage\Temp\8e772f2ff285bf44d1982c11387714b5_.jpg
[RETRY] 8b440ed5a58ba9071799ada2c02eca8b_.jpg | attempt=1 | err=FileNotFoundError: Resolved file disappeared: C:\Users\Felipe\Documents\WeChat Files\wxid_xd3703k0ih2p22\FileStorage\Temp\8b440ed5a58ba9071799ada2c02eca8b_.jpg
[OK] 477b76b2df904e161d6235f6cfd85f07.dat | cliente=652 | banco=AMD | valor=160.0 | data=21/07/2026 23:30 | sink=staged | resolution=direct_image | verification=CONFIRMADO | manual_open_to_claim_ms=1991 | open_ms=4 | prep_ms=0 | ocr_ms=1372 | parse_ms=1 | manual_open_to_ingest_ms=3370
[SINK] committed | file_id=4242e31988e7d43102c7183ecf667f6e84645a2a | msg=- | talker=- | create_time=0 | sheet=Página1 | row=300 | ingest_to_commit_ms=1087 | manual_open_to_commit_ms=4457
[SKIP] c0ab324654db25cad9311c6d276f3ae4_.jpg | temp_file_disappeared_after_3_attempts
[SKIP] b5c5a003d6e01e6fd7017741c7fcfab8_.jpg | temp_file_disappeared_after_3_attempts
[RETRY] f9c6434fab87dff1500eed6c754c6f9a_.jpg | attempt=1 | err=FileNotFoundError: Resolved file disappeared: C:\Users\Felipe\Documents\WeChat Files\wxid_xd3703k0ih2p22\FileStorage\Temp\f9c6434fab87dff1500eed6c754c6f9a_.jpg
[OK] 18bb32422de54e5729bd76007b8203eb.dat | cliente=652 | banco=AMD | valor=190.0 | data=21/07/2026 23:41 | sink=staged | resolution=direct_image | verification=CONFIRMADO | manual_open_to_claim_ms=1256 | open_ms=9 | prep_ms=0 | ocr_ms=4468 | parse_ms=2 | manual_open_to_ingest_ms=5741
[SINK] committed | file_id=22c0160474f1cc532e5b7ba3f6a840b6c3c28a9a | msg=- | talker=- | create_time=0 | sheet=Página1 | row=301 | ingest_to_commit_ms=856 | manual_open_to_commit_ms=6597
[RETRY] 2540486e4b1c6db6da0525e70013bd9d_.jpg | attempt=2 | err=FileNotFoundError: Resolved file disappeared: C:\Users\Felipe\Documents\WeChat Files\wxid_xd3703k0ih2p22\FileStorage\Temp\2540486e4b1c6db6da0525e70013bd9d_.jpg
[RETRY] 36c1b183f8adeb10feeff08214d6f685_.jpg | attempt=1 | err=FileNotFoundError: Resolved file disappeared: C:\Users\Felipe\Documents\WeChat Files\wxid_xd3703k0ih2p22\FileStorage\Temp\36c1b183f8adeb10feeff08214d6f685_.jpg
[SKIP] 252c536123532bfa223271cd587a1ae5_.jpg | temp_file_disappeared_after_3_attempts
[RETRY] 444b4c3caa1c2e5aa79092e733497c34_.jpg | attempt=2 | err=FileNotFoundError: Resolved file disappeared: C:\Users\Felipe\Documents\WeChat Files\wxid_xd3703k0ih2p22\FileStorage\Temp\444b4c3caa1c2e5aa79092e733497c34_.jpg
[OK] 3ac305ea5983bf2e6fd5037daddd7858.dat | cliente=652 | banco=AMD | valor=300.0 | data=22/07/2026 00:30 | sink=staged | resolution=direct_image | verification=CONFIRMADO | manual_open_to_claim_ms=1504 | open_ms=18 | prep_ms=0 | ocr_ms=2305 | parse_ms=1 | manual_open_to_ingest_ms=3832
[SINK] committed | file_id=356efc6b2a2052fdf0061d6c3f13033967f40051 | msg=- | talker=- | create_time=0 | sheet=Página1 | row=302 | ingest_to_commit_ms=837 | manual_open_to_commit_ms=4669
[SKIP] 365db56ed276acd9e4ecf33889d85770_.jpg | temp_file_disappeared_after_3_attempts
[RETRY] 5b254e9d8c0032754acf564acb3dbd36_.jpg | attempt=1 | err=FileNotFoundError: Resolved file disappeared: C:\Users\Felipe\Documents\WeChat Files\wxid_xd3703k0ih2p22\FileStorage\Temp\5b254e9d8c0032754acf564acb3dbd36_.jpg
[OK] c06d241ab96385181332ba4488b0abd2.dat | cliente=652 | banco=AMD | valor=160.0 | data=22/07/2026 00:16 | sink=staged | resolution=direct_image | verification=CONFIRMADO | manual_open_to_claim_ms=1105 | open_ms=10 | prep_ms=0 | ocr_ms=4086 | parse_ms=1 | manual_open_to_ingest_ms=5206
[SINK] committed | file_id=1f50d336569806a30fb6b820f56a0fc65fdc92a4 | msg=- | talker=- | create_time=0 | sheet=Página1 | row=303 | ingest_to_commit_ms=846 | manual_open_to_commit_ms=6052
[SKIP] c3453a568f546cc53e89e754cf110b9b_.jpg | temp_file_disappeared_after_3_attempts
[RETRY] 8b440ed5a58ba9071799ada2c02eca8b_.jpg | attempt=2 | err=FileNotFoundError: Resolved file disappeared: C:\Users\Felipe\Documents\WeChat Files\wxid_xd3703k0ih2p22\FileStorage\Temp\8b440ed5a58ba9071799ada2c02eca8b_.jpg
[RETRY] 8222f92e7c61a8b90e47ec8955b9039e_.jpg | attempt=1 | err=FileNotFoundError: Resolved file disappeared: C:\Users\Felipe\Documents\WeChat Files\wxid_xd3703k0ih2p22\FileStorage\Temp\8222f92e7c61a8b90e47ec8955b9039e_.jpg
[RETRY] f9c6434fab87dff1500eed6c754c6f9a_.jpg | attempt=2 | err=FileNotFoundError: Resolved file disappeared: C:\Users\Felipe\Documents\WeChat Files\wxid_xd3703k0ih2p22\FileStorage\Temp\f9c6434fab87dff1500eed6c754c6f9a_.jpg
[OK] dccbc8dde267ab45813ecac4087b143b.dat | cliente=652 | banco=AMD | valor=220.0 | data=22/07/2026 04:34 | sink=staged | resolution=direct_image | verification=CONFIRMADO | manual_open_to_claim_ms=2013 | open_ms=14 | prep_ms=1 | ocr_ms=3892 | parse_ms=2 | manual_open_to_ingest_ms=5925
[SINK] committed | file_id=6f04d11f5e7acf28b5f13380b5a5b9b5e12af020 | msg=- | talker=- | create_time=0 | sheet=Página1 | row=304 | ingest_to_commit_ms=827 | manual_open_to_commit_ms=6752
[SKIP] e9ea25f987e436b151eff6666786cc42_.jpg | temp_file_disappeared_after_3_attempts
[RETRY] e9ee5f204ab52dde0e280c943b25e759_.jpg | attempt=1 | err=FileNotFoundError: Resolved file disappeared: C:\Users\Felipe\Documents\WeChat Files\wxid_xd3703k0ih2p22\FileStorage\Temp\e9ee5f204ab52dde0e280c943b25e759_.jpg
[OK] 176b3d040658f97bf46e3982067899c0.dat | cliente=652 | banco=AMD | valor=600.0 | data=22/07/2026 06:00 | sink=staged | resolution=direct_image | verification=CONFIRMADO | manual_open_to_claim_ms=2048 | open_ms=12 | prep_ms=0 | ocr_ms=3777 | parse_ms=1 | manual_open_to_ingest_ms=5845
[SINK] committed | file_id=0e4fd3822b24eb7f1408ee2fab34219d0b51998b | msg=- | talker=- | create_time=0 | sheet=Página1 | row=305 | ingest_to_commit_ms=5607 | manual_open_to_commit_ms=11452
[OK] 9e8e9e8d9106f9051b778720cd2451d4.dat | cliente=652 | banco=AMD | valor=190.0 | data=22/07/2026 06:17 | sink=staged | resolution=direct_image | verification=CONFIRMADO | manual_open_to_claim_ms=2460 | open_ms=8 | prep_ms=0 | ocr_ms=3647 | parse_ms=1 | manual_open_to_ingest_ms=6118
[SINK] committed | file_id=3554fa9b7ac79808079c72680fd9f4b7737c491e | msg=- | talker=- | create_time=0 | sheet=Página1 | row=306 | ingest_to_commit_ms=1302 | manual_open_to_commit_ms=7421
[SKIP] 5ff75c5ad6f07050c4f1d51de1fd3c5f_.jpg | temp_file_disappeared_after_3_attempts
[SKIP] 8e772f2ff285bf44d1982c11387714b5_.jpg | temp_file_disappeared_after_3_attempts
[RETRY] 36c1b183f8adeb10feeff08214d6f685_.jpg | attempt=2 | err=FileNotFoundError: Resolved file disappeared: C:\Users\Felipe\Documents\WeChat Files\wxid_xd3703k0ih2p22\FileStorage\Temp\36c1b183f8adeb10feeff08214d6f685_.jpg
[RETRY] 5b254e9d8c0032754acf564acb3dbd36_.jpg | attempt=2 | err=FileNotFoundError: Resolved file disappeared: C:\Users\Felipe\Documents\WeChat Files\wxid_xd3703k0ih2p22\FileStorage\Temp\5b254e9d8c0032754acf564acb3dbd36_.jpg
[RETRY] 6472badde782ac8b34b60a94fbbd9e34_.jpg | attempt=1 | err=FileNotFoundError: Resolved file disappeared: C:\Users\Felipe\Documents\WeChat Files\wxid_xd3703k0ih2p22\FileStorage\Temp\6472badde782ac8b34b60a94fbbd9e34_.jpg
[RETRY] cfd2e4b29f475bf2781cc7e036ba7c33_.jpg | attempt=1 | err=FileNotFoundError: Resolved file disappeared: C:\Users\Felipe\Documents\WeChat Files\wxid_xd3703k0ih2p22\FileStorage\Temp\cfd2e4b29f475bf2781cc7e036ba7c33_.jpg
[OK] f21d2fb224e2846a1434fb324220eac8.dat | cliente=652 | banco=AMD | valor=190.0 | data=22/07/2026 06:56 | sink=staged | resolution=direct_image | verification=CONFIRMADO | manual_open_to_claim_ms=1399 | open_ms=3 | prep_ms=0 | ocr_ms=1084 | parse_ms=1 | manual_open_to_ingest_ms=2488
[SINK] committed | file_id=243367ef0ce106d5f3b9f059cfb59e5bd80c6487 | msg=- | talker=- | create_time=0 | sheet=Página1 | row=307 | ingest_to_commit_ms=1222 | manual_open_to_commit_ms=3710
[RETRY] 8222f92e7c61a8b90e47ec8955b9039e_.jpg | attempt=2 | err=FileNotFoundError: Resolved file disappeared: C:\Users\Felipe\Documents\WeChat Files\wxid_xd3703k0ih2p22\FileStorage\Temp\8222f92e7c61a8b90e47ec8955b9039e_.jpg
[RETRY] bcc6e782782f4f1d39ba7962447bda3d_.jpg | attempt=1 | err=FileNotFoundError: Resolved file disappeared: C:\Users\Felipe\Documents\WeChat Files\wxid_xd3703k0ih2p22\FileStorage\Temp\bcc6e782782f4f1d39ba7962447bda3d_.jpg
[OK] 52de2e435bf4c3d31acbfb6ef5551ce7.dat | cliente=652 | banco=AMD | valor=150.0 | data=22/07/2026 07:47 | sink=staged | resolution=direct_image | verification=CONFIRMADO | manual_open_to_claim_ms=1244 | open_ms=14 | prep_ms=1 | ocr_ms=2237 | parse_ms=2 | manual_open_to_ingest_ms=3502
[SINK] committed | file_id=d7454b4f21f6d3f20e1c54e8359e6fa23f6bc294 | msg=- | talker=- | create_time=0 | sheet=Página1 | row=308 | ingest_to_commit_ms=1387 | manual_open_to_commit_ms=4889
[SKIP] 2540486e4b1c6db6da0525e70013bd9d_.jpg | temp_file_disappeared_after_3_attempts
[RETRY] e9ee5f204ab52dde0e280c943b25e759_.jpg | attempt=2 | err=FileNotFoundError: Resolved file disappeared: C:\Users\Felipe\Documents\WeChat Files\wxid_xd3703k0ih2p22\FileStorage\Temp\e9ee5f204ab52dde0e280c943b25e759_.jpg
[RETRY] b86d74bfeb2e26e0045c9eaa4ad1b3e3_.jpg | attempt=1 | err=FileNotFoundError: Resolved file disappeared: C:\Users\Felipe\Documents\WeChat Files\wxid_xd3703k0ih2p22\FileStorage\Temp\b86d74bfeb2e26e0045c9eaa4ad1b3e3_.jpg
[SKIP] 444b4c3caa1c2e5aa79092e733497c34_.jpg | temp_file_disappeared_after_3_attempts
[OK] 1df9e6c443b151748c0a609eb203e04a.dat | cliente=652 | banco=AMD | valor=180.0 | data=22/07/2026 07:42 | sink=staged | resolution=direct_image | verification=CONFIRMADO | manual_open_to_claim_ms=2240 | open_ms=8 | prep_ms=1 | ocr_ms=3320 | parse_ms=1 | manual_open_to_ingest_ms=5573
[SINK] committed | file_id=bc250bd7dc38b153de37eec5539fc7b3913673a1 | msg=- | talker=- | create_time=0 | sheet=Página1 | row=309 | ingest_to_commit_ms=942 | manual_open_to_commit_ms=6515
[SCAN] reconcile complete | queued_or_refreshed=17
[OK] 3b3a3e4e3546f021e1b637e516cd29ed.dat | cliente=652 | banco=AMD | valor=360.0 | data=22/07/2026 09:49 | sink=staged | resolution=direct_image | verification=CONFIRMADO | manual_open_to_claim_ms=2327 | open_ms=10 | prep_ms=0 | ocr_ms=3282 | parse_ms=2 | manual_open_to_ingest_ms=5626
[SINK] committed | file_id=5068550f0ed9b38dad08bac71f8789ea82808d26 | msg=- | talker=- | create_time=0 | sheet=Página1 | row=310 | ingest_to_commit_ms=996 | manual_open_to_commit_ms=6622
[SKIP] 8b440ed5a58ba9071799ada2c02eca8b_.jpg | temp_file_disappeared_after_3_attempts
[SKIP] f9c6434fab87dff1500eed6c754c6f9a_.jpg | temp_file_disappeared_after_3_attempts
[RETRY] 6472badde782ac8b34b60a94fbbd9e34_.jpg | attempt=2 | err=FileNotFoundError: Resolved file disappeared: C:\Users\Felipe\Documents\WeChat Files\wxid_xd3703k0ih2p22\FileStorage\Temp\6472badde782ac8b34b60a94fbbd9e34_.jpg
[RETRY] cfd2e4b29f475bf2781cc7e036ba7c33_.jpg | attempt=2 | err=FileNotFoundError: Resolved file disappeared: C:\Users\Felipe\Documents\WeChat Files\wxid_xd3703k0ih2p22\FileStorage\Temp\cfd2e4b29f475bf2781cc7e036ba7c33_.jpg
[RETRY] bcc6e782782f4f1d39ba7962447bda3d_.jpg | attempt=2 | err=FileNotFoundError: Resolved file disappeared: C:\Users\Felipe\Documents\WeChat Files\wxid_xd3703k0ih2p22\FileStorage\Temp\bcc6e782782f4f1d39ba7962447bda3d_.jpg
[RETRY] 009f86d7cdf555b03051a748cc0d5512_.jpg | attempt=1 | err=FileNotFoundError: Resolved file disappeared: C:\Users\Felipe\Documents\WeChat Files\wxid_xd3703k0ih2p22\FileStorage\Temp\009f86d7cdf555b03051a748cc0d5512_.jpg
[RETRY] 601798bedf10f2fb15006cbaeb9adc4e_.jpg | attempt=1 | err=FileNotFoundError: Resolved file disappeared: C:\Users\Felipe\Documents\WeChat Files\wxid_xd3703k0ih2p22\FileStorage\Temp\601798bedf10f2fb15006cbaeb9adc4e_.jpg
[OK] 15b4ceced92a9fe573775b6dec92e643.dat | cliente=652 | banco=AMD | valor=190.0 | data=22/07/2026 10:03 | sink=staged | resolution=direct_image | verification=CONFIRMADO | manual_open_to_claim_ms=1542 | open_ms=5 | prep_ms=0 | ocr_ms=2444 | parse_ms=1 | manual_open_to_ingest_ms=3994
[SINK] committed | file_id=d0bb33fc04f6ba13c792c369da151bfe695d2451 | msg=- | talker=- | create_time=0 | sheet=Página1 | row=311 | ingest_to_commit_ms=823 | manual_open_to_commit_ms=4817
[RETRY] 5f920c9f7749edef0bd10e4aa28c31b7_.jpg | attempt=1 | err=FileNotFoundError: Resolved file disappeared: C:\Users\Felipe\Documents\WeChat Files\wxid_xd3703k0ih2p22\FileStorage\Temp\5f920c9f7749edef0bd10e4aa28c31b7_.jpg
[RETRY] b86d74bfeb2e26e0045c9eaa4ad1b3e3_.jpg | attempt=2 | err=FileNotFoundError: Resolved file disappeared: C:\Users\Felipe\Documents\WeChat Files\wxid_xd3703k0ih2p22\FileStorage\Temp\b86d74bfeb2e26e0045c9eaa4ad1b3e3_.jpg
[OK] 69f8b859614754aeb87ec6cbecc3146e.dat | cliente=652 | banco=AMD | valor=180.0 | data=22/07/2026 10:07 | sink=staged | resolution=direct_image | verification=CONFIRMADO | manual_open_to_claim_ms=2219 | open_ms=5 | prep_ms=0 | ocr_ms=1781 | parse_ms=1 | manual_open_to_ingest_ms=4008
[SINK] committed | file_id=a52ecc8e730c947cd4df8ce134046f299fff6bbe | msg=- | talker=- | create_time=0 | sheet=Página1 | row=312 | ingest_to_commit_ms=1353 | manual_open_to_commit_ms=5361
[RETRY] 40eb2c9205134e39f198102349fa1dc3_.jpg | attempt=1 | err=FileNotFoundError: Resolved file disappeared: C:\Users\Felipe\Documents\WeChat Files\wxid_xd3703k0ih2p22\FileStorage\Temp\40eb2c9205134e39f198102349fa1dc3_.jpg
[OK] 5e5dcb0678e6651f46e5f7398ba8a0e7.dat | cliente=652 | banco=AMD | valor=60.0 | data=22/07/2026 10:13 | sink=staged | resolution=direct_image | verification=CONFIRMADO | manual_open_to_claim_ms=1350 | open_ms=4 | prep_ms=0 | ocr_ms=3772 | parse_ms=2 | manual_open_to_ingest_ms=5131
[SINK] committed | file_id=4afa480cf8228d2bef0fa31e722464ce70cbb206 | msg=- | talker=- | create_time=0 | sheet=Página1 | row=313 | ingest_to_commit_ms=1803 | manual_open_to_commit_ms=6934
[SKIP] 36c1b183f8adeb10feeff08214d6f685_.jpg | temp_file_disappeared_after_3_attempts
[SKIP] 5b254e9d8c0032754acf564acb3dbd36_.jpg | temp_file_disappeared_after_3_attempts
[RETRY] 53cfb26b08c9e081ccc5846800833a29_.jpg | attempt=1 | err=FileNotFoundError: Resolved file disappeared: C:\Users\Felipe\Documents\WeChat Files\wxid_xd3703k0ih2p22\FileStorage\Temp\53cfb26b08c9e081ccc5846800833a29_.jpg
[SKIP] 8222f92e7c61a8b90e47ec8955b9039e_.jpg | temp_file_disappeared_after_3_attempts
[OK] 3821f2ff8a4d6b07f88eabea006bcaeb.dat | cliente=652 | banco=AMD | valor=190.0 | data=22/07/2026 10:18 | sink=staged | resolution=direct_image | verification=CONFIRMADO | manual_open_to_claim_ms=2222 | open_ms=18 | prep_ms=1 | ocr_ms=4163 | parse_ms=1 | manual_open_to_ingest_ms=6411
[SINK] committed | file_id=518f2415f8f53c86f4519ba4639822bb885a102c | msg=- | talker=- | create_time=0 | sheet=Página1 | row=314 | ingest_to_commit_ms=1723 | manual_open_to_commit_ms=8133
[RETRY] 009f86d7cdf555b03051a748cc0d5512_.jpg | attempt=2 | err=FileNotFoundError: Resolved file disappeared: C:\Users\Felipe\Documents\WeChat Files\wxid_xd3703k0ih2p22\FileStorage\Temp\009f86d7cdf555b03051a748cc0d5512_.jpg
[RETRY] 601798bedf10f2fb15006cbaeb9adc4e_.jpg | attempt=2 | err=FileNotFoundError: Resolved file disappeared: C:\Users\Felipe\Documents\WeChat Files\wxid_xd3703k0ih2p22\FileStorage\Temp\601798bedf10f2fb15006cbaeb9adc4e_.jpg
[RETRY] 5f920c9f7749edef0bd10e4aa28c31b7_.jpg | attempt=2 | err=FileNotFoundError: Resolved file disappeared: C:\Users\Felipe\Documents\WeChat Files\wxid_xd3703k0ih2p22\FileStorage\Temp\5f920c9f7749edef0bd10e4aa28c31b7_.jpg
[RETRY] 3686a4a2d269d41ffeb8363eaa2bb5a3_.jpg | attempt=1 | err=FileNotFoundError: Resolved file disappeared: C:\Users\Felipe\Documents\WeChat Files\wxid_xd3703k0ih2p22\FileStorage\Temp\3686a4a2d269d41ffeb8363eaa2bb5a3_.jpg
[OK] 18931f1e20c4d7b68d27cdd7268b999a.dat | cliente=652 | banco=AMD | valor=190.0 | data=22/07/2026 10:27 | sink=staged | resolution=direct_image | verification=CONFIRMADO | manual_open_to_claim_ms=1752 | open_ms=5 | prep_ms=0 | ocr_ms=2429 | parse_ms=1 | manual_open_to_ingest_ms=4190
[SINK] committed | file_id=51bf83715b85d1a2c86222f6fc4627aa4a4b71b7 | msg=- | talker=- | create_time=0 | sheet=Página1 | row=315 | ingest_to_commit_ms=882 | manual_open_to_commit_ms=5072
[SKIP] e9ee5f204ab52dde0e280c943b25e759_.jpg | temp_file_disappeared_after_3_attempts
[RETRY] 259679d53f45251c772d765d4deea31d_.jpg | attempt=1 | err=FileNotFoundError: Resolved file disappeared: C:\Users\Felipe\Documents\WeChat Files\wxid_xd3703k0ih2p22\FileStorage\Temp\259679d53f45251c772d765d4deea31d_.jpg
[RETRY] 40eb2c9205134e39f198102349fa1dc3_.jpg | attempt=2 | err=FileNotFoundError: Resolved file disappeared: C:\Users\Felipe\Documents\WeChat Files\wxid_xd3703k0ih2p22\FileStorage\Temp\40eb2c9205134e39f198102349fa1dc3_.jpg
[OK] 4659625867e1e9fee08e399e2f44a3ca.dat | cliente=652 | banco=AMD | valor=190.0 | data=22/07/2026 10:33 | sink=staged | resolution=direct_image | verification=CONFIRMADO | manual_open_to_claim_ms=1711 | open_ms=14 | prep_ms=1 | ocr_ms=4381 | parse_ms=1 | manual_open_to_ingest_ms=6114
[SINK] committed | file_id=977ad359cc461f415d56cd6cf5fd9dcb08dadddd | msg=- | talker=- | create_time=0 | sheet=Página1 | row=316 | ingest_to_commit_ms=907 | manual_open_to_commit_ms=7021
[RETRY] 95b141d9f5118002a9bf8aad6b894396_.jpg | attempt=1 | err=FileNotFoundError: Resolved file disappeared: C:\Users\Felipe\Documents\WeChat Files\wxid_xd3703k0ih2p22\FileStorage\Temp\95b141d9f5118002a9bf8aad6b894396_.jpg
[OK] ad8a4eaef25ae484fec8efaa75b69ec9.dat | cliente=652 | banco=AMD | valor=160.0 | data=22/07/2026 10:44 | sink=staged | resolution=direct_image | verification=CONFIRMADO | manual_open_to_claim_ms=1364 | open_ms=4 | prep_ms=0 | ocr_ms=1615 | parse_ms=1 | manual_open_to_ingest_ms=2987
[SINK] committed | file_id=cda75dfcd0a900fb571ab5468dc1844a1fabab9d | msg=- | talker=- | create_time=0 | sheet=Página1 | row=317 | ingest_to_commit_ms=925 | manual_open_to_commit_ms=3912
[RETRY] 53cfb26b08c9e081ccc5846800833a29_.jpg | attempt=2 | err=FileNotFoundError: Resolved file disappeared: C:\Users\Felipe\Documents\WeChat Files\wxid_xd3703k0ih2p22\FileStorage\Temp\53cfb26b08c9e081ccc5846800833a29_.jpg
[RETRY] e30b55313ed97005d6c28a53c5635ae0_.jpg | attempt=1 | err=FileNotFoundError: Resolved file disappeared: C:\Users\Felipe\Documents\WeChat Files\wxid_xd3703k0ih2p22\FileStorage\Temp\e30b55313ed97005d6c28a53c5635ae0_.jpg
[SKIP] 6472badde782ac8b34b60a94fbbd9e34_.jpg | temp_file_disappeared_after_3_attempts
[SKIP] cfd2e4b29f475bf2781cc7e036ba7c33_.jpg | temp_file_disappeared_after_3_attempts
[SKIP] bcc6e782782f4f1d39ba7962447bda3d_.jpg | temp_file_disappeared_after_3_attempts
[RETRY] 3686a4a2d269d41ffeb8363eaa2bb5a3_.jpg | attempt=2 | err=FileNotFoundError: Resolved file disappeared: C:\Users\Felipe\Documents\WeChat Files\wxid_xd3703k0ih2p22\FileStorage\Temp\3686a4a2d269d41ffeb8363eaa2bb5a3_.jpg
[RETRY] e1c8d5536463e5ed47a617a40f60b1d8_.jpg | attempt=1 | err=FileNotFoundError: Resolved file disappeared: C:\Users\Felipe\Documents\WeChat Files\wxid_xd3703k0ih2p22\FileStorage\Temp\e1c8d5536463e5ed47a617a40f60b1d8_.jpg
[OK] 4fc7a0485a104c90f2f2626d4cf82d6c.dat | cliente=652 | banco=AMD | valor=160.0 | data=22/07/2026 10:56 | sink=staged | resolution=direct_image | verification=CONFIRMADO | manual_open_to_claim_ms=2138 | open_ms=11 | prep_ms=0 | ocr_ms=2392 | parse_ms=2 | manual_open_to_ingest_ms=4547
[SINK] committed | file_id=01c43c86ad77e149bd3782dfd10b518b389f3990 | msg=- | talker=- | create_time=0 | sheet=Página1 | row=318 | ingest_to_commit_ms=940 | manual_open_to_commit_ms=5487
[SKIP] b86d74bfeb2e26e0045c9eaa4ad1b3e3_.jpg | temp_file_disappeared_after_3_attempts
[RETRY] 259679d53f45251c772d765d4deea31d_.jpg | attempt=2 | err=FileNotFoundError: Resolved file disappeared: C:\Users\Felipe\Documents\WeChat Files\wxid_xd3703k0ih2p22\FileStorage\Temp\259679d53f45251c772d765d4deea31d_.jpg
[OK] 990665726803bb486a90bd2ada8b64ff.dat | cliente=652 | banco=AMD | valor=380.0 | data=22/07/2026 11:22 | sink=staged | resolution=direct_image | verification=CONFIRMADO | manual_open_to_claim_ms=2114 | open_ms=9 | prep_ms=1 | ocr_ms=1837 | parse_ms=1 | manual_open_to_ingest_ms=3966
[SINK] committed | file_id=6c36b11155c137fc75d1946fbc89fcf65206c4c3 | msg=- | talker=- | create_time=0 | sheet=Página1 | row=319 | ingest_to_commit_ms=1193 | manual_open_to_commit_ms=5159
[RETRY] 87625e1b7cf5b7805638e3468cdad766_.jpg | attempt=1 | err=FileNotFoundError: Resolved file disappeared: C:\Users\Felipe\Documents\WeChat Files\wxid_xd3703k0ih2p22\FileStorage\Temp\87625e1b7cf5b7805638e3468cdad766_.jpg
[SCAN] reconcile complete | queued_or_refreshed=17
[OK] 86201f0de9d6508afad08d2baecea4f2.dat | cliente=652 | banco=AMD | valor=160.0 | data=22/07/2026 11:22 | sink=staged | resolution=direct_image | verification=CONFIRMADO | manual_open_to_claim_ms=4394 | open_ms=4 | prep_ms=0 | ocr_ms=1999 | parse_ms=1 | manual_open_to_ingest_ms=6401
[SINK] committed | file_id=19fef12743c54a6991b81d47daf0df9f79aab803 | msg=- | talker=- | create_time=0 | sheet=Página1 | row=320 | ingest_to_commit_ms=1591 | manual_open_to_commit_ms=7992
[RETRY] 95b141d9f5118002a9bf8aad6b894396_.jpg | attempt=2 | err=FileNotFoundError: Resolved file disappeared: C:\Users\Felipe\Documents\WeChat Files\wxid_xd3703k0ih2p22\FileStorage\Temp\95b141d9f5118002a9bf8aad6b894396_.jpg
[RETRY] e30b55313ed97005d6c28a53c5635ae0_.jpg | attempt=2 | err=FileNotFoundError: Resolved file disappeared: C:\Users\Felipe\Documents\WeChat Files\wxid_xd3703k0ih2p22\FileStorage\Temp\e30b55313ed97005d6c28a53c5635ae0_.jpg
[RETRY] 26b2bb02b0d390516ba6c116e1d8a204_.jpg | attempt=1 | err=FileNotFoundError: Resolved file disappeared: C:\Users\Felipe\Documents\WeChat Files\wxid_xd3703k0ih2p22\FileStorage\Temp\26b2bb02b0d390516ba6c116e1d8a204_.jpg
[OK] 265ec2e484a47b9708629ce6cdf759ea.dat | cliente=652 | banco=AMD | valor=160.0 | data=22/07/2026 10:56 | sink=staged | resolution=direct_image | verification=CONFIRMADO | manual_open_to_claim_ms=1577 | open_ms=10 | prep_ms=0 | ocr_ms=2495 | parse_ms=2 | manual_open_to_ingest_ms=4089
[SINK] committed | file_id=d0c89ca9e5985b629eb58123c5d977da38d92c27 | msg=- | talker=- | create_time=0 | sheet=Página1 | row=321 | ingest_to_commit_ms=930 | manual_open_to_commit_ms=5019
[SKIP] 009f86d7cdf555b03051a748cc0d5512_.jpg | temp_file_disappeared_after_3_attempts
[SKIP] 601798bedf10f2fb15006cbaeb9adc4e_.jpg | temp_file_disappeared_after_3_attempts
[SKIP] 5f920c9f7749edef0bd10e4aa28c31b7_.jpg | temp_file_disappeared_after_3_attempts
[RETRY] 232bea4ba7ba6cc7554864c8ec20a24b_.jpg | attempt=1 | err=FileNotFoundError: Resolved file disappeared: C:\Users\Felipe\Documents\WeChat Files\wxid_xd3703k0ih2p22\FileStorage\Temp\232bea4ba7ba6cc7554864c8ec20a24b_.jpg
[RETRY] e1c8d5536463e5ed47a617a40f60b1d8_.jpg | attempt=2 | err=FileNotFoundError: Resolved file disappeared: C:\Users\Felipe\Documents\WeChat Files\wxid_xd3703k0ih2p22\FileStorage\Temp\e1c8d5536463e5ed47a617a40f60b1d8_.jpg
[OK] b029c52d8589fe120065f3885ce82574.dat | cliente=652 | banco=CLEEND | valor=100.0 | data=21/07/2026 11:36 | sink=staged | resolution=direct_image | verification=CONFIRMADO | manual_open_to_claim_ms=1745 | open_ms=3 | prep_ms=0 | ocr_ms=2371 | parse_ms=1 | manual_open_to_ingest_ms=4122
[SINK] committed | file_id=12e5081e1d4b29f899064cbed355a69512d2d374 | msg=- | talker=- | create_time=0 | sheet=Página1 | row=322 | ingest_to_commit_ms=1052 | manual_open_to_commit_ms=5174
[RETRY] f881c9c0f3cdbb89223d19702339ca48_.jpg | attempt=1 | err=FileNotFoundError: Resolved file disappeared: C:\Users\Felipe\Documents\WeChat Files\wxid_xd3703k0ih2p22\FileStorage\Temp\f881c9c0f3cdbb89223d19702339ca48_.jpg
[SKIP] 40eb2c9205134e39f198102349fa1dc3_.jpg | temp_file_disappeared_after_3_attempts
[RETRY] 87625e1b7cf5b7805638e3468cdad766_.jpg | attempt=2 | err=FileNotFoundError: Resolved file disappeared: C:\Users\Felipe\Documents\WeChat Files\wxid_xd3703k0ih2p22\FileStorage\Temp\87625e1b7cf5b7805638e3468cdad766_.jpg
[OK] 8baf71f837bd68b0320fac17b7f27a50.dat | cliente=652 | banco=CLEEND | valor=270.0 | data=21/07/2026 10:05 | sink=staged | resolution=direct_image | verification=CONFIRMADO | manual_open_to_claim_ms=1848 | open_ms=15 | prep_ms=1 | ocr_ms=2191 | parse_ms=1 | manual_open_to_ingest_ms=4060
[SINK] committed | file_id=b4693eb7d4e669e61f9685cbcc87e792e76fb37f | msg=- | talker=- | create_time=0 | sheet=Página1 | row=323 | ingest_to_commit_ms=835 | manual_open_to_commit_ms=4895
[RETRY] d5de591769be302986306da7b4999425_.jpg | attempt=1 | err=FileNotFoundError: Resolved file disappeared: C:\Users\Felipe\Documents\WeChat Files\wxid_xd3703k0ih2p22\FileStorage\Temp\d5de591769be302986306da7b4999425_.jpg
[OK] 4521dc86ef73df733b0c822a2a78b7ae.dat | cliente=652 | banco=CLEEND | valor=170.0 | data=21/07/2026 13:50 | sink=staged | resolution=direct_image | verification=CONFIRMADO | manual_open_to_claim_ms=1655 | open_ms=4 | prep_ms=0 | ocr_ms=1259 | parse_ms=1 | manual_open_to_ingest_ms=2920
[SINK] committed | file_id=aa6c0aa7d87f8f988719794872071d40d2ca6acf | msg=- | talker=- | create_time=0 | sheet=Página1 | row=324 | ingest_to_commit_ms=866 | manual_open_to_commit_ms=3786
[SKIP] 53cfb26b08c9e081ccc5846800833a29_.jpg | temp_file_disappeared_after_3_attempts
[RETRY] 26b2bb02b0d390516ba6c116e1d8a204_.jpg | attempt=2 | err=FileNotFoundError: Resolved file disappeared: C:\Users\Felipe\Documents\WeChat Files\wxid_xd3703k0ih2p22\FileStorage\Temp\26b2bb02b0d390516ba6c116e1d8a204_.jpg
[RETRY] d99647c858362432195a20f254d5705a_.jpg | attempt=1 | err=FileNotFoundError: Resolved file disappeared: C:\Users\Felipe\Documents\WeChat Files\wxid_xd3703k0ih2p22\FileStorage\Temp\d99647c858362432195a20f254d5705a_.jpg
[SKIP] 3686a4a2d269d41ffeb8363eaa2bb5a3_.jpg | temp_file_disappeared_after_3_attempts
[RETRY] 232bea4ba7ba6cc7554864c8ec20a24b_.jpg | attempt=2 | err=FileNotFoundError: Resolved file disappeared: C:\Users\Felipe\Documents\WeChat Files\wxid_xd3703k0ih2p22\FileStorage\Temp\232bea4ba7ba6cc7554864c8ec20a24b_.jpg
[OK] 2880c16d4c3fad6923e33806032517ea.dat | cliente=652 | banco=CLEEND | valor=250.0 | data=21/07/2026 13:55 | sink=staged | resolution=direct_image | verification=CONFIRMADO | manual_open_to_claim_ms=1336 | open_ms=4 | prep_ms=46 | ocr_ms=2833 | parse_ms=1 | manual_open_to_ingest_ms=4222
[SINK] committed | file_id=566fe11dddd9149b67696364030aff9a5317c321 | msg=- | talker=- | create_time=0 | sheet=Página1 | row=325 | ingest_to_commit_ms=845 | manual_open_to_commit_ms=5067
[RETRY] 547a5c65471598102d9d2e2b608d0e44_.jpg | attempt=1 | err=FileNotFoundError: Resolved file disappeared: C:\Users\Felipe\Documents\WeChat Files\wxid_xd3703k0ih2p22\FileStorage\Temp\547a5c65471598102d9d2e2b608d0e44_.jpg
[SKIP] 259679d53f45251c772d765d4deea31d_.jpg | temp_file_disappeared_after_3_attempts
[RETRY] f881c9c0f3cdbb89223d19702339ca48_.jpg | attempt=2 | err=FileNotFoundError: Resolved file disappeared: C:\Users\Felipe\Documents\WeChat Files\wxid_xd3703k0ih2p22\FileStorage\Temp\f881c9c0f3cdbb89223d19702339ca48_.jpg
[OK] 21b7539432e5eb5435a3555143a93583.dat | cliente=652 | banco=CLEEND | valor=230.0 | data=21/07/2026 14:15 | sink=staged | resolution=direct_image | verification=CONFIRMADO | manual_open_to_claim_ms=1249 | open_ms=3 | prep_ms=0 | ocr_ms=1611 | parse_ms=1 | manual_open_to_ingest_ms=2866
[SINK] committed | file_id=6bf0e2e31faf9bdf4ecd26d320d18524eb8ca5d9 | msg=- | talker=- | create_time=0 | sheet=Página1 | row=326 | ingest_to_commit_ms=858 | manual_open_to_commit_ms=3724
[RETRY] 6c19979a516069bc46fd974564dd2139_.jpg | attempt=1 | err=FileNotFoundError: Resolved file disappeared: C:\Users\Felipe\Documents\WeChat Files\wxid_xd3703k0ih2p22\FileStorage\Temp\6c19979a516069bc46fd974564dd2139_.jpg
[RETRY] d5de591769be302986306da7b4999425_.jpg | attempt=2 | err=FileNotFoundError: Resolved file disappeared: C:\Users\Felipe\Documents\WeChat Files\wxid_xd3703k0ih2p22\FileStorage\Temp\d5de591769be302986306da7b4999425_.jpg
[OK] c3aa715f3b1119c6c82401943088ce41.dat | cliente=652 | banco=CLEEND | valor=340.0 | data=21/07/2026 14:28 | sink=staged | resolution=direct_image | verification=CONFIRMADO | manual_open_to_claim_ms=1093 | open_ms=3 | prep_ms=0 | ocr_ms=1643 | parse_ms=1 | manual_open_to_ingest_ms=2742
[SINK] committed | file_id=79a79cb013e7fca78598cd3b96f9cd61f69d8b93 | msg=- | talker=- | create_time=0 | sheet=Página1 | row=327 | ingest_to_commit_ms=1097 | manual_open_to_commit_ms=3838
[RETRY] 921e963a0ad741e3d160a76dcfd01c28_.jpg | attempt=1 | err=FileNotFoundError: Resolved file disappeared: C:\Users\Felipe\Documents\WeChat Files\wxid_xd3703k0ih2p22\FileStorage\Temp\921e963a0ad741e3d160a76dcfd01c28_.jpg
[SKIP] 95b141d9f5118002a9bf8aad6b894396_.jpg | temp_file_disappeared_after_3_attempts
[SKIP] e30b55313ed97005d6c28a53c5635ae0_.jpg | temp_file_disappeared_after_3_attempts
[RETRY] d99647c858362432195a20f254d5705a_.jpg | attempt=2 | err=FileNotFoundError: Resolved file disappeared: C:\Users\Felipe\Documents\WeChat Files\wxid_xd3703k0ih2p22\FileStorage\Temp\d99647c858362432195a20f254d5705a_.jpg
[OK] 94475767d34a8ce3f002deb15b031107.dat | cliente=652 | banco=CLEEND | valor=230.0 | data=21/07/2026 15:19 | sink=staged | resolution=direct_image | verification=CONFIRMADO | manual_open_to_claim_ms=1280 | open_ms=5 | prep_ms=0 | ocr_ms=1800 | parse_ms=1 | manual_open_to_ingest_ms=3088
[SINK] committed | file_id=ed239e529fb1308e5f9680fb266967b68372ee2f | msg=- | talker=- | create_time=0 | sheet=Página1 | row=328 | ingest_to_commit_ms=856 | manual_open_to_commit_ms=3944
[SKIP] e1c8d5536463e5ed47a617a40f60b1d8_.jpg | temp_file_disappeared_after_3_attempts
[RETRY] 794f1c48b90eee2d27e9ce9ced8ac874_.jpg | attempt=1 | err=FileNotFoundError: Resolved file disappeared: C:\Users\Felipe\Documents\WeChat Files\wxid_xd3703k0ih2p22\FileStorage\Temp\794f1c48b90eee2d27e9ce9ced8ac874_.jpg
[RETRY] 547a5c65471598102d9d2e2b608d0e44_.jpg | attempt=2 | err=FileNotFoundError: Resolved file disappeared: C:\Users\Felipe\Documents\WeChat Files\wxid_xd3703k0ih2p22\FileStorage\Temp\547a5c65471598102d9d2e2b608d0e44_.jpg
[OK] f8e7bac62cd98b3f9e088921873e6261.dat | cliente=652 | banco=CLEEND | valor=190.0 | data=21/07/2026 15:30 | sink=staged | resolution=direct_image | verification=CONFIRMADO | manual_open_to_claim_ms=1496 | open_ms=6 | prep_ms=0 | ocr_ms=1614 | parse_ms=1 | manual_open_to_ingest_ms=3120
[SINK] committed | file_id=6a27136ea0319145fcaefc82c51eba8c80287419 | msg=- | talker=- | create_time=0 | sheet=Página1 | row=329 | ingest_to_commit_ms=852 | manual_open_to_commit_ms=3972
[RETRY] a1f8be3ac7c5c3cc131a1a1b972b30ca_.jpg | attempt=1 | err=FileNotFoundError: Resolved file disappeared: C:\Users\Felipe\Documents\WeChat Files\wxid_xd3703k0ih2p22\FileStorage\Temp\a1f8be3ac7c5c3cc131a1a1b972b30ca_.jpg
[SKIP] 87625e1b7cf5b7805638e3468cdad766_.jpg | temp_file_disappeared_after_3_attempts
[SCAN] reconcile complete | queued_or_refreshed=17
[OK] 6ea9f13187d199be935a9a767157b8f1.dat | cliente=652 | banco=CLEEND | valor=480.0 | data=21/07/2026 15:42 | sink=staged | resolution=direct_image | verification=CONFIRMADO | manual_open_to_claim_ms=3743 | open_ms=4 | prep_ms=0 | ocr_ms=1320 | parse_ms=1 | manual_open_to_ingest_ms=5071
[SINK] committed | file_id=cd93f3235e4e7033f399f22eefe92753efe335d6 | msg=- | talker=- | create_time=0 | sheet=Página1 | row=330 | ingest_to_commit_ms=1176 | manual_open_to_commit_ms=6248
[RETRY] 6c19979a516069bc46fd974564dd2139_.jpg | attempt=2 | err=FileNotFoundError: Resolved file disappeared: C:\Users\Felipe\Documents\WeChat Files\wxid_xd3703k0ih2p22\FileStorage\Temp\6c19979a516069bc46fd974564dd2139_.jpg
[RETRY] c8581544427eba5fa4773a3034543051_.jpg | attempt=1 | err=FileNotFoundError: Resolved file disappeared: C:\Users\Felipe\Documents\WeChat Files\wxid_xd3703k0ih2p22\FileStorage\Temp\c8581544427eba5fa4773a3034543051_.jpg
[RETRY] 921e963a0ad741e3d160a76dcfd01c28_.jpg | attempt=2 | err=FileNotFoundError: Resolved file disappeared: C:\Users\Felipe\Documents\WeChat Files\wxid_xd3703k0ih2p22\FileStorage\Temp\921e963a0ad741e3d160a76dcfd01c28_.jpg
[OK] d6c149f3f955890edd0d91bc47f528fe.dat | cliente=652 | banco=CLEEND | valor=370.0 | data=21/07/2026 16:58 | sink=staged | resolution=direct_image | verification=CONFIRMADO | manual_open_to_claim_ms=1545 | open_ms=2 | prep_ms=0 | ocr_ms=1293 | parse_ms=1 | manual_open_to_ingest_ms=2843
[SINK] committed | file_id=cd77c708c64edee36ff7562e7e0500b7d3c286b5 | msg=- | talker=- | create_time=0 | sheet=Página1 | row=331 | ingest_to_commit_ms=1204 | manual_open_to_commit_ms=4047
[SKIP] 26b2bb02b0d390516ba6c116e1d8a204_.jpg | temp_file_disappeared_after_3_attempts
[RETRY] f94dd6c7ffd8a616a80f6da467fd4326_.jpg | attempt=1 | err=FileNotFoundError: Resolved file disappeared: C:\Users\Felipe\Documents\WeChat Files\wxid_xd3703k0ih2p22\FileStorage\Temp\f94dd6c7ffd8a616a80f6da467fd4326_.jpg
[SKIP] 232bea4ba7ba6cc7554864c8ec20a24b_.jpg | temp_file_disappeared_after_3_attempts
[RETRY] 794f1c48b90eee2d27e9ce9ced8ac874_.jpg | attempt=2 | err=FileNotFoundError: Resolved file disappeared: C:\Users\Felipe\Documents\WeChat Files\wxid_xd3703k0ih2p22\FileStorage\Temp\794f1c48b90eee2d27e9ce9ced8ac874_.jpg
[OK] 62abcc2f7f38912f3ddf922370d09816.dat | cliente=652 | banco=CLEEND | valor=140.0 | data=21/07/2026 16:15 | sink=staged | resolution=direct_image | verification=CONFIRMADO | manual_open_to_claim_ms=1816 | open_ms=6 | prep_ms=0 | ocr_ms=2124 | parse_ms=1 | manual_open_to_ingest_ms=3950
[SINK] committed | file_id=fb750ebc5acaf5625ef06eff24e5831c28236031 | msg=- | talker=- | create_time=0 | sheet=Página1 | row=332 | ingest_to_commit_ms=874 | manual_open_to_commit_ms=4824
[RETRY] 238f783e4231e7ebc25ae32039544f32_.jpg | attempt=1 | err=FileNotFoundError: Resolved file disappeared: C:\Users\Felipe\Documents\WeChat Files\wxid_xd3703k0ih2p22\FileStorage\Temp\238f783e4231e7ebc25ae32039544f32_.jpg
[SKIP] f881c9c0f3cdbb89223d19702339ca48_.jpg | temp_file_disappeared_after_3_attempts
[RETRY] a1f8be3ac7c5c3cc131a1a1b972b30ca_.jpg | attempt=2 | err=FileNotFoundError: Resolved file disappeared: C:\Users\Felipe\Documents\WeChat Files\wxid_xd3703k0ih2p22\FileStorage\Temp\a1f8be3ac7c5c3cc131a1a1b972b30ca_.jpg
[OK] 87c28d139f89fffc2502d92fdab334ed.dat | cliente=652 | banco=CLEEND | valor=550.0 | data=21/07/2026 17:11 | sink=staged | resolution=direct_image | verification=CONFIRMADO | manual_open_to_claim_ms=1162 | open_ms=4 | prep_ms=0 | ocr_ms=2266 | parse_ms=1 | manual_open_to_ingest_ms=3434
[SINK] committed | file_id=6bc583c5c83f265c0eb4b897d6617918323f4fbd | msg=- | talker=- | create_time=0 | sheet=Página1 | row=333 | ingest_to_commit_ms=834 | manual_open_to_commit_ms=4268
[RETRY] 9fd60dd3b0a24bd2b60a2baacc89e689_.jpg | attempt=1 | err=FileNotFoundError: Resolved file disappeared: C:\Users\Felipe\Documents\WeChat Files\wxid_xd3703k0ih2p22\FileStorage\Temp\9fd60dd3b0a24bd2b60a2baacc89e689_.jpg
[SKIP] d5de591769be302986306da7b4999425_.jpg | temp_file_disappeared_after_3_attempts
[RETRY] c8581544427eba5fa4773a3034543051_.jpg | attempt=2 | err=FileNotFoundError: Resolved file disappeared: C:\Users\Felipe\Documents\WeChat Files\wxid_xd3703k0ih2p22\FileStorage\Temp\c8581544427eba5fa4773a3034543051_.jpg
[OK] 588b6962ecc65a585c8e122a34c65a53.dat | cliente=652 | banco=CLEEND | valor=320.0 | data=21/07/2026 17:58 | sink=staged | resolution=direct_image | verification=CONFIRMADO | manual_open_to_claim_ms=1045 | open_ms=3 | prep_ms=0 | ocr_ms=1731 | parse_ms=1 | manual_open_to_ingest_ms=2784
[SINK] committed | file_id=650118c168622d2f47ffc5445de3450975b2100b | msg=- | talker=- | create_time=0 | sheet=Página1 | row=334 | ingest_to_commit_ms=1080 | manual_open_to_commit_ms=3864
[RETRY] 16454d241c0966ca6bb003abded076bd_.jpg | attempt=1 | err=FileNotFoundError: Resolved file disappeared: C:\Users\Felipe\Documents\WeChat Files\wxid_xd3703k0ih2p22\FileStorage\Temp\16454d241c0966ca6bb003abded076bd_.jpg
[SKIP] d99647c858362432195a20f254d5705a_.jpg | temp_file_disappeared_after_3_attempts
[RETRY] f94dd6c7ffd8a616a80f6da467fd4326_.jpg | attempt=2 | err=FileNotFoundError: Resolved file disappeared: C:\Users\Felipe\Documents\WeChat Files\wxid_xd3703k0ih2p22\FileStorage\Temp\f94dd6c7ffd8a616a80f6da467fd4326_.jpg
[OK] 454aa78a3166a350211388cf693c6fc1.dat | cliente=652 | banco=CLEEND | valor=210.0 | data=21/07/2026 11:57 | sink=staged | resolution=direct_image | verification=CONFIRMADO | manual_open_to_claim_ms=1238 | open_ms=4 | prep_ms=0 | ocr_ms=1225 | parse_ms=1 | manual_open_to_ingest_ms=2471
[SINK] committed | file_id=8432d4097605dcd1980cd98e0b64d603cc77098c | msg=- | talker=- | create_time=0 | sheet=Página1 | row=335 | ingest_to_commit_ms=920 | manual_open_to_commit_ms=3390
[RETRY] 4c7f4eb2f4e01f801f2761c55d61a102_.jpg | attempt=1 | err=FileNotFoundError: Resolved file disappeared: C:\Users\Felipe\Documents\WeChat Files\wxid_xd3703k0ih2p22\FileStorage\Temp\4c7f4eb2f4e01f801f2761c55d61a102_.jpg
[SKIP] 547a5c65471598102d9d2e2b608d0e44_.jpg | temp_file_disappeared_after_3_attempts
[RETRY] 238f783e4231e7ebc25ae32039544f32_.jpg | attempt=2 | err=FileNotFoundError: Resolved file disappeared: C:\Users\Felipe\Documents\WeChat Files\wxid_xd3703k0ih2p22\FileStorage\Temp\238f783e4231e7ebc25ae32039544f32_.jpg
[OK] d84ea03597128027f7b43446744f4893.dat | cliente=652 | banco=CLEEND | valor=230.0 | data=21/07/2026 19:13 | sink=staged | resolution=direct_image | verification=CONFIRMADO | manual_open_to_claim_ms=1631 | open_ms=8 | prep_ms=0 | ocr_ms=1500 | parse_ms=1 | manual_open_to_ingest_ms=3143
[SINK] committed | file_id=f11737adeeaf4cdc4375f3d13a10163169eac062 | msg=- | talker=- | create_time=0 | sheet=Página1 | row=336 | ingest_to_commit_ms=1213 | manual_open_to_commit_ms=4356
[RETRY] b43c9810faf731112809d27ab830e32e_.jpg | attempt=1 | err=FileNotFoundError: Resolved file disappeared: C:\Users\Felipe\Documents\WeChat Files\wxid_xd3703k0ih2p22\FileStorage\Temp\b43c9810faf731112809d27ab830e32e_.jpg
[RETRY] 9fd60dd3b0a24bd2b60a2baacc89e689_.jpg | attempt=2 | err=FileNotFoundError: Resolved file disappeared: C:\Users\Felipe\Documents\WeChat Files\wxid_xd3703k0ih2p22\FileStorage\Temp\9fd60dd3b0a24bd2b60a2baacc89e689_.jpg
[OK] a8a753040d4d70da5cf11267d1b8ac5b.dat | cliente=652 | banco=CLEEND | valor=230.0 | data=21/07/2026 19:46 | sink=staged | resolution=direct_image | verification=CONFIRMADO | manual_open_to_claim_ms=1892 | open_ms=3 | prep_ms=0 | ocr_ms=2510 | parse_ms=1 | manual_open_to_ingest_ms=4407
[SINK] committed | file_id=636608c259426f2ffb5e6ba24918a1bcebf9a326 | msg=- | talker=- | create_time=0 | sheet=Página1 | row=337 | ingest_to_commit_ms=1262 | manual_open_to_commit_ms=5668
[SKIP] 6c19979a516069bc46fd974564dd2139_.jpg | temp_file_disappeared_after_3_attempts
[SKIP] 921e963a0ad741e3d160a76dcfd01c28_.jpg | temp_file_disappeared_after_3_attempts
[RETRY] aa772a0d9b8c2f47b5556ed254600d9f_.jpg | attempt=1 | err=FileNotFoundError: Resolved file disappeared: C:\Users\Felipe\Documents\WeChat Files\wxid_xd3703k0ih2p22\FileStorage\Temp\aa772a0d9b8c2f47b5556ed254600d9f_.jpg
[RETRY] 16454d241c0966ca6bb003abded076bd_.jpg | attempt=2 | err=FileNotFoundError: Resolved file disappeared: C:\Users\Felipe\Documents\WeChat Files\wxid_xd3703k0ih2p22\FileStorage\Temp\16454d241c0966ca6bb003abded076bd_.jpg
[RETRY] 796b31489652ecf3cff1165e3d862fda_.jpg | attempt=1 | err=FileNotFoundError: Resolved file disappeared: C:\Users\Felipe\Documents\WeChat Files\wxid_xd3703k0ih2p22\FileStorage\Temp\796b31489652ecf3cff1165e3d862fda_.jpg
[SKIP] 794f1c48b90eee2d27e9ce9ced8ac874_.jpg | temp_file_disappeared_after_3_attempts
[OK] 8833d0dc8ecd9f7eb4ae6011d3255bd4.dat | cliente=652 | banco=CLEEND | valor=540.0 | data=21/07/2026 17:51 | sink=staged | resolution=direct_image | verification=CONFIRMADO | manual_open_to_claim_ms=1433 | open_ms=15 | prep_ms=2 | ocr_ms=2835 | parse_ms=1 | manual_open_to_ingest_ms=4290
[SINK] committed | file_id=57511281733a0e16669c2a3950e3f30135edf2aa | msg=- | talker=- | create_time=0 | sheet=Página1 | row=338 | ingest_to_commit_ms=1136 | manual_open_to_commit_ms=5426
[OK] f74eafb1628a110dfdfcd2a75c017170.dat | cliente=652 | banco=CLEEND | valor=910.0 | data=21/07/2026 21:08 | sink=staged | resolution=direct_image | verification=CONFIRMADO | manual_open_to_claim_ms=2276 | open_ms=5 | prep_ms=0 | ocr_ms=2347 | parse_ms=1 | manual_open_to_ingest_ms=4631
[SINK] committed | file_id=856c965366738e09b2bd6ef0c956b1c29a44e0fa | msg=- | talker=- | create_time=0 | sheet=Página1 | row=339 | ingest_to_commit_ms=822 | manual_open_to_commit_ms=5453
[SKIP] a1f8be3ac7c5c3cc131a1a1b972b30ca_.jpg | temp_file_disappeared_after_3_attempts
[RETRY] 4c7f4eb2f4e01f801f2761c55d61a102_.jpg | attempt=2 | err=FileNotFoundError: Resolved file disappeared: C:\Users\Felipe\Documents\WeChat Files\wxid_xd3703k0ih2p22\FileStorage\Temp\4c7f4eb2f4e01f801f2761c55d61a102_.jpg
[RETRY] 07b844a9f06c07f1f42dd2d2e89fe0d4_.jpg | attempt=1 | err=FileNotFoundError: Resolved file disappeared: C:\Users\Felipe\Documents\WeChat Files\wxid_xd3703k0ih2p22\FileStorage\Temp\07b844a9f06c07f1f42dd2d2e89fe0d4_.jpg
[SCAN] reconcile complete | queued_or_refreshed=18
[OK] 2701c283a35e8e0f7e22e3b4de85420c.dat | cliente=652 | banco=CLEEND | valor=180.0 | data=21/07/2026 20:47 | sink=staged | resolution=direct_image | verification=CONFIRMADO | manual_open_to_claim_ms=4622 | open_ms=4 | prep_ms=0 | ocr_ms=1904 | parse_ms=1 | manual_open_to_ingest_ms=6534
[SINK] committed | file_id=344f7189eb50b460580c63e1a252a1abde84b399 | msg=- | talker=- | create_time=0 | sheet=Página1 | row=340 | ingest_to_commit_ms=1509 | manual_open_to_commit_ms=8043
[SKIP] c8581544427eba5fa4773a3034543051_.jpg | temp_file_disappeared_after_3_attempts
[RETRY] b43c9810faf731112809d27ab830e32e_.jpg | attempt=2 | err=FileNotFoundError: Resolved file disappeared: C:\Users\Felipe\Documents\WeChat Files\wxid_xd3703k0ih2p22\FileStorage\Temp\b43c9810faf731112809d27ab830e32e_.jpg
[RETRY] 377c8e60e71fb83ccb29f53db21fe813_.jpg | attempt=1 | err=FileNotFoundError: Resolved file disappeared: C:\Users\Felipe\Documents\WeChat Files\wxid_xd3703k0ih2p22\FileStorage\Temp\377c8e60e71fb83ccb29f53db21fe813_.jpg
[RETRY] aa772a0d9b8c2f47b5556ed254600d9f_.jpg | attempt=2 | err=FileNotFoundError: Resolved file disappeared: C:\Users\Felipe\Documents\WeChat Files\wxid_xd3703k0ih2p22\FileStorage\Temp\aa772a0d9b8c2f47b5556ed254600d9f_.jpg
[OK] 3899b817c8b174dfda4b7fc44b2d47e6.dat | cliente=652 | banco=CLEEND | valor=190.0 | data=21/07/2026 21:52 | sink=staged | resolution=direct_image | verification=CONFIRMADO | manual_open_to_claim_ms=1751 | open_ms=5 | prep_ms=0 | ocr_ms=1446 | parse_ms=1 | manual_open_to_ingest_ms=3207
[SINK] committed | file_id=c8bf0f316adc1c43a7900130cec58cacd5e8fe57 | msg=- | talker=- | create_time=0 | sheet=Página1 | row=341 | ingest_to_commit_ms=1121 | manual_open_to_commit_ms=4328
[RETRY] 62fc318bd5880ff68d77194910b11a8d_.jpg | attempt=1 | err=FileNotFoundError: Resolved file disappeared: C:\Users\Felipe\Documents\WeChat Files\wxid_xd3703k0ih2p22\FileStorage\Temp\62fc318bd5880ff68d77194910b11a8d_.jpg
[SKIP] f94dd6c7ffd8a616a80f6da467fd4326_.jpg | temp_file_disappeared_after_3_attempts
[RETRY] 796b31489652ecf3cff1165e3d862fda_.jpg | attempt=2 | err=FileNotFoundError: Resolved file disappeared: C:\Users\Felipe\Documents\WeChat Files\wxid_xd3703k0ih2p22\FileStorage\Temp\796b31489652ecf3cff1165e3d862fda_.jpg
[OK] d997229852bb56504018906ac058c644.dat | cliente=652 | banco=CLEEND | valor=190.0 | data=21/07/2026 17:06 | sink=staged | resolution=direct_image | verification=CONFIRMADO | manual_open_to_claim_ms=1447 | open_ms=8 | prep_ms=0 | ocr_ms=1790 | parse_ms=1 | manual_open_to_ingest_ms=3250
[SINK] committed | file_id=dfbcf49eac51641f1bdc5a746dfdf43598eea7a3 | msg=- | talker=- | create_time=0 | sheet=Página1 | row=342 | ingest_to_commit_ms=1431 | manual_open_to_commit_ms=4681
[RETRY] e104de8ce5d4c6a27a841907d3f898e7_.jpg | attempt=1 | err=FileNotFoundError: Resolved file disappeared: C:\Users\Felipe\Documents\WeChat Files\wxid_xd3703k0ih2p22\FileStorage\Temp\e104de8ce5d4c6a27a841907d3f898e7_.jpg
[SKIP] 238f783e4231e7ebc25ae32039544f32_.jpg | temp_file_disappeared_after_3_attempts
[OK] 9b6523b65bd58eb1a6878d970109f05b.dat | cliente=652 | banco=CLEEND | valor=180.0 | data=21/07/2026 22:30 | sink=staged | resolution=direct_image | verification=CONFIRMADO | manual_open_to_claim_ms=1126 | open_ms=4 | prep_ms=0 | ocr_ms=1480 | parse_ms=1 | manual_open_to_ingest_ms=2614
[SINK] committed | file_id=4565ea197f7d8dac70f9780593114c0ea01f2a01 | msg=- | talker=- | create_time=0 | sheet=Página1 | row=343 | ingest_to_commit_ms=1266 | manual_open_to_commit_ms=3880
[RETRY] 07b844a9f06c07f1f42dd2d2e89fe0d4_.jpg | attempt=2 | err=FileNotFoundError: Resolved file disappeared: C:\Users\Felipe\Documents\WeChat Files\wxid_xd3703k0ih2p22\FileStorage\Temp\07b844a9f06c07f1f42dd2d2e89fe0d4_.jpg
[RETRY] c80c4cd81717ca92b7c773e19666d7f4_.jpg | attempt=1 | err=FileNotFoundError: Resolved file disappeared: C:\Users\Felipe\Documents\WeChat Files\wxid_xd3703k0ih2p22\FileStorage\Temp\c80c4cd81717ca92b7c773e19666d7f4_.jpg
[SKIP] 9fd60dd3b0a24bd2b60a2baacc89e689_.jpg | temp_file_disappeared_after_3_attempts
[OK] 43bae327a40c374dc9666bf94a8e7332.dat | cliente=652 | banco=CLEEND | valor=200.0 | data=21/07/2026 22:17 | sink=staged | resolution=direct_image | verification=CONFIRMADO | manual_open_to_claim_ms=1021 | open_ms=10 | prep_ms=0 | ocr_ms=1769 | parse_ms=1 | manual_open_to_ingest_ms=2806
[SINK] committed | file_id=348bb9d72d1daeb98cab620090dbbb7191ee0a88 | msg=- | talker=- | create_time=0 | sheet=Página1 | row=344 | ingest_to_commit_ms=1012 | manual_open_to_commit_ms=3817
[RETRY] 377c8e60e71fb83ccb29f53db21fe813_.jpg | attempt=2 | err=FileNotFoundError: Resolved file disappeared: C:\Users\Felipe\Documents\WeChat Files\wxid_xd3703k0ih2p22\FileStorage\Temp\377c8e60e71fb83ccb29f53db21fe813_.jpg
[RETRY] e15dc46deed37f32a54a7ad8b2dc4a43_.jpg | attempt=1 | err=FileNotFoundError: Resolved file disappeared: C:\Users\Felipe\Documents\WeChat Files\wxid_xd3703k0ih2p22\FileStorage\Temp\e15dc46deed37f32a54a7ad8b2dc4a43_.jpg
[SKIP] 16454d241c0966ca6bb003abded076bd_.jpg | temp_file_disappeared_after_3_attempts
[RETRY] 62fc318bd5880ff68d77194910b11a8d_.jpg | attempt=2 | err=FileNotFoundError: Resolved file disappeared: C:\Users\Felipe\Documents\WeChat Files\wxid_xd3703k0ih2p22\FileStorage\Temp\62fc318bd5880ff68d77194910b11a8d_.jpg
[OK] 73b098f8645855ff22faf4b94ebb03c6.dat | cliente=652 | banco=CLEEND | valor=270.0 | data=21/07/2026 22:51 | sink=staged | resolution=direct_image | verification=CONFIRMADO | manual_open_to_claim_ms=1631 | open_ms=4 | prep_ms=0 | ocr_ms=1413 | parse_ms=1 | manual_open_to_ingest_ms=3050
[SINK] committed | file_id=59568c3a7c17835276bef3de0a71a010e1b6122f | msg=- | talker=- | create_time=0 | sheet=Página1 | row=345 | ingest_to_commit_ms=1095 | manual_open_to_commit_ms=4145
[RETRY] 3f818b6b01a4a71b6841f0a4af0232eb_.jpg | attempt=1 | err=FileNotFoundError: Resolved file disappeared: C:\Users\Felipe\Documents\WeChat Files\wxid_xd3703k0ih2p22\FileStorage\Temp\3f818b6b01a4a71b6841f0a4af0232eb_.jpg
[RETRY] e104de8ce5d4c6a27a841907d3f898e7_.jpg | attempt=2 | err=FileNotFoundError: Resolved file disappeared: C:\Users\Felipe\Documents\WeChat Files\wxid_xd3703k0ih2p22\FileStorage\Temp\e104de8ce5d4c6a27a841907d3f898e7_.jpg
[OK] cbfff81ecad1f7c61438c7301198ffc4.dat | cliente=652 | banco=CLEEND | valor=830.0 | data=21/07/2026 23:22 | sink=staged | resolution=direct_image | verification=CONFIRMADO | manual_open_to_claim_ms=1480 | open_ms=6 | prep_ms=0 | ocr_ms=2090 | parse_ms=1 | manual_open_to_ingest_ms=3578
[SINK] committed | file_id=1275880af82a528aab5815bb216023b97a01829d | msg=- | talker=- | create_time=0 | sheet=Página1 | row=346 | ingest_to_commit_ms=1799 | manual_open_to_commit_ms=5378
[SKIP] 4c7f4eb2f4e01f801f2761c55d61a102_.jpg | temp_file_disappeared_after_3_attempts
[RETRY] da3039a5751fc4cd87877123dc7d2500_.jpg | attempt=1 | err=FileNotFoundError: Resolved file disappeared: C:\Users\Felipe\Documents\WeChat Files\wxid_xd3703k0ih2p22\FileStorage\Temp\da3039a5751fc4cd87877123dc7d2500_.jpg
[RETRY] c80c4cd81717ca92b7c773e19666d7f4_.jpg | attempt=2 | err=FileNotFoundError: Resolved file disappeared: C:\Users\Felipe\Documents\WeChat Files\wxid_xd3703k0ih2p22\FileStorage\Temp\c80c4cd81717ca92b7c773e19666d7f4_.jpg
[OK] 9bb67fb8ac0a5212a4bee232a8c0a6ac.dat | cliente=652 | banco=CLEEND | valor=260.0 | data=22/07/2026 10:58 | sink=staged | resolution=direct_image | verification=CONFIRMADO | manual_open_to_claim_ms=2154 | open_ms=13 | prep_ms=0 | ocr_ms=1806 | parse_ms=1 | manual_open_to_ingest_ms=3977
[SINK] committed | file_id=8cd7967fe7de524583b6aba129886e53aae2a276 | msg=- | talker=- | create_time=0 | sheet=Página1 | row=347 | ingest_to_commit_ms=1449 | manual_open_to_commit_ms=5426
[SKIP] b43c9810faf731112809d27ab830e32e_.jpg | temp_file_disappeared_after_3_attempts
[RETRY] 87dc43fe35d6014efa7978dc8afe40a8_.jpg | attempt=1 | err=FileNotFoundError: Resolved file disappeared: C:\Users\Felipe\Documents\WeChat Files\wxid_xd3703k0ih2p22\FileStorage\Temp\87dc43fe35d6014efa7978dc8afe40a8_.jpg
[SKIP] aa772a0d9b8c2f47b5556ed254600d9f_.jpg | temp_file_disappeared_after_3_attempts
[RETRY] e15dc46deed37f32a54a7ad8b2dc4a43_.jpg | attempt=2 | err=FileNotFoundError: Resolved file disappeared: C:\Users\Felipe\Documents\WeChat Files\wxid_xd3703k0ih2p22\FileStorage\Temp\e15dc46deed37f32a54a7ad8b2dc4a43_.jpg
[OK] 35079529ed9c92eff0e4a83b42e20b4d.dat | cliente=652 | banco=CLEEND | valor=50.0 | data=22/07/2026 11:27 | sink=staged | resolution=direct_image | verification=CONFIRMADO | manual_open_to_claim_ms=1169 | open_ms=5 | prep_ms=0 | ocr_ms=2247 | parse_ms=1 | manual_open_to_ingest_ms=3425
[SINK] committed | file_id=ad60626a6c4142a5aecab8009be60fa866083a05 | msg=- | talker=- | create_time=0 | sheet=Página1 | row=348 | ingest_to_commit_ms=1279 | manual_open_to_commit_ms=4704
[SKIP] 796b31489652ecf3cff1165e3d862fda_.jpg | temp_file_disappeared_after_3_attempts
[RETRY] 9b82324d933525312a6b9e6911abc204_.jpg | attempt=1 | err=FileNotFoundError: Resolved file disappeared: C:\Users\Felipe\Documents\WeChat Files\wxid_xd3703k0ih2p22\FileStorage\Temp\9b82324d933525312a6b9e6911abc204_.jpg
[RETRY] 3f818b6b01a4a71b6841f0a4af0232eb_.jpg | attempt=2 | err=FileNotFoundError: Resolved file disappeared: C:\Users\Felipe\Documents\WeChat Files\wxid_xd3703k0ih2p22\FileStorage\Temp\3f818b6b01a4a71b6841f0a4af0232eb_.jpg
[OK] d3abe77c6c05ffa12a867e3f977e3b45.dat | cliente=652 | banco=CLEEND | valor=215.0 | data=21/07/2026 12:54 | sink=staged | resolution=direct_image | verification=CONFIRMADO | manual_open_to_claim_ms=1391 | open_ms=17 | prep_ms=0 | ocr_ms=1105 | parse_ms=1 | manual_open_to_ingest_ms=2516
[SINK] committed | file_id=f3924164239806484bb4f6a0ea9b1393bc7155ea | msg=- | talker=- | create_time=0 | sheet=Página1 | row=349 | ingest_to_commit_ms=1219 | manual_open_to_commit_ms=3735
[RETRY] 28e7104c29c312b541199c086d31ff04_.jpg | attempt=1 | err=FileNotFoundError: Resolved file disappeared: C:\Users\Felipe\Documents\WeChat Files\wxid_xd3703k0ih2p22\FileStorage\Temp\28e7104c29c312b541199c086d31ff04_.jpg
[SCAN] reconcile complete | queued_or_refreshed=16
[SKIP] 07b844a9f06c07f1f42dd2d2e89fe0d4_.jpg | temp_file_disappeared_after_3_attempts
[RETRY] da3039a5751fc4cd87877123dc7d2500_.jpg | attempt=2 | err=FileNotFoundError: Resolved file disappeared: C:\Users\Felipe\Documents\WeChat Files\wxid_xd3703k0ih2p22\FileStorage\Temp\da3039a5751fc4cd87877123dc7d2500_.jpg
[RETRY] a79ac71997fe449be6f01fe014a0fac2_.jpg | attempt=1 | err=FileNotFoundError: Resolved file disappeared: C:\Users\Felipe\Documents\WeChat Files\wxid_xd3703k0ih2p22\FileStorage\Temp\a79ac71997fe449be6f01fe014a0fac2_.jpg
[OK] 4c3d6e889a2dce2576cfa1cef706ef7e.dat | cliente=652 | banco=CLEEND | valor=320.0 | data=21/07/2026 13:09 | sink=staged | resolution=direct_image | verification=CONFIRMADO | manual_open_to_claim_ms=1542 | open_ms=68 | prep_ms=2 | ocr_ms=2856 | parse_ms=1 | manual_open_to_ingest_ms=4477
[SINK] committed | file_id=1062dc0b447a4964c87ff45435bb0d9956f0a79f | msg=- | talker=- | create_time=0 | sheet=Página1 | row=350 | ingest_to_commit_ms=1543 | manual_open_to_commit_ms=6020
[OK] f06ad0e4fe3700421f05ed904f5db3bf.dat | cliente=652 | banco=CLEEND | valor=320.0 | data=21/07/2026 13:18 | sink=staged | resolution=direct_image | verification=CONFIRMADO | manual_open_to_claim_ms=2935 | open_ms=12 | prep_ms=0 | ocr_ms=3700 | parse_ms=1 | manual_open_to_ingest_ms=6646
[SINK] committed | file_id=a8cfea8fc750db09e4211cc434ea1b9f14dfda70 | msg=- | talker=- | create_time=0 | sheet=Página1 | row=351 | ingest_to_commit_ms=1304 | manual_open_to_commit_ms=7950
[SKIP] 377c8e60e71fb83ccb29f53db21fe813_.jpg | temp_file_disappeared_after_3_attempts
[SKIP] 62fc318bd5880ff68d77194910b11a8d_.jpg | temp_file_disappeared_after_3_attempts
[RETRY] 87dc43fe35d6014efa7978dc8afe40a8_.jpg | attempt=2 | err=FileNotFoundError: Resolved file disappeared: C:\Users\Felipe\Documents\WeChat Files\wxid_xd3703k0ih2p22\FileStorage\Temp\87dc43fe35d6014efa7978dc8afe40a8_.jpg
[RETRY] 9b82324d933525312a6b9e6911abc204_.jpg | attempt=2 | err=FileNotFoundError: Resolved file disappeared: C:\Users\Felipe\Documents\WeChat Files\wxid_xd3703k0ih2p22\FileStorage\Temp\9b82324d933525312a6b9e6911abc204_.jpg
[RETRY] ae5013b4fa9b168113bd39e4029f9b5e_.jpg | attempt=1 | err=FileNotFoundError: Resolved file disappeared: C:\Users\Felipe\Documents\WeChat Files\wxid_xd3703k0ih2p22\FileStorage\Temp\ae5013b4fa9b168113bd39e4029f9b5e_.jpg
[RETRY] c77d40866f954dae33f2ca30dd1f91ac_.jpg | attempt=1 | err=FileNotFoundError: Resolved file disappeared: C:\Users\Felipe\Documents\WeChat Files\wxid_xd3703k0ih2p22\FileStorage\Temp\c77d40866f954dae33f2ca30dd1f91ac_.jpg
[OK] 520af70aa7892529b23078230aee8da9.dat | cliente=652 | banco=CLEEND | valor=240.0 | data=21/07/2026 13:50 | sink=staged | resolution=direct_image | verification=CONFIRMADO | manual_open_to_claim_ms=1884 | open_ms=13 | prep_ms=0 | ocr_ms=3593 | parse_ms=2 | manual_open_to_ingest_ms=5493
[SINK] committed | file_id=30b995d859750aecffda370f7bcf068c442a92d5 | msg=- | talker=- | create_time=0 | sheet=Página1 | row=352 | ingest_to_commit_ms=1045 | manual_open_to_commit_ms=6538
[OK] 6caf20de0cffa8bad256d2674f7646c6.dat | cliente=652 | banco=CLEEND | valor=240.0 | data=21/07/2026 15:44 | sink=staged | resolution=direct_image | verification=CONFIRMADO | manual_open_to_claim_ms=2584 | open_ms=13 | prep_ms=1 | ocr_ms=1121 | parse_ms=1 | manual_open_to_ingest_ms=3724
[SINK] committed | file_id=1d790153aa5ffd383de05dbaa4f777e0cc3f8669 | msg=- | talker=- | create_time=0 | sheet=Página1 | row=353 | ingest_to_commit_ms=833 | manual_open_to_commit_ms=4557
[SKIP] e104de8ce5d4c6a27a841907d3f898e7_.jpg | temp_file_disappeared_after_3_attempts
[SKIP] c80c4cd81717ca92b7c773e19666d7f4_.jpg | temp_file_disappeared_after_3_attempts
[RETRY] 28e7104c29c312b541199c086d31ff04_.jpg | attempt=2 | err=FileNotFoundError: Resolved file disappeared: C:\Users\Felipe\Documents\WeChat Files\wxid_xd3703k0ih2p22\FileStorage\Temp\28e7104c29c312b541199c086d31ff04_.jpg
[RETRY] e5f0001d826638672a2917b9a46bb864_.jpg | attempt=1 | err=FileNotFoundError: Resolved file disappeared: C:\Users\Felipe\Documents\WeChat Files\wxid_xd3703k0ih2p22\FileStorage\Temp\e5f0001d826638672a2917b9a46bb864_.jpg
[RETRY] a79ac71997fe449be6f01fe014a0fac2_.jpg | attempt=2 | err=FileNotFoundError: Resolved file disappeared: C:\Users\Felipe\Documents\WeChat Files\wxid_xd3703k0ih2p22\FileStorage\Temp\a79ac71997fe449be6f01fe014a0fac2_.jpg
[RETRY] 067e114e9212c40d6383482210210b6f_.jpg | attempt=1 | err=FileNotFoundError: Resolved file disappeared: C:\Users\Felipe\Documents\WeChat Files\wxid_xd3703k0ih2p22\FileStorage\Temp\067e114e9212c40d6383482210210b6f_.jpg
[OK] 721194368fde6717520cf3b67bd32dbe.dat | cliente=652 | banco=CLEEND | valor=270.0 | data=21/07/2026 15:48 | sink=staged | resolution=direct_image | verification=CONFIRMADO | manual_open_to_claim_ms=2193 | open_ms=18 | prep_ms=1 | ocr_ms=1097 | parse_ms=1 | manual_open_to_ingest_ms=3312
[SINK] committed | file_id=bf43f4e923fdfa3263156081769d5dec137cd5c5 | msg=- | talker=- | create_time=0 | sheet=Página1 | row=354 | ingest_to_commit_ms=890 | manual_open_to_commit_ms=4203
[SKIP] e15dc46deed37f32a54a7ad8b2dc4a43_.jpg | temp_file_disappeared_after_3_attempts
[OK] b0cb8d74b3bccc7cbd06a820a6863b75.dat | cliente=652 | banco=CLEEND | valor=30.0 | data=21/07/2026 15:51 | sink=staged | resolution=direct_image | verification=CONFIRMADO | manual_open_to_claim_ms=1606 | open_ms=16 | prep_ms=1 | ocr_ms=1550 | parse_ms=1 | manual_open_to_ingest_ms=3178
[SINK] committed | file_id=6998aac1969c44211dbf9a53812c3603e235003b | msg=- | talker=- | create_time=0 | sheet=Página1 | row=355 | ingest_to_commit_ms=954 | manual_open_to_commit_ms=4132
[SKIP] 3f818b6b01a4a71b6841f0a4af0232eb_.jpg | temp_file_disappeared_after_3_attempts
[RETRY] ae5013b4fa9b168113bd39e4029f9b5e_.jpg | attempt=2 | err=FileNotFoundError: Resolved file disappeared: C:\Users\Felipe\Documents\WeChat Files\wxid_xd3703k0ih2p22\FileStorage\Temp\ae5013b4fa9b168113bd39e4029f9b5e_.jpg
[RETRY] 03de6b037b1a1acfcb477805174d3b3b_.jpg | attempt=1 | err=FileNotFoundError: Resolved file disappeared: C:\Users\Felipe\Documents\WeChat Files\wxid_xd3703k0ih2p22\FileStorage\Temp\03de6b037b1a1acfcb477805174d3b3b_.jpg
[RETRY] c77d40866f954dae33f2ca30dd1f91ac_.jpg | attempt=2 | err=FileNotFoundError: Resolved file disappeared: C:\Users\Felipe\Documents\WeChat Files\wxid_xd3703k0ih2p22\FileStorage\Temp\c77d40866f954dae33f2ca30dd1f91ac_.jpg
[OK] f8530d1b3bfedefa4c2690e78300b6d5.dat | cliente=652 | banco=CLEEND | valor=250.0 | data=21/07/2026 16:45 | sink=staged | resolution=direct_image | verification=CONFIRMADO | manual_open_to_claim_ms=1139 | open_ms=3 | prep_ms=0 | ocr_ms=2547 | parse_ms=2 | manual_open_to_ingest_ms=3692
[SINK] committed | file_id=72193aa396708275042ab06d1a54e753f990284b | msg=- | talker=- | create_time=0 | sheet=Página1 | row=356 | ingest_to_commit_ms=1285 | manual_open_to_commit_ms=4977
[RETRY] d18e2f1ed5b74d14a8a0df9d4428e10b_.jpg | attempt=1 | err=FileNotFoundError: Resolved file disappeared: C:\Users\Felipe\Documents\WeChat Files\wxid_xd3703k0ih2p22\FileStorage\Temp\d18e2f1ed5b74d14a8a0df9d4428e10b_.jpg
[RETRY] e5f0001d826638672a2917b9a46bb864_.jpg | attempt=2 | err=FileNotFoundError: Resolved file disappeared: C:\Users\Felipe\Documents\WeChat Files\wxid_xd3703k0ih2p22\FileStorage\Temp\e5f0001d826638672a2917b9a46bb864_.jpg
[OK] 887de2a8c239dbfb051376cf7f5fb5f6.dat | cliente=652 | banco=CLEEND | valor=350.0 | data=21/07/2026 17:14 | sink=staged | resolution=direct_image | verification=CONFIRMADO | manual_open_to_claim_ms=1616 | open_ms=20 | prep_ms=1 | ocr_ms=1839 | parse_ms=1 | manual_open_to_ingest_ms=3480
[SINK] committed | file_id=7f4cb3527c229d58d9c06700c2806f13db8e84fc | msg=- | talker=- | create_time=0 | sheet=Página1 | row=357 | ingest_to_commit_ms=1139 | manual_open_to_commit_ms=4620
[SKIP] da3039a5751fc4cd87877123dc7d2500_.jpg | temp_file_disappeared_after_3_attempts
[RETRY] 3203e9b72cb7bfad8d42866af6fc69e2_.jpg | attempt=1 | err=FileNotFoundError: Resolved file disappeared: C:\Users\Felipe\Documents\WeChat Files\wxid_xd3703k0ih2p22\FileStorage\Temp\3203e9b72cb7bfad8d42866af6fc69e2_.jpg
[RETRY] 067e114e9212c40d6383482210210b6f_.jpg | attempt=2 | err=FileNotFoundError: Resolved file disappeared: C:\Users\Felipe\Documents\WeChat Files\wxid_xd3703k0ih2p22\FileStorage\Temp\067e114e9212c40d6383482210210b6f_.jpg
[OK] fc5d4a8483aa8aaa261211524c1369d1.dat | cliente=652 | banco=CLEEND | valor=270.0 | data=21/07/2026 18:03 | sink=staged | resolution=direct_image | verification=CONFIRMADO | manual_open_to_claim_ms=1598 | open_ms=4 | prep_ms=0 | ocr_ms=4377 | parse_ms=1 | manual_open_to_ingest_ms=5986
[SINK] committed | file_id=29e71ecef540d714a789d3c88dfe906616f0e5cb | msg=- | talker=- | create_time=0 | sheet=Página1 | row=358 | ingest_to_commit_ms=1067 | manual_open_to_commit_ms=7053
[SKIP] 87dc43fe35d6014efa7978dc8afe40a8_.jpg | temp_file_disappeared_after_3_attempts
[SKIP] 9b82324d933525312a6b9e6911abc204_.jpg | temp_file_disappeared_after_3_attempts
[RETRY] 5dbc621d9e256a4bede4398841b4c635_.jpg | attempt=1 | err=FileNotFoundError: Resolved file disappeared: C:\Users\Felipe\Documents\WeChat Files\wxid_xd3703k0ih2p22\FileStorage\Temp\5dbc621d9e256a4bede4398841b4c635_.jpg
[RETRY] 03de6b037b1a1acfcb477805174d3b3b_.jpg | attempt=2 | err=FileNotFoundError: Resolved file disappeared: C:\Users\Felipe\Documents\WeChat Files\wxid_xd3703k0ih2p22\FileStorage\Temp\03de6b037b1a1acfcb477805174d3b3b_.jpg
[OK] 7dc2f71aa52729753672c26bcf0164e5.dat | cliente=652 | banco=CLEEND | valor=290.0 | data=22/07/2026 10:56 | sink=staged | resolution=direct_image | verification=CONFIRMADO | manual_open_to_claim_ms=1328 | open_ms=14 | prep_ms=1 | ocr_ms=3413 | parse_ms=1 | manual_open_to_ingest_ms=4761
[SINK] committed | file_id=da3d073cce00019169eeec4bccadebb05d18e762 | msg=- | talker=- | create_time=0 | sheet=Página1 | row=359 | ingest_to_commit_ms=904 | manual_open_to_commit_ms=5664
[RETRY] a365269034f6244aab67e98b0dca5c39_.jpg | attempt=1 | err=FileNotFoundError: Resolved file disappeared: C:\Users\Felipe\Documents\WeChat Files\wxid_xd3703k0ih2p22\FileStorage\Temp\a365269034f6244aab67e98b0dca5c39_.jpg
[RETRY] d18e2f1ed5b74d14a8a0df9d4428e10b_.jpg | attempt=2 | err=FileNotFoundError: Resolved file disappeared: C:\Users\Felipe\Documents\WeChat Files\wxid_xd3703k0ih2p22\FileStorage\Temp\d18e2f1ed5b74d14a8a0df9d4428e10b_.jpg
[SCAN] reconcile complete | queued_or_refreshed=18
[OK] 5b5200a75e0c3bfe19b423848c2df35a.dat | cliente=652 | banco=AMD | valor=730.0 | data=21/07/2026 11:44 | sink=staged | resolution=direct_image | verification=CONFIRMADO | manual_open_to_claim_ms=6493 | open_ms=4 | prep_ms=0 | ocr_ms=1295 | parse_ms=1 | manual_open_to_ingest_ms=7794
[SINK] committed | file_id=2736eb5b32897efd066af583b73f03f0fe2d75bb | msg=- | talker=- | create_time=0 | sheet=Página1 | row=360 | ingest_to_commit_ms=926 | manual_open_to_commit_ms=8720
[SKIP] 28e7104c29c312b541199c086d31ff04_.jpg | temp_file_disappeared_after_3_attempts
[SKIP] a79ac71997fe449be6f01fe014a0fac2_.jpg | temp_file_disappeared_after_3_attempts
[RETRY] 3203e9b72cb7bfad8d42866af6fc69e2_.jpg | attempt=2 | err=FileNotFoundError: Resolved file disappeared: C:\Users\Felipe\Documents\WeChat Files\wxid_xd3703k0ih2p22\FileStorage\Temp\3203e9b72cb7bfad8d42866af6fc69e2_.jpg
[RETRY] 697769e1380320f5954d4c78feed07e4_.jpg | attempt=1 | err=FileNotFoundError: Resolved file disappeared: C:\Users\Felipe\Documents\WeChat Files\wxid_xd3703k0ih2p22\FileStorage\Temp\697769e1380320f5954d4c78feed07e4_.jpg
[OK] 18b4d60e82c01c209228fc88e0800e6f.dat | cliente=652 | banco=AMD | valor=100.0 | data=21/07/2026 00:28 | sink=staged | resolution=direct_image | verification=CONFIRMADO | manual_open_to_claim_ms=1743 | open_ms=13 | prep_ms=0 | ocr_ms=4130 | parse_ms=1 | manual_open_to_ingest_ms=5893
[SINK] committed | file_id=0c3627eb5e7f1bad368f01890ac1e0fe2c04b0b7 | msg=- | talker=- | create_time=0 | sheet=Página1 | row=361 | ingest_to_commit_ms=1103 | manual_open_to_commit_ms=6995
[RETRY] b307405ef0f79b7e143f9dcacd0e50ec_.jpg | attempt=1 | err=FileNotFoundError: Resolved file disappeared: C:\Users\Felipe\Documents\WeChat Files\wxid_xd3703k0ih2p22\FileStorage\Temp\b307405ef0f79b7e143f9dcacd0e50ec_.jpg
[RETRY] 5dbc621d9e256a4bede4398841b4c635_.jpg | attempt=2 | err=FileNotFoundError: Resolved file disappeared: C:\Users\Felipe\Documents\WeChat Files\wxid_xd3703k0ih2p22\FileStorage\Temp\5dbc621d9e256a4bede4398841b4c635_.jpg
[OK] ae0ab875c2edf4b2ed59bd7f5ae5a4d7.dat | cliente=652 | banco=AMD | valor=340.0 | data=21/07/2026 11:04 | sink=staged | resolution=direct_image | verification=CONFIRMADO | manual_open_to_claim_ms=2080 | open_ms=7 | prep_ms=0 | ocr_ms=1822 | parse_ms=1 | manual_open_to_ingest_ms=3915
[SINK] committed | file_id=e65f451dd9bf829c63db1b6c5cd2bf04be765b09 | msg=- | talker=- | create_time=0 | sheet=Página1 | row=362 | ingest_to_commit_ms=1099 | manual_open_to_commit_ms=5013
[SKIP] ae5013b4fa9b168113bd39e4029f9b5e_.jpg | temp_file_disappeared_after_3_attempts
[SKIP] c77d40866f954dae33f2ca30dd1f91ac_.jpg | temp_file_disappeared_after_3_attempts
[RETRY] 18427bb32c6696ac5946531fe1af6400_.jpg | attempt=1 | err=FileNotFoundError: Resolved file disappeared: C:\Users\Felipe\Documents\WeChat Files\wxid_xd3703k0ih2p22\FileStorage\Temp\18427bb32c6696ac5946531fe1af6400_.jpg
[RETRY] a365269034f6244aab67e98b0dca5c39_.jpg | attempt=2 | err=FileNotFoundError: Resolved file disappeared: C:\Users\Felipe\Documents\WeChat Files\wxid_xd3703k0ih2p22\FileStorage\Temp\a365269034f6244aab67e98b0dca5c39_.jpg
[RETRY] 4b6530f443cc96c2ced6ac8df6975882_.jpg | attempt=1 | err=FileNotFoundError: Resolved file disappeared: C:\Users\Felipe\Documents\WeChat Files\wxid_xd3703k0ih2p22\FileStorage\Temp\4b6530f443cc96c2ced6ac8df6975882_.jpg
[OK] 2f145deda30bfc1fcad0c2c9a879ae96.dat | cliente=652 | banco=AMD | valor=1220.0 | data=21/07/2026 16:49 | sink=staged | resolution=direct_image | verification=CONFIRMADO | manual_open_to_claim_ms=2013 | open_ms=10 | prep_ms=0 | ocr_ms=2580 | parse_ms=1 | manual_open_to_ingest_ms=4608
[SINK] committed | file_id=5e97e9871ea240af81fa17a045cca23baa582fad | msg=- | talker=- | create_time=0 | sheet=Página1 | row=363 | ingest_to_commit_ms=852 | manual_open_to_commit_ms=5460
[SKIP] e5f0001d826638672a2917b9a46bb864_.jpg | temp_file_disappeared_after_3_attempts
[OK] 7cfc67abeaf19a63a2b0cd74027e4653.dat | cliente=652 | banco=AMD | valor=600.0 | data=21/07/2026 16:50 | sink=staged | resolution=direct_image | verification=CONFIRMADO | manual_open_to_claim_ms=1916 | open_ms=18 | prep_ms=1 | ocr_ms=3704 | parse_ms=1 | manual_open_to_ingest_ms=5646
[SINK] committed | file_id=8ad91ad4968aaec48c00c99a2098039a3e917853 | msg=- | talker=- | create_time=0 | sheet=Página1 | row=364 | ingest_to_commit_ms=912 | manual_open_to_commit_ms=6559
[SKIP] 067e114e9212c40d6383482210210b6f_.jpg | temp_file_disappeared_after_3_attempts
[RETRY] 697769e1380320f5954d4c78feed07e4_.jpg | attempt=2 | err=FileNotFoundError: Resolved file disappeared: C:\Users\Felipe\Documents\WeChat Files\wxid_xd3703k0ih2p22\FileStorage\Temp\697769e1380320f5954d4c78feed07e4_.jpg
[RETRY] 6678a3e7b061d60f73454b0318d8c898_.jpg | attempt=1 | err=FileNotFoundError: Resolved file disappeared: C:\Users\Felipe\Documents\WeChat Files\wxid_xd3703k0ih2p22\FileStorage\Temp\6678a3e7b061d60f73454b0318d8c898_.jpg
[OK] 20ecd51ee6a42b68e6a4130b6b0e36c3.dat | cliente=652 | banco=AMD | valor=340.0 | data=21/07/2026 17:56 | sink=staged | resolution=direct_image | verification=CONFIRMADO | manual_open_to_claim_ms=1006 | open_ms=6 | prep_ms=0 | ocr_ms=1606 | parse_ms=1 | manual_open_to_ingest_ms=2622
[SINK] committed | file_id=635d6aa0b1df17a7823b45c72c3a04dd45d8f1da | msg=- | talker=- | create_time=0 | sheet=Página1 | row=365 | ingest_to_commit_ms=891 | manual_open_to_commit_ms=3512
[RETRY] b307405ef0f79b7e143f9dcacd0e50ec_.jpg | attempt=2 | err=FileNotFoundError: Resolved file disappeared: C:\Users\Felipe\Documents\WeChat Files\wxid_xd3703k0ih2p22\FileStorage\Temp\b307405ef0f79b7e143f9dcacd0e50ec_.jpg
[RETRY] 29a595cde65101158cb79fab64d913e6_.jpg | attempt=1 | err=FileNotFoundError: Resolved file disappeared: C:\Users\Felipe\Documents\WeChat Files\wxid_xd3703k0ih2p22\FileStorage\Temp\29a595cde65101158cb79fab64d913e6_.jpg
[SKIP] 03de6b037b1a1acfcb477805174d3b3b_.jpg | temp_file_disappeared_after_3_attempts
[RETRY] 18427bb32c6696ac5946531fe1af6400_.jpg | attempt=2 | err=FileNotFoundError: Resolved file disappeared: C:\Users\Felipe\Documents\WeChat Files\wxid_xd3703k0ih2p22\FileStorage\Temp\18427bb32c6696ac5946531fe1af6400_.jpg
[RETRY] b2eba6a57c11f8d890c3319db2380c31_.jpg | attempt=1 | err=FileNotFoundError: Resolved file disappeared: C:\Users\Felipe\Documents\WeChat Files\wxid_xd3703k0ih2p22\FileStorage\Temp\b2eba6a57c11f8d890c3319db2380c31_.jpg
[OK] ab0a8abf8caac04eb9583de9a81b2596.dat | cliente=652 | banco=AMD | valor=180.0 | data=22/07/2026 08:17 | sink=staged | resolution=direct_image | verification=CONFIRMADO | manual_open_to_claim_ms=2203 | open_ms=30 | prep_ms=1 | ocr_ms=1558 | parse_ms=1 | manual_open_to_ingest_ms=3797
[SINK] committed | file_id=fcee80a2ee0536a0eeacc7484f16d05c06bfd801 | msg=- | talker=- | create_time=0 | sheet=Página1 | row=366 | ingest_to_commit_ms=1024 | manual_open_to_commit_ms=4821
[RETRY] 4b6530f443cc96c2ced6ac8df6975882_.jpg | attempt=2 | err=FileNotFoundError: Resolved file disappeared: C:\Users\Felipe\Documents\WeChat Files\wxid_xd3703k0ih2p22\FileStorage\Temp\4b6530f443cc96c2ced6ac8df6975882_.jpg
[SKIP] d18e2f1ed5b74d14a8a0df9d4428e10b_.jpg | temp_file_disappeared_after_3_attempts
[SKIP] 3203e9b72cb7bfad8d42866af6fc69e2_.jpg | temp_file_disappeared_after_3_attempts
[RETRY] 6678a3e7b061d60f73454b0318d8c898_.jpg | attempt=2 | err=FileNotFoundError: Resolved file disappeared: C:\Users\Felipe\Documents\WeChat Files\wxid_xd3703k0ih2p22\FileStorage\Temp\6678a3e7b061d60f73454b0318d8c898_.jpg
[RETRY] 29a595cde65101158cb79fab64d913e6_.jpg | attempt=2 | err=FileNotFoundError: Resolved file disappeared: C:\Users\Felipe\Documents\WeChat Files\wxid_xd3703k0ih2p22\FileStorage\Temp\29a595cde65101158cb79fab64d913e6_.jpg
[SKIP] 5dbc621d9e256a4bede4398841b4c635_.jpg | temp_file_disappeared_after_3_attempts
[RETRY] b2eba6a57c11f8d890c3319db2380c31_.jpg | attempt=2 | err=FileNotFoundError: Resolved file disappeared: C:\Users\Felipe\Documents\WeChat Files\wxid_xd3703k0ih2p22\FileStorage\Temp\b2eba6a57c11f8d890c3319db2380c31_.jpg
[SKIP] a365269034f6244aab67e98b0dca5c39_.jpg | temp_file_disappeared_after_3_attempts
[SCAN] reconcile complete | queued_or_refreshed=13
[SKIP] 697769e1380320f5954d4c78feed07e4_.jpg | temp_file_disappeared_after_3_attempts
[SKIP] b307405ef0f79b7e143f9dcacd0e50ec_.jpg | temp_file_disappeared_after_3_attempts
[SKIP] 18427bb32c6696ac5946531fe1af6400_.jpg | temp_file_disappeared_after_3_attempts
[SKIP] 4b6530f443cc96c2ced6ac8df6975882_.jpg | temp_file_disappeared_after_3_attempts
[SKIP] 6678a3e7b061d60f73454b0318d8c898_.jpg | temp_file_disappeared_after_3_attempts
[SKIP] 29a595cde65101158cb79fab64d913e6_.jpg | temp_file_disappeared_after_3_attempts
[SKIP] b2eba6a57c11f8d890c3319db2380c31_.jpg | temp_file_disappeared_after_3_attempts
[SCAN] reconcile complete | queued_or_refreshed=8
[OK] 6650580a6101bb4aa53c94a02a725166.dat | cliente=652 | banco=CLEEND | valor=178.0 | data=21/07/2026 11:30 | sink=staged | resolution=direct_image | verification=CONFIRMADO | manual_open_to_claim_ms=6932 | open_ms=12 | prep_ms=1 | ocr_ms=3358 | parse_ms=1 | manual_open_to_ingest_ms=10308
[SINK] committed | file_id=dd2435c102b2a39e3e7272af83b710d8cf0331cf | msg=- | talker=- | create_time=0 | sheet=Página1 | row=367 | ingest_to_commit_ms=1711 | manual_open_to_commit_ms=12019
[OK] 00ce63c7d3af0179cff874207c88ba86.dat | cliente=652 | banco=CLEEND | valor=280.0 | data=21/07/2026 11:38 | sink=staged | resolution=direct_image | verification=CONFIRMADO | manual_open_to_claim_ms=3372 | open_ms=5 | prep_ms=0 | ocr_ms=2915 | parse_ms=1 | manual_open_to_ingest_ms=6298
[SINK] committed | file_id=553bab18442f58317842800355996c65171a5056 | msg=- | talker=- | create_time=0 | sheet=Página1 | row=368 | ingest_to_commit_ms=875 | manual_open_to_commit_ms=7173
[RETRY] e281ad24d27aae63196e565a8dab16fb_.jpg | attempt=1 | err=FileNotFoundError: Resolved file disappeared: C:\Users\Felipe\Documents\WeChat Files\wxid_xd3703k0ih2p22\FileStorage\Temp\e281ad24d27aae63196e565a8dab16fb_.jpg
[RETRY] c5d3d08deb43a40f746ae2f987ae5778_.jpg | attempt=1 | err=FileNotFoundError: Resolved file disappeared: C:\Users\Felipe\Documents\WeChat Files\wxid_xd3703k0ih2p22\FileStorage\Temp\c5d3d08deb43a40f746ae2f987ae5778_.jpg
[OK] 1fb085d9d6b10ea7a30ccb3346a45977.dat | cliente=652 | banco=CLEEND | valor=560.0 | data=21/07/2026 11:43 | sink=staged | resolution=direct_image | verification=CONFIRMADO | manual_open_to_claim_ms=1052 | open_ms=10 | prep_ms=0 | ocr_ms=3909 | parse_ms=1 | manual_open_to_ingest_ms=4977
[SINK] committed | file_id=4c1f00e924f5ba77620467334a7e2f8c0d09fe66 | msg=- | talker=- | create_time=0 | sheet=Página1 | row=369 | ingest_to_commit_ms=840 | manual_open_to_commit_ms=5817
[RETRY] 82ee03bd83e31410e736dde0393f4f2d_.jpg | attempt=1 | err=FileNotFoundError: Resolved file disappeared: C:\Users\Felipe\Documents\WeChat Files\wxid_xd3703k0ih2p22\FileStorage\Temp\82ee03bd83e31410e736dde0393f4f2d_.jpg
[OK] a2e66e7b8098e464556b7da3c47a1c87.dat | cliente=652 | banco=CLEEND | valor=680.0 | data=21/07/2026 12:59 | sink=staged | resolution=direct_image | verification=CONFIRMADO | manual_open_to_claim_ms=1897 | open_ms=13 | prep_ms=1 | ocr_ms=1511 | parse_ms=1 | manual_open_to_ingest_ms=3430
[SINK] committed | file_id=a7179ebd95974c274d305331db512e919c2405e3 | msg=- | talker=- | create_time=0 | sheet=Página1 | row=370 | ingest_to_commit_ms=873 | manual_open_to_commit_ms=4303
[RETRY] e4d3d863a3d8ba8fba2bbf81794bbfcb_.jpg | attempt=1 | err=FileNotFoundError: Resolved file disappeared: C:\Users\Felipe\Documents\WeChat Files\wxid_xd3703k0ih2p22\FileStorage\Temp\e4d3d863a3d8ba8fba2bbf81794bbfcb_.jpg
[OK] e0b8ce0bb21e08cb852d0be2007e5472.dat | cliente=652 | banco=CLEEND | valor=295.0 | data=21/07/2026 14:41 | sink=staged | resolution=direct_image | verification=CONFIRMADO | manual_open_to_claim_ms=1485 | open_ms=14 | prep_ms=1 | ocr_ms=1730 | parse_ms=1 | manual_open_to_ingest_ms=3234
[SINK] committed | file_id=0f0662fb03008ffedf923e7ac64c4e43d9d2df7a | msg=- | talker=- | create_time=0 | sheet=Página1 | row=371 | ingest_to_commit_ms=900 | manual_open_to_commit_ms=4133
[RETRY] 8b00e41498a10bd39c92082ab1ace53c_.jpg | attempt=1 | err=FileNotFoundError: Resolved file disappeared: C:\Users\Felipe\Documents\WeChat Files\wxid_xd3703k0ih2p22\FileStorage\Temp\8b00e41498a10bd39c92082ab1ace53c_.jpg
[OK] 12a71de1eb89828823ee8115f72ec1f9.dat | cliente=652 | banco=CLEEND | valor=380.0 | data=21/07/2026 15:09 | sink=staged | resolution=direct_image | verification=CONFIRMADO | manual_open_to_claim_ms=1957 | open_ms=4 | prep_ms=0 | ocr_ms=2147 | parse_ms=1 | manual_open_to_ingest_ms=4113
[SINK] committed | file_id=aaee9246afcd2f70c5a8909000e204dc2bf4a642 | msg=- | talker=- | create_time=0 | sheet=Página1 | row=372 | ingest_to_commit_ms=1512 | manual_open_to_commit_ms=5625
[RETRY] e281ad24d27aae63196e565a8dab16fb_.jpg | attempt=2 | err=FileNotFoundError: Resolved file disappeared: C:\Users\Felipe\Documents\WeChat Files\wxid_xd3703k0ih2p22\FileStorage\Temp\e281ad24d27aae63196e565a8dab16fb_.jpg
[RETRY] c5d3d08deb43a40f746ae2f987ae5778_.jpg | attempt=2 | err=FileNotFoundError: Resolved file disappeared: C:\Users\Felipe\Documents\WeChat Files\wxid_xd3703k0ih2p22\FileStorage\Temp\c5d3d08deb43a40f746ae2f987ae5778_.jpg
[RETRY] 0b1e170530fa266fa2a9f47e4a6dd4e0_.jpg | attempt=1 | err=FileNotFoundError: Resolved file disappeared: C:\Users\Felipe\Documents\WeChat Files\wxid_xd3703k0ih2p22\FileStorage\Temp\0b1e170530fa266fa2a9f47e4a6dd4e0_.jpg
[RETRY] 82ee03bd83e31410e736dde0393f4f2d_.jpg | attempt=2 | err=FileNotFoundError: Resolved file disappeared: C:\Users\Felipe\Documents\WeChat Files\wxid_xd3703k0ih2p22\FileStorage\Temp\82ee03bd83e31410e736dde0393f4f2d_.jpg
[OK] 701b2c3f0d4fe56cdaec23fb67d5c7f5.dat | cliente=652 | banco=CLEEND | valor=175.0 | data=21/07/2026 15:51 | sink=staged | resolution=direct_image | verification=CONFIRMADO | manual_open_to_claim_ms=1927 | open_ms=4 | prep_ms=0 | ocr_ms=2103 | parse_ms=1 | manual_open_to_ingest_ms=4038
[SINK] committed | file_id=e822f60878c49529ad2636d2f741a0b150bdcfdb | msg=- | talker=- | create_time=0 | sheet=Página1 | row=373 | ingest_to_commit_ms=2088 | manual_open_to_commit_ms=6126
[RETRY] 1ad7a604f638704fe17ca071172b9102_.jpg | attempt=1 | err=FileNotFoundError: Resolved file disappeared: C:\Users\Felipe\Documents\WeChat Files\wxid_xd3703k0ih2p22\FileStorage\Temp\1ad7a604f638704fe17ca071172b9102_.jpg
[RETRY] e4d3d863a3d8ba8fba2bbf81794bbfcb_.jpg | attempt=2 | err=FileNotFoundError: Resolved file disappeared: C:\Users\Felipe\Documents\WeChat Files\wxid_xd3703k0ih2p22\FileStorage\Temp\e4d3d863a3d8ba8fba2bbf81794bbfcb_.jpg
[OK] d413f90068212efb225054cd772aefac.dat | cliente=652 | banco=CLEEND | valor=175.0 | data=21/07/2026 15:57 | sink=staged | resolution=direct_image | verification=CONFIRMADO | manual_open_to_claim_ms=2208 | open_ms=5 | prep_ms=0 | ocr_ms=2140 | parse_ms=1 | manual_open_to_ingest_ms=4358
[SINK] committed | file_id=ca34e9ca6f9041d695a1c0aebeb28db97d246942 | msg=- | talker=- | create_time=0 | sheet=Página1 | row=374 | ingest_to_commit_ms=1115 | manual_open_to_commit_ms=5472
[RETRY] 1522d0bfc879fc754f6b9fcae53f6c3b_.jpg | attempt=1 | err=FileNotFoundError: Resolved file disappeared: C:\Users\Felipe\Documents\WeChat Files\wxid_xd3703k0ih2p22\FileStorage\Temp\1522d0bfc879fc754f6b9fcae53f6c3b_.jpg
[RETRY] 8b00e41498a10bd39c92082ab1ace53c_.jpg | attempt=2 | err=FileNotFoundError: Resolved file disappeared: C:\Users\Felipe\Documents\WeChat Files\wxid_xd3703k0ih2p22\FileStorage\Temp\8b00e41498a10bd39c92082ab1ace53c_.jpg
[OK] 823ec1dd392967b77e7ef6aeb33c147a.dat | cliente=652 | banco=CLEEND | valor=280.0 | data=21/07/2026 16:55 | sink=staged | resolution=direct_image | verification=CONFIRMADO | manual_open_to_claim_ms=2096 | open_ms=15 | prep_ms=1 | ocr_ms=2558 | parse_ms=1 | manual_open_to_ingest_ms=4676
[SINK] committed | file_id=8d6829d67cbce52f488121a7783a14d19c2d9be9 | msg=- | talker=- | create_time=0 | sheet=Página1 | row=375 | ingest_to_commit_ms=1177 | manual_open_to_commit_ms=5853
[RETRY] 573fc8bbf2980c4097fd333ee44240ce_.jpg | attempt=1 | err=FileNotFoundError: Resolved file disappeared: C:\Users\Felipe\Documents\WeChat Files\wxid_xd3703k0ih2p22\FileStorage\Temp\573fc8bbf2980c4097fd333ee44240ce_.jpg
[RETRY] 0b1e170530fa266fa2a9f47e4a6dd4e0_.jpg | attempt=2 | err=FileNotFoundError: Resolved file disappeared: C:\Users\Felipe\Documents\WeChat Files\wxid_xd3703k0ih2p22\FileStorage\Temp\0b1e170530fa266fa2a9f47e4a6dd4e0_.jpg
[OK] 057a4319026850e67a4bcd790b831f4e.dat | cliente=652 | banco=AMD | valor=190.0 | data=21/07/2026 08:09 | sink=staged | resolution=direct_image | verification=CONFIRMADO | manual_open_to_claim_ms=1546 | open_ms=7 | prep_ms=0 | ocr_ms=3391 | parse_ms=2 | manual_open_to_ingest_ms=4951
[SINK] committed | file_id=bd8b28ffb049c5e31236237f5a766e559e39a4fd | msg=- | talker=- | create_time=0 | sheet=Página1 | row=376 | ingest_to_commit_ms=882 | manual_open_to_commit_ms=5833
[RETRY] 8ffa3f52ffdc532476b1995e0afdc810_.jpg | attempt=1 | err=FileNotFoundError: Resolved file disappeared: C:\Users\Felipe\Documents\WeChat Files\wxid_xd3703k0ih2p22\FileStorage\Temp\8ffa3f52ffdc532476b1995e0afdc810_.jpg
[OK] d47e23bf6bb36b2750f7ee1a748bda86.dat | cliente=652 | banco=AMD | valor=190.0 | data=21/07/2026 09:34 | sink=staged | resolution=direct_image | verification=CONFIRMADO | manual_open_to_claim_ms=1082 | open_ms=5 | prep_ms=1 | ocr_ms=5325 | parse_ms=3 | manual_open_to_ingest_ms=6425
[SINK] committed | file_id=24fa2769bb908b0b546ff5634e01447cd202ba4a | msg=- | talker=- | create_time=0 | sheet=Página1 | row=377 | ingest_to_commit_ms=835 | manual_open_to_commit_ms=7260
[SCAN] reconcile complete | queued_or_refreshed=11
[OK] ebc327408fc77d6c5cbf7a6c4d362ebd.dat | cliente=652 | banco=AMD | valor=558.0 | data=21/07/2026 11:23 | sink=staged | resolution=direct_image | verification=CONFIRMADO | manual_open_to_claim_ms=3841 | open_ms=5 | prep_ms=1 | ocr_ms=3735 | parse_ms=2 | manual_open_to_ingest_ms=7590
[SINK] committed | file_id=941285ca2d45eb14fe8189a54534b7572deac585 | msg=- | talker=- | create_time=0 | sheet=Página1 | row=378 | ingest_to_commit_ms=994 | manual_open_to_commit_ms=8584
[RETRY] 1ad7a604f638704fe17ca071172b9102_.jpg | attempt=2 | err=FileNotFoundError: Resolved file disappeared: C:\Users\Felipe\Documents\WeChat Files\wxid_xd3703k0ih2p22\FileStorage\Temp\1ad7a604f638704fe17ca071172b9102_.jpg
[RETRY] 1522d0bfc879fc754f6b9fcae53f6c3b_.jpg | attempt=2 | err=FileNotFoundError: Resolved file disappeared: C:\Users\Felipe\Documents\WeChat Files\wxid_xd3703k0ih2p22\FileStorage\Temp\1522d0bfc879fc754f6b9fcae53f6c3b_.jpg
[RETRY] 47b767b80bac50f314be030153cc8858_.jpg | attempt=1 | err=FileNotFoundError: Resolved file disappeared: C:\Users\Felipe\Documents\WeChat Files\wxid_xd3703k0ih2p22\FileStorage\Temp\47b767b80bac50f314be030153cc8858_.jpg
[RETRY] 6b6cd9e2aefd52a2da185db3d5e4eae3_.jpg | attempt=1 | err=FileNotFoundError: Resolved file disappeared: C:\Users\Felipe\Documents\WeChat Files\wxid_xd3703k0ih2p22\FileStorage\Temp\6b6cd9e2aefd52a2da185db3d5e4eae3_.jpg
[OK] c75b9f1156a5d7d435b3b6ce468621fc.dat | cliente=652 | banco=AMD | valor=260.0 | data=21/07/2026 11:42 | sink=staged | resolution=direct_image | verification=CONFIRMADO | manual_open_to_claim_ms=1737 | open_ms=5 | prep_ms=1 | ocr_ms=2772 | parse_ms=2 | manual_open_to_ingest_ms=4521
[SINK] committed | file_id=8dbd3edc8551b473f793224b653f7aadfb223a6f | msg=- | talker=- | create_time=0 | sheet=Página1 | row=379 | ingest_to_commit_ms=902 | manual_open_to_commit_ms=5423
[SKIP] e281ad24d27aae63196e565a8dab16fb_.jpg | temp_file_disappeared_after_3_attempts
[SKIP] c5d3d08deb43a40f746ae2f987ae5778_.jpg | temp_file_disappeared_after_3_attempts
[RETRY] 573fc8bbf2980c4097fd333ee44240ce_.jpg | attempt=2 | err=FileNotFoundError: Resolved file disappeared: C:\Users\Felipe\Documents\WeChat Files\wxid_xd3703k0ih2p22\FileStorage\Temp\573fc8bbf2980c4097fd333ee44240ce_.jpg
[RETRY] 12d9eb95255e433fd9879137abb21b9f_.jpg | attempt=1 | err=FileNotFoundError: Resolved file disappeared: C:\Users\Felipe\Documents\WeChat Files\wxid_xd3703k0ih2p22\FileStorage\Temp\12d9eb95255e433fd9879137abb21b9f_.jpg
[SKIP] 82ee03bd83e31410e736dde0393f4f2d_.jpg | temp_file_disappeared_after_3_attempts
[RETRY] 8ffa3f52ffdc532476b1995e0afdc810_.jpg | attempt=2 | err=FileNotFoundError: Resolved file disappeared: C:\Users\Felipe\Documents\WeChat Files\wxid_xd3703k0ih2p22\FileStorage\Temp\8ffa3f52ffdc532476b1995e0afdc810_.jpg
[OK] 84e7f24df20607e3c24c55150b6c348a.dat | cliente=652 | banco=AMD | valor=419.0 | data=21/07/2026 12:28 | sink=staged | resolution=direct_image | verification=CONFIRMADO | manual_open_to_claim_ms=1936 | open_ms=4 | prep_ms=0 | ocr_ms=2491 | parse_ms=2 | manual_open_to_ingest_ms=4437
[SINK] committed | file_id=28fd9eb29f8f9588cee6b75db3a6b526bcaadf6c | msg=- | talker=- | create_time=0 | sheet=Página1 | row=380 | ingest_to_commit_ms=1316 | manual_open_to_commit_ms=5753
[SKIP] e4d3d863a3d8ba8fba2bbf81794bbfcb_.jpg | temp_file_disappeared_after_3_attempts
[RETRY] d41ff9a69ac3670fd1064740e6a94544_.jpg | attempt=1 | err=FileNotFoundError: Resolved file disappeared: C:\Users\Felipe\Documents\WeChat Files\wxid_xd3703k0ih2p22\FileStorage\Temp\d41ff9a69ac3670fd1064740e6a94544_.jpg
[OK] 2798237dcf26da7b7fce9b14fdb74068.dat | cliente=652 | banco=AMD | valor=287.0 | data=21/07/2026 12:33 | sink=staged | resolution=direct_image | verification=CONFIRMADO | manual_open_to_claim_ms=1875 | open_ms=7 | prep_ms=17 | ocr_ms=1951 | parse_ms=1 | manual_open_to_ingest_ms=3855
[SINK] committed | file_id=af7b2461cbd40018f5dd0432c6d1678e455147c8 | msg=- | talker=- | create_time=0 | sheet=Página1 | row=381 | ingest_to_commit_ms=1577 | manual_open_to_commit_ms=5432
[SKIP] 8b00e41498a10bd39c92082ab1ace53c_.jpg | temp_file_disappeared_after_3_attempts
[RETRY] b000c6da6109334294c745e70ee0b87c_.jpg | attempt=1 | err=FileNotFoundError: Resolved file disappeared: C:\Users\Felipe\Documents\WeChat Files\wxid_xd3703k0ih2p22\FileStorage\Temp\b000c6da6109334294c745e70ee0b87c_.jpg
[OK] 1f660cca97961e3e5a0afdcef6984e4d.dat | cliente=652 | banco=AMD | valor=327.0 | data=21/07/2026 14:08 | sink=staged | resolution=direct_image | verification=CONFIRMADO | manual_open_to_claim_ms=1638 | open_ms=18 | prep_ms=1 | ocr_ms=3423 | parse_ms=1 | manual_open_to_ingest_ms=5087
[SINK] committed | file_id=398da12897181c3a691fc591ba06fc3e43960325 | msg=- | talker=- | create_time=0 | sheet=Página1 | row=382 | ingest_to_commit_ms=1232 | manual_open_to_commit_ms=6319
[SKIP] 0b1e170530fa266fa2a9f47e4a6dd4e0_.jpg | temp_file_disappeared_after_3_attempts
[RETRY] 47b767b80bac50f314be030153cc8858_.jpg | attempt=2 | err=FileNotFoundError: Resolved file disappeared: C:\Users\Felipe\Documents\WeChat Files\wxid_xd3703k0ih2p22\FileStorage\Temp\47b767b80bac50f314be030153cc8858_.jpg
[RETRY] 6b6cd9e2aefd52a2da185db3d5e4eae3_.jpg | attempt=2 | err=FileNotFoundError: Resolved file disappeared: C:\Users\Felipe\Documents\WeChat Files\wxid_xd3703k0ih2p22\FileStorage\Temp\6b6cd9e2aefd52a2da185db3d5e4eae3_.jpg
[RETRY] 3652a7a9ede4a5cfd3be5b4c23803459_.jpg | attempt=1 | err=FileNotFoundError: Resolved file disappeared: C:\Users\Felipe\Documents\WeChat Files\wxid_xd3703k0ih2p22\FileStorage\Temp\3652a7a9ede4a5cfd3be5b4c23803459_.jpg
[RETRY] 12d9eb95255e433fd9879137abb21b9f_.jpg | attempt=2 | err=FileNotFoundError: Resolved file disappeared: C:\Users\Felipe\Documents\WeChat Files\wxid_xd3703k0ih2p22\FileStorage\Temp\12d9eb95255e433fd9879137abb21b9f_.jpg
[OK] 4fa0b208b8455ec206bfac52d746ef6c.dat | cliente=652 | banco=AMD | valor=119.0 | data=21/07/2026 14:28 | sink=staged | resolution=direct_image | verification=CONFIRMADO | manual_open_to_claim_ms=1775 | open_ms=2 | prep_ms=1 | ocr_ms=2385 | parse_ms=1 | manual_open_to_ingest_ms=4164
[SINK] committed | file_id=9b8a1d720799bdd4170678e7f7377ed4821ea38d | msg=- | talker=- | create_time=0 | sheet=Página1 | row=383 | ingest_to_commit_ms=941 | manual_open_to_commit_ms=5105
[RETRY] 5353248172090ecc0f7ebb84c1d69cac_.jpg | attempt=1 | err=FileNotFoundError: Resolved file disappeared: C:\Users\Felipe\Documents\WeChat Files\wxid_xd3703k0ih2p22\FileStorage\Temp\5353248172090ecc0f7ebb84c1d69cac_.jpg
[RETRY] d41ff9a69ac3670fd1064740e6a94544_.jpg | attempt=2 | err=FileNotFoundError: Resolved file disappeared: C:\Users\Felipe\Documents\WeChat Files\wxid_xd3703k0ih2p22\FileStorage\Temp\d41ff9a69ac3670fd1064740e6a94544_.jpg
[OK] 30fc1cc74c9782a159d18784e1f4c157.dat | cliente=652 | banco=AMD | valor=476.0 | data=21/07/2026 15:47 | sink=staged | resolution=direct_image | verification=CONFIRMADO | manual_open_to_claim_ms=2226 | open_ms=5 | prep_ms=1 | ocr_ms=3509 | parse_ms=2 | manual_open_to_ingest_ms=5748
[SINK] committed | file_id=cad1b027bfa37b2652b71e04b7b74e458571f1d0 | msg=- | talker=- | create_time=0 | sheet=Página1 | row=384 | ingest_to_commit_ms=1336 | manual_open_to_commit_ms=7083
[RETRY] 32b19925d7bbac47c59e12b8c6e02dfd_.jpg | attempt=1 | err=FileNotFoundError: Resolved file disappeared: C:\Users\Felipe\Documents\WeChat Files\wxid_xd3703k0ih2p22\FileStorage\Temp\32b19925d7bbac47c59e12b8c6e02dfd_.jpg
[RETRY] b000c6da6109334294c745e70ee0b87c_.jpg | attempt=2 | err=FileNotFoundError: Resolved file disappeared: C:\Users\Felipe\Documents\WeChat Files\wxid_xd3703k0ih2p22\FileStorage\Temp\b000c6da6109334294c745e70ee0b87c_.jpg
[OK] f1fd791a6ad6b2fe00e176fba1f7fe2b.dat | cliente=652 | banco=AMD | valor=190.0 | data=21/07/2026 16:43 | sink=staged | resolution=direct_image | verification=CONFIRMADO | manual_open_to_claim_ms=1983 | open_ms=4 | prep_ms=1 | ocr_ms=3072 | parse_ms=1 | manual_open_to_ingest_ms=5067
[SINK] committed | file_id=08e790c43abf75a7941cc00b41e5b805e594fc3f | msg=- | talker=- | create_time=0 | sheet=Página1 | row=385 | ingest_to_commit_ms=961 | manual_open_to_commit_ms=6028
[RETRY] 4a39d67b6f6f086ae09351f18a982ab9_.jpg | attempt=1 | err=FileNotFoundError: Resolved file disappeared: C:\Users\Felipe\Documents\WeChat Files\wxid_xd3703k0ih2p22\FileStorage\Temp\4a39d67b6f6f086ae09351f18a982ab9_.jpg
[SKIP] 1ad7a604f638704fe17ca071172b9102_.jpg | temp_file_disappeared_after_3_attempts
[SKIP] 1522d0bfc879fc754f6b9fcae53f6c3b_.jpg | temp_file_disappeared_after_3_attempts
[OK] b11389293ccc600a6d2ff3d51f9eb0bf.dat | cliente=652 | banco=AMD | valor=190.0 | data=21/07/2026 16:41 | sink=staged | resolution=direct_image | verification=CONFIRMADO | manual_open_to_claim_ms=1152 | open_ms=6 | prep_ms=1 | ocr_ms=2952 | parse_ms=1 | manual_open_to_ingest_ms=4115
[SINK] committed | file_id=f0f5b99f65134fcc8ab18b7acec7318d410cb696 | msg=- | talker=- | create_time=0 | sheet=Página1 | row=386 | ingest_to_commit_ms=1156 | manual_open_to_commit_ms=5270
[SKIP] 573fc8bbf2980c4097fd333ee44240ce_.jpg | temp_file_disappeared_after_3_attempts
[RETRY] 3652a7a9ede4a5cfd3be5b4c23803459_.jpg | attempt=2 | err=FileNotFoundError: Resolved file disappeared: C:\Users\Felipe\Documents\WeChat Files\wxid_xd3703k0ih2p22\FileStorage\Temp\3652a7a9ede4a5cfd3be5b4c23803459_.jpg
[RETRY] 013cee43eee65505bb0ede0bbac970f4_.jpg | attempt=1 | err=FileNotFoundError: Resolved file disappeared: C:\Users\Felipe\Documents\WeChat Files\wxid_xd3703k0ih2p22\FileStorage\Temp\013cee43eee65505bb0ede0bbac970f4_.jpg
[SKIP] 8ffa3f52ffdc532476b1995e0afdc810_.jpg | temp_file_disappeared_after_3_attempts
[RETRY] 5353248172090ecc0f7ebb84c1d69cac_.jpg | attempt=2 | err=FileNotFoundError: Resolved file disappeared: C:\Users\Felipe\Documents\WeChat Files\wxid_xd3703k0ih2p22\FileStorage\Temp\5353248172090ecc0f7ebb84c1d69cac_.jpg
[OK] 5677dddf32ee6be90469f0900bf683c0.dat | cliente=652 | banco=AMD | valor=329.0 | data=21/07/2026 16:41 | sink=staged | resolution=direct_image | verification=CONFIRMADO | manual_open_to_claim_ms=2136 | open_ms=7 | prep_ms=1 | ocr_ms=3924 | parse_ms=1 | manual_open_to_ingest_ms=6072
[SINK] committed | file_id=705d840f0eec9c7a0ae16556869de3d0a3a19b11 | msg=- | talker=- | create_time=0 | sheet=Página1 | row=387 | ingest_to_commit_ms=1425 | manual_open_to_commit_ms=7498
[SCAN] reconcile complete | queued_or_refreshed=17
[OK] 355c886c54a48852c68e9b4fa5c3319b.dat | cliente=652 | banco=AMD | valor=289.0 | data=21/07/2026 23:40 | sink=staged | resolution=direct_image | verification=CONFIRMADO | manual_open_to_claim_ms=7049 | open_ms=6 | prep_ms=2 | ocr_ms=3626 | parse_ms=1 | manual_open_to_ingest_ms=10684
[SINK] committed | file_id=93d1e736c625cc271c236e2d88f3f67422f969a2 | msg=- | talker=- | create_time=0 | sheet=Página1 | row=388 | ingest_to_commit_ms=1068 | manual_open_to_commit_ms=11751
[OK] 401fb68324a770f0421b5dea153c331b.dat | cliente=652 | banco=CLEEND | valor=280.0 | data=22/07/2026 04:03 | sink=staged | resolution=direct_image | verification=CONFIRMADO | manual_open_to_claim_ms=4464 | open_ms=19 | prep_ms=1 | ocr_ms=5274 | parse_ms=3 | manual_open_to_ingest_ms=9768
[SINK] committed | file_id=11d59f78a2383539811683d6c48574f3b5b5b3e3 | msg=- | talker=- | create_time=0 | sheet=Página1 | row=389 | ingest_to_commit_ms=1590 | manual_open_to_commit_ms=11358
[OK] b69c522eaeadd407942aa657b6f9cf8a.dat | cliente=652 | banco=CLEEND | valor=165.0 | data=22/07/2026 08:07 | sink=staged | resolution=direct_image | verification=CONFIRMADO | manual_open_to_claim_ms=2012 | open_ms=30 | prep_ms=1 | ocr_ms=1831 | parse_ms=1 | manual_open_to_ingest_ms=3878
[SINK] committed | file_id=76a88e8fd5a0f6839cd369c8dc35f733f943ed3e | msg=- | talker=- | create_time=0 | sheet=Página1 | row=390 | ingest_to_commit_ms=1496 | manual_open_to_commit_ms=5375
[SKIP] 47b767b80bac50f314be030153cc8858_.jpg | temp_file_disappeared_after_3_attempts
[SKIP] 6b6cd9e2aefd52a2da185db3d5e4eae3_.jpg | temp_file_disappeared_after_3_attempts
[SKIP] 12d9eb95255e433fd9879137abb21b9f_.jpg | temp_file_disappeared_after_3_attempts
[SKIP] d41ff9a69ac3670fd1064740e6a94544_.jpg | temp_file_disappeared_after_3_attempts
[RETRY] 32b19925d7bbac47c59e12b8c6e02dfd_.jpg | attempt=2 | err=FileNotFoundError: Resolved file disappeared: C:\Users\Felipe\Documents\WeChat Files\wxid_xd3703k0ih2p22\FileStorage\Temp\32b19925d7bbac47c59e12b8c6e02dfd_.jpg
[RETRY] 4a39d67b6f6f086ae09351f18a982ab9_.jpg | attempt=2 | err=FileNotFoundError: Resolved file disappeared: C:\Users\Felipe\Documents\WeChat Files\wxid_xd3703k0ih2p22\FileStorage\Temp\4a39d67b6f6f086ae09351f18a982ab9_.jpg
[RETRY] 013cee43eee65505bb0ede0bbac970f4_.jpg | attempt=2 | err=FileNotFoundError: Resolved file disappeared: C:\Users\Felipe\Documents\WeChat Files\wxid_xd3703k0ih2p22\FileStorage\Temp\013cee43eee65505bb0ede0bbac970f4_.jpg
[RETRY] 1f1b11d2fa2d0fafc2dfc25effc455ed_.jpg | attempt=1 | err=FileNotFoundError: Resolved file disappeared: C:\Users\Felipe\Documents\WeChat Files\wxid_xd3703k0ih2p22\FileStorage\Temp\1f1b11d2fa2d0fafc2dfc25effc455ed_.jpg
[RETRY] d9672d49ee4573947444ad37924328ad_.jpg | attempt=1 | err=FileNotFoundError: Resolved file disappeared: C:\Users\Felipe\Documents\WeChat Files\wxid_xd3703k0ih2p22\FileStorage\Temp\d9672d49ee4573947444ad37924328ad_.jpg
[RETRY] d493b2c3b1a6848b155a047c37c676f0_.jpg | attempt=1 | err=FileNotFoundError: Resolved file disappeared: C:\Users\Felipe\Documents\WeChat Files\wxid_xd3703k0ih2p22\FileStorage\Temp\d493b2c3b1a6848b155a047c37c676f0_.jpg
[RETRY] 7ecbd8014d9e27a421b5013a2e1f9daf_.jpg | attempt=1 | err=FileNotFoundError: Resolved file disappeared: C:\Users\Felipe\Documents\WeChat Files\wxid_xd3703k0ih2p22\FileStorage\Temp\7ecbd8014d9e27a421b5013a2e1f9daf_.jpg
[OK] be62cc86726ca516c92dace7b343aae0.dat | cliente=652 | banco=CLEEND | valor=260.0 | data=22/07/2026 08:11 | sink=staged | resolution=direct_image | verification=CONFIRMADO | manual_open_to_claim_ms=2177 | open_ms=19 | prep_ms=1 | ocr_ms=4485 | parse_ms=2 | manual_open_to_ingest_ms=6690
[SINK] committed | file_id=d8fbdeb4d4fb12c2b6dbefcf0e28f451c5ba5d03 | msg=- | talker=- | create_time=0 | sheet=Página1 | row=391 | ingest_to_commit_ms=1443 | manual_open_to_commit_ms=8133
[SKIP] b000c6da6109334294c745e70ee0b87c_.jpg | temp_file_disappeared_after_3_attempts
[RETRY] 27ab356d1345ec618efd5e9e7761a5da_.jpg | attempt=1 | err=FileNotFoundError: Resolved file disappeared: C:\Users\Felipe\Documents\WeChat Files\wxid_xd3703k0ih2p22\FileStorage\Temp\27ab356d1345ec618efd5e9e7761a5da_.jpg
[OK] a5a66d2153d49c63564a8fabcbabe8d1.dat | cliente=652 | banco=CLEEND | valor=310.0 | data=22/07/2026 08:42 | sink=staged | resolution=direct_image | verification=CONFIRMADO | manual_open_to_claim_ms=1791 | open_ms=20 | prep_ms=1 | ocr_ms=2837 | parse_ms=2 | manual_open_to_ingest_ms=4657
[SINK] committed | file_id=7550fe8248f6526e009c9a63de52bd2b7357e828 | msg=- | talker=- | create_time=0 | sheet=Página1 | row=392 | ingest_to_commit_ms=922 | manual_open_to_commit_ms=5579
[RETRY] 943b55b84eb4677c4eff6a11ae0d7a5a_.jpg | attempt=1 | err=FileNotFoundError: Resolved file disappeared: C:\Users\Felipe\Documents\WeChat Files\wxid_xd3703k0ih2p22\FileStorage\Temp\943b55b84eb4677c4eff6a11ae0d7a5a_.jpg
[OK] d4f73f0180cd47ed1b27238ceddff165.dat | cliente=652 | banco=CLEEND | valor=280.0 | data=22/07/2026 08:33 | sink=staged | resolution=direct_image | verification=CONFIRMADO | manual_open_to_claim_ms=2208 | open_ms=13 | prep_ms=1 | ocr_ms=2359 | parse_ms=2 | manual_open_to_ingest_ms=4586
[SINK] committed | file_id=2df917ba2ee79dc454c16a7a2eb10f196e26d425 | msg=- | talker=- | create_time=0 | sheet=Página1 | row=393 | ingest_to_commit_ms=954 | manual_open_to_commit_ms=5540
[SKIP] 3652a7a9ede4a5cfd3be5b4c23803459_.jpg | temp_file_disappeared_after_3_attempts
[SKIP] 5353248172090ecc0f7ebb84c1d69cac_.jpg | temp_file_disappeared_after_3_attempts
[RETRY] 4dde84f1ef326f8d68df1301ae53333b_.jpg | attempt=1 | err=FileNotFoundError: Resolved file disappeared: C:\Users\Felipe\Documents\WeChat Files\wxid_xd3703k0ih2p22\FileStorage\Temp\4dde84f1ef326f8d68df1301ae53333b_.jpg
[OK] dc732efa110a61bdd191b54a3b1b6b74.dat | cliente=652 | banco=CLEEND | valor=175.0 | data=22/07/2026 09:36 | sink=staged | resolution=direct_image | verification=CONFIRMADO | manual_open_to_claim_ms=1101 | open_ms=5 | prep_ms=0 | ocr_ms=1988 | parse_ms=1 | manual_open_to_ingest_ms=3098
[SINK] committed | file_id=6c7977b5088449444211cbcc18322864c5acf469 | msg=- | talker=- | create_time=0 | sheet=Página1 | row=394 | ingest_to_commit_ms=1041 | manual_open_to_commit_ms=4139
[RETRY] 1f1b11d2fa2d0fafc2dfc25effc455ed_.jpg | attempt=2 | err=FileNotFoundError: Resolved file disappeared: C:\Users\Felipe\Documents\WeChat Files\wxid_xd3703k0ih2p22\FileStorage\Temp\1f1b11d2fa2d0fafc2dfc25effc455ed_.jpg
[RETRY] d9672d49ee4573947444ad37924328ad_.jpg | attempt=2 | err=FileNotFoundError: Resolved file disappeared: C:\Users\Felipe\Documents\WeChat Files\wxid_xd3703k0ih2p22\FileStorage\Temp\d9672d49ee4573947444ad37924328ad_.jpg
[RETRY] d493b2c3b1a6848b155a047c37c676f0_.jpg | attempt=2 | err=FileNotFoundError: Resolved file disappeared: C:\Users\Felipe\Documents\WeChat Files\wxid_xd3703k0ih2p22\FileStorage\Temp\d493b2c3b1a6848b155a047c37c676f0_.jpg
[RETRY] 7ecbd8014d9e27a421b5013a2e1f9daf_.jpg | attempt=2 | err=FileNotFoundError: Resolved file disappeared: C:\Users\Felipe\Documents\WeChat Files\wxid_xd3703k0ih2p22\FileStorage\Temp\7ecbd8014d9e27a421b5013a2e1f9daf_.jpg
[RETRY] a70c5683d43d6e2440207bcc58783518_.jpg | attempt=1 | err=FileNotFoundError: Resolved file disappeared: C:\Users\Felipe\Documents\WeChat Files\wxid_xd3703k0ih2p22\FileStorage\Temp\a70c5683d43d6e2440207bcc58783518_.jpg
[RETRY] d307152eaa373019585098fd7d3c5cc6_.jpg | attempt=1 | err=FileNotFoundError: Resolved file disappeared: C:\Users\Felipe\Documents\WeChat Files\wxid_xd3703k0ih2p22\FileStorage\Temp\d307152eaa373019585098fd7d3c5cc6_.jpg
[OK] 7b5233efa3b2edc82f147c4c4da38128.dat | cliente=652 | banco=CLEEND | valor=317.0 | data=22/07/2026 09:47 | sink=staged | resolution=direct_image | verification=CONFIRMADO | manual_open_to_claim_ms=1095 | open_ms=28 | prep_ms=1 | ocr_ms=1966 | parse_ms=1 | manual_open_to_ingest_ms=3096
[SINK] committed | file_id=8cfca526944c2aaaf89a69b5a7a9349d692e5ca7 | msg=- | talker=- | create_time=0 | sheet=Página1 | row=395 | ingest_to_commit_ms=918 | manual_open_to_commit_ms=4014
[RETRY] 27ab356d1345ec618efd5e9e7761a5da_.jpg | attempt=2 | err=FileNotFoundError: Resolved file disappeared: C:\Users\Felipe\Documents\WeChat Files\wxid_xd3703k0ih2p22\FileStorage\Temp\27ab356d1345ec618efd5e9e7761a5da_.jpg
[OK] 228d91e3237ddc24c5e2a20aa13fa209.dat | cliente=652 | banco=CLEEND | valor=190.0 | data=22/07/2026 10:19 | sink=staged | resolution=direct_image | verification=CONFIRMADO | manual_open_to_claim_ms=2181 | open_ms=15 | prep_ms=1 | ocr_ms=3466 | parse_ms=2 | manual_open_to_ingest_ms=5671
[SINK] committed | file_id=af6a2bd8aa89af75738cd7e13ef287c52afb2d00 | msg=- | talker=- | create_time=0 | sheet=Página1 | row=396 | ingest_to_commit_ms=1534 | manual_open_to_commit_ms=7206
[RETRY] 943b55b84eb4677c4eff6a11ae0d7a5a_.jpg | attempt=2 | err=FileNotFoundError: Resolved file disappeared: C:\Users\Felipe\Documents\WeChat Files\wxid_xd3703k0ih2p22\FileStorage\Temp\943b55b84eb4677c4eff6a11ae0d7a5a_.jpg
[RETRY] 85524811d0eac25393bde1b0a643b69b_.jpg | attempt=1 | err=FileNotFoundError: Resolved file disappeared: C:\Users\Felipe\Documents\WeChat Files\wxid_xd3703k0ih2p22\FileStorage\Temp\85524811d0eac25393bde1b0a643b69b_.jpg
[OK] 4b82758600ce22e9fa64d86c9d4e6b6a.dat | cliente=652 | banco=CLEEND | valor=280.0 | data=22/07/2026 10:31 | sink=staged | resolution=direct_image | verification=CONFIRMADO | manual_open_to_claim_ms=1009 | open_ms=4 | prep_ms=0 | ocr_ms=1784 | parse_ms=1 | manual_open_to_ingest_ms=2802
[SINK] committed | file_id=e9e2b9456aad9888a7015b4a0c852028133b0aac | msg=- | talker=- | create_time=0 | sheet=Página1 | row=397 | ingest_to_commit_ms=1053 | manual_open_to_commit_ms=3855
[RETRY] 4dde84f1ef326f8d68df1301ae53333b_.jpg | attempt=2 | err=FileNotFoundError: Resolved file disappeared: C:\Users\Felipe\Documents\WeChat Files\wxid_xd3703k0ih2p22\FileStorage\Temp\4dde84f1ef326f8d68df1301ae53333b_.jpg
[RETRY] b51e3ec2e42bae609aab94787eb9ef70_.jpg | attempt=1 | err=FileNotFoundError: Resolved file disappeared: C:\Users\Felipe\Documents\WeChat Files\wxid_xd3703k0ih2p22\FileStorage\Temp\b51e3ec2e42bae609aab94787eb9ef70_.jpg
[SKIP] 32b19925d7bbac47c59e12b8c6e02dfd_.jpg | temp_file_disappeared_after_3_attempts
[SKIP] 4a39d67b6f6f086ae09351f18a982ab9_.jpg | temp_file_disappeared_after_3_attempts
[SKIP] 013cee43eee65505bb0ede0bbac970f4_.jpg | temp_file_disappeared_after_3_attempts
[SCAN] reconcile complete | queued_or_refreshed=17
[OK] 40982f3deffb82ee66c034db95818cf8.dat | cliente=652 | banco=AMD | valor=180.0 | data=21/07/2026 14:28 | sink=staged | resolution=direct_image | verification=CONFIRMADO | manual_open_to_claim_ms=5158 | open_ms=19 | prep_ms=1 | ocr_ms=5053 | parse_ms=2 | manual_open_to_ingest_ms=10238
[SINK] committed | file_id=ded165b5a24a40930ee1a3dd702547108292bc53 | msg=- | talker=- | create_time=0 | sheet=Página1 | row=398 | ingest_to_commit_ms=1328 | manual_open_to_commit_ms=11566
[OK] 52a077a68bd86d1d8ddc15f536067077.dat | cliente=652 | banco=CLEEND | valor=510.0 | data=22/07/2026 10:50 | sink=staged | resolution=direct_image | verification=CONFIRMADO | manual_open_to_claim_ms=2930 | open_ms=12 | prep_ms=1 | ocr_ms=3249 | parse_ms=2 | manual_open_to_ingest_ms=6199
[SINK] committed | file_id=726d34d84eabe0ae438e9b711d3405cc42c92014 | msg=- | talker=- | create_time=0 | sheet=Página1 | row=399 | ingest_to_commit_ms=1122 | manual_open_to_commit_ms=7321
[RETRY] a70c5683d43d6e2440207bcc58783518_.jpg | attempt=2 | err=FileNotFoundError: Resolved file disappeared: C:\Users\Felipe\Documents\WeChat Files\wxid_xd3703k0ih2p22\FileStorage\Temp\a70c5683d43d6e2440207bcc58783518_.jpg
[RETRY] d307152eaa373019585098fd7d3c5cc6_.jpg | attempt=2 | err=FileNotFoundError: Resolved file disappeared: C:\Users\Felipe\Documents\WeChat Files\wxid_xd3703k0ih2p22\FileStorage\Temp\d307152eaa373019585098fd7d3c5cc6_.jpg
[RETRY] 620ebfebecddf5ff13eac91857302e00_.jpg | attempt=1 | err=FileNotFoundError: Resolved file disappeared: C:\Users\Felipe\Documents\WeChat Files\wxid_xd3703k0ih2p22\FileStorage\Temp\620ebfebecddf5ff13eac91857302e00_.jpg
[RETRY] b8d823103de56a22e2b6ab2c330897ee_.jpg | attempt=1 | err=FileNotFoundError: Resolved file disappeared: C:\Users\Felipe\Documents\WeChat Files\wxid_xd3703k0ih2p22\FileStorage\Temp\b8d823103de56a22e2b6ab2c330897ee_.jpg
[RETRY] 85524811d0eac25393bde1b0a643b69b_.jpg | attempt=2 | err=FileNotFoundError: Resolved file disappeared: C:\Users\Felipe\Documents\WeChat Files\wxid_xd3703k0ih2p22\FileStorage\Temp\85524811d0eac25393bde1b0a643b69b_.jpg
[OK] 7ce88b5e8fc0f99043efb88fd866d37e.dat | cliente=652 | banco=CLEEND | valor=370.0 | data=22/07/2026 11:24 | sink=staged | resolution=direct_image | verification=CONFIRMADO | manual_open_to_claim_ms=1425 | open_ms=23 | prep_ms=1 | ocr_ms=1642 | parse_ms=1 | manual_open_to_ingest_ms=3098
[SINK] committed | file_id=b48201cd4ee0f9dcf515c457871de94d8a207d4f | msg=- | talker=- | create_time=0 | sheet=Página1 | row=400 | ingest_to_commit_ms=1056 | manual_open_to_commit_ms=4153
[RETRY] 162c4f9ab3e659f06340e4cfe69126d0_.jpg | attempt=1 | err=FileNotFoundError: Resolved file disappeared: C:\Users\Felipe\Documents\WeChat Files\wxid_xd3703k0ih2p22\FileStorage\Temp\162c4f9ab3e659f06340e4cfe69126d0_.jpg
[RETRY] b51e3ec2e42bae609aab94787eb9ef70_.jpg | attempt=2 | err=FileNotFoundError: Resolved file disappeared: C:\Users\Felipe\Documents\WeChat Files\wxid_xd3703k0ih2p22\FileStorage\Temp\b51e3ec2e42bae609aab94787eb9ef70_.jpg
[SKIP] 1f1b11d2fa2d0fafc2dfc25effc455ed_.jpg | temp_file_disappeared_after_3_attempts
[SKIP] d9672d49ee4573947444ad37924328ad_.jpg | temp_file_disappeared_after_3_attempts
[SKIP] d493b2c3b1a6848b155a047c37c676f0_.jpg | temp_file_disappeared_after_3_attempts
[SKIP] 7ecbd8014d9e27a421b5013a2e1f9daf_.jpg | temp_file_disappeared_after_3_attempts
[OK] 47f252e53b55bca741eda8971e24d752.dat | cliente=652 | banco=CLEEND | valor=175.0 | data=22/07/2026 11:25 | sink=staged | resolution=direct_image | verification=CONFIRMADO | manual_open_to_claim_ms=1811 | open_ms=54 | prep_ms=2 | ocr_ms=2857 | parse_ms=1 | manual_open_to_ingest_ms=4732
[SINK] committed | file_id=324203715a60f587e9d877f83efe0c9abebd2839 | msg=- | talker=- | create_time=0 | sheet=Página1 | row=401 | ingest_to_commit_ms=1328 | manual_open_to_commit_ms=6060
[RETRY] 7ad699be9a768ee6226c5354a23ca9fc_.jpg | attempt=1 | err=FileNotFoundError: Resolved file disappeared: C:\Users\Felipe\Documents\WeChat Files\wxid_xd3703k0ih2p22\FileStorage\Temp\7ad699be9a768ee6226c5354a23ca9fc_.jpg
[OK] 963a91f6a44073eef704852b8fc775c8.dat | cliente=652 | banco=CLEEND | valor=840.0 | data=22/07/2026 11:29 | sink=staged | resolution=direct_image | verification=CONFIRMADO | manual_open_to_claim_ms=2254 | open_ms=6 | prep_ms=1 | ocr_ms=2614 | parse_ms=2 | manual_open_to_ingest_ms=4881
[SINK] committed | file_id=d70bd413d9509a5d3eb1d6ea73e6574c03c27eec | msg=- | talker=- | create_time=0 | sheet=Página1 | row=402 | ingest_to_commit_ms=1428 | manual_open_to_commit_ms=6310
[SKIP] 27ab356d1345ec618efd5e9e7761a5da_.jpg | temp_file_disappeared_after_3_attempts
[RETRY] 2871e4224efa054c92a07942f3269fa0_.jpg | attempt=1 | err=FileNotFoundError: Resolved file disappeared: C:\Users\Felipe\Documents\WeChat Files\wxid_xd3703k0ih2p22\FileStorage\Temp\2871e4224efa054c92a07942f3269fa0_.jpg
[RETRY] 620ebfebecddf5ff13eac91857302e00_.jpg | attempt=2 | err=FileNotFoundError: Resolved file disappeared: C:\Users\Felipe\Documents\WeChat Files\wxid_xd3703k0ih2p22\FileStorage\Temp\620ebfebecddf5ff13eac91857302e00_.jpg
[RETRY] b8d823103de56a22e2b6ab2c330897ee_.jpg | attempt=2 | err=FileNotFoundError: Resolved file disappeared: C:\Users\Felipe\Documents\WeChat Files\wxid_xd3703k0ih2p22\FileStorage\Temp\b8d823103de56a22e2b6ab2c330897ee_.jpg
[SKIP] 943b55b84eb4677c4eff6a11ae0d7a5a_.jpg | temp_file_disappeared_after_3_attempts
[RETRY] 162c4f9ab3e659f06340e4cfe69126d0_.jpg | attempt=2 | err=FileNotFoundError: Resolved file disappeared: C:\Users\Felipe\Documents\WeChat Files\wxid_xd3703k0ih2p22\FileStorage\Temp\162c4f9ab3e659f06340e4cfe69126d0_.jpg
[SKIP] 4dde84f1ef326f8d68df1301ae53333b_.jpg | temp_file_disappeared_after_3_attempts
[RETRY] 7ad699be9a768ee6226c5354a23ca9fc_.jpg | attempt=2 | err=FileNotFoundError: Resolved file disappeared: C:\Users\Felipe\Documents\WeChat Files\wxid_xd3703k0ih2p22\FileStorage\Temp\7ad699be9a768ee6226c5354a23ca9fc_.jpg
[RETRY] 2871e4224efa054c92a07942f3269fa0_.jpg | attempt=2 | err=FileNotFoundError: Resolved file disappeared: C:\Users\Felipe\Documents\WeChat Files\wxid_xd3703k0ih2p22\FileStorage\Temp\2871e4224efa054c92a07942f3269fa0_.jpg
[SKIP] a70c5683d43d6e2440207bcc58783518_.jpg | temp_file_disappeared_after_3_attempts
[SKIP] d307152eaa373019585098fd7d3c5cc6_.jpg | temp_file_disappeared_after_3_attempts
[SKIP] 85524811d0eac25393bde1b0a643b69b_.jpg | temp_file_disappeared_after_3_attempts
[SKIP] b51e3ec2e42bae609aab94787eb9ef70_.jpg | temp_file_disappeared_after_3_attempts
[SCAN] reconcile complete | queued_or_refreshed=12
[SKIP] 620ebfebecddf5ff13eac91857302e00_.jpg | temp_file_disappeared_after_3_attempts
[SKIP] b8d823103de56a22e2b6ab2c330897ee_.jpg | temp_file_disappeared_after_3_attempts
[SKIP] 162c4f9ab3e659f06340e4cfe69126d0_.jpg | temp_file_disappeared_after_3_attempts
[SKIP] 7ad699be9a768ee6226c5354a23ca9fc_.jpg | temp_file_disappeared_after_3_attempts
[SKIP] 2871e4224efa054c92a07942f3269fa0_.jpg | temp_file_disappeared_after_3_attempts
[SCAN] reconcile complete | queued_or_refreshed=7
[SCAN] reconcile complete | queued_or_refreshed=0
[SCAN] reconcile complete | queued_or_refreshed=0
[OK] feb2c26eb184f95543b552e2178f338d.dat | cliente=6 | banco=CLEEND | valor=2125.0 | data=22/07/2026 10:53 | sink=staged | resolution=direct_image | verification=CONFIRMADO | manual_open_to_claim_ms=1226 | open_ms=36 | prep_ms=1 | ocr_ms=3304 | parse_ms=2 | manual_open_to_ingest_ms=4589
[SINK] committed | file_id=4b7bab076e30317b7579f66f6907f80e22425f13 | msg=- | talker=- | create_time=0 | sheet=Página1 | row=403 | ingest_to_commit_ms=2315 | manual_open_to_commit_ms=6904
[SCAN] reconcile complete | queued_or_refreshed=2
[OK] 667cb09325b3c5eaad5dbf0e61788230.dat | cliente=6 | banco=CLEEND | valor=2000.0 | data=22/07/2026 10:20 | sink=staged | resolution=direct_image | verification=CONFIRMADO | manual_open_to_claim_ms=6420 | open_ms=14 | prep_ms=1 | ocr_ms=3650 | parse_ms=1 | manual_open_to_ingest_ms=10090
[SINK] committed | file_id=94d20884b12d824edbff3a5ad4bb65b0af9b0de3 | msg=- | talker=- | create_time=0 | sheet=Página1 | row=404 | ingest_to_commit_ms=1233 | manual_open_to_commit_ms=11323
[OK] 75f750f13afa46b99df932b76da4c2ec.dat | cliente=6 | banco=CLEEND | valor=972.0 | data=22/07/2026 10:16 | sink=staged | resolution=direct_image | verification=CONFIRMADO | manual_open_to_claim_ms=2466 | open_ms=11 | prep_ms=0 | ocr_ms=2817 | parse_ms=1 | manual_open_to_ingest_ms=5299
[SINK] committed | file_id=8eb2bf1d5eac7d2422679dd6e8192643b05e06f5 | msg=- | talker=- | create_time=0 | sheet=Página1 | row=405 | ingest_to_commit_ms=1173 | manual_open_to_commit_ms=6471
[RETRY] cd1a692545b015696306d185b5e84cd5_.jpg | attempt=1 | err=FileNotFoundError: Resolved file disappeared: C:\Users\Felipe\Documents\WeChat Files\wxid_xd3703k0ih2p22\FileStorage\Temp\cd1a692545b015696306d185b5e84cd5_.jpg
[RETRY] c20353db64ec684a66fddea99831498e_.jpg | attempt=1 | err=FileNotFoundError: Resolved file disappeared: C:\Users\Felipe\Documents\WeChat Files\wxid_xd3703k0ih2p22\FileStorage\Temp\c20353db64ec684a66fddea99831498e_.jpg
[RETRY] 12e23c663d6454d2215600ef34ba37ca_.jpg | attempt=1 | err=FileNotFoundError: Resolved file disappeared: C:\Users\Felipe\Documents\WeChat Files\wxid_xd3703k0ih2p22\FileStorage\Temp\12e23c663d6454d2215600ef34ba37ca_.jpg
[OK] f86d046b7c9d631f87f035b81b497ff7.dat | cliente=6 | banco=CLEEND | valor=670.0 | data=22/07/2026 10:06 | sink=staged | resolution=direct_image | verification=CONFIRMADO | manual_open_to_claim_ms=1955 | open_ms=5 | prep_ms=1 | ocr_ms=3183 | parse_ms=1 | manual_open_to_ingest_ms=5148
[SINK] committed | file_id=c543233af498dcd0deafe3705de5bfefe186d95a | msg=- | talker=- | create_time=0 | sheet=Página1 | row=406 | ingest_to_commit_ms=1471 | manual_open_to_commit_ms=6618
[RETRY] 285c92418f0736cdbea111232ac432e2_.jpg | attempt=1 | err=FileNotFoundError: Resolved file disappeared: C:\Users\Felipe\Documents\WeChat Files\wxid_xd3703k0ih2p22\FileStorage\Temp\285c92418f0736cdbea111232ac432e2_.jpg
[OK] 21886f6f2afffab6f63867eaf7fe7788.dat | cliente=6 | banco=CLEEND | valor=541.0 | data=22/07/2026 09:48 | sink=staged | resolution=direct_image | verification=CONFIRMADO | manual_open_to_claim_ms=1475 | open_ms=3 | prep_ms=0 | ocr_ms=1842 | parse_ms=1 | manual_open_to_ingest_ms=3320
[SINK] committed | file_id=746642966fc021c7c00efb67bd4fd42b6b914a2d | msg=- | talker=- | create_time=0 | sheet=Página1 | row=407 | ingest_to_commit_ms=2004 | manual_open_to_commit_ms=5323
[RETRY] 4aadcc2e1f50401aef328e698f4ee07f_.jpg | attempt=1 | err=FileNotFoundError: Resolved file disappeared: C:\Users\Felipe\Documents\WeChat Files\wxid_xd3703k0ih2p22\FileStorage\Temp\4aadcc2e1f50401aef328e698f4ee07f_.jpg
[OK] 1ff2c4288fe060a8cbf77947e299a1b7.dat | cliente=6 | banco=CLEEND | valor=149.0 | data=22/07/2026 09:40 | sink=staged | resolution=direct_image | verification=CONFIRMADO | manual_open_to_claim_ms=1401 | open_ms=11 | prep_ms=0 | ocr_ms=2484 | parse_ms=1 | manual_open_to_ingest_ms=3902
[SINK] committed | file_id=219c89d5c46534c2732e9efb282d21908627cb9c | msg=- | talker=- | create_time=0 | sheet=Página1 | row=408 | ingest_to_commit_ms=1916 | manual_open_to_commit_ms=5818
[RETRY] 656313f10666d821023379658d4f84dc_.jpg | attempt=1 | err=FileNotFoundError: Resolved file disappeared: C:\Users\Felipe\Documents\WeChat Files\wxid_xd3703k0ih2p22\FileStorage\Temp\656313f10666d821023379658d4f84dc_.jpg
[OK] 04c1bfdf3747daa808338f617b1bbd25.dat | cliente=6 | banco=CLEEND | valor=504.0 | data=22/07/2026 11:21 | sink=staged | resolution=direct_image | verification=CONFIRMADO | manual_open_to_claim_ms=1873 | open_ms=11 | prep_ms=1 | ocr_ms=2098 | parse_ms=1 | manual_open_to_ingest_ms=3987
[SINK] committed | file_id=0bcc391b0d198ed1546f465c130351b23f8d7cc2 | msg=- | talker=- | create_time=0 | sheet=Página1 | row=409 | ingest_to_commit_ms=1963 | manual_open_to_commit_ms=5950
[RETRY] cd1a692545b015696306d185b5e84cd5_.jpg | attempt=2 | err=FileNotFoundError: Resolved file disappeared: C:\Users\Felipe\Documents\WeChat Files\wxid_xd3703k0ih2p22\FileStorage\Temp\cd1a692545b015696306d185b5e84cd5_.jpg
[RETRY] c20353db64ec684a66fddea99831498e_.jpg | attempt=2 | err=FileNotFoundError: Resolved file disappeared: C:\Users\Felipe\Documents\WeChat Files\wxid_xd3703k0ih2p22\FileStorage\Temp\c20353db64ec684a66fddea99831498e_.jpg
[RETRY] 12e23c663d6454d2215600ef34ba37ca_.jpg | attempt=2 | err=FileNotFoundError: Resolved file disappeared: C:\Users\Felipe\Documents\WeChat Files\wxid_xd3703k0ih2p22\FileStorage\Temp\12e23c663d6454d2215600ef34ba37ca_.jpg
[RETRY] 0a691bebc51fe1b621165b6b74a93b73_.jpg | attempt=1 | err=FileNotFoundError: Resolved file disappeared: C:\Users\Felipe\Documents\WeChat Files\wxid_xd3703k0ih2p22\FileStorage\Temp\0a691bebc51fe1b621165b6b74a93b73_.jpg
[RETRY] 285c92418f0736cdbea111232ac432e2_.jpg | attempt=2 | err=FileNotFoundError: Resolved file disappeared: C:\Users\Felipe\Documents\WeChat Files\wxid_xd3703k0ih2p22\FileStorage\Temp\285c92418f0736cdbea111232ac432e2_.jpg
[OK] f71233deb3e28621335903e5a58c9a9a.dat | cliente=6 | banco=CLEEND | valor=4432.5 | data=15/07/2026 14:29 | sink=staged | resolution=direct_image | verification=CONFIRMADO | manual_open_to_claim_ms=2224 | open_ms=14 | prep_ms=1 | ocr_ms=3249 | parse_ms=1 | manual_open_to_ingest_ms=5495
[SINK] committed | file_id=9dd2ffd51b627f0956bf0f8a47181b24fcb376c6 | msg=- | talker=- | create_time=0 | sheet=Página1 | row=410 | ingest_to_commit_ms=1811 | manual_open_to_commit_ms=7306
[RETRY] a38594ec6d57887a56bf9bd9f7b91a7a_.jpg | attempt=1 | err=FileNotFoundError: Resolved file disappeared: C:\Users\Felipe\Documents\WeChat Files\wxid_xd3703k0ih2p22\FileStorage\Temp\a38594ec6d57887a56bf9bd9f7b91a7a_.jpg
[RETRY] 4aadcc2e1f50401aef328e698f4ee07f_.jpg | attempt=2 | err=FileNotFoundError: Resolved file disappeared: C:\Users\Felipe\Documents\WeChat Files\wxid_xd3703k0ih2p22\FileStorage\Temp\4aadcc2e1f50401aef328e698f4ee07f_.jpg
[OK] 1b836ae39dc3d6dcf63bc8ccb3a54da8.dat | cliente=6 | banco=CLEEND | valor=1615.0 | data=22/07/2026 11:42 | sink=staged | resolution=direct_image | verification=CONFIRMADO | manual_open_to_claim_ms=2157 | open_ms=4 | prep_ms=0 | ocr_ms=1623 | parse_ms=1 | manual_open_to_ingest_ms=3789
[SINK] committed | file_id=0c924a3532cd56cc0079cb4e23511f9778d42a9f | msg=- | talker=- | create_time=0 | sheet=Página1 | row=411 | ingest_to_commit_ms=1813 | manual_open_to_commit_ms=5602
[RETRY] 50db7229cd6831981203510eedab18d1_.jpg | attempt=1 | err=FileNotFoundError: Resolved file disappeared: C:\Users\Felipe\Documents\WeChat Files\wxid_xd3703k0ih2p22\FileStorage\Temp\50db7229cd6831981203510eedab18d1_.jpg
[RETRY] 656313f10666d821023379658d4f84dc_.jpg | attempt=2 | err=FileNotFoundError: Resolved file disappeared: C:\Users\Felipe\Documents\WeChat Files\wxid_xd3703k0ih2p22\FileStorage\Temp\656313f10666d821023379658d4f84dc_.jpg
[OK] e79d729a79558cabe92623aa3b82ffd3.dat | cliente=6 | banco=CLEEND | valor=3600.0 | data=22/07/2026 10:39 | sink=staged | resolution=direct_image | verification=CONFIRMADO | manual_open_to_claim_ms=1706 | open_ms=7 | prep_ms=0 | ocr_ms=1870 | parse_ms=1 | manual_open_to_ingest_ms=3587
[SINK] committed | file_id=3fc6c32003ed804482b15b91436b63f7efb0d5ff | msg=- | talker=- | create_time=0 | sheet=Página1 | row=412 | ingest_to_commit_ms=1662 | manual_open_to_commit_ms=5249
[RETRY] 955685aa3280fc5e0fc56db97e932464_.jpg | attempt=1 | err=FileNotFoundError: Resolved file disappeared: C:\Users\Felipe\Documents\WeChat Files\wxid_xd3703k0ih2p22\FileStorage\Temp\955685aa3280fc5e0fc56db97e932464_.jpg
[OK] d797ac311e843feb16477386a1976369.dat | cliente=6 | banco=CLEEND | valor=6400.0 | data=22/07/2026 10:40 | sink=staged | resolution=direct_image | verification=CONFIRMADO | manual_open_to_claim_ms=1373 | open_ms=7 | prep_ms=0 | ocr_ms=1681 | parse_ms=1 | manual_open_to_ingest_ms=3066
[SINK] committed | file_id=09397ae57fb4f1c7e88055849f0016944c68e8e6 | msg=- | talker=- | create_time=0 | sheet=Página1 | row=413 | ingest_to_commit_ms=6885 | manual_open_to_commit_ms=9952
[RETRY] 0a691bebc51fe1b621165b6b74a93b73_.jpg | attempt=2 | err=FileNotFoundError: Resolved file disappeared: C:\Users\Felipe\Documents\WeChat Files\wxid_xd3703k0ih2p22\FileStorage\Temp\0a691bebc51fe1b621165b6b74a93b73_.jpg
[OK] ce755d78d1b3611b3302fd9231029713.dat | cliente=6 | banco=CLEEND | valor=8367.0 | data=22/07/2026 12:05 | sink=staged | resolution=direct_image | verification=CONFIRMADO | manual_open_to_claim_ms=1046 | open_ms=14 | prep_ms=1 | ocr_ms=1768 | parse_ms=1 | manual_open_to_ingest_ms=2834
[SINK] committed | file_id=dcfd417dc2744cdcb42d6810ead7faace5749606 | msg=- | talker=- | create_time=0 | sheet=Página1 | row=414 | ingest_to_commit_ms=1238 | manual_open_to_commit_ms=4072
[SCAN] reconcile complete | queued_or_refreshed=12
[RETRY] a38594ec6d57887a56bf9bd9f7b91a7a_.jpg | attempt=2 | err=FileNotFoundError: Resolved file disappeared: C:\Users\Felipe\Documents\WeChat Files\wxid_xd3703k0ih2p22\FileStorage\Temp\a38594ec6d57887a56bf9bd9f7b91a7a_.jpg
[RETRY] 50db7229cd6831981203510eedab18d1_.jpg | attempt=2 | err=FileNotFoundError: Resolved file disappeared: C:\Users\Felipe\Documents\WeChat Files\wxid_xd3703k0ih2p22\FileStorage\Temp\50db7229cd6831981203510eedab18d1_.jpg
[RETRY] 8b305d67ef8e68b44576f8c37c6e3ee2_.jpg | attempt=1 | err=FileNotFoundError: Resolved file disappeared: C:\Users\Felipe\Documents\WeChat Files\wxid_xd3703k0ih2p22\FileStorage\Temp\8b305d67ef8e68b44576f8c37c6e3ee2_.jpg
[RETRY] 26eced1c8cd3807b5c2e10882ac5cd5f_.jpg | attempt=1 | err=FileNotFoundError: Resolved file disappeared: C:\Users\Felipe\Documents\WeChat Files\wxid_xd3703k0ih2p22\FileStorage\Temp\26eced1c8cd3807b5c2e10882ac5cd5f_.jpg
[OK] 1638af77de2e5cf517aa3ed46febe5d7.dat | cliente=6 | banco=CLEEND | valor=1500.0 | data=22/07/2026 12:02 | sink=staged | resolution=direct_image | verification=CONFIRMADO | manual_open_to_claim_ms=1681 | open_ms=9 | prep_ms=0 | ocr_ms=1529 | parse_ms=1 | manual_open_to_ingest_ms=3223
[SINK] committed | file_id=71ca1a2905d16e4b3a4474c049b3ca14c08c1d10 | msg=- | talker=- | create_time=0 | sheet=Página1 | row=415 | ingest_to_commit_ms=891 | manual_open_to_commit_ms=4114
[RETRY] f0ed99c3a46217e286cc74f1b14085d1_.jpg | attempt=1 | err=FileNotFoundError: Resolved file disappeared: C:\Users\Felipe\Documents\WeChat Files\wxid_xd3703k0ih2p22\FileStorage\Temp\f0ed99c3a46217e286cc74f1b14085d1_.jpg
[RETRY] 955685aa3280fc5e0fc56db97e932464_.jpg | attempt=2 | err=FileNotFoundError: Resolved file disappeared: C:\Users\Felipe\Documents\WeChat Files\wxid_xd3703k0ih2p22\FileStorage\Temp\955685aa3280fc5e0fc56db97e932464_.jpg
[OK] de6062fa50cd496a61ee794966812438.dat | cliente=6 | banco=CLEEND | valor=6940.73 | data=22/07/2026 11:50 | sink=staged | resolution=direct_image | verification=CONFIRMADO | manual_open_to_claim_ms=1524 | open_ms=11 | prep_ms=0 | ocr_ms=1623 | parse_ms=1 | manual_open_to_ingest_ms=3166
[SINK] committed | file_id=71860ed1d0a1f2e20211f022696919263136a91a | msg=- | talker=- | create_time=0 | sheet=Página1 | row=416 | ingest_to_commit_ms=1035 | manual_open_to_commit_ms=4201
[SKIP] cd1a692545b015696306d185b5e84cd5_.jpg | temp_file_disappeared_after_3_attempts
[SKIP] c20353db64ec684a66fddea99831498e_.jpg | temp_file_disappeared_after_3_attempts
[SKIP] 12e23c663d6454d2215600ef34ba37ca_.jpg | temp_file_disappeared_after_3_attempts
[RETRY] 39aa5d077e4850f7766557ca5acdb085_.jpg | attempt=1 | err=FileNotFoundError: Resolved file disappeared: C:\Users\Felipe\Documents\WeChat Files\wxid_xd3703k0ih2p22\FileStorage\Temp\39aa5d077e4850f7766557ca5acdb085_.jpg
[SKIP] 285c92418f0736cdbea111232ac432e2_.jpg | temp_file_disappeared_after_3_attempts
[SKIP] 4aadcc2e1f50401aef328e698f4ee07f_.jpg | temp_file_disappeared_after_3_attempts
[RETRY] 8b305d67ef8e68b44576f8c37c6e3ee2_.jpg | attempt=2 | err=FileNotFoundError: Resolved file disappeared: C:\Users\Felipe\Documents\WeChat Files\wxid_xd3703k0ih2p22\FileStorage\Temp\8b305d67ef8e68b44576f8c37c6e3ee2_.jpg
[RETRY] 26eced1c8cd3807b5c2e10882ac5cd5f_.jpg | attempt=2 | err=FileNotFoundError: Resolved file disappeared: C:\Users\Felipe\Documents\WeChat Files\wxid_xd3703k0ih2p22\FileStorage\Temp\26eced1c8cd3807b5c2e10882ac5cd5f_.jpg
[SKIP] 656313f10666d821023379658d4f84dc_.jpg | temp_file_disappeared_after_3_attempts
[RETRY] f0ed99c3a46217e286cc74f1b14085d1_.jpg | attempt=2 | err=FileNotFoundError: Resolved file disappeared: C:\Users\Felipe\Documents\WeChat Files\wxid_xd3703k0ih2p22\FileStorage\Temp\f0ed99c3a46217e286cc74f1b14085d1_.jpg
[SKIP] d1216b15420ca2b96b079f1c13aa7215.dat | IGNORED_BY_USER
[HOLD] 1784733676315.jpg | waiting_temp_context
[HOLD] 1784733676321.jpg | waiting_temp_context
[SKIP] 1784733676315.jpg | temp_without_unique_context
[SKIP] 1784733676321.jpg | temp_without_unique_context
[RETRY] 39aa5d077e4850f7766557ca5acdb085_.jpg | attempt=2 | err=FileNotFoundError: Resolved file disappeared: C:\Users\Felipe\Documents\WeChat Files\wxid_xd3703k0ih2p22\FileStorage\Temp\39aa5d077e4850f7766557ca5acdb085_.jpg
[SKIP] 0a691bebc51fe1b621165b6b74a93b73_.jpg | temp_file_disappeared_after_3_attempts
[SKIP] a38594ec6d57887a56bf9bd9f7b91a7a_.jpg | temp_file_disappeared_after_3_attempts
[SKIP] 50db7229cd6831981203510eedab18d1_.jpg | temp_file_disappeared_after_3_attempts
[SKIP] 955685aa3280fc5e0fc56db97e932464_.jpg | temp_file_disappeared_after_3_attempts
[HOLD] 1784733723183.jpg | waiting_temp_context
[HOLD] 1784733722970.jpg | waiting_temp_context
[SCAN] reconcile complete | queued_or_refreshed=14
[SKIP] 1784733723183.jpg | temp_without_unique_context
[SKIP] 1784733722970.jpg | temp_without_unique_context
[SKIP] 8b305d67ef8e68b44576f8c37c6e3ee2_.jpg | temp_file_disappeared_after_3_attempts
[SKIP] 26eced1c8cd3807b5c2e10882ac5cd5f_.jpg | temp_file_disappeared_after_3_attempts
[HOLD] 1784733733660.jpg | waiting_temp_context
[HOLD] 1784733733672.jpg | waiting_temp_context
[SKIP] f0ed99c3a46217e286cc74f1b14085d1_.jpg | temp_file_disappeared_after_3_attempts
[SKIP] 1784733733660.jpg | temp_without_unique_context
[SKIP] 1784733733672.jpg | temp_without_unique_context
[SKIP] 39aa5d077e4850f7766557ca5acdb085_.jpg | temp_file_disappeared_after_3_attempts
[HOLD] 1784733753412.jpg | waiting_temp_context
[HOLD] 1784733753630.jpg | waiting_temp_context
[OCR] Attempting raw image fallback for 051eb5368c356945389254d671368625.dat (is_receipt=False, has_amount=False)
[SKIP] 051eb5368c356945389254d671368625.dat | not_receipt=TABULAR_TRANSFER_LIST
[SKIP] 43dba154dc683e737d9c7a2816765e71.dat | not_receipt=BALANCE_SUMMARY
[OCR] Attempting raw image fallback for 1784733753412.jpg (is_receipt=False, has_amount=False)
[SKIP] 1784733753412.jpg | not_receipt=TABULAR_TRANSFER_LIST
[OCR] Attempting raw image fallback for 1784733753630.jpg (is_receipt=False, has_amount=False)
[SKIP] 1784733753630.jpg | not_receipt=TABULAR_TRANSFER_LIST
[SCAN] reconcile complete | queued_or_refreshed=13
[SKIP] 1784733757867.jpg | not_receipt=BALANCE_SUMMARY
[SKIP] 1784733757877.jpg | not_receipt=BALANCE_SUMMARY
[SCAN] reconcile complete | queued_or_refreshed=10
[SCAN] reconcile complete | queued_or_refreshed=0
[SCAN] reconcile complete | queued_or_refreshed=0
[OK] 6a71befad5e124b709133592deba90b5.dat | cliente=116A | banco=AMD | valor=316.0 | data=21/07/2026 16:35 | sink=staged | resolution=direct_image | verification=CONFIRMADO | manual_open_to_claim_ms=1202 | open_ms=17 | prep_ms=29 | ocr_ms=1307 | parse_ms=1 | manual_open_to_ingest_ms=2567
[SINK] committed | file_id=77a83ca2b3ee7e63befd26c9ca68f768a66030dc | msg=- | talker=- | create_time=0 | sheet=Página1 | row=85 | ingest_to_commit_ms=1483 | manual_open_to_commit_ms=4049
[SCAN] reconcile complete | queued_or_refreshed=1
[OK] 797909ddd4313223c940adb2c670fa21.dat | cliente=116A | banco=AMD | valor=170.0 | data=22/07/2026 07:45 | sink=staged | resolution=direct_image | verification=CONFIRMADO | manual_open_to_claim_ms=3732 | open_ms=17 | prep_ms=30 | ocr_ms=1745 | parse_ms=1 | manual_open_to_ingest_ms=5531
[SINK] committed | file_id=74a1febb58c330237a5d0f2a1242ac10dc88af16 | msg=- | talker=- | create_time=0 | sheet=Página1 | row=86 | ingest_to_commit_ms=1020 | manual_open_to_commit_ms=6552
[RETRY] b225fdf14f6174dd1829ba84aa433794_.jpg | attempt=1 | err=FileNotFoundError: Resolved file disappeared: C:\Users\Felipe\Documents\WeChat Files\wxid_xd3703k0ih2p22\FileStorage\Temp\b225fdf14f6174dd1829ba84aa433794_.jpg
[RETRY] f14a981390c71f07db3c31755138c05b_.jpg | attempt=1 | err=FileNotFoundError: Resolved file disappeared: C:\Users\Felipe\Documents\WeChat Files\wxid_xd3703k0ih2p22\FileStorage\Temp\f14a981390c71f07db3c31755138c05b_.jpg
[OK] 515b67fd93a339162639a91e1aec4993.dat | cliente=116A | banco=AMD | valor=106.0 | data=22/07/2026 07:59 | sink=staged | resolution=direct_image | verification=CONFIRMADO | manual_open_to_claim_ms=1896 | open_ms=11 | prep_ms=30 | ocr_ms=2436 | parse_ms=1 | manual_open_to_ingest_ms=4384
[SINK] committed | file_id=b5715a0167b0a9375137e2f419642c5fa8c14231 | msg=- | talker=- | create_time=0 | sheet=Página1 | row=87 | ingest_to_commit_ms=937 | manual_open_to_commit_ms=5321
[RETRY] 8952c0f88cf4935f09745d4a0e5e3226_.jpg | attempt=1 | err=FileNotFoundError: Resolved file disappeared: C:\Users\Felipe\Documents\WeChat Files\wxid_xd3703k0ih2p22\FileStorage\Temp\8952c0f88cf4935f09745d4a0e5e3226_.jpg
[OK] 3725f4096f27d663d03f8118d137f80e.dat | cliente=116A | banco=AMD | valor=150.0 | data=02/07/2026 09:23 | sink=staged | resolution=direct_image | verification=CONFIRMADO | manual_open_to_claim_ms=1474 | open_ms=14 | prep_ms=31 | ocr_ms=2045 | parse_ms=1 | manual_open_to_ingest_ms=3571
[SINK] committed | file_id=97c12efd1392dd82976c3574c81717ecc93d6c35 | msg=- | talker=- | create_time=0 | sheet=Página1 | row=88 | ingest_to_commit_ms=1048 | manual_open_to_commit_ms=4619
[RETRY] c2ea04488994099001fbf611062f2a39_.jpg | attempt=1 | err=FileNotFoundError: Resolved file disappeared: C:\Users\Felipe\Documents\WeChat Files\wxid_xd3703k0ih2p22\FileStorage\Temp\c2ea04488994099001fbf611062f2a39_.jpg
[OK] 635b9ea3956d0c05eb72cc2ddc90423b.dat | cliente=116A | banco=AMD | valor=150.0 | data=22/07/2026 09:23 | sink=staged | resolution=direct_image | verification=CONFIRMADO | manual_open_to_claim_ms=1917 | open_ms=14 | prep_ms=31 | ocr_ms=1947 | parse_ms=1 | manual_open_to_ingest_ms=3917
[SINK] committed | file_id=bfcc715a767bab23033385d65f52ac081ef90c83 | msg=- | talker=- | create_time=0 | sheet=Página1 | row=89 | ingest_to_commit_ms=1105 | manual_open_to_commit_ms=5023
[RETRY] 7e25ed7e6ca96af41bba41da50155b39_.jpg | attempt=1 | err=FileNotFoundError: Resolved file disappeared: C:\Users\Felipe\Documents\WeChat Files\wxid_xd3703k0ih2p22\FileStorage\Temp\7e25ed7e6ca96af41bba41da50155b39_.jpg
[OK] ed78b42b8e1956678f439d16f33538d6.dat | cliente=116A | banco=AMD | valor=2437.0 | data=22/07/2026 13:15 | sink=staged | resolution=direct_image | verification=CONFIRMADO | manual_open_to_claim_ms=1056 | open_ms=16 | prep_ms=31 | ocr_ms=1073 | parse_ms=1 | manual_open_to_ingest_ms=2183
[SINK] committed | file_id=d3d28d2cbc816f72412dd10f051c1c40c676bc4c | msg=- | talker=- | create_time=0 | sheet=Página1 | row=90 | ingest_to_commit_ms=1346 | manual_open_to_commit_ms=3529
[RETRY] b225fdf14f6174dd1829ba84aa433794_.jpg | attempt=2 | err=FileNotFoundError: Resolved file disappeared: C:\Users\Felipe\Documents\WeChat Files\wxid_xd3703k0ih2p22\FileStorage\Temp\b225fdf14f6174dd1829ba84aa433794_.jpg
[RETRY] f14a981390c71f07db3c31755138c05b_.jpg | attempt=2 | err=FileNotFoundError: Resolved file disappeared: C:\Users\Felipe\Documents\WeChat Files\wxid_xd3703k0ih2p22\FileStorage\Temp\f14a981390c71f07db3c31755138c05b_.jpg
[RETRY] de3de4881852e25c945e9c6ed5a211d5_.jpg | attempt=1 | err=FileNotFoundError: Resolved file disappeared: C:\Users\Felipe\Documents\WeChat Files\wxid_xd3703k0ih2p22\FileStorage\Temp\de3de4881852e25c945e9c6ed5a211d5_.jpg
[RETRY] 8952c0f88cf4935f09745d4a0e5e3226_.jpg | attempt=2 | err=FileNotFoundError: Resolved file disappeared: C:\Users\Felipe\Documents\WeChat Files\wxid_xd3703k0ih2p22\FileStorage\Temp\8952c0f88cf4935f09745d4a0e5e3226_.jpg
[OK] cec6933d5535ccc37ac2b5065db0deab.dat | cliente=116A | banco=AMD | valor=110.0 | data=22/07/2026 10:16 | sink=staged | resolution=direct_image | verification=CONFIRMADO | manual_open_to_claim_ms=1047 | open_ms=14 | prep_ms=30 | ocr_ms=2902 | parse_ms=1 | manual_open_to_ingest_ms=4001
[SINK] committed | file_id=f12d4754518a09973b667fa7905ab1eb94391559 | msg=- | talker=- | create_time=0 | sheet=Página1 | row=91 | ingest_to_commit_ms=849 | manual_open_to_commit_ms=4850
[RETRY] c06970347b5edf43da53d051b5e027e8_.jpg | attempt=1 | err=FileNotFoundError: Resolved file disappeared: C:\Users\Felipe\Documents\WeChat Files\wxid_xd3703k0ih2p22\FileStorage\Temp\c06970347b5edf43da53d051b5e027e8_.jpg
[RETRY] c2ea04488994099001fbf611062f2a39_.jpg | attempt=2 | err=FileNotFoundError: Resolved file disappeared: C:\Users\Felipe\Documents\WeChat Files\wxid_xd3703k0ih2p22\FileStorage\Temp\c2ea04488994099001fbf611062f2a39_.jpg
[OK] 9dc25307e8e5539ff406c015ac769779.dat | cliente=116A | banco=None | valor=305.0 | data=22/07/2026 11:05 | sink=staged | resolution=direct_image | verification=CONFIRMADO | manual_open_to_claim_ms=1014 | open_ms=14 | prep_ms=30 | ocr_ms=1405 | parse_ms=1 | manual_open_to_ingest_ms=2471
[SINK] committed | file_id=61b52c271a4acbe6073666e96199c0db517c991c | msg=- | talker=- | create_time=0 | sheet=Página1 | row=92 | ingest_to_commit_ms=847 | manual_open_to_commit_ms=3318
[RETRY] d03ed2d94a16e4f412a7ba69c4c0362c_.jpg | attempt=1 | err=FileNotFoundError: Resolved file disappeared: C:\Users\Felipe\Documents\WeChat Files\wxid_xd3703k0ih2p22\FileStorage\Temp\d03ed2d94a16e4f412a7ba69c4c0362c_.jpg
[RETRY] 7e25ed7e6ca96af41bba41da50155b39_.jpg | attempt=2 | err=FileNotFoundError: Resolved file disappeared: C:\Users\Felipe\Documents\WeChat Files\wxid_xd3703k0ih2p22\FileStorage\Temp\7e25ed7e6ca96af41bba41da50155b39_.jpg
[OCR] Attempting raw image fallback for 9680a3f84da378d839ade0bec569c15d.dat (is_receipt=True, has_amount=False)
[OK] 9680a3f84da378d839ade0bec569c15d.dat | cliente=116A | banco=AMD | valor=None | data=22/07/2026 11:06 | sink=staged | resolution=direct_image | verification=CONFIRMADO | manual_open_to_claim_ms=1012 | open_ms=15 | prep_ms=31 | ocr_ms=2115 | parse_ms=2 | manual_open_to_ingest_ms=5779
[SINK] committed | file_id=be7634a4a44b0c16a0d8014b5d1adbc63816d03e | msg=- | talker=- | create_time=0 | sheet=Página1 | row=93 | ingest_to_commit_ms=988 | manual_open_to_commit_ms=6768
[RETRY] 9b1e3b6ce7ad0c27d53eebab3bfd1b02_.jpg | attempt=1 | err=FileNotFoundError: Resolved file disappeared: C:\Users\Felipe\Documents\WeChat Files\wxid_xd3703k0ih2p22\FileStorage\Temp\9b1e3b6ce7ad0c27d53eebab3bfd1b02_.jpg
[RETRY] de3de4881852e25c945e9c6ed5a211d5_.jpg | attempt=2 | err=FileNotFoundError: Resolved file disappeared: C:\Users\Felipe\Documents\WeChat Files\wxid_xd3703k0ih2p22\FileStorage\Temp\de3de4881852e25c945e9c6ed5a211d5_.jpg
[OK] 97cf6f72c7c7eb623ad11c066fe5dd0b.dat | cliente=116A | banco=None | valor=126.0 | data=22/07/2026 11:07 | sink=staged | resolution=direct_image | verification=CONFIRMADO | manual_open_to_claim_ms=1349 | open_ms=13 | prep_ms=29 | ocr_ms=2054 | parse_ms=1 | manual_open_to_ingest_ms=3453
[SINK] committed | file_id=5cff45175a9db64b89b526d9efef0279a451036d | msg=- | talker=- | create_time=0 | sheet=Página1 | row=94 | ingest_to_commit_ms=1379 | manual_open_to_commit_ms=4832
[RETRY] 1edbd0924cd18e1508d1ebbf22fde40e_.jpg | attempt=1 | err=FileNotFoundError: Resolved file disappeared: C:\Users\Felipe\Documents\WeChat Files\wxid_xd3703k0ih2p22\FileStorage\Temp\1edbd0924cd18e1508d1ebbf22fde40e_.jpg
[RETRY] c06970347b5edf43da53d051b5e027e8_.jpg | attempt=2 | err=FileNotFoundError: Resolved file disappeared: C:\Users\Felipe\Documents\WeChat Files\wxid_xd3703k0ih2p22\FileStorage\Temp\c06970347b5edf43da53d051b5e027e8_.jpg
[OCR] Attempting raw image fallback for 6317d8289c45097d2d9ec9ac5e473b97.dat (is_receipt=True, has_amount=False)
[OK] 6317d8289c45097d2d9ec9ac5e473b97.dat | cliente=116A | banco=AMD | valor=None | data=22/07/2026 11:08 | sink=staged | resolution=direct_image | verification=CONFIRMADO | manual_open_to_claim_ms=2173 | open_ms=15 | prep_ms=30 | ocr_ms=1629 | parse_ms=1 | manual_open_to_ingest_ms=5866
[SINK] committed | file_id=cd53162c5c35fc1322a3e0d99b6176cf1a9966f1 | msg=- | talker=- | create_time=0 | sheet=Página1 | row=95 | ingest_to_commit_ms=1567 | manual_open_to_commit_ms=7434
[RETRY] d03ed2d94a16e4f412a7ba69c4c0362c_.jpg | attempt=2 | err=FileNotFoundError: Resolved file disappeared: C:\Users\Felipe\Documents\WeChat Files\wxid_xd3703k0ih2p22\FileStorage\Temp\d03ed2d94a16e4f412a7ba69c4c0362c_.jpg
[RETRY] a469ee2e8383a39a382dbd439fdc2425_.jpg | attempt=1 | err=FileNotFoundError: Resolved file disappeared: C:\Users\Felipe\Documents\WeChat Files\wxid_xd3703k0ih2p22\FileStorage\Temp\a469ee2e8383a39a382dbd439fdc2425_.jpg
[SCAN] reconcile complete | queued_or_refreshed=11
[OK] 2bb3291ccbdf92bc707f2626180efd93.dat | cliente=116A | banco=AMD | valor=2000.0 | data=22/07/2026 11:15 | sink=staged | resolution=direct_image | verification=CONFIRMADO | manual_open_to_claim_ms=4793 | open_ms=11 | prep_ms=29 | ocr_ms=2036 | parse_ms=1 | manual_open_to_ingest_ms=6878
[SINK] committed | file_id=2aecc997de78739021a544f596286f3c73f48a16 | msg=- | talker=- | create_time=0 | sheet=Página1 | row=96 | ingest_to_commit_ms=970 | manual_open_to_commit_ms=7847
[RETRY] 9c87d01224eae40bd118122d2a0792b1_.jpg | attempt=1 | err=FileNotFoundError: Resolved file disappeared: C:\Users\Felipe\Documents\WeChat Files\wxid_xd3703k0ih2p22\FileStorage\Temp\9c87d01224eae40bd118122d2a0792b1_.jpg
[OK] 3d587b51cc99508674d083392afbddb3.dat | cliente=116A | banco=AMD | valor=120.0 | data=22/07/2026 11:19 | sink=staged | resolution=direct_image | verification=CONFIRMADO | manual_open_to_claim_ms=1454 | open_ms=13 | prep_ms=29 | ocr_ms=1482 | parse_ms=1 | manual_open_to_ingest_ms=2987
[SINK] committed | file_id=729612fb67500ca11f86c4b4dcdf322e12658e09 | msg=- | talker=- | create_time=0 | sheet=Página1 | row=97 | ingest_to_commit_ms=1103 | manual_open_to_commit_ms=4091
[SKIP] b225fdf14f6174dd1829ba84aa433794_.jpg | temp_file_disappeared_after_3_attempts
[SKIP] f14a981390c71f07db3c31755138c05b_.jpg | temp_file_disappeared_after_3_attempts
[RETRY] 9b1e3b6ce7ad0c27d53eebab3bfd1b02_.jpg | attempt=2 | err=FileNotFoundError: Resolved file disappeared: C:\Users\Felipe\Documents\WeChat Files\wxid_xd3703k0ih2p22\FileStorage\Temp\9b1e3b6ce7ad0c27d53eebab3bfd1b02_.jpg
[RETRY] 10577e05d4e63ca8ae7c873fd1ccd969_.jpg | attempt=1 | err=FileNotFoundError: Resolved file disappeared: C:\Users\Felipe\Documents\WeChat Files\wxid_xd3703k0ih2p22\FileStorage\Temp\10577e05d4e63ca8ae7c873fd1ccd969_.jpg
[SKIP] 8952c0f88cf4935f09745d4a0e5e3226_.jpg | temp_file_disappeared_after_3_attempts
[RETRY] 1edbd0924cd18e1508d1ebbf22fde40e_.jpg | attempt=2 | err=FileNotFoundError: Resolved file disappeared: C:\Users\Felipe\Documents\WeChat Files\wxid_xd3703k0ih2p22\FileStorage\Temp\1edbd0924cd18e1508d1ebbf22fde40e_.jpg
[OCR] Attempting raw image fallback for 2096c870b147327e647fc71b225eb5c3.dat (is_receipt=True, has_amount=False)
[OK] 2096c870b147327e647fc71b225eb5c3.dat | cliente=116A | banco=AMD | valor=None | data=22/07/2026 11:19 | sink=staged | resolution=direct_image | verification=CONFIRMADO | manual_open_to_claim_ms=1666 | open_ms=14 | prep_ms=29 | ocr_ms=1588 | parse_ms=1 | manual_open_to_ingest_ms=5622
[SINK] committed | file_id=802b19ad459255b187bd283a531710e98c026321 | msg=- | talker=- | create_time=0 | sheet=Página1 | row=98 | ingest_to_commit_ms=1310 | manual_open_to_commit_ms=6932
[SKIP] c2ea04488994099001fbf611062f2a39_.jpg | temp_file_disappeared_after_3_attempts
[RETRY] cee5b78e7db8f653f4efd09a143be266_.jpg | attempt=1 | err=FileNotFoundError: Resolved file disappeared: C:\Users\Felipe\Documents\WeChat Files\wxid_xd3703k0ih2p22\FileStorage\Temp\cee5b78e7db8f653f4efd09a143be266_.jpg
[OK] b809b6d545e1ed660245c51ca4d6e3ed.dat | cliente=116A | banco=AMD | valor=1435.0 | data=21/07/2026 16:51 | sink=staged | resolution=direct_image | verification=CONFIRMADO | manual_open_to_claim_ms=1002 | open_ms=5 | prep_ms=1 | ocr_ms=1121 | parse_ms=1 | manual_open_to_ingest_ms=2134
[SINK] committed | file_id=c3ebd295131744990ebf1ef38dbe022a3bae3f1b | msg=- | talker=- | create_time=0 | sheet=Página1 | row=99 | ingest_to_commit_ms=987 | manual_open_to_commit_ms=3121
[RETRY] a469ee2e8383a39a382dbd439fdc2425_.jpg | attempt=2 | err=FileNotFoundError: Resolved file disappeared: C:\Users\Felipe\Documents\WeChat Files\wxid_xd3703k0ih2p22\FileStorage\Temp\a469ee2e8383a39a382dbd439fdc2425_.jpg
[RETRY] 9b51ef3929e748e5886e30dc187674e9_.jpg | attempt=1 | err=FileNotFoundError: Resolved file disappeared: C:\Users\Felipe\Documents\WeChat Files\wxid_xd3703k0ih2p22\FileStorage\Temp\9b51ef3929e748e5886e30dc187674e9_.jpg
[SKIP] 7e25ed7e6ca96af41bba41da50155b39_.jpg | temp_file_disappeared_after_3_attempts
[RETRY] 9c87d01224eae40bd118122d2a0792b1_.jpg | attempt=2 | err=FileNotFoundError: Resolved file disappeared: C:\Users\Felipe\Documents\WeChat Files\wxid_xd3703k0ih2p22\FileStorage\Temp\9c87d01224eae40bd118122d2a0792b1_.jpg
[OK] 62dcdc707610d177e98aafa7ae0dbe8f.dat | cliente=116A | banco=AMD | valor=2390.0 | data=21/07/2026 17:18 | sink=staged | resolution=direct_image | verification=CONFIRMADO | manual_open_to_claim_ms=2238 | open_ms=5 | prep_ms=1 | ocr_ms=1867 | parse_ms=1 | manual_open_to_ingest_ms=4118
[SINK] committed | file_id=b8228550c0fdb083f5e0f38e74593d4e3a74ca61 | msg=- | talker=- | create_time=0 | sheet=Página1 | row=100 | ingest_to_commit_ms=1617 | manual_open_to_commit_ms=5735
[SKIP] de3de4881852e25c945e9c6ed5a211d5_.jpg | temp_file_disappeared_after_3_attempts
[RETRY] 10577e05d4e63ca8ae7c873fd1ccd969_.jpg | attempt=2 | err=FileNotFoundError: Resolved file disappeared: C:\Users\Felipe\Documents\WeChat Files\wxid_xd3703k0ih2p22\FileStorage\Temp\10577e05d4e63ca8ae7c873fd1ccd969_.jpg
[RETRY] 6ad69590729cf99bd7bb189839152fe1_.jpg | attempt=1 | err=FileNotFoundError: Resolved file disappeared: C:\Users\Felipe\Documents\WeChat Files\wxid_xd3703k0ih2p22\FileStorage\Temp\6ad69590729cf99bd7bb189839152fe1_.jpg
[OK] 03797c0c839fa98ef967284cb204438a.dat | cliente=116A | banco=AMD | valor=None | data=22/07/2026 10:22 | sink=staged | resolution=direct_image | verification=CONFIRMADO | manual_open_to_claim_ms=2235 | open_ms=5 | prep_ms=0 | ocr_ms=2378 | parse_ms=1 | manual_open_to_ingest_ms=4624
[SINK] committed | file_id=6e4de6e34352e07f40395d74d6828f8a0787e1c7 | msg=- | talker=- | create_time=0 | sheet=Página1 | row=100 | ingest_to_commit_ms=1021 | manual_open_to_commit_ms=5645
[SKIP] c06970347b5edf43da53d051b5e027e8_.jpg | temp_file_disappeared_after_3_attempts
[RETRY] 0b4f3d683551b54b16f2d70fe8e41a01_.jpg | attempt=1 | err=FileNotFoundError: Resolved file disappeared: C:\Users\Felipe\Documents\WeChat Files\wxid_xd3703k0ih2p22\FileStorage\Temp\0b4f3d683551b54b16f2d70fe8e41a01_.jpg
[OK] 6ae268028b5495eef645cc8f53a49ca4.dat | cliente=116A | banco=AMD | valor=9520.0 | data=22/07/2026 10:55 | sink=staged | resolution=direct_image | verification=CONFIRMADO | manual_open_to_claim_ms=1752 | open_ms=15 | prep_ms=1 | ocr_ms=1316 | parse_ms=1 | manual_open_to_ingest_ms=3088
[WARN] row_highlight_failed | row=100 | err=APIError: [400]: Invalid requests[0].repeatCell: Range ('Página1'!A100:E100) exceeds grid limits. Max rows: 99, max columns: 5
[SINK] committed | file_id=84be4ba2c100ab720f396b79f5637aa51be946dd | msg=- | talker=- | create_time=0 | sheet=Página1 | row=100 | ingest_to_commit_ms=1522 | manual_open_to_commit_ms=4610
[RETRY] cee5b78e7db8f653f4efd09a143be266_.jpg | attempt=2 | err=FileNotFoundError: Resolved file disappeared: C:\Users\Felipe\Documents\WeChat Files\wxid_xd3703k0ih2p22\FileStorage\Temp\cee5b78e7db8f653f4efd09a143be266_.jpg
[RETRY] 9e00d7488291504e18cb5581042bea47_.jpg | attempt=1 | err=FileNotFoundError: Resolved file disappeared: C:\Users\Felipe\Documents\WeChat Files\wxid_xd3703k0ih2p22\FileStorage\Temp\9e00d7488291504e18cb5581042bea47_.jpg
[SKIP] d03ed2d94a16e4f412a7ba69c4c0362c_.jpg | temp_file_disappeared_after_3_attempts
[RETRY] 9b51ef3929e748e5886e30dc187674e9_.jpg | attempt=2 | err=FileNotFoundError: Resolved file disappeared: C:\Users\Felipe\Documents\WeChat Files\wxid_xd3703k0ih2p22\FileStorage\Temp\9b51ef3929e748e5886e30dc187674e9_.jpg
[OK] fe281e3785088f4866f15a83622106ac.dat | cliente=116A | banco=AMD | valor=9680.0 | data=22/07/2026 11:13 | sink=staged | resolution=direct_image | verification=CONFIRMADO | manual_open_to_claim_ms=2065 | open_ms=20 | prep_ms=1 | ocr_ms=1516 | parse_ms=1 | manual_open_to_ingest_ms=3608
[SINK] committed | file_id=267c766090aa7cb0398fd1b4de638de060bca4da | msg=- | talker=- | create_time=0 | sheet=Página1 | row=99 | ingest_to_commit_ms=899 | manual_open_to_commit_ms=4507
[RETRY] 751ca1caddeef71b6611ab0dacf3f9a4_.jpg | attempt=1 | err=FileNotFoundError: Resolved file disappeared: C:\Users\Felipe\Documents\WeChat Files\wxid_xd3703k0ih2p22\FileStorage\Temp\751ca1caddeef71b6611ab0dacf3f9a4_.jpg
[SKIP] 9b1e3b6ce7ad0c27d53eebab3bfd1b02_.jpg | temp_file_disappeared_after_3_attempts
[RETRY] 6ad69590729cf99bd7bb189839152fe1_.jpg | attempt=2 | err=FileNotFoundError: Resolved file disappeared: C:\Users\Felipe\Documents\WeChat Files\wxid_xd3703k0ih2p22\FileStorage\Temp\6ad69590729cf99bd7bb189839152fe1_.jpg
[SKIP] 1edbd0924cd18e1508d1ebbf22fde40e_.jpg | temp_file_disappeared_after_3_attempts
[RETRY] 0b4f3d683551b54b16f2d70fe8e41a01_.jpg | attempt=2 | err=FileNotFoundError: Resolved file disappeared: C:\Users\Felipe\Documents\WeChat Files\wxid_xd3703k0ih2p22\FileStorage\Temp\0b4f3d683551b54b16f2d70fe8e41a01_.jpg
[OK] 4408b185d5d3c87e64fd8fb0a1eef22f.dat | cliente=116A | banco=AMD | valor=10000.0 | data=22/07/2026 11:55 | sink=staged | resolution=direct_image | verification=CONFIRMADO | manual_open_to_claim_ms=1544 | open_ms=25 | prep_ms=45 | ocr_ms=3052 | parse_ms=1 | manual_open_to_ingest_ms=4680
[SINK] committed | file_id=c66fbf5dba7ecf8e227e2961e29cc34e2adee98a | msg=- | talker=- | create_time=0 | sheet=Página1 | row=100 | ingest_to_commit_ms=1404 | manual_open_to_commit_ms=6084
[RETRY] 949953a619fd9eee7bed6372f54998e1_.jpg | attempt=1 | err=FileNotFoundError: Resolved file disappeared: C:\Users\Felipe\Documents\WeChat Files\wxid_xd3703k0ih2p22\FileStorage\Temp\949953a619fd9eee7bed6372f54998e1_.jpg
[RETRY] 9e00d7488291504e18cb5581042bea47_.jpg | attempt=2 | err=FileNotFoundError: Resolved file disappeared: C:\Users\Felipe\Documents\WeChat Files\wxid_xd3703k0ih2p22\FileStorage\Temp\9e00d7488291504e18cb5581042bea47_.jpg
[SCAN] reconcile complete | queued_or_refreshed=17
[OK] 24fb1952de45d24edfe8503715888884.dat | cliente=116A | banco=AMD | valor=20000.0 | data=22/07/2026 11:55 | sink=staged | resolution=direct_image | verification=CONFIRMADO | manual_open_to_claim_ms=6038 | open_ms=7 | prep_ms=1 | ocr_ms=3031 | parse_ms=1 | manual_open_to_ingest_ms=9084
[SINK] committed | file_id=f26325fd60be21ad3be3eec43efe0fba0f5a4b68 | msg=- | talker=- | create_time=0 | sheet=Página1 | row=101 | ingest_to_commit_ms=1024 | manual_open_to_commit_ms=10108
[SKIP] a469ee2e8383a39a382dbd439fdc2425_.jpg | temp_file_disappeared_after_3_attempts
[SKIP] 9c87d01224eae40bd118122d2a0792b1_.jpg | temp_file_disappeared_after_3_attempts
[RETRY] 751ca1caddeef71b6611ab0dacf3f9a4_.jpg | attempt=2 | err=FileNotFoundError: Resolved file disappeared: C:\Users\Felipe\Documents\WeChat Files\wxid_xd3703k0ih2p22\FileStorage\Temp\751ca1caddeef71b6611ab0dacf3f9a4_.jpg
[RETRY] e35ec083be5ccf7ecf562ea4540d8d59_.jpg | attempt=1 | err=FileNotFoundError: Resolved file disappeared: C:\Users\Felipe\Documents\WeChat Files\wxid_xd3703k0ih2p22\FileStorage\Temp\e35ec083be5ccf7ecf562ea4540d8d59_.jpg
[SKIP] 10577e05d4e63ca8ae7c873fd1ccd969_.jpg | temp_file_disappeared_after_3_attempts
[SKIP] cee5b78e7db8f653f4efd09a143be266_.jpg | temp_file_disappeared_after_3_attempts
[RETRY] 949953a619fd9eee7bed6372f54998e1_.jpg | attempt=2 | err=FileNotFoundError: Resolved file disappeared: C:\Users\Felipe\Documents\WeChat Files\wxid_xd3703k0ih2p22\FileStorage\Temp\949953a619fd9eee7bed6372f54998e1_.jpg
[SKIP] 9b51ef3929e748e5886e30dc187674e9_.jpg | temp_file_disappeared_after_3_attempts
[RETRY] e35ec083be5ccf7ecf562ea4540d8d59_.jpg | attempt=2 | err=FileNotFoundError: Resolved file disappeared: C:\Users\Felipe\Documents\WeChat Files\wxid_xd3703k0ih2p22\FileStorage\Temp\e35ec083be5ccf7ecf562ea4540d8d59_.jpg
[SKIP] 6ad69590729cf99bd7bb189839152fe1_.jpg | temp_file_disappeared_after_3_attempts
[SKIP] 0b4f3d683551b54b16f2d70fe8e41a01_.jpg | temp_file_disappeared_after_3_attempts
[SKIP] 9e00d7488291504e18cb5581042bea47_.jpg | temp_file_disappeared_after_3_attempts
[SKIP] 751ca1caddeef71b6611ab0dacf3f9a4_.jpg | temp_file_disappeared_after_3_attempts
[SKIP] 949953a619fd9eee7bed6372f54998e1_.jpg | temp_file_disappeared_after_3_attempts
[SCAN] reconcile complete | queued_or_refreshed=6
[SKIP] e35ec083be5ccf7ecf562ea4540d8d59_.jpg | temp_file_disappeared_after_3_attempts
[OK] 6948394c2442dec32abdfb4584a2a8ee.dat | cliente=168 | banco=CLEEND | valor=14932.8 | data=21/07/2026 22:31 | sink=staged | resolution=direct_image | verification=CONFIRMADO | manual_open_to_claim_ms=2068 | open_ms=5 | prep_ms=0 | ocr_ms=1141 | parse_ms=1 | manual_open_to_ingest_ms=3219
[SINK] committed | file_id=b981434b300bd85ee21671b8645861edb684820e | msg=- | talker=- | create_time=0 | sheet=Página1 | row=102 | ingest_to_commit_ms=1037 | manual_open_to_commit_ms=4256
[RETRY] 40e1741f6e74c294bf9d72f8cfbceea2_.jpg | attempt=1 | err=FileNotFoundError: Resolved file disappeared: C:\Users\Felipe\Documents\WeChat Files\wxid_xd3703k0ih2p22\FileStorage\Temp\40e1741f6e74c294bf9d72f8cfbceea2_.jpg
[OK] 9d1bd20cf7ec507e0427022d80293d92.dat | cliente=168 | banco=CLEEND | valor=879.58 | data=22/07/2026 09:30 | sink=staged | resolution=direct_image | verification=CONFIRMADO | manual_open_to_claim_ms=1352 | open_ms=11 | prep_ms=2 | ocr_ms=3083 | parse_ms=1 | manual_open_to_ingest_ms=4457
[SINK] committed | file_id=2104936bbafa91825f48cd36b69b21de529677cd | msg=- | talker=- | create_time=0 | sheet=Página1 | row=103 | ingest_to_commit_ms=1006 | manual_open_to_commit_ms=5463
[RETRY] 2a4d5969cf4975f84bf9f4675af6e95b_.jpg | attempt=1 | err=FileNotFoundError: Resolved file disappeared: C:\Users\Felipe\Documents\WeChat Files\wxid_xd3703k0ih2p22\FileStorage\Temp\2a4d5969cf4975f84bf9f4675af6e95b_.jpg
[OK] b5611336e9dc672a0664534c17d9ceda.dat | cliente=168 | banco=CLEEND | valor=21041.66 | data=21/07/2026 17:04 | sink=staged | resolution=direct_image | verification=CONFIRMADO | manual_open_to_claim_ms=2054 | open_ms=24 | prep_ms=52 | ocr_ms=5318 | parse_ms=2 | manual_open_to_ingest_ms=7463
[SINK] committed | file_id=9e49051ca45730cc0fa10ecf649a6c7fb7228da8 | msg=- | talker=- | create_time=0 | sheet=Página1 | row=104 | ingest_to_commit_ms=1319 | manual_open_to_commit_ms=8782
[RETRY] 9d876851226f527692ce756307325aa9_.jpg | attempt=1 | err=FileNotFoundError: Resolved file disappeared: C:\Users\Felipe\Documents\WeChat Files\wxid_xd3703k0ih2p22\FileStorage\Temp\9d876851226f527692ce756307325aa9_.jpg
[OK] 2880e0d0b2b6a7ed1d5aceb123c84d8f.dat | cliente=168 | banco=CLEEND | valor=43100.0 | data=22/07/2026 10:26 | sink=staged | resolution=direct_image | verification=CONFIRMADO | manual_open_to_claim_ms=1409 | open_ms=13 | prep_ms=30 | ocr_ms=1260 | parse_ms=1 | manual_open_to_ingest_ms=2720
[SINK] committed | file_id=8785cd2525d99e51dca5a35bc591eed1e32aa8ba | msg=- | talker=- | create_time=0 | sheet=Página1 | row=105 | ingest_to_commit_ms=1439 | manual_open_to_commit_ms=4159
[RETRY] 8bb6aaf58acaefea05641fbc0b1354d5_.jpg | attempt=1 | err=FileNotFoundError: Resolved file disappeared: C:\Users\Felipe\Documents\WeChat Files\wxid_xd3703k0ih2p22\FileStorage\Temp\8bb6aaf58acaefea05641fbc0b1354d5_.jpg
[OK] b627b0b340fe4ee87ae0794971bda3b6.dat | cliente=168 | banco=CLEEND | valor=29886.0 | data=22/07/2026 10:28 | sink=staged | resolution=direct_image | verification=CONFIRMADO | manual_open_to_claim_ms=1100 | open_ms=31 | prep_ms=44 | ocr_ms=4422 | parse_ms=2 | manual_open_to_ingest_ms=5615
[SINK] committed | file_id=f159859fc97953610bfd2670ec7c5ee687bdb3cb | msg=- | talker=- | create_time=0 | sheet=Página1 | row=106 | ingest_to_commit_ms=1210 | manual_open_to_commit_ms=6825
[RETRY] 40e1741f6e74c294bf9d72f8cfbceea2_.jpg | attempt=2 | err=FileNotFoundError: Resolved file disappeared: C:\Users\Felipe\Documents\WeChat Files\wxid_xd3703k0ih2p22\FileStorage\Temp\40e1741f6e74c294bf9d72f8cfbceea2_.jpg
[RETRY] fb9f07052599b57612ddf04f8560019c_.jpg | attempt=1 | err=FileNotFoundError: Resolved file disappeared: C:\Users\Felipe\Documents\WeChat Files\wxid_xd3703k0ih2p22\FileStorage\Temp\fb9f07052599b57612ddf04f8560019c_.jpg
[RETRY] 2a4d5969cf4975f84bf9f4675af6e95b_.jpg | attempt=2 | err=FileNotFoundError: Resolved file disappeared: C:\Users\Felipe\Documents\WeChat Files\wxid_xd3703k0ih2p22\FileStorage\Temp\2a4d5969cf4975f84bf9f4675af6e95b_.jpg
[OK] 67099ecd26557101ad0a94696e709a4c.dat | cliente=168 | banco=CLEEND | valor=30114.0 | data=22/07/2026 10:33 | sink=staged | resolution=direct_image | verification=CONFIRMADO | manual_open_to_claim_ms=1966 | open_ms=26 | prep_ms=40 | ocr_ms=4169 | parse_ms=1 | manual_open_to_ingest_ms=6215
[SINK] committed | file_id=3b5f97bbdaf6d1d1f36bf53a8a2a4186adab0898 | msg=- | talker=- | create_time=0 | sheet=Página1 | row=107 | ingest_to_commit_ms=901 | manual_open_to_commit_ms=7116
[RETRY] 077da9275f33b9f9ab1b06914c689188_.jpg | attempt=1 | err=FileNotFoundError: Resolved file disappeared: C:\Users\Felipe\Documents\WeChat Files\wxid_xd3703k0ih2p22\FileStorage\Temp\077da9275f33b9f9ab1b06914c689188_.jpg
[OK] bdc98250919a6dbf41db28e3af3957c3.dat | cliente=168 | banco=CLEEND | valor=22229.36 | data=17/07/2026 17:27 | sink=staged | resolution=direct_image | verification=CONFIRMADO | manual_open_to_claim_ms=1095 | open_ms=12 | prep_ms=3 | ocr_ms=3009 | parse_ms=2 | manual_open_to_ingest_ms=4128
[SINK] committed | file_id=5a6afaeebc0976850db61c3b612d1d0763de1c05 | msg=- | talker=- | create_time=0 | sheet=Página1 | row=108 | ingest_to_commit_ms=947 | manual_open_to_commit_ms=5075
[RETRY] 9d876851226f527692ce756307325aa9_.jpg | attempt=2 | err=FileNotFoundError: Resolved file disappeared: C:\Users\Felipe\Documents\WeChat Files\wxid_xd3703k0ih2p22\FileStorage\Temp\9d876851226f527692ce756307325aa9_.jpg
[RETRY] bfd102c6cf27339e33f9439d34e3dc11_.jpg | attempt=1 | err=FileNotFoundError: Resolved file disappeared: C:\Users\Felipe\Documents\WeChat Files\wxid_xd3703k0ih2p22\FileStorage\Temp\bfd102c6cf27339e33f9439d34e3dc11_.jpg
[RETRY] 8bb6aaf58acaefea05641fbc0b1354d5_.jpg | attempt=2 | err=FileNotFoundError: Resolved file disappeared: C:\Users\Felipe\Documents\WeChat Files\wxid_xd3703k0ih2p22\FileStorage\Temp\8bb6aaf58acaefea05641fbc0b1354d5_.jpg
[OK] 09b9b98275287bd7928a56584d42689e.dat | cliente=168 | banco=CLEEND | valor=49997.0 | data=22/07/2026 11:14 | sink=staged | resolution=direct_image | verification=CONFIRMADO | manual_open_to_claim_ms=1391 | open_ms=12 | prep_ms=1 | ocr_ms=4967 | parse_ms=1 | manual_open_to_ingest_ms=6383
[SINK] committed | file_id=eadbe0c00b02ca8247007c493aafa2a69ccb2988 | msg=- | talker=- | create_time=0 | sheet=Página1 | row=109 | ingest_to_commit_ms=1076 | manual_open_to_commit_ms=7459
[RETRY] 37436535dae381c85fc2089dda88004d_.jpg | attempt=1 | err=FileNotFoundError: Resolved file disappeared: C:\Users\Felipe\Documents\WeChat Files\wxid_xd3703k0ih2p22\FileStorage\Temp\37436535dae381c85fc2089dda88004d_.jpg
[OK] abd7192920d61755027a266deb7eb737.dat | cliente=168 | banco=CLEEND | valor=49995.0 | data=22/07/2026 11:16 | sink=staged | resolution=direct_image | verification=CONFIRMADO | manual_open_to_claim_ms=1042 | open_ms=11 | prep_ms=1 | ocr_ms=4284 | parse_ms=1 | manual_open_to_ingest_ms=5346
[SINK] committed | file_id=fcd911f1785f4710d49c50457031ae41d3ddba20 | msg=- | talker=- | create_time=0 | sheet=Página1 | row=110 | ingest_to_commit_ms=1053 | manual_open_to_commit_ms=6399
[RETRY] fb9f07052599b57612ddf04f8560019c_.jpg | attempt=2 | err=FileNotFoundError: Resolved file disappeared: C:\Users\Felipe\Documents\WeChat Files\wxid_xd3703k0ih2p22\FileStorage\Temp\fb9f07052599b57612ddf04f8560019c_.jpg
[RETRY] aff24cb7dee2565dd849cec1291c2586_.jpg | attempt=1 | err=FileNotFoundError: Resolved file disappeared: C:\Users\Felipe\Documents\WeChat Files\wxid_xd3703k0ih2p22\FileStorage\Temp\aff24cb7dee2565dd849cec1291c2586_.jpg
[SCAN] reconcile complete | queued_or_refreshed=13
[OK] 295e4f7855b15c2db5282602a7583768.dat | cliente=168 | banco=CLEEND | valor=49992.0 | data=22/07/2026 11:24 | sink=staged | resolution=direct_image | verification=CONFIRMADO | manual_open_to_claim_ms=7248 | open_ms=10 | prep_ms=1 | ocr_ms=3587 | parse_ms=6 | manual_open_to_ingest_ms=10865
[SINK] committed | file_id=6d92f3d26d75d5a4c64cca5c380967fac22ee8f8 | msg=- | talker=- | create_time=0 | sheet=Página1 | row=111 | ingest_to_commit_ms=1024 | manual_open_to_commit_ms=11889
[OK] 0b9c26d5a732ff96578231f17482caa3.dat | cliente=168 | banco=CLEEND | valor=49993.0 | data=22/07/2026 11:20 | sink=staged | resolution=direct_image | verification=CONFIRMADO | manual_open_to_claim_ms=2774 | open_ms=10 | prep_ms=2 | ocr_ms=2932 | parse_ms=1 | manual_open_to_ingest_ms=5726
[SINK] committed | file_id=9ff81852536bbcd6e003443526137ed9bf49a5c9 | msg=- | talker=- | create_time=0 | sheet=Página1 | row=112 | ingest_to_commit_ms=997 | manual_open_to_commit_ms=6723
[RETRY] 077da9275f33b9f9ab1b06914c689188_.jpg | attempt=2 | err=FileNotFoundError: Resolved file disappeared: C:\Users\Felipe\Documents\WeChat Files\wxid_xd3703k0ih2p22\FileStorage\Temp\077da9275f33b9f9ab1b06914c689188_.jpg
[RETRY] bfd102c6cf27339e33f9439d34e3dc11_.jpg | attempt=2 | err=FileNotFoundError: Resolved file disappeared: C:\Users\Felipe\Documents\WeChat Files\wxid_xd3703k0ih2p22\FileStorage\Temp\bfd102c6cf27339e33f9439d34e3dc11_.jpg
[RETRY] ed11d284eb645386bb13259df403f1cb_.jpg | attempt=1 | err=FileNotFoundError: Resolved file disappeared: C:\Users\Felipe\Documents\WeChat Files\wxid_xd3703k0ih2p22\FileStorage\Temp\ed11d284eb645386bb13259df403f1cb_.jpg
[RETRY] 919140b2f8e856b625880ffd0379b610_.jpg | attempt=1 | err=FileNotFoundError: Resolved file disappeared: C:\Users\Felipe\Documents\WeChat Files\wxid_xd3703k0ih2p22\FileStorage\Temp\919140b2f8e856b625880ffd0379b610_.jpg
[OK] 4d37e3dc3e298a7d2908f54cb05c68c4.dat | cliente=168 | banco=CLEEND | valor=42335.0 | data=22/07/2026 11:26 | sink=staged | resolution=direct_image | verification=CONFIRMADO | manual_open_to_claim_ms=2088 | open_ms=10 | prep_ms=1 | ocr_ms=3811 | parse_ms=1 | manual_open_to_ingest_ms=5919
[SINK] committed | file_id=26e1d1ec5d66ce4b344c2a995cc87b5a9d0143d7 | msg=- | talker=- | create_time=0 | sheet=Página1 | row=113 | ingest_to_commit_ms=912 | manual_open_to_commit_ms=6831
[SKIP] 40e1741f6e74c294bf9d72f8cfbceea2_.jpg | temp_file_disappeared_after_3_attempts
[SKIP] 2a4d5969cf4975f84bf9f4675af6e95b_.jpg | temp_file_disappeared_after_3_attempts
[RETRY] 37436535dae381c85fc2089dda88004d_.jpg | attempt=2 | err=FileNotFoundError: Resolved file disappeared: C:\Users\Felipe\Documents\WeChat Files\wxid_xd3703k0ih2p22\FileStorage\Temp\37436535dae381c85fc2089dda88004d_.jpg
[RETRY] 112738b3431bc0afae2bdfb45e3898d2_.jpg | attempt=1 | err=FileNotFoundError: Resolved file disappeared: C:\Users\Felipe\Documents\WeChat Files\wxid_xd3703k0ih2p22\FileStorage\Temp\112738b3431bc0afae2bdfb45e3898d2_.jpg
[RETRY] aff24cb7dee2565dd849cec1291c2586_.jpg | attempt=2 | err=FileNotFoundError: Resolved file disappeared: C:\Users\Felipe\Documents\WeChat Files\wxid_xd3703k0ih2p22\FileStorage\Temp\aff24cb7dee2565dd849cec1291c2586_.jpg
[OK] 8c088c86f37e414851088b129daae99e.dat | cliente=168 | banco=CLEEND | valor=1827.7 | data=22/07/2026 08:16 | sink=staged | resolution=direct_image | verification=CONFIRMADO | manual_open_to_claim_ms=1893 | open_ms=9 | prep_ms=2 | ocr_ms=4206 | parse_ms=1 | manual_open_to_ingest_ms=6118
[SINK] committed | file_id=f16fd61aa9ee08b76b2393db048ac5fb11bea6b6 | msg=- | talker=- | create_time=0 | sheet=Página1 | row=114 | ingest_to_commit_ms=921 | manual_open_to_commit_ms=7039
[RETRY] add79e6a4bfadcf9f2c94873744e896e_.jpg | attempt=1 | err=FileNotFoundError: Resolved file disappeared: C:\Users\Felipe\Documents\WeChat Files\wxid_xd3703k0ih2p22\FileStorage\Temp\add79e6a4bfadcf9f2c94873744e896e_.jpg
[SKIP] 9d876851226f527692ce756307325aa9_.jpg | temp_file_disappeared_after_3_attempts
[SKIP] 8bb6aaf58acaefea05641fbc0b1354d5_.jpg | temp_file_disappeared_after_3_attempts
[RETRY] ed11d284eb645386bb13259df403f1cb_.jpg | attempt=2 | err=FileNotFoundError: Resolved file disappeared: C:\Users\Felipe\Documents\WeChat Files\wxid_xd3703k0ih2p22\FileStorage\Temp\ed11d284eb645386bb13259df403f1cb_.jpg
[RETRY] 919140b2f8e856b625880ffd0379b610_.jpg | attempt=2 | err=FileNotFoundError: Resolved file disappeared: C:\Users\Felipe\Documents\WeChat Files\wxid_xd3703k0ih2p22\FileStorage\Temp\919140b2f8e856b625880ffd0379b610_.jpg
[RETRY] 112738b3431bc0afae2bdfb45e3898d2_.jpg | attempt=2 | err=FileNotFoundError: Resolved file disappeared: C:\Users\Felipe\Documents\WeChat Files\wxid_xd3703k0ih2p22\FileStorage\Temp\112738b3431bc0afae2bdfb45e3898d2_.jpg
[SKIP] fb9f07052599b57612ddf04f8560019c_.jpg | temp_file_disappeared_after_3_attempts
[RETRY] add79e6a4bfadcf9f2c94873744e896e_.jpg | attempt=2 | err=FileNotFoundError: Resolved file disappeared: C:\Users\Felipe\Documents\WeChat Files\wxid_xd3703k0ih2p22\FileStorage\Temp\add79e6a4bfadcf9f2c94873744e896e_.jpg
[SKIP] 077da9275f33b9f9ab1b06914c689188_.jpg | temp_file_disappeared_after_3_attempts
[SKIP] bfd102c6cf27339e33f9439d34e3dc11_.jpg | temp_file_disappeared_after_3_attempts
[SKIP] 37436535dae381c85fc2089dda88004d_.jpg | temp_file_disappeared_after_3_attempts
[SKIP] aff24cb7dee2565dd849cec1291c2586_.jpg | temp_file_disappeared_after_3_attempts
[SCAN] reconcile complete | queued_or_refreshed=10
[SKIP] ed11d284eb645386bb13259df403f1cb_.jpg | temp_file_disappeared_after_3_attempts
[SKIP] 919140b2f8e856b625880ffd0379b610_.jpg | temp_file_disappeared_after_3_attempts
[SKIP] 112738b3431bc0afae2bdfb45e3898d2_.jpg | temp_file_disappeared_after_3_attempts
[SKIP] add79e6a4bfadcf9f2c94873744e896e_.jpg | temp_file_disappeared_after_3_attempts
[SCAN] reconcile complete | queued_or_refreshed=7
[SCAN] reconcile complete | queued_or_refreshed=0
[SCAN] reconcile complete | queued_or_refreshed=0
[SCAN] reconcile complete | queued_or_refreshed=0
[SCAN] reconcile complete | queued_or_refreshed=0
[SCAN] reconcile complete | queued_or_refreshed=0
[SCAN] reconcile complete | queued_or_refreshed=0
[SCAN] reconcile complete | queued_or_refreshed=0
[SCAN] reconcile complete | queued_or_refreshed=0
[SCAN] reconcile complete | queued_or_refreshed=0
[SCAN] reconcile complete | queued_or_refreshed=0
[OK] 82d44e92ffad6910a394abb6ba282bb7.dat | cliente=303 | banco=CLEEND | valor=19500.0 | data=22/07/2026 19:30 | sink=staged | resolution=direct_image | verification=CONFIRMADO | manual_open_to_claim_ms=2217 | open_ms=25 | prep_ms=0 | ocr_ms=3522 | parse_ms=1 | manual_open_to_ingest_ms=5774
[SINK] committed | file_id=7f5ffbec8ba8da755aed52a5a7bf98a2caa1efa8 | msg=- | talker=- | create_time=0 | sheet=Página1 | row=115 | ingest_to_commit_ms=2225 | manual_open_to_commit_ms=7999
[RETRY] 7d130c9ea0d4127b20c829f56400cf12_.jpg | attempt=1 | err=FileNotFoundError: Resolved file disappeared: C:\Users\Felipe\Documents\WeChat Files\wxid_xd3703k0ih2p22\FileStorage\Temp\7d130c9ea0d4127b20c829f56400cf12_.jpg
[OK] 264e80e68a434e022d0bf2fa602fb26f.dat | cliente=303 | banco=CLEEND | valor=29000.0 | data=20/07/2026 19:31 | sink=staged | resolution=direct_image | verification=CONFIRMADO | manual_open_to_claim_ms=2163 | open_ms=8 | prep_ms=0 | ocr_ms=3016 | parse_ms=1 | manual_open_to_ingest_ms=5197
[SINK] committed | file_id=c45d79fdd3896ca7165247282fba22015a57f594 | msg=- | talker=- | create_time=0 | sheet=Página1 | row=116 | ingest_to_commit_ms=862 | manual_open_to_commit_ms=6059
[RETRY] 1bdb50a0bf4cb71641a6a660b23c0786_.jpg | attempt=1 | err=FileNotFoundError: Resolved file disappeared: C:\Users\Felipe\Documents\WeChat Files\wxid_xd3703k0ih2p22\FileStorage\Temp\1bdb50a0bf4cb71641a6a660b23c0786_.jpg
[OK] bf3fa1918d2e03298e3c12c1e7fbfb26.dat | cliente=303 | banco=CLEEND | valor=27000.0 | data=20/07/2026 19:33 | sink=staged | resolution=direct_image | verification=CONFIRMADO | manual_open_to_claim_ms=2106 | open_ms=7 | prep_ms=1 | ocr_ms=3957 | parse_ms=1 | manual_open_to_ingest_ms=6076
[SINK] committed | file_id=5fb5393ae32268bb40fead123f878b9ba0a66783 | msg=- | talker=- | create_time=0 | sheet=Página1 | row=117 | ingest_to_commit_ms=877 | manual_open_to_commit_ms=6954
[RETRY] 594079318ca5aa2448fda2d8d8c3beab_.jpg | attempt=1 | err=FileNotFoundError: Resolved file disappeared: C:\Users\Felipe\Documents\WeChat Files\wxid_xd3703k0ih2p22\FileStorage\Temp\594079318ca5aa2448fda2d8d8c3beab_.jpg
[OK] 55bc997445bf76ac9460c22bae0daf62.dat | cliente=303 | banco=CLEEND | valor=15000.0 | data=20/07/2026 20:11 | sink=staged | resolution=direct_image | verification=CONFIRMADO | manual_open_to_claim_ms=1870 | open_ms=7 | prep_ms=1 | ocr_ms=3893 | parse_ms=1 | manual_open_to_ingest_ms=5775
[SINK] committed | file_id=25ca63be7754e5b648a619e8b4a8de7f23b03dd8 | msg=- | talker=- | create_time=0 | sheet=Página1 | row=118 | ingest_to_commit_ms=1417 | manual_open_to_commit_ms=7192
[RETRY] 3e661168f05ef52c84f2ee75d242ed39_.jpg | attempt=1 | err=FileNotFoundError: Resolved file disappeared: C:\Users\Felipe\Documents\WeChat Files\wxid_xd3703k0ih2p22\FileStorage\Temp\3e661168f05ef52c84f2ee75d242ed39_.jpg
[OK] c8babe1706f46feff17c8c477170cac4.dat | cliente=303 | banco=CLEEND | valor=35000.0 | data=20/07/2026 20:33 | sink=staged | resolution=direct_image | verification=CONFIRMADO | manual_open_to_claim_ms=1260 | open_ms=6 | prep_ms=0 | ocr_ms=3241 | parse_ms=2 | manual_open_to_ingest_ms=4513
[SINK] committed | file_id=0ea443629eef8ca563eadc4a1b32383c596c8f84 | msg=- | talker=- | create_time=0 | sheet=Página1 | row=119 | ingest_to_commit_ms=1049 | manual_open_to_commit_ms=5562
[RETRY] 7d130c9ea0d4127b20c829f56400cf12_.jpg | attempt=2 | err=FileNotFoundError: Resolved file disappeared: C:\Users\Felipe\Documents\WeChat Files\wxid_xd3703k0ih2p22\FileStorage\Temp\7d130c9ea0d4127b20c829f56400cf12_.jpg
[RETRY] ceda2f13f696884e68089730a4af13be_.jpg | attempt=1 | err=FileNotFoundError: Resolved file disappeared: C:\Users\Felipe\Documents\WeChat Files\wxid_xd3703k0ih2p22\FileStorage\Temp\ceda2f13f696884e68089730a4af13be_.jpg
[RETRY] 1bdb50a0bf4cb71641a6a660b23c0786_.jpg | attempt=2 | err=FileNotFoundError: Resolved file disappeared: C:\Users\Felipe\Documents\WeChat Files\wxid_xd3703k0ih2p22\FileStorage\Temp\1bdb50a0bf4cb71641a6a660b23c0786_.jpg
[OK] 5cb9fb281795c202dc6e7bfc38aca5d1.dat | cliente=303 | banco=CLEEND | valor=6000.0 | data=20/07/2026 13:13 | sink=staged | resolution=direct_image | verification=CONFIRMADO | manual_open_to_claim_ms=1777 | open_ms=6 | prep_ms=0 | ocr_ms=1960 | parse_ms=1 | manual_open_to_ingest_ms=3750
[SINK] committed | file_id=dbf4041d4ff83ea15c73d116df7799322d9096c2 | msg=- | talker=- | create_time=0 | sheet=Página1 | row=120 | ingest_to_commit_ms=1465 | manual_open_to_commit_ms=5215
[RETRY] 8044148ab9e4e28a6743c32047a498ff_.jpg | attempt=1 | err=FileNotFoundError: Resolved file disappeared: C:\Users\Felipe\Documents\WeChat Files\wxid_xd3703k0ih2p22\FileStorage\Temp\8044148ab9e4e28a6743c32047a498ff_.jpg
[OK] 6fe138a4bb54ce75fc8edb2f0f05dcc7.dat | cliente=303 | banco=CLEEND | valor=5750.0 | data=20/07/2026 17:03 | sink=staged | resolution=direct_image | verification=CONFIRMADO | manual_open_to_claim_ms=1320 | open_ms=6 | prep_ms=0 | ocr_ms=5672 | parse_ms=2 | manual_open_to_ingest_ms=7004
[SINK] committed | file_id=22e4da5e779a045596267ae8e7812b912fa6d834 | msg=- | talker=- | create_time=0 | sheet=Página1 | row=121 | ingest_to_commit_ms=873 | manual_open_to_commit_ms=7877
[RETRY] 594079318ca5aa2448fda2d8d8c3beab_.jpg | attempt=2 | err=FileNotFoundError: Resolved file disappeared: C:\Users\Felipe\Documents\WeChat Files\wxid_xd3703k0ih2p22\FileStorage\Temp\594079318ca5aa2448fda2d8d8c3beab_.jpg
[RETRY] 850ba7fef36830b2ca289c9cfdaa0efc_.jpg | attempt=1 | err=FileNotFoundError: Resolved file disappeared: C:\Users\Felipe\Documents\WeChat Files\wxid_xd3703k0ih2p22\FileStorage\Temp\850ba7fef36830b2ca289c9cfdaa0efc_.jpg
[SCAN] reconcile complete | queued_or_refreshed=8
[OK] 37a3447a5f0108e1e39ba64592ce0ff5.dat | cliente=303 | banco=CLEEND | valor=5050.0 | data=20/07/2026 19:47 | sink=staged | resolution=direct_image | verification=CONFIRMADO | manual_open_to_claim_ms=6799 | open_ms=7 | prep_ms=0 | ocr_ms=4943 | parse_ms=2 | manual_open_to_ingest_ms=11756
[SINK] committed | file_id=5ce2ba0a678055cae32fdbdc9acae573afba7e1a | msg=- | talker=- | create_time=0 | sheet=Página1 | row=122 | ingest_to_commit_ms=896 | manual_open_to_commit_ms=12652
[OK] 6a3035079f797e12d481065dfaf57b46.dat | cliente=303 | banco=CLEEND | valor=7100.0 | data=20/07/2026 21:17 | sink=staged | resolution=direct_image | verification=CONFIRMADO | manual_open_to_claim_ms=3640 | open_ms=6 | prep_ms=0 | ocr_ms=3496 | parse_ms=2 | manual_open_to_ingest_ms=7146
[SINK] committed | file_id=f97d45b66a46008d9dae234a7b2082562517c0cd | msg=- | talker=- | create_time=0 | sheet=Página1 | row=123 | ingest_to_commit_ms=828 | manual_open_to_commit_ms=7974
[RETRY] 3e661168f05ef52c84f2ee75d242ed39_.jpg | attempt=2 | err=FileNotFoundError: Resolved file disappeared: C:\Users\Felipe\Documents\WeChat Files\wxid_xd3703k0ih2p22\FileStorage\Temp\3e661168f05ef52c84f2ee75d242ed39_.jpg
[RETRY] ceda2f13f696884e68089730a4af13be_.jpg | attempt=2 | err=FileNotFoundError: Resolved file disappeared: C:\Users\Felipe\Documents\WeChat Files\wxid_xd3703k0ih2p22\FileStorage\Temp\ceda2f13f696884e68089730a4af13be_.jpg
[RETRY] 50d061a01dc1c0c66504c2ecf6cc8918_.jpg | attempt=1 | err=FileNotFoundError: Resolved file disappeared: C:\Users\Felipe\Documents\WeChat Files\wxid_xd3703k0ih2p22\FileStorage\Temp\50d061a01dc1c0c66504c2ecf6cc8918_.jpg
[RETRY] 89ee665e8d84dbaf7dabc81ddea22868_.jpg | attempt=1 | err=FileNotFoundError: Resolved file disappeared: C:\Users\Felipe\Documents\WeChat Files\wxid_xd3703k0ih2p22\FileStorage\Temp\89ee665e8d84dbaf7dabc81ddea22868_.jpg
[RETRY] 8044148ab9e4e28a6743c32047a498ff_.jpg | attempt=2 | err=FileNotFoundError: Resolved file disappeared: C:\Users\Felipe\Documents\WeChat Files\wxid_xd3703k0ih2p22\FileStorage\Temp\8044148ab9e4e28a6743c32047a498ff_.jpg
[OK] 3346a035292d707fda19d3277fef02fa.dat | cliente=303 | banco=CLEEND | valor=10000.0 | data=21/07/2026 07:34 | sink=staged | resolution=direct_image | verification=CONFIRMADO | manual_open_to_claim_ms=1892 | open_ms=7 | prep_ms=1 | ocr_ms=1410 | parse_ms=1 | manual_open_to_ingest_ms=3313
[SINK] committed | file_id=89f590ddb6d75446e9f6f2d915b47a4241573b57 | msg=- | talker=- | create_time=0 | sheet=Página1 | row=124 | ingest_to_commit_ms=1223 | manual_open_to_commit_ms=4536
[RETRY] cede28cb7beb5dbf7a71a915ee426e17_.jpg | attempt=1 | err=FileNotFoundError: Resolved file disappeared: C:\Users\Felipe\Documents\WeChat Files\wxid_xd3703k0ih2p22\FileStorage\Temp\cede28cb7beb5dbf7a71a915ee426e17_.jpg
[OK] d207d285ba469f47cfc0339186116608.dat | cliente=303 | banco=CLEEND | valor=7000.0 | data=21/07/2026 14:04 | sink=staged | resolution=direct_image | verification=CONFIRMADO | manual_open_to_claim_ms=1847 | open_ms=10 | prep_ms=1 | ocr_ms=1085 | parse_ms=0 | manual_open_to_ingest_ms=2949
[SINK] committed | file_id=aa9d2dfb6bbb0d542d9846b57f1438adf8d2cdbb | msg=- | talker=- | create_time=0 | sheet=Página1 | row=125 | ingest_to_commit_ms=950 | manual_open_to_commit_ms=3898
[RETRY] 850ba7fef36830b2ca289c9cfdaa0efc_.jpg | attempt=2 | err=FileNotFoundError: Resolved file disappeared: C:\Users\Felipe\Documents\WeChat Files\wxid_xd3703k0ih2p22\FileStorage\Temp\850ba7fef36830b2ca289c9cfdaa0efc_.jpg
[RETRY] b962aea41bf9d815f0d108cf7d5db229_.jpg | attempt=1 | err=FileNotFoundError: Resolved file disappeared: C:\Users\Felipe\Documents\WeChat Files\wxid_xd3703k0ih2p22\FileStorage\Temp\b962aea41bf9d815f0d108cf7d5db229_.jpg
[OK] 5631c5f21da32345a222adfc7afccfe1.dat | cliente=303 | banco=CLEEND | valor=2620.0 | data=21/07/2026 15:01 | sink=staged | resolution=direct_image | verification=CONFIRMADO | manual_open_to_claim_ms=1278 | open_ms=12 | prep_ms=23 | ocr_ms=2227 | parse_ms=1 | manual_open_to_ingest_ms=3545
[SINK] committed | file_id=7062176b6654f2bdd9940680837203a385756b68 | msg=- | talker=- | create_time=0 | sheet=Página1 | row=126 | ingest_to_commit_ms=1217 | manual_open_to_commit_ms=4762
[SKIP] 7d130c9ea0d4127b20c829f56400cf12_.jpg | temp_file_disappeared_after_3_attempts
[RETRY] 4f6dd4d292df5f5b56d4f06c9e7c72d2_.jpg | attempt=1 | err=FileNotFoundError: Resolved file disappeared: C:\Users\Felipe\Documents\WeChat Files\wxid_xd3703k0ih2p22\FileStorage\Temp\4f6dd4d292df5f5b56d4f06c9e7c72d2_.jpg
[SKIP] 1bdb50a0bf4cb71641a6a660b23c0786_.jpg | temp_file_disappeared_after_3_attempts
[OK] 0c4e122dc9e561803433c2fb34e9d39a.dat | cliente=303 | banco=CLEEND | valor=5050.0 | data=21/07/2026 16:57 | sink=staged | resolution=direct_image | verification=CONFIRMADO | manual_open_to_claim_ms=2187 | open_ms=10 | prep_ms=1 | ocr_ms=3848 | parse_ms=1 | manual_open_to_ingest_ms=6052
[SINK] committed | file_id=c0ab0e70cda9a573382b14af65f39933aa65146a | msg=- | talker=- | create_time=0 | sheet=Página1 | row=127 | ingest_to_commit_ms=1177 | manual_open_to_commit_ms=7228
[RETRY] 50d061a01dc1c0c66504c2ecf6cc8918_.jpg | attempt=2 | err=FileNotFoundError: Resolved file disappeared: C:\Users\Felipe\Documents\WeChat Files\wxid_xd3703k0ih2p22\FileStorage\Temp\50d061a01dc1c0c66504c2ecf6cc8918_.jpg
[RETRY] 89ee665e8d84dbaf7dabc81ddea22868_.jpg | attempt=2 | err=FileNotFoundError: Resolved file disappeared: C:\Users\Felipe\Documents\WeChat Files\wxid_xd3703k0ih2p22\FileStorage\Temp\89ee665e8d84dbaf7dabc81ddea22868_.jpg
[RETRY] 191825026cf25e386c6ebfe5490d26c6_.jpg | attempt=1 | err=FileNotFoundError: Resolved file disappeared: C:\Users\Felipe\Documents\WeChat Files\wxid_xd3703k0ih2p22\FileStorage\Temp\191825026cf25e386c6ebfe5490d26c6_.jpg
[RETRY] cede28cb7beb5dbf7a71a915ee426e17_.jpg | attempt=2 | err=FileNotFoundError: Resolved file disappeared: C:\Users\Felipe\Documents\WeChat Files\wxid_xd3703k0ih2p22\FileStorage\Temp\cede28cb7beb5dbf7a71a915ee426e17_.jpg
[OK] 3844d52c8c5461a21facef513dd0c8fe.dat | cliente=303 | banco=CLEEND | valor=7000.0 | data=21/07/2026 17:35 | sink=staged | resolution=direct_image | verification=CONFIRMADO | manual_open_to_claim_ms=1022 | open_ms=4 | prep_ms=0 | ocr_ms=1919 | parse_ms=1 | manual_open_to_ingest_ms=2949
[SINK] committed | file_id=6471e38283c76dddaa395b539c1209ccad6cebe0 | msg=- | talker=- | create_time=0 | sheet=Página1 | row=128 | ingest_to_commit_ms=825 | manual_open_to_commit_ms=3774
[RETRY] 84cf932087e4f4803103f5a311c86bbf_.jpg | attempt=1 | err=FileNotFoundError: Resolved file disappeared: C:\Users\Felipe\Documents\WeChat Files\wxid_xd3703k0ih2p22\FileStorage\Temp\84cf932087e4f4803103f5a311c86bbf_.jpg
[SKIP] 594079318ca5aa2448fda2d8d8c3beab_.jpg | temp_file_disappeared_after_3_attempts
[RETRY] b962aea41bf9d815f0d108cf7d5db229_.jpg | attempt=2 | err=FileNotFoundError: Resolved file disappeared: C:\Users\Felipe\Documents\WeChat Files\wxid_xd3703k0ih2p22\FileStorage\Temp\b962aea41bf9d815f0d108cf7d5db229_.jpg
[OK] 459c124a466c9778a9f491d50b6e4303.dat | cliente=303 | banco=CLEEND | valor=1000.0 | data=21/07/2026 19:25 | sink=staged | resolution=direct_image | verification=CONFIRMADO | manual_open_to_claim_ms=1194 | open_ms=5 | prep_ms=0 | ocr_ms=1803 | parse_ms=2 | manual_open_to_ingest_ms=3008
[SINK] committed | file_id=cea7d3a5754113eeebf688193101243c2fcdc1ee | msg=- | talker=- | create_time=0 | sheet=Página1 | row=129 | ingest_to_commit_ms=834 | manual_open_to_commit_ms=3841
[RETRY] d38d9f4e01f78f7ddce17ded27479b28_.jpg | attempt=1 | err=FileNotFoundError: Resolved file disappeared: C:\Users\Felipe\Documents\WeChat Files\wxid_xd3703k0ih2p22\FileStorage\Temp\d38d9f4e01f78f7ddce17ded27479b28_.jpg
[RETRY] 4f6dd4d292df5f5b56d4f06c9e7c72d2_.jpg | attempt=2 | err=FileNotFoundError: Resolved file disappeared: C:\Users\Felipe\Documents\WeChat Files\wxid_xd3703k0ih2p22\FileStorage\Temp\4f6dd4d292df5f5b56d4f06c9e7c72d2_.jpg
[OK] b69af77faee2c787f6f600d6cb5f0fcb.dat | cliente=303 | banco=CLEEND | valor=4100.0 | data=22/07/2026 09:47 | sink=staged | resolution=direct_image | verification=CONFIRMADO | manual_open_to_claim_ms=1220 | open_ms=5 | prep_ms=0 | ocr_ms=1813 | parse_ms=1 | manual_open_to_ingest_ms=3044
[SINK] committed | file_id=5d1d2f3121d61cbba3b85ca4372d238a9ba34f71 | msg=- | talker=- | create_time=0 | sheet=Página1 | row=130 | ingest_to_commit_ms=1095 | manual_open_to_commit_ms=4139
[RETRY] 2c859a3bb9a4617b88b7bc79cc6feae2_.jpg | attempt=1 | err=FileNotFoundError: Resolved file disappeared: C:\Users\Felipe\Documents\WeChat Files\wxid_xd3703k0ih2p22\FileStorage\Temp\2c859a3bb9a4617b88b7bc79cc6feae2_.jpg
[SKIP] 3e661168f05ef52c84f2ee75d242ed39_.jpg | temp_file_disappeared_after_3_attempts
[SKIP] ceda2f13f696884e68089730a4af13be_.jpg | temp_file_disappeared_after_3_attempts
[SKIP] 8044148ab9e4e28a6743c32047a498ff_.jpg | temp_file_disappeared_after_3_attempts
[OK] 838fe2a63e01cca4f171399b7bdad172.dat | cliente=303 | banco=CLEEND | valor=850.0 | data=20/07/2026 13:17 | sink=staged | resolution=direct_image | verification=CONFIRMADO | manual_open_to_claim_ms=1623 | open_ms=82 | prep_ms=100 | ocr_ms=4304 | parse_ms=1 | manual_open_to_ingest_ms=6145
[SINK] committed | file_id=798f22b76c3c4d93560b9e89360b204fc334f8a5 | msg=- | talker=- | create_time=0 | sheet=Página1 | row=131 | ingest_to_commit_ms=861 | manual_open_to_commit_ms=7007
[RETRY] 191825026cf25e386c6ebfe5490d26c6_.jpg | attempt=2 | err=FileNotFoundError: Resolved file disappeared: C:\Users\Felipe\Documents\WeChat Files\wxid_xd3703k0ih2p22\FileStorage\Temp\191825026cf25e386c6ebfe5490d26c6_.jpg
[RETRY] 84cf932087e4f4803103f5a311c86bbf_.jpg | attempt=2 | err=FileNotFoundError: Resolved file disappeared: C:\Users\Felipe\Documents\WeChat Files\wxid_xd3703k0ih2p22\FileStorage\Temp\84cf932087e4f4803103f5a311c86bbf_.jpg
[RETRY] 8664103fd1b67ef31a7dff0d4de5b0c5_.jpg | attempt=1 | err=FileNotFoundError: Resolved file disappeared: C:\Users\Felipe\Documents\WeChat Files\wxid_xd3703k0ih2p22\FileStorage\Temp\8664103fd1b67ef31a7dff0d4de5b0c5_.jpg
[SCAN] reconcile complete | queued_or_refreshed=17
[OK] ce8d9c8cb365c38c72f0877aced06e90.dat | cliente=303 | banco=CLEEND | valor=0.0 | data=21/07/2026 12:33 | sink=staged | resolution=direct_image | verification=CONFIRMADO | manual_open_to_claim_ms=4912 | open_ms=37 | prep_ms=83 | ocr_ms=2806 | parse_ms=1 | manual_open_to_ingest_ms=7864
[SINK] committed | file_id=04af584441935a004cc821b6d3fbea5e79ad336f | msg=- | talker=- | create_time=0 | sheet=Página1 | row=132 | ingest_to_commit_ms=889 | manual_open_to_commit_ms=8753
[SKIP] 850ba7fef36830b2ca289c9cfdaa0efc_.jpg | temp_file_disappeared_after_3_attempts
[RETRY] d38d9f4e01f78f7ddce17ded27479b28_.jpg | attempt=2 | err=FileNotFoundError: Resolved file disappeared: C:\Users\Felipe\Documents\WeChat Files\wxid_xd3703k0ih2p22\FileStorage\Temp\d38d9f4e01f78f7ddce17ded27479b28_.jpg
[RETRY] bcb5d26bd549eb7e8e3c409bfb41b21b_.jpg | attempt=1 | err=FileNotFoundError: Resolved file disappeared: C:\Users\Felipe\Documents\WeChat Files\wxid_xd3703k0ih2p22\FileStorage\Temp\bcb5d26bd549eb7e8e3c409bfb41b21b_.jpg
[OK] c027baa3bdd95b6d21e56deefecbe1f4.dat | cliente=303 | banco=CLEEND | valor=7100.0 | data=21/07/2026 17:32 | sink=staged | resolution=direct_image | verification=CONFIRMADO | manual_open_to_claim_ms=1244 | open_ms=44 | prep_ms=93 | ocr_ms=2803 | parse_ms=1 | manual_open_to_ingest_ms=4212
[SINK] committed | file_id=f4905c383265467b048a99988cadc14d8f68db70 | msg=- | talker=- | create_time=0 | sheet=Página1 | row=133 | ingest_to_commit_ms=805 | manual_open_to_commit_ms=5017
[RETRY] fa564e93ac5fe44d58e9c4d39aaaf90a_.jpg | attempt=1 | err=FileNotFoundError: Resolved file disappeared: C:\Users\Felipe\Documents\WeChat Files\wxid_xd3703k0ih2p22\FileStorage\Temp\fa564e93ac5fe44d58e9c4d39aaaf90a_.jpg
[RETRY] 2c859a3bb9a4617b88b7bc79cc6feae2_.jpg | attempt=2 | err=FileNotFoundError: Resolved file disappeared: C:\Users\Felipe\Documents\WeChat Files\wxid_xd3703k0ih2p22\FileStorage\Temp\2c859a3bb9a4617b88b7bc79cc6feae2_.jpg
[OK] 9b047ca15ba402fa1337a96ccd94e2bf.dat | cliente=303 | banco=CLEEND | valor=18000.0 | data=22/07/2026 10:23 | sink=staged | resolution=direct_image | verification=CONFIRMADO | manual_open_to_claim_ms=1166 | open_ms=42 | prep_ms=89 | ocr_ms=3191 | parse_ms=2 | manual_open_to_ingest_ms=4515
[SINK] committed | file_id=aaec473ae8955e06d534519cbff9505c773e056b | msg=- | talker=- | create_time=0 | sheet=Página1 | row=134 | ingest_to_commit_ms=1039 | manual_open_to_commit_ms=5554
[SKIP] 50d061a01dc1c0c66504c2ecf6cc8918_.jpg | temp_file_disappeared_after_3_attempts
[SKIP] 89ee665e8d84dbaf7dabc81ddea22868_.jpg | temp_file_disappeared_after_3_attempts
[RETRY] c25efd6245e3a7a8be667c4aa0e7ce92_.jpg | attempt=1 | err=FileNotFoundError: Resolved file disappeared: C:\Users\Felipe\Documents\WeChat Files\wxid_xd3703k0ih2p22\FileStorage\Temp\c25efd6245e3a7a8be667c4aa0e7ce92_.jpg
[SKIP] cede28cb7beb5dbf7a71a915ee426e17_.jpg | temp_file_disappeared_after_3_attempts
[OK] c61299c1cd954f6e036fd3b01b54610f.dat | cliente=303 | banco=CLEEND | valor=12000.0 | data=22/07/2026 10:24 | sink=staged | resolution=direct_image | verification=CONFIRMADO | manual_open_to_claim_ms=1782 | open_ms=41 | prep_ms=91 | ocr_ms=2932 | parse_ms=2 | manual_open_to_ingest_ms=4873
[SINK] committed | file_id=6fded41d5bd8952c884c4bb190c1d36cb8ff9118 | msg=- | talker=- | create_time=0 | sheet=Página1 | row=135 | ingest_to_commit_ms=1314 | manual_open_to_commit_ms=6187
[SKIP] b962aea41bf9d815f0d108cf7d5db229_.jpg | temp_file_disappeared_after_3_attempts
[RETRY] 8664103fd1b67ef31a7dff0d4de5b0c5_.jpg | attempt=2 | err=FileNotFoundError: Resolved file disappeared: C:\Users\Felipe\Documents\WeChat Files\wxid_xd3703k0ih2p22\FileStorage\Temp\8664103fd1b67ef31a7dff0d4de5b0c5_.jpg
[RETRY] e3fbbe49f87b3352b5fc38d023610b45_.jpg | attempt=1 | err=FileNotFoundError: Resolved file disappeared: C:\Users\Felipe\Documents\WeChat Files\wxid_xd3703k0ih2p22\FileStorage\Temp\e3fbbe49f87b3352b5fc38d023610b45_.jpg
[OK] defb0ee27eecd30ae3e53db80d05845a.dat | cliente=303 | banco=CLEEND | valor=20000.0 | data=20/07/2026 20:10 | sink=staged | resolution=direct_image | verification=CONFIRMADO | manual_open_to_claim_ms=1201 | open_ms=37 | prep_ms=84 | ocr_ms=2396 | parse_ms=1 | manual_open_to_ingest_ms=3744
[SINK] committed | file_id=b90733d063dd40b6853f9c3f6d743d997547bb4b | msg=- | talker=- | create_time=0 | sheet=Página1 | row=136 | ingest_to_commit_ms=874 | manual_open_to_commit_ms=4618
[RETRY] bcb5d26bd549eb7e8e3c409bfb41b21b_.jpg | attempt=2 | err=FileNotFoundError: Resolved file disappeared: C:\Users\Felipe\Documents\WeChat Files\wxid_xd3703k0ih2p22\FileStorage\Temp\bcb5d26bd549eb7e8e3c409bfb41b21b_.jpg
[RETRY] 5897b2baa79c8de57a8f68d58d97ddd6_.jpg | attempt=1 | err=FileNotFoundError: Resolved file disappeared: C:\Users\Felipe\Documents\WeChat Files\wxid_xd3703k0ih2p22\FileStorage\Temp\5897b2baa79c8de57a8f68d58d97ddd6_.jpg
[SKIP] 4f6dd4d292df5f5b56d4f06c9e7c72d2_.jpg | temp_file_disappeared_after_3_attempts
[RETRY] fa564e93ac5fe44d58e9c4d39aaaf90a_.jpg | attempt=2 | err=FileNotFoundError: Resolved file disappeared: C:\Users\Felipe\Documents\WeChat Files\wxid_xd3703k0ih2p22\FileStorage\Temp\fa564e93ac5fe44d58e9c4d39aaaf90a_.jpg
[OK] 7c48d20e651653ca5978bf30a4897fa8.dat | cliente=303 | banco=CLEEND | valor=6850.0 | data=21/07/2026 14:21 | sink=staged | resolution=direct_image | verification=CONFIRMADO | manual_open_to_claim_ms=1960 | open_ms=31 | prep_ms=50 | ocr_ms=1150 | parse_ms=1 | manual_open_to_ingest_ms=3207
[SINK] committed | file_id=9d7dca189201c2a63999189baf26722ec405cadc | msg=- | talker=- | create_time=0 | sheet=Página1 | row=137 | ingest_to_commit_ms=856 | manual_open_to_commit_ms=4063
[RETRY] 323353bba7e209cbeda9a1707258684d_.jpg | attempt=1 | err=FileNotFoundError: Resolved file disappeared: C:\Users\Felipe\Documents\WeChat Files\wxid_xd3703k0ih2p22\FileStorage\Temp\323353bba7e209cbeda9a1707258684d_.jpg
[RETRY] c25efd6245e3a7a8be667c4aa0e7ce92_.jpg | attempt=2 | err=FileNotFoundError: Resolved file disappeared: C:\Users\Felipe\Documents\WeChat Files\wxid_xd3703k0ih2p22\FileStorage\Temp\c25efd6245e3a7a8be667c4aa0e7ce92_.jpg
[OK] 07adf6b34bb9b4bc4c92583b027d121e.dat | cliente=303 | banco=CLEEND | valor=2900.0 | data=20/07/2026 15:14 | sink=staged | resolution=direct_image | verification=CONFIRMADO | manual_open_to_claim_ms=1412 | open_ms=282 | prep_ms=211 | ocr_ms=1970 | parse_ms=1 | manual_open_to_ingest_ms=3957
[SINK] committed | file_id=92adcb965e4a0f99969c66d23a90416ce943c99a | msg=- | talker=- | create_time=0 | sheet=Página1 | row=138 | ingest_to_commit_ms=960 | manual_open_to_commit_ms=4917
[SKIP] 191825026cf25e386c6ebfe5490d26c6_.jpg | temp_file_disappeared_after_3_attempts
[SKIP] 84cf932087e4f4803103f5a311c86bbf_.jpg | temp_file_disappeared_after_3_attempts
[RETRY] 7ebfa3beb9645708e62fff817d9b8bd1_.jpg | attempt=1 | err=FileNotFoundError: Resolved file disappeared: C:\Users\Felipe\Documents\WeChat Files\wxid_xd3703k0ih2p22\FileStorage\Temp\7ebfa3beb9645708e62fff817d9b8bd1_.jpg
[OK] acee5c8ac9c84e44a6a6ab73fe787365.dat | cliente=303 | banco=CLEEND | valor=34000.0 | data=22/07/2026 08:49 | sink=staged | resolution=direct_image | verification=CONFIRMADO | manual_open_to_claim_ms=1265 | open_ms=46 | prep_ms=101 | ocr_ms=5403 | parse_ms=2 | manual_open_to_ingest_ms=6846
[SINK] committed | file_id=3337ec8244b3ddacdfe2326654aff38755373f1c | msg=- | talker=- | create_time=0 | sheet=Página1 | row=139 | ingest_to_commit_ms=909 | manual_open_to_commit_ms=7755
[SKIP] d38d9f4e01f78f7ddce17ded27479b28_.jpg | temp_file_disappeared_after_3_attempts
[RETRY] e3fbbe49f87b3352b5fc38d023610b45_.jpg | attempt=2 | err=FileNotFoundError: Resolved file disappeared: C:\Users\Felipe\Documents\WeChat Files\wxid_xd3703k0ih2p22\FileStorage\Temp\e3fbbe49f87b3352b5fc38d023610b45_.jpg
[RETRY] 5897b2baa79c8de57a8f68d58d97ddd6_.jpg | attempt=2 | err=FileNotFoundError: Resolved file disappeared: C:\Users\Felipe\Documents\WeChat Files\wxid_xd3703k0ih2p22\FileStorage\Temp\5897b2baa79c8de57a8f68d58d97ddd6_.jpg
[RETRY] 8e2241858132c059fd6d3a7ba0df4bf1_.jpg | attempt=1 | err=FileNotFoundError: Resolved file disappeared: C:\Users\Felipe\Documents\WeChat Files\wxid_xd3703k0ih2p22\FileStorage\Temp\8e2241858132c059fd6d3a7ba0df4bf1_.jpg
[SKIP] 2c859a3bb9a4617b88b7bc79cc6feae2_.jpg | temp_file_disappeared_after_3_attempts
[RETRY] 323353bba7e209cbeda9a1707258684d_.jpg | attempt=2 | err=FileNotFoundError: Resolved file disappeared: C:\Users\Felipe\Documents\WeChat Files\wxid_xd3703k0ih2p22\FileStorage\Temp\323353bba7e209cbeda9a1707258684d_.jpg
[RETRY] 7ebfa3beb9645708e62fff817d9b8bd1_.jpg | attempt=2 | err=FileNotFoundError: Resolved file disappeared: C:\Users\Felipe\Documents\WeChat Files\wxid_xd3703k0ih2p22\FileStorage\Temp\7ebfa3beb9645708e62fff817d9b8bd1_.jpg
[SCAN] reconcile complete | queued_or_refreshed=15
[OK] 07adf6b34bb9b4bc4c92583b027d121e_m.dat | cliente=303 | banco=CLEEND | valor=2900.0 | data=20/07/2026 15:14 | sink=staged | resolution=direct_image | verification=CONFIRMADO | manual_open_to_claim_ms=3198 | open_ms=40 | prep_ms=26 | ocr_ms=1423 | parse_ms=1 | manual_open_to_ingest_ms=4695
[SINK] committed | file_id=7b8a1c86fbdbb6a10f45a69dd1cc726834781af8 | msg=- | talker=- | create_time=0 | sheet=Página1 | row=140 | ingest_to_commit_ms=850 | manual_open_to_commit_ms=5544
[SKIP] 8664103fd1b67ef31a7dff0d4de5b0c5_.jpg | temp_file_disappeared_after_3_attempts
[SKIP] bcb5d26bd549eb7e8e3c409bfb41b21b_.jpg | temp_file_disappeared_after_3_attempts
[RETRY] 8e2241858132c059fd6d3a7ba0df4bf1_.jpg | attempt=2 | err=FileNotFoundError: Resolved file disappeared: C:\Users\Felipe\Documents\WeChat Files\wxid_xd3703k0ih2p22\FileStorage\Temp\8e2241858132c059fd6d3a7ba0df4bf1_.jpg
[SKIP] fa564e93ac5fe44d58e9c4d39aaaf90a_.jpg | temp_file_disappeared_after_3_attempts
[SKIP] c25efd6245e3a7a8be667c4aa0e7ce92_.jpg | temp_file_disappeared_after_3_attempts
[SKIP] e3fbbe49f87b3352b5fc38d023610b45_.jpg | temp_file_disappeared_after_3_attempts
[SKIP] 5897b2baa79c8de57a8f68d58d97ddd6_.jpg | temp_file_disappeared_after_3_attempts
[SKIP] 323353bba7e209cbeda9a1707258684d_.jpg | temp_file_disappeared_after_3_attempts
[SKIP] 7ebfa3beb9645708e62fff817d9b8bd1_.jpg | temp_file_disappeared_after_3_attempts
[SKIP] 8e2241858132c059fd6d3a7ba0df4bf1_.jpg | temp_file_disappeared_after_3_attempts
[HOLD] 7ebfa3beb9645708e62fff817d9b8bd1_.png | waiting_temp_context
[SKIP] 7ebfa3beb9645708e62fff817d9b8bd1_.png | temp_without_unique_context
[SCAN] reconcile complete | queued_or_refreshed=8
[OK] b34e98b9ef3e6c3408ec88de464cce45.dat | cliente=58 | banco=AMD | valor=3663.0 | data=22/07/2026 11:26 | sink=staged | resolution=direct_image | verification=CONFIRMADO | manual_open_to_claim_ms=1195 | open_ms=18 | prep_ms=37 | ocr_ms=2323 | parse_ms=1 | manual_open_to_ingest_ms=3587
[SINK] committed | file_id=b205482abba33ab6be632681e0c7ec48caace064 | msg=- | talker=- | create_time=0 | sheet=Página1 | row=141 | ingest_to_commit_ms=949 | manual_open_to_commit_ms=4536
[RETRY] bffb72a3b748bb21ed52d89f18d283f3_.jpg | attempt=1 | err=FileNotFoundError: Resolved file disappeared: C:\Users\Felipe\Documents\WeChat Files\wxid_xd3703k0ih2p22\FileStorage\Temp\bffb72a3b748bb21ed52d89f18d283f3_.jpg
[OK] 1037311ac3884069e4496216fb407316.dat | cliente=58 | banco=AMD | valor=6035.0 | data=22/07/2026 11:48 | sink=staged | resolution=direct_image | verification=CONFIRMADO | manual_open_to_claim_ms=1635 | open_ms=16 | prep_ms=36 | ocr_ms=1736 | parse_ms=1 | manual_open_to_ingest_ms=3434
[SINK] committed | file_id=3678171af92bfd909a2d7c23879208d305592ed2 | msg=- | talker=- | create_time=0 | sheet=Página1 | row=142 | ingest_to_commit_ms=2847 | manual_open_to_commit_ms=6281
[RETRY] 6ec972ab56c48be74848638dcf7bce19_.jpg | attempt=1 | err=FileNotFoundError: Resolved file disappeared: C:\Users\Felipe\Documents\WeChat Files\wxid_xd3703k0ih2p22\FileStorage\Temp\6ec972ab56c48be74848638dcf7bce19_.jpg
[OK] 1108f24355555795bdb9e9c4793f62f8.dat | cliente=58 | banco=AMD | valor=None | data=22/07/2026 10:56 | sink=staged | resolution=direct_image | verification=CONFIRMADO | manual_open_to_claim_ms=1618 | open_ms=7 | prep_ms=1 | ocr_ms=2557 | parse_ms=1 | manual_open_to_ingest_ms=4189
[SINK] committed | file_id=5c98d77e9b432f6bbf8c41126197d26a57df1727 | msg=- | talker=- | create_time=0 | sheet=Página1 | row=143 | ingest_to_commit_ms=1316 | manual_open_to_commit_ms=5505
[RETRY] 78444c7bee0502a82630f3a66d8d706f_.jpg | attempt=1 | err=FileNotFoundError: Resolved file disappeared: C:\Users\Felipe\Documents\WeChat Files\wxid_xd3703k0ih2p22\FileStorage\Temp\78444c7bee0502a82630f3a66d8d706f_.jpg
[OK] 6f391d757b42088e986235d72b98c501.dat | cliente=58 | banco=AMD | valor=4000.0 | data=22/07/2026 12:44 | sink=staged | resolution=direct_image | verification=CONFIRMADO | manual_open_to_claim_ms=1590 | open_ms=5 | prep_ms=0 | ocr_ms=965 | parse_ms=1 | manual_open_to_ingest_ms=2557
[SINK] committed | file_id=c852cc770c32fa8a7d1cf86048884fe5ee12d6a8 | msg=- | talker=- | create_time=0 | sheet=Página1 | row=144 | ingest_to_commit_ms=2239 | manual_open_to_commit_ms=4796
[RETRY] 29d26173a46e63583dab6f7acea68973_.jpg | attempt=1 | err=FileNotFoundError: Resolved file disappeared: C:\Users\Felipe\Documents\WeChat Files\wxid_xd3703k0ih2p22\FileStorage\Temp\29d26173a46e63583dab6f7acea68973_.jpg
[RETRY] bffb72a3b748bb21ed52d89f18d283f3_.jpg | attempt=2 | err=FileNotFoundError: Resolved file disappeared: C:\Users\Felipe\Documents\WeChat Files\wxid_xd3703k0ih2p22\FileStorage\Temp\bffb72a3b748bb21ed52d89f18d283f3_.jpg
[RETRY] 6ec972ab56c48be74848638dcf7bce19_.jpg | attempt=2 | err=FileNotFoundError: Resolved file disappeared: C:\Users\Felipe\Documents\WeChat Files\wxid_xd3703k0ih2p22\FileStorage\Temp\6ec972ab56c48be74848638dcf7bce19_.jpg
[RETRY] 78444c7bee0502a82630f3a66d8d706f_.jpg | attempt=2 | err=FileNotFoundError: Resolved file disappeared: C:\Users\Felipe\Documents\WeChat Files\wxid_xd3703k0ih2p22\FileStorage\Temp\78444c7bee0502a82630f3a66d8d706f_.jpg
[RETRY] 29d26173a46e63583dab6f7acea68973_.jpg | attempt=2 | err=FileNotFoundError: Resolved file disappeared: C:\Users\Felipe\Documents\WeChat Files\wxid_xd3703k0ih2p22\FileStorage\Temp\29d26173a46e63583dab6f7acea68973_.jpg
[SCAN] reconcile complete | queued_or_refreshed=4
[SKIP] bffb72a3b748bb21ed52d89f18d283f3_.jpg | temp_file_disappeared_after_3_attempts
[SKIP] 6ec972ab56c48be74848638dcf7bce19_.jpg | temp_file_disappeared_after_3_attempts
[SKIP] 78444c7bee0502a82630f3a66d8d706f_.jpg | temp_file_disappeared_after_3_attempts
[SKIP] 29d26173a46e63583dab6f7acea68973_.jpg | temp_file_disappeared_after_3_attempts
[SCAN] reconcile complete | queued_or_refreshed=4
[SCAN] reconcile complete | queued_or_refreshed=0
[SCAN] reconcile complete | queued_or_refreshed=0
[OK] 0c23a80786ec8939381dd20697200c51.dat | cliente=991 | banco=CLEEND | valor=14000.0 | data=22/07/2026 09:47 | sink=staged | resolution=direct_image | verification=CONFIRMADO | manual_open_to_claim_ms=2208 | open_ms=10 | prep_ms=0 | ocr_ms=1396 | parse_ms=1 | manual_open_to_ingest_ms=3623
[SINK] committed | file_id=e29fcc5edb8f62d8f1f1b502aa9666f6c78f2747 | msg=- | talker=- | create_time=0 | sheet=Página1 | row=145 | ingest_to_commit_ms=1828 | manual_open_to_commit_ms=5452
[RETRY] 1435e522fdd1989ea1659b4f9ca5da74_.jpg | attempt=1 | err=FileNotFoundError: Resolved file disappeared: C:\Users\Felipe\Documents\WeChat Files\wxid_xd3703k0ih2p22\FileStorage\Temp\1435e522fdd1989ea1659b4f9ca5da74_.jpg
[OK] fddc3029c0533c4a0394a0f20adb162d.dat | cliente=991 | banco=None | valor=4900.0 | data=22/07/2026 10:20 | sink=staged | resolution=direct_image | verification=CONFIRMADO | manual_open_to_claim_ms=2108 | open_ms=16 | prep_ms=29 | ocr_ms=1601 | parse_ms=1 | manual_open_to_ingest_ms=3763
[SINK] committed | file_id=a2cb47ccc748a80381119cff12be3050b7ac3d06 | msg=- | talker=- | create_time=0 | sheet=Página1 | row=146 | ingest_to_commit_ms=1281 | manual_open_to_commit_ms=5044
[RETRY] 2b008b740fc747ef87d5081eb3f23e2b_.jpg | attempt=1 | err=FileNotFoundError: Resolved file disappeared: C:\Users\Felipe\Documents\WeChat Files\wxid_xd3703k0ih2p22\FileStorage\Temp\2b008b740fc747ef87d5081eb3f23e2b_.jpg
[OK] e0cee9275131db574de1212fc255617a.dat | cliente=991 | banco=CLEEND | valor=600.0 | data=22/07/2026 10:29 | sink=staged | resolution=direct_image | verification=CONFIRMADO | manual_open_to_claim_ms=1196 | open_ms=20 | prep_ms=43 | ocr_ms=1284 | parse_ms=2 | manual_open_to_ingest_ms=2557
[SINK] committed | file_id=515f7716f3a9aed06442e8b92cdf0571bd83ae53 | msg=- | talker=- | create_time=0 | sheet=Página1 | row=147 | ingest_to_commit_ms=1130 | manual_open_to_commit_ms=3688
[RETRY] c0e1bdb663eb1483a2a34be7fc29ba10_.jpg | attempt=1 | err=FileNotFoundError: Resolved file disappeared: C:\Users\Felipe\Documents\WeChat Files\wxid_xd3703k0ih2p22\FileStorage\Temp\c0e1bdb663eb1483a2a34be7fc29ba10_.jpg
[RETRY] 1435e522fdd1989ea1659b4f9ca5da74_.jpg | attempt=2 | err=FileNotFoundError: Resolved file disappeared: C:\Users\Felipe\Documents\WeChat Files\wxid_xd3703k0ih2p22\FileStorage\Temp\1435e522fdd1989ea1659b4f9ca5da74_.jpg
[SCAN] reconcile complete | queued_or_refreshed=3
[RETRY] 2b008b740fc747ef87d5081eb3f23e2b_.jpg | attempt=2 | err=FileNotFoundError: Resolved file disappeared: C:\Users\Felipe\Documents\WeChat Files\wxid_xd3703k0ih2p22\FileStorage\Temp\2b008b740fc747ef87d5081eb3f23e2b_.jpg
[RETRY] c0e1bdb663eb1483a2a34be7fc29ba10_.jpg | attempt=2 | err=FileNotFoundError: Resolved file disappeared: C:\Users\Felipe\Documents\WeChat Files\wxid_xd3703k0ih2p22\FileStorage\Temp\c0e1bdb663eb1483a2a34be7fc29ba10_.jpg
[SKIP] 1435e522fdd1989ea1659b4f9ca5da74_.jpg | temp_file_disappeared_after_3_attempts
[SKIP] 2b008b740fc747ef87d5081eb3f23e2b_.jpg | temp_file_disappeared_after_3_attempts
[SKIP] c0e1bdb663eb1483a2a34be7fc29ba10_.jpg | temp_file_disappeared_after_3_attempts
[SCAN] reconcile complete | queued_or_refreshed=3
[SCAN] reconcile complete | queued_or_refreshed=1
[SCAN] reconcile complete | queued_or_refreshed=0
[SCAN] reconcile complete | queued_or_refreshed=0
[SCAN] reconcile complete | queued_or_refreshed=0
[SCAN] reconcile complete | queued_or_refreshed=0
[SCAN] reconcile complete | queued_or_refreshed=0
[SCAN] reconcile complete | queued_or_refreshed=0
[SCAN] reconcile complete | queued_or_refreshed=0
[SCAN] reconcile complete | queued_or_refreshed=0
[SCAN] reconcile complete | queued_or_refreshed=0
[SCAN] reconcile complete | queued_or_refreshed=0
[SCAN] reconcile complete | queued_or_refreshed=0
[SCAN] reconcile complete | queued_or_refreshed=0
[SCAN] reconcile complete | queued_or_refreshed=0
[SCAN] reconcile complete | queued_or_refreshed=0
[SCAN] reconcile complete | queued_or_refreshed=0
[SCAN] reconcile complete | queued_or_refreshed=0
[SCAN] reconcile complete | queued_or_refreshed=0
[OK] 51c0fd4fd7562b3c45d509fea65f50ff.dat | cliente=111 | banco=CLEEND | valor=34680.52 | data=22/07/2026 10:02 | sink=staged | resolution=direct_image | verification=CONFIRMADO | manual_open_to_claim_ms=1492 | open_ms=18 | prep_ms=0 | ocr_ms=5488 | parse_ms=2 | manual_open_to_ingest_ms=7018
[SINK] committed | file_id=2cf0510ba42e7a6a8653655d0d1b8e90c514538f | msg=- | talker=- | create_time=0 | sheet=Página1 | row=148 | ingest_to_commit_ms=2352 | manual_open_to_commit_ms=9370
[OK] d49737b075695a1121eb47b79bfdc459.dat | cliente=111 | banco=CLEEND | valor=41800.57 | data=22/07/2026 10:04 | sink=staged | resolution=direct_image | verification=CONFIRMADO | manual_open_to_claim_ms=5748 | open_ms=7 | prep_ms=1 | ocr_ms=3688 | parse_ms=3 | manual_open_to_ingest_ms=9454
[SINK] committed | file_id=f99d9f190827d8e2c5fce3c92577c41776da6d33 | msg=- | talker=- | create_time=0 | sheet=Página1 | row=149 | ingest_to_commit_ms=1009 | manual_open_to_commit_ms=10463
[OK] 579c54d0ec95fb5280b43a2bfc50741f.dat | cliente=111 | banco=CLEEND | valor=48000.21 | data=22/07/2026 10:05 | sink=staged | resolution=direct_image | verification=CONFIRMADO | manual_open_to_claim_ms=1462 | open_ms=7 | prep_ms=1 | ocr_ms=3353 | parse_ms=1 | manual_open_to_ingest_ms=4828
[SINK] committed | file_id=458693090309c05b48058c78f2068e9e824cc952 | msg=- | talker=- | create_time=0 | sheet=Página1 | row=150 | ingest_to_commit_ms=1153 | manual_open_to_commit_ms=5981
[RETRY] c2f267f412cd4d2f33650acdcc2aa8a5_.jpg | attempt=1 | err=FileNotFoundError: Resolved file disappeared: C:\Users\Felipe\Documents\WeChat Files\wxid_xd3703k0ih2p22\FileStorage\Temp\c2f267f412cd4d2f33650acdcc2aa8a5_.jpg
[RETRY] 45c9a0b0bbf4c4c2d6a90587e71a7004_.jpg | attempt=1 | err=FileNotFoundError: Resolved file disappeared: C:\Users\Felipe\Documents\WeChat Files\wxid_xd3703k0ih2p22\FileStorage\Temp\45c9a0b0bbf4c4c2d6a90587e71a7004_.jpg
[RETRY] 9955aae3577dc261872b7947eebb36b3_.jpg | attempt=1 | err=FileNotFoundError: Resolved file disappeared: C:\Users\Felipe\Documents\WeChat Files\wxid_xd3703k0ih2p22\FileStorage\Temp\9955aae3577dc261872b7947eebb36b3_.jpg
[OK] 71ddf816ded43cf62c457f638199fded.dat | cliente=111 | banco=CLEEND | valor=39200.0 | data=22/07/2026 10:06 | sink=staged | resolution=direct_image | verification=CONFIRMADO | manual_open_to_claim_ms=1321 | open_ms=7 | prep_ms=0 | ocr_ms=2700 | parse_ms=2 | manual_open_to_ingest_ms=4034
[SINK] committed | file_id=d145c93e3321ce4d2de51900fb7a7534770de208 | msg=- | talker=- | create_time=0 | sheet=Página1 | row=151 | ingest_to_commit_ms=1549 | manual_open_to_commit_ms=5583
[RETRY] c547c9ecb604c9a482b2e254798d5cce_.jpg | attempt=1 | err=FileNotFoundError: Resolved file disappeared: C:\Users\Felipe\Documents\WeChat Files\wxid_xd3703k0ih2p22\FileStorage\Temp\c547c9ecb604c9a482b2e254798d5cce_.jpg
[OK] daeb90f01f20e847c50c3c340928bdf6.dat | cliente=111 | banco=CLEEND | valor=3510.0 | data=22/07/2026 12:30 | sink=staged | resolution=direct_image | verification=CONFIRMADO | manual_open_to_claim_ms=2031 | open_ms=7 | prep_ms=1 | ocr_ms=4423 | parse_ms=2 | manual_open_to_ingest_ms=6471
[SINK] committed | file_id=68aa94eb129d2d05aa22fee7aa355f19f29d975c | msg=- | talker=- | create_time=0 | sheet=Página1 | row=152 | ingest_to_commit_ms=1017 | manual_open_to_commit_ms=7489
[RETRY] cffc5c1acb743868660651b05a73c0f2_.jpg | attempt=1 | err=FileNotFoundError: Resolved file disappeared: C:\Users\Felipe\Documents\WeChat Files\wxid_xd3703k0ih2p22\FileStorage\Temp\cffc5c1acb743868660651b05a73c0f2_.jpg
[OK] 03a9f1a5a44f416e621b2d313ba20d4c.dat | cliente=111 | banco=CLEEND | valor=5200.0 | data=22/07/2026 12:40 | sink=staged | resolution=direct_image | verification=CONFIRMADO | manual_open_to_claim_ms=1946 | open_ms=8 | prep_ms=1 | ocr_ms=2533 | parse_ms=1 | manual_open_to_ingest_ms=4494
[SINK] committed | file_id=2aaec679760c0eb11b1f4f9747f9823481f3f81a | msg=- | talker=- | create_time=0 | sheet=Página1 | row=153 | ingest_to_commit_ms=901 | manual_open_to_commit_ms=5396
[RETRY] f808d1245b77066ce4573d9da2bd138f_.jpg | attempt=1 | err=FileNotFoundError: Resolved file disappeared: C:\Users\Felipe\Documents\WeChat Files\wxid_xd3703k0ih2p22\FileStorage\Temp\f808d1245b77066ce4573d9da2bd138f_.jpg
[OK] 2bb0fd5ecd38be06011d3bfdfb8ad4ce.dat | cliente=111 | banco=CLEEND | valor=800.0 | data=22/07/2026 12:41 | sink=staged | resolution=direct_image | verification=CONFIRMADO | manual_open_to_claim_ms=1690 | open_ms=6 | prep_ms=1 | ocr_ms=1427 | parse_ms=2 | manual_open_to_ingest_ms=3131
[SINK] committed | file_id=357765aa49bc6ca1da7ab2a38b45f31948ec278b | msg=- | talker=- | create_time=0 | sheet=Página1 | row=154 | ingest_to_commit_ms=957 | manual_open_to_commit_ms=4088
[RETRY] c2f267f412cd4d2f33650acdcc2aa8a5_.jpg | attempt=2 | err=FileNotFoundError: Resolved file disappeared: C:\Users\Felipe\Documents\WeChat Files\wxid_xd3703k0ih2p22\FileStorage\Temp\c2f267f412cd4d2f33650acdcc2aa8a5_.jpg
[RETRY] 45c9a0b0bbf4c4c2d6a90587e71a7004_.jpg | attempt=2 | err=FileNotFoundError: Resolved file disappeared: C:\Users\Felipe\Documents\WeChat Files\wxid_xd3703k0ih2p22\FileStorage\Temp\45c9a0b0bbf4c4c2d6a90587e71a7004_.jpg
[RETRY] 9955aae3577dc261872b7947eebb36b3_.jpg | attempt=2 | err=FileNotFoundError: Resolved file disappeared: C:\Users\Felipe\Documents\WeChat Files\wxid_xd3703k0ih2p22\FileStorage\Temp\9955aae3577dc261872b7947eebb36b3_.jpg
[RETRY] faf2bcac35f484525c99f28e6f267658_.jpg | attempt=1 | err=FileNotFoundError: Resolved file disappeared: C:\Users\Felipe\Documents\WeChat Files\wxid_xd3703k0ih2p22\FileStorage\Temp\faf2bcac35f484525c99f28e6f267658_.jpg
[RETRY] c547c9ecb604c9a482b2e254798d5cce_.jpg | attempt=2 | err=FileNotFoundError: Resolved file disappeared: C:\Users\Felipe\Documents\WeChat Files\wxid_xd3703k0ih2p22\FileStorage\Temp\c547c9ecb604c9a482b2e254798d5cce_.jpg
[OK] 81f3d1ebb6511265500e8182d5e0a2c8.dat | cliente=111 | banco=CLEEND | valor=660.0 | data=22/07/2026 12:42 | sink=staged | resolution=direct_image | verification=CONFIRMADO | manual_open_to_claim_ms=1464 | open_ms=7 | prep_ms=1 | ocr_ms=1629 | parse_ms=1 | manual_open_to_ingest_ms=3104
[SINK] committed | file_id=8c1df1581ae98294db4ef7b77f42328384e32e5c | msg=- | talker=- | create_time=0 | sheet=Página1 | row=155 | ingest_to_commit_ms=1175 | manual_open_to_commit_ms=4279
[RETRY] a25ceb26425fb396b7e038fe4e1ad686_.jpg | attempt=1 | err=FileNotFoundError: Resolved file disappeared: C:\Users\Felipe\Documents\WeChat Files\wxid_xd3703k0ih2p22\FileStorage\Temp\a25ceb26425fb396b7e038fe4e1ad686_.jpg
[OK] 9af6573fa2424a90bc06d4f01aa31839.dat | cliente=111 | banco=CLEEND | valor=5330.0 | data=22/07/2026 12:39 | sink=staged | resolution=direct_image | verification=CONFIRMADO | manual_open_to_claim_ms=1912 | open_ms=10 | prep_ms=1 | ocr_ms=2552 | parse_ms=1 | manual_open_to_ingest_ms=4482
[SINK] committed | file_id=3e2b177383b61892d15aaa3a5312444f21f19531 | msg=- | talker=- | create_time=0 | sheet=Página1 | row=156 | ingest_to_commit_ms=837 | manual_open_to_commit_ms=5318
[RETRY] cffc5c1acb743868660651b05a73c0f2_.jpg | attempt=2 | err=FileNotFoundError: Resolved file disappeared: C:\Users\Felipe\Documents\WeChat Files\wxid_xd3703k0ih2p22\FileStorage\Temp\cffc5c1acb743868660651b05a73c0f2_.jpg
[RETRY] 719d5ab8647a1f072f6292292e44abac_.jpg | attempt=1 | err=FileNotFoundError: Resolved file disappeared: C:\Users\Felipe\Documents\WeChat Files\wxid_xd3703k0ih2p22\FileStorage\Temp\719d5ab8647a1f072f6292292e44abac_.jpg
[RETRY] f808d1245b77066ce4573d9da2bd138f_.jpg | attempt=2 | err=FileNotFoundError: Resolved file disappeared: C:\Users\Felipe\Documents\WeChat Files\wxid_xd3703k0ih2p22\FileStorage\Temp\f808d1245b77066ce4573d9da2bd138f_.jpg
[OK] 9d1ea773ecdfc84ea44b3cff741b9b4e.dat | cliente=111 | banco=CLEEND | valor=740.0 | data=22/07/2026 13:10 | sink=staged | resolution=direct_image | verification=CONFIRMADO | manual_open_to_claim_ms=1517 | open_ms=5 | prep_ms=0 | ocr_ms=3207 | parse_ms=1 | manual_open_to_ingest_ms=4734
[SINK] committed | file_id=6a9c74ac13959c4c494571a2b1e5f46b2b4a2ad8 | msg=- | talker=- | create_time=0 | sheet=Página1 | row=157 | ingest_to_commit_ms=895 | manual_open_to_commit_ms=5629
[SCAN] reconcile complete | queued_or_refreshed=10
[OK] f203e1da7394c54d64e08c8bc09fab7d.dat | cliente=111 | banco=CLEEND | valor=9155.0 | data=22/07/2026 13:16 | sink=staged | resolution=direct_image | verification=CONFIRMADO | manual_open_to_claim_ms=1873 | open_ms=5 | prep_ms=0 | ocr_ms=3227 | parse_ms=1 | manual_open_to_ingest_ms=5109
[SINK] committed | file_id=27e4b4fcd06745927b15e3fb464d146493dffe02 | msg=- | talker=- | create_time=0 | sheet=Página1 | row=158 | ingest_to_commit_ms=827 | manual_open_to_commit_ms=5937
[RETRY] faf2bcac35f484525c99f28e6f267658_.jpg | attempt=2 | err=FileNotFoundError: Resolved file disappeared: C:\Users\Felipe\Documents\WeChat Files\wxid_xd3703k0ih2p22\FileStorage\Temp\faf2bcac35f484525c99f28e6f267658_.jpg
[RETRY] 21ff38e449d8005cb9a24ffd64e166dc_.jpg | attempt=1 | err=FileNotFoundError: Resolved file disappeared: C:\Users\Felipe\Documents\WeChat Files\wxid_xd3703k0ih2p22\FileStorage\Temp\21ff38e449d8005cb9a24ffd64e166dc_.jpg
[RETRY] 5528b479ccccd2ec271041fa87833c4a_.jpg | attempt=1 | err=FileNotFoundError: Resolved file disappeared: C:\Users\Felipe\Documents\WeChat Files\wxid_xd3703k0ih2p22\FileStorage\Temp\5528b479ccccd2ec271041fa87833c4a_.jpg
[RETRY] a25ceb26425fb396b7e038fe4e1ad686_.jpg | attempt=2 | err=FileNotFoundError: Resolved file disappeared: C:\Users\Felipe\Documents\WeChat Files\wxid_xd3703k0ih2p22\FileStorage\Temp\a25ceb26425fb396b7e038fe4e1ad686_.jpg
[OK] 3b14a914ad90e80d10e1fdc8c0628caa.dat | cliente=111 | banco=CLEEND | valor=61000.0 | data=22/07/2026 13:33 | sink=staged | resolution=direct_image | verification=CONFIRMADO | manual_open_to_claim_ms=1759 | open_ms=15 | prep_ms=30 | ocr_ms=1903 | parse_ms=1 | manual_open_to_ingest_ms=3717
[SINK] committed | file_id=ec883c1c0913ed01f15097c9b12df77a85e68547 | msg=- | talker=- | create_time=0 | sheet=Página1 | row=159 | ingest_to_commit_ms=984 | manual_open_to_commit_ms=4701
[RETRY] 42bb2120d6cc51e890177041d714925f_.jpg | attempt=1 | err=FileNotFoundError: Resolved file disappeared: C:\Users\Felipe\Documents\WeChat Files\wxid_xd3703k0ih2p22\FileStorage\Temp\42bb2120d6cc51e890177041d714925f_.jpg
[RETRY] 719d5ab8647a1f072f6292292e44abac_.jpg | attempt=2 | err=FileNotFoundError: Resolved file disappeared: C:\Users\Felipe\Documents\WeChat Files\wxid_xd3703k0ih2p22\FileStorage\Temp\719d5ab8647a1f072f6292292e44abac_.jpg
[OK] ff6fb0415803f6237da4a596d1149fe2.dat | cliente=111 | banco=CLEEND | valor=58625.0 | data=22/07/2026 13:34 | sink=staged | resolution=direct_image | verification=CONFIRMADO | manual_open_to_claim_ms=1690 | open_ms=17 | prep_ms=30 | ocr_ms=1290 | parse_ms=1 | manual_open_to_ingest_ms=3037
[SINK] committed | file_id=f500cefa92f58b71de4c9963175003756cd71983 | msg=- | talker=- | create_time=0 | sheet=Página1 | row=160 | ingest_to_commit_ms=898 | manual_open_to_commit_ms=3934
[RETRY] c2bfc3bbeaf114d5e29ba44074aebe97_.jpg | attempt=1 | err=FileNotFoundError: Resolved file disappeared: C:\Users\Felipe\Documents\WeChat Files\wxid_xd3703k0ih2p22\FileStorage\Temp\c2bfc3bbeaf114d5e29ba44074aebe97_.jpg
[SKIP] c2f267f412cd4d2f33650acdcc2aa8a5_.jpg | temp_file_disappeared_after_3_attempts
[SKIP] 45c9a0b0bbf4c4c2d6a90587e71a7004_.jpg | temp_file_disappeared_after_3_attempts
[SKIP] 9955aae3577dc261872b7947eebb36b3_.jpg | temp_file_disappeared_after_3_attempts
[SKIP] c547c9ecb604c9a482b2e254798d5cce_.jpg | temp_file_disappeared_after_3_attempts
[RETRY] 21ff38e449d8005cb9a24ffd64e166dc_.jpg | attempt=2 | err=FileNotFoundError: Resolved file disappeared: C:\Users\Felipe\Documents\WeChat Files\wxid_xd3703k0ih2p22\FileStorage\Temp\21ff38e449d8005cb9a24ffd64e166dc_.jpg
[RETRY] 5528b479ccccd2ec271041fa87833c4a_.jpg | attempt=2 | err=FileNotFoundError: Resolved file disappeared: C:\Users\Felipe\Documents\WeChat Files\wxid_xd3703k0ih2p22\FileStorage\Temp\5528b479ccccd2ec271041fa87833c4a_.jpg
[RETRY] 42bb2120d6cc51e890177041d714925f_.jpg | attempt=2 | err=FileNotFoundError: Resolved file disappeared: C:\Users\Felipe\Documents\WeChat Files\wxid_xd3703k0ih2p22\FileStorage\Temp\42bb2120d6cc51e890177041d714925f_.jpg
[SKIP] cffc5c1acb743868660651b05a73c0f2_.jpg | temp_file_disappeared_after_3_attempts
[SKIP] f808d1245b77066ce4573d9da2bd138f_.jpg | temp_file_disappeared_after_3_attempts
[RETRY] c2bfc3bbeaf114d5e29ba44074aebe97_.jpg | attempt=2 | err=FileNotFoundError: Resolved file disappeared: C:\Users\Felipe\Documents\WeChat Files\wxid_xd3703k0ih2p22\FileStorage\Temp\c2bfc3bbeaf114d5e29ba44074aebe97_.jpg
[SKIP] faf2bcac35f484525c99f28e6f267658_.jpg | temp_file_disappeared_after_3_attempts
[SKIP] a25ceb26425fb396b7e038fe4e1ad686_.jpg | temp_file_disappeared_after_3_attempts
[SKIP] 719d5ab8647a1f072f6292292e44abac_.jpg | temp_file_disappeared_after_3_attempts
[SCAN] reconcile complete | queued_or_refreshed=10
[SKIP] 21ff38e449d8005cb9a24ffd64e166dc_.jpg | temp_file_disappeared_after_3_attempts
[SKIP] 5528b479ccccd2ec271041fa87833c4a_.jpg | temp_file_disappeared_after_3_attempts
[SKIP] 42bb2120d6cc51e890177041d714925f_.jpg | temp_file_disappeared_after_3_attempts
[SKIP] c2bfc3bbeaf114d5e29ba44074aebe97_.jpg | temp_file_disappeared_after_3_attempts
[SCAN] reconcile complete | queued_or_refreshed=6
[SCAN] reconcile complete | queued_or_refreshed=0
[SCAN] reconcile complete | queued_or_refreshed=0
[SCAN] reconcile complete | queued_or_refreshed=0
[SCAN] reconcile complete | queued_or_refreshed=0
[SCAN] reconcile complete | queued_or_refreshed=0
[SCAN] reconcile complete | queued_or_refreshed=0
[OK] 3ca755e40f1cbaa55e20e35d0ec4ea6f.dat | cliente=111 | banco=CLEEND | valor=56280.0 | data=22/07/2026 - | sink=staged | resolution=direct_image | verification=CONFIRMADO | manual_open_to_claim_ms=2180 | open_ms=19 | prep_ms=34 | ocr_ms=2334 | parse_ms=2 | manual_open_to_ingest_ms=4580
[SINK] committed | file_id=584f6ceba3a385dff2beb88863f2816e398006ad | msg=- | talker=- | create_time=0 | sheet=Página1 | row=161 | ingest_to_commit_ms=1744 | manual_open_to_commit_ms=6324
[OK] 81e043dab899e59cab73c74e3e7edc40.dat | cliente=111 | banco=CLEEND | valor=59210.0 | data=22/07/2026 13:37 | sink=staged | resolution=direct_image | verification=CONFIRMADO | manual_open_to_claim_ms=1128 | open_ms=19 | prep_ms=35 | ocr_ms=1991 | parse_ms=1 | manual_open_to_ingest_ms=3183
[SINK] committed | file_id=75e5c39b43c28c7a4d73535ae0ae1cc214098948 | msg=- | talker=- | create_time=0 | sheet=Página1 | row=162 | ingest_to_commit_ms=1066 | manual_open_to_commit_ms=4249
[RETRY] f078c873b5746a0e749f0bfe3c65ea0a_.jpg | attempt=1 | err=FileNotFoundError: Resolved file disappeared: C:\Users\Felipe\Documents\WeChat Files\wxid_xd3703k0ih2p22\FileStorage\Temp\f078c873b5746a0e749f0bfe3c65ea0a_.jpg
[RETRY] e54fb2847183d115ce92062069249443_.jpg | attempt=1 | err=FileNotFoundError: Resolved file disappeared: C:\Users\Felipe\Documents\WeChat Files\wxid_xd3703k0ih2p22\FileStorage\Temp\e54fb2847183d115ce92062069249443_.jpg
[RETRY] f078c873b5746a0e749f0bfe3c65ea0a_.jpg | attempt=2 | err=FileNotFoundError: Resolved file disappeared: C:\Users\Felipe\Documents\WeChat Files\wxid_xd3703k0ih2p22\FileStorage\Temp\f078c873b5746a0e749f0bfe3c65ea0a_.jpg
[RETRY] e54fb2847183d115ce92062069249443_.jpg | attempt=2 | err=FileNotFoundError: Resolved file disappeared: C:\Users\Felipe\Documents\WeChat Files\wxid_xd3703k0ih2p22\FileStorage\Temp\e54fb2847183d115ce92062069249443_.jpg
[SCAN] reconcile complete | queued_or_refreshed=2
[SKIP] f078c873b5746a0e749f0bfe3c65ea0a_.jpg | temp_file_disappeared_after_3_attempts
[SKIP] e54fb2847183d115ce92062069249443_.jpg | temp_file_disappeared_after_3_attempts
[SCAN] reconcile complete | queued_or_refreshed=2
[SCAN] reconcile complete | queued_or_refreshed=0
[SCAN] reconcile complete | queued_or_refreshed=0
[SCAN] reconcile complete | queued_or_refreshed=0
[SCAN] reconcile complete | queued_or_refreshed=0
[SCAN] reconcile complete | queued_or_refreshed=0
[SCAN] reconcile complete | queued_or_refreshed=0
[SCAN] reconcile complete | queued_or_refreshed=0
[SCAN] reconcile complete | queued_or_refreshed=0
[SCAN] reconcile complete | queued_or_refreshed=0
[SCAN] reconcile complete | queued_or_refreshed=0
[SCAN] reconcile complete | queued_or_refreshed=0
[SCAN] reconcile complete | queued_or_refreshed=0
[SCAN] reconcile complete | queued_or_refreshed=0
[SCAN] reconcile complete | queued_or_refreshed=0
[SCAN] reconcile complete | queued_or_refreshed=0
[SCAN] reconcile complete | queued_or_refreshed=0
[SCAN] reconcile complete | queued_or_refreshed=0
[SCAN] reconcile complete | queued_or_refreshed=0
[SCAN] reconcile complete | queued_or_refreshed=0
[SCAN] reconcile complete | queued_or_refreshed=0
[SCAN] reconcile complete | queued_or_refreshed=2
[OK] b78e9d89c7b484ad05f201e9dc40eefa.dat | cliente=66 | banco=DIAMOND | valor=5800.0 | data=22/07/2026 10:54 | sink=staged | resolution=direct_image | verification=CONFIRMADO | manual_open_to_claim_ms=2355 | open_ms=28 | prep_ms=1 | ocr_ms=4208 | parse_ms=3 | manual_open_to_ingest_ms=6616
[SINK] committed | file_id=eb5df6593f111a1cb5e3a5d3aab9a705bda040e3 | msg=- | talker=- | create_time=0 | sheet=Página1 | row=163 | ingest_to_commit_ms=2000 | manual_open_to_commit_ms=8616
[OK] 237c3e4a7fed5dd121f927ed4f6f5ef5.dat | cliente=66 | banco=DIAMOND | valor=2004.0 | data=22/07/2026 08:05 | sink=staged | resolution=direct_image | verification=CONFIRMADO | manual_open_to_claim_ms=12090 | open_ms=22 | prep_ms=44 | ocr_ms=2539 | parse_ms=1 | manual_open_to_ingest_ms=14709
[SINK] committed | file_id=c4aacb388f65e80ac182a441b004762c80e04ebc | msg=- | talker=- | create_time=0 | sheet=Página1 | row=164 | ingest_to_commit_ms=1612 | manual_open_to_commit_ms=16322
[RETRY] 086bc7ae36de0806b525646a98eaa873_.jpg | attempt=1 | err=FileNotFoundError: Resolved file disappeared: C:\Users\Felipe\Documents\WeChat Files\wxid_xd3703k0ih2p22\FileStorage\Temp\086bc7ae36de0806b525646a98eaa873_.jpg
[RETRY] 4deaafccba10591bf165a09a1c520b91_.jpg | attempt=1 | err=FileNotFoundError: Resolved file disappeared: C:\Users\Felipe\Documents\WeChat Files\wxid_xd3703k0ih2p22\FileStorage\Temp\4deaafccba10591bf165a09a1c520b91_.jpg
[RETRY] 086bc7ae36de0806b525646a98eaa873_.jpg | attempt=2 | err=FileNotFoundError: Resolved file disappeared: C:\Users\Felipe\Documents\WeChat Files\wxid_xd3703k0ih2p22\FileStorage\Temp\086bc7ae36de0806b525646a98eaa873_.jpg
[RETRY] 4deaafccba10591bf165a09a1c520b91_.jpg | attempt=2 | err=FileNotFoundError: Resolved file disappeared: C:\Users\Felipe\Documents\WeChat Files\wxid_xd3703k0ih2p22\FileStorage\Temp\4deaafccba10591bf165a09a1c520b91_.jpg
[SCAN] reconcile complete | queued_or_refreshed=2
[SKIP] 086bc7ae36de0806b525646a98eaa873_.jpg | temp_file_disappeared_after_3_attempts
[SKIP] 4deaafccba10591bf165a09a1c520b91_.jpg | temp_file_disappeared_after_3_attempts
[SCAN] reconcile complete | queued_or_refreshed=2
[SCAN] reconcile complete | queued_or_refreshed=0
[SCAN] reconcile complete | queued_or_refreshed=0
[SCAN] reconcile complete | queued_or_refreshed=0
[SCAN] reconcile complete | queued_or_refreshed=0
[SCAN] reconcile complete | queued_or_refreshed=0
[SCAN] reconcile complete | queued_or_refreshed=0
[SCAN] reconcile complete | queued_or_refreshed=0
[OK] ef7641e6bc3660a79c922a4a5c4737fd.dat | cliente=116A | banco=AMD | valor=195.0 | data=22/07/2026 11:37 | sink=staged | resolution=direct_image | verification=CONFIRMADO | manual_open_to_claim_ms=1935 | open_ms=47 | prep_ms=43 | ocr_ms=3381 | parse_ms=1 | manual_open_to_ingest_ms=5432
[SINK] committed | file_id=eb44f016a30f4d100d7293070f9c8f7706b4d1a6 | msg=- | talker=- | create_time=0 | sheet=Página1 | row=165 | ingest_to_commit_ms=4646 | manual_open_to_commit_ms=10079
[OK] a994d092f32c778ac4d37c0c07927ec3.dat | cliente=116A | banco=AMD | valor=1220.0 | data=22/07/2026 11:44 | sink=staged | resolution=direct_image | verification=CONFIRMADO | manual_open_to_claim_ms=1888 | open_ms=23 | prep_ms=39 | ocr_ms=2832 | parse_ms=1 | manual_open_to_ingest_ms=4794
[SINK] committed | file_id=8a9c9049098d3bbfa3a185ecba54326a99dcc2cd | msg=- | talker=- | create_time=0 | sheet=Página1 | row=166 | ingest_to_commit_ms=4380 | manual_open_to_commit_ms=9174
[RETRY] 8f4097226c300da7b3d6fbcbaac8d239_.jpg | attempt=1 | err=FileNotFoundError: Resolved file disappeared: C:\Users\Felipe\Documents\WeChat Files\wxid_xd3703k0ih2p22\FileStorage\Temp\8f4097226c300da7b3d6fbcbaac8d239_.jpg
[RETRY] 16eda8eeb4e300262701926b7ddc1116_.jpg | attempt=1 | err=FileNotFoundError: Resolved file disappeared: C:\Users\Felipe\Documents\WeChat Files\wxid_xd3703k0ih2p22\FileStorage\Temp\16eda8eeb4e300262701926b7ddc1116_.jpg
[OCR] Attempting raw image fallback for 751009eb7c2f10138d32dde612e6887b.dat (is_receipt=True, has_amount=False)
[OK] 751009eb7c2f10138d32dde612e6887b.dat | cliente=116A | banco=AMD | valor=None | data=22/07/2026 11:44 | sink=staged | resolution=direct_image | verification=CONFIRMADO | manual_open_to_claim_ms=1924 | open_ms=15 | prep_ms=33 | ocr_ms=2613 | parse_ms=2 | manual_open_to_ingest_ms=7186
[SINK] committed | file_id=30774824ee01e04bbeb2880311e2186b3c7f18c5 | msg=- | talker=- | create_time=0 | sheet=Página1 | row=167 | ingest_to_commit_ms=3620 | manual_open_to_commit_ms=10805
[SCAN] reconcile complete | queued_or_refreshed=4
[OK] 9c045737400b098c6c6150c481faf8fd.dat | cliente=116A | banco=AMD | valor=320.0 | data=22/07/2026 12:41 | sink=staged | resolution=direct_image | verification=CONFIRMADO | manual_open_to_claim_ms=8131 | open_ms=6 | prep_ms=1 | ocr_ms=6500 | parse_ms=2 | manual_open_to_ingest_ms=14646
[SINK] committed | file_id=8739cae2904cd5911301506dec780e9c338cfc33 | msg=- | talker=- | create_time=0 | sheet=Página1 | row=168 | ingest_to_commit_ms=2084 | manual_open_to_commit_ms=16729
[OK] ac33f0b7490fb95da5e750b11a3a734a.dat | cliente=116A | banco=AMD | valor=340.0 | data=21/07/2026 13:16 | sink=staged | resolution=direct_image | verification=CONFIRMADO | manual_open_to_claim_ms=7706 | open_ms=7 | prep_ms=1 | ocr_ms=5875 | parse_ms=3 | manual_open_to_ingest_ms=13598
[SINK] committed | file_id=4a13da1f5d86b8334c5a16c7b7bd884a2b1a03ef | msg=- | talker=- | create_time=0 | sheet=Página1 | row=169 | ingest_to_commit_ms=1832 | manual_open_to_commit_ms=15430
[OK] ea6e8197009ba946e982ececb95ed532.dat | cliente=116A | banco=AMD | valor=320.0 | data=22/07/2026 12:41 | sink=staged | resolution=direct_image | verification=CONFIRMADO | manual_open_to_claim_ms=6509 | open_ms=17 | prep_ms=39 | ocr_ms=5392 | parse_ms=1 | manual_open_to_ingest_ms=11966
[SINK] committed | file_id=faa14a4d1eba4710626ee25b6e6523c88e0f8bea | msg=- | talker=- | create_time=0 | sheet=Página1 | row=170 | ingest_to_commit_ms=2576 | manual_open_to_commit_ms=14542
[OK] 0a08e8f82ef6c86ee3061b9fcb2b4ad8.dat | cliente=116A | banco=AMD | valor=140.0 | data=22/07/2026 12:46 | sink=staged | resolution=direct_image | verification=CONFIRMADO | manual_open_to_claim_ms=5583 | open_ms=18 | prep_ms=36 | ocr_ms=2449 | parse_ms=1 | manual_open_to_ingest_ms=8095
[SINK] committed | file_id=a087fe7410decbcaab83af19323929c13ef2e760 | msg=- | talker=- | create_time=0 | sheet=Página1 | row=171 | ingest_to_commit_ms=3831 | manual_open_to_commit_ms=11927
[OK] 4019a3d88608cee7967599c7ae85981f.dat | cliente=116A | banco=AMD | valor=None | data=22/07/2026 12:46 | sink=staged | resolution=direct_image | verification=CONFIRMADO | manual_open_to_claim_ms=3432 | open_ms=11 | prep_ms=1 | ocr_ms=2189 | parse_ms=1 | manual_open_to_ingest_ms=5641
[SINK] committed | file_id=9ad5ae7bf0049851825bdf59268f99d40471e6fe | msg=- | talker=- | create_time=0 | sheet=Página1 | row=172 | ingest_to_commit_ms=2544 | manual_open_to_commit_ms=8185
[RETRY] 8f4097226c300da7b3d6fbcbaac8d239_.jpg | attempt=2 | err=FileNotFoundError: Resolved file disappeared: C:\Users\Felipe\Documents\WeChat Files\wxid_xd3703k0ih2p22\FileStorage\Temp\8f4097226c300da7b3d6fbcbaac8d239_.jpg
[RETRY] 16eda8eeb4e300262701926b7ddc1116_.jpg | attempt=2 | err=FileNotFoundError: Resolved file disappeared: C:\Users\Felipe\Documents\WeChat Files\wxid_xd3703k0ih2p22\FileStorage\Temp\16eda8eeb4e300262701926b7ddc1116_.jpg
[RETRY] 58fa04cdcfa83a66a0359b628c44b0cb_.jpg | attempt=1 | err=FileNotFoundError: Resolved file disappeared: C:\Users\Felipe\Documents\WeChat Files\wxid_xd3703k0ih2p22\FileStorage\Temp\58fa04cdcfa83a66a0359b628c44b0cb_.jpg
[RETRY] f191be787edacbb7f6fc1d583cfbe907_.jpg | attempt=1 | err=FileNotFoundError: Resolved file disappeared: C:\Users\Felipe\Documents\WeChat Files\wxid_xd3703k0ih2p22\FileStorage\Temp\f191be787edacbb7f6fc1d583cfbe907_.jpg
[RETRY] 1c935d88363dfb0e56ab3ddc488747f6_.jpg | attempt=1 | err=FileNotFoundError: Resolved file disappeared: C:\Users\Felipe\Documents\WeChat Files\wxid_xd3703k0ih2p22\FileStorage\Temp\1c935d88363dfb0e56ab3ddc488747f6_.jpg
[RETRY] 043d6e754b484e01afedf34703f55fb7_.jpg | attempt=1 | err=FileNotFoundError: Resolved file disappeared: C:\Users\Felipe\Documents\WeChat Files\wxid_xd3703k0ih2p22\FileStorage\Temp\043d6e754b484e01afedf34703f55fb7_.jpg
[RETRY] bf4de7c958be5a78fb8e7d2d662c055f_.jpg | attempt=1 | err=FileNotFoundError: Resolved file disappeared: C:\Users\Felipe\Documents\WeChat Files\wxid_xd3703k0ih2p22\FileStorage\Temp\bf4de7c958be5a78fb8e7d2d662c055f_.jpg
[RETRY] 7b2209c8dc2c2ed6b7bd1d927aa0d3f3_.jpg | attempt=1 | err=FileNotFoundError: Resolved file disappeared: C:\Users\Felipe\Documents\WeChat Files\wxid_xd3703k0ih2p22\FileStorage\Temp\7b2209c8dc2c2ed6b7bd1d927aa0d3f3_.jpg
[OK] eb95ac145161ba5693f957990b587def.dat | cliente=116A | banco=AMD | valor=428.0 | data=22/07/2026 13:01 | sink=staged | resolution=direct_image | verification=CONFIRMADO | manual_open_to_claim_ms=1594 | open_ms=9 | prep_ms=1 | ocr_ms=5935 | parse_ms=1 | manual_open_to_ingest_ms=7548
[SINK] committed | file_id=c3f5188e14df9d0f6e7d193c97c0bc8f1f48c114 | msg=- | talker=- | create_time=0 | sheet=Página1 | row=173 | ingest_to_commit_ms=2438 | manual_open_to_commit_ms=9985
[OK] dc970bc836d2d42a52dfd15a14c49a0c.dat | cliente=116A | banco=AMD | valor=38000.0 | data=22/07/2026 10:30 | sink=staged | resolution=direct_image | verification=CONFIRMADO | manual_open_to_claim_ms=1745 | open_ms=7 | prep_ms=1 | ocr_ms=3348 | parse_ms=1 | manual_open_to_ingest_ms=5106
[SINK] committed | file_id=00c2a0caafd3d0d10d3f22fa026246a1ffbec317 | msg=- | talker=- | create_time=0 | sheet=Página1 | row=174 | ingest_to_commit_ms=10193 | manual_open_to_commit_ms=15300
[OK] 0f481e4248c0ff995f09b92bb8c8b71f.dat | cliente=116A | banco=AMD | valor=33960.0 | data=22/07/2026 10:57 | sink=staged | resolution=direct_image | verification=CONFIRMADO | manual_open_to_claim_ms=6434 | open_ms=12 | prep_ms=30 | ocr_ms=3894 | parse_ms=1 | manual_open_to_ingest_ms=10377
[SINK] committed | file_id=2719867d6155f06422169b5e4f91e231b3d5ffc0 | msg=- | talker=- | create_time=0 | sheet=Página1 | row=175 | ingest_to_commit_ms=2048 | manual_open_to_commit_ms=12425
[RETRY] 58fa04cdcfa83a66a0359b628c44b0cb_.jpg | attempt=2 | err=FileNotFoundError: Resolved file disappeared: C:\Users\Felipe\Documents\WeChat Files\wxid_xd3703k0ih2p22\FileStorage\Temp\58fa04cdcfa83a66a0359b628c44b0cb_.jpg
[RETRY] f191be787edacbb7f6fc1d583cfbe907_.jpg | attempt=2 | err=FileNotFoundError: Resolved file disappeared: C:\Users\Felipe\Documents\WeChat Files\wxid_xd3703k0ih2p22\FileStorage\Temp\f191be787edacbb7f6fc1d583cfbe907_.jpg
[RETRY] 1c935d88363dfb0e56ab3ddc488747f6_.jpg | attempt=2 | err=FileNotFoundError: Resolved file disappeared: C:\Users\Felipe\Documents\WeChat Files\wxid_xd3703k0ih2p22\FileStorage\Temp\1c935d88363dfb0e56ab3ddc488747f6_.jpg
[RETRY] 043d6e754b484e01afedf34703f55fb7_.jpg | attempt=2 | err=FileNotFoundError: Resolved file disappeared: C:\Users\Felipe\Documents\WeChat Files\wxid_xd3703k0ih2p22\FileStorage\Temp\043d6e754b484e01afedf34703f55fb7_.jpg
[RETRY] bf4de7c958be5a78fb8e7d2d662c055f_.jpg | attempt=2 | err=FileNotFoundError: Resolved file disappeared: C:\Users\Felipe\Documents\WeChat Files\wxid_xd3703k0ih2p22\FileStorage\Temp\bf4de7c958be5a78fb8e7d2d662c055f_.jpg
[RETRY] 7b2209c8dc2c2ed6b7bd1d927aa0d3f3_.jpg | attempt=2 | err=FileNotFoundError: Resolved file disappeared: C:\Users\Felipe\Documents\WeChat Files\wxid_xd3703k0ih2p22\FileStorage\Temp\7b2209c8dc2c2ed6b7bd1d927aa0d3f3_.jpg
[RETRY] 8ff5580d0653646b0c99efed215e3ba6_.jpg | attempt=1 | err=FileNotFoundError: Resolved file disappeared: C:\Users\Felipe\Documents\WeChat Files\wxid_xd3703k0ih2p22\FileStorage\Temp\8ff5580d0653646b0c99efed215e3ba6_.jpg
[RETRY] 7b239eecc33c1652458900feb7fd1ed5_.jpg | attempt=1 | err=FileNotFoundError: Resolved file disappeared: C:\Users\Felipe\Documents\WeChat Files\wxid_xd3703k0ih2p22\FileStorage\Temp\7b239eecc33c1652458900feb7fd1ed5_.jpg
[RETRY] 91b5db553baec3b6aa98504cdd9c39d5_.jpg | attempt=1 | err=FileNotFoundError: Resolved file disappeared: C:\Users\Felipe\Documents\WeChat Files\wxid_xd3703k0ih2p22\FileStorage\Temp\91b5db553baec3b6aa98504cdd9c39d5_.jpg
[SCAN] reconcile complete | queued_or_refreshed=11
[SKIP] 8f4097226c300da7b3d6fbcbaac8d239_.jpg | temp_file_disappeared_after_3_attempts
[SKIP] 16eda8eeb4e300262701926b7ddc1116_.jpg | temp_file_disappeared_after_3_attempts
[RETRY] 8ff5580d0653646b0c99efed215e3ba6_.jpg | attempt=2 | err=FileNotFoundError: Resolved file disappeared: C:\Users\Felipe\Documents\WeChat Files\wxid_xd3703k0ih2p22\FileStorage\Temp\8ff5580d0653646b0c99efed215e3ba6_.jpg
[RETRY] 7b239eecc33c1652458900feb7fd1ed5_.jpg | attempt=2 | err=FileNotFoundError: Resolved file disappeared: C:\Users\Felipe\Documents\WeChat Files\wxid_xd3703k0ih2p22\FileStorage\Temp\7b239eecc33c1652458900feb7fd1ed5_.jpg
[RETRY] 91b5db553baec3b6aa98504cdd9c39d5_.jpg | attempt=2 | err=FileNotFoundError: Resolved file disappeared: C:\Users\Felipe\Documents\WeChat Files\wxid_xd3703k0ih2p22\FileStorage\Temp\91b5db553baec3b6aa98504cdd9c39d5_.jpg
[SKIP] 58fa04cdcfa83a66a0359b628c44b0cb_.jpg | temp_file_disappeared_after_3_attempts
[SKIP] f191be787edacbb7f6fc1d583cfbe907_.jpg | temp_file_disappeared_after_3_attempts
[SKIP] 1c935d88363dfb0e56ab3ddc488747f6_.jpg | temp_file_disappeared_after_3_attempts
[SKIP] 043d6e754b484e01afedf34703f55fb7_.jpg | temp_file_disappeared_after_3_attempts
[SKIP] bf4de7c958be5a78fb8e7d2d662c055f_.jpg | temp_file_disappeared_after_3_attempts
[SKIP] 7b2209c8dc2c2ed6b7bd1d927aa0d3f3_.jpg | temp_file_disappeared_after_3_attempts
[SKIP] 8ff5580d0653646b0c99efed215e3ba6_.jpg | temp_file_disappeared_after_3_attempts
[SKIP] 7b239eecc33c1652458900feb7fd1ed5_.jpg | temp_file_disappeared_after_3_attempts
[SKIP] 91b5db553baec3b6aa98504cdd9c39d5_.jpg | temp_file_disappeared_after_3_attempts
[SCAN] reconcile complete | queued_or_refreshed=7
[SCAN] reconcile complete | queued_or_refreshed=0
[SCAN] reconcile complete | queued_or_refreshed=0
[SCAN] reconcile complete | queued_or_refreshed=0
[SCAN] reconcile complete | queued_or_refreshed=0
[SCAN] reconcile complete | queued_or_refreshed=0
[SCAN] reconcile complete | queued_or_refreshed=0
[SCAN] reconcile complete | queued_or_refreshed=0
[SCAN] reconcile complete | queued_or_refreshed=0
[SCAN] reconcile complete | queued_or_refreshed=0
[SCAN] reconcile complete | queued_or_refreshed=0
[SCAN] reconcile complete | queued_or_refreshed=0
[SCAN] reconcile complete | queued_or_refreshed=0
[SCAN] reconcile complete | queued_or_refreshed=0
[SCAN] reconcile complete | queued_or_refreshed=0
[SCAN] reconcile complete | queued_or_refreshed=0
[INFO] c79ca2f24c37237e4ed65109b1f3e8df.dat | grupo_sem_mapa=9e20f478899dc29eb19741386f9343c8 mas prosseguindo (abertura manual/file_transfer)
[EXCEPTION] c79ca2f24c37237e4ed65109b1f3e8df.dat | missing_core_fields | verification=CONFIRMADO
[INFO] 1784743582023.jpg | grupo_sem_mapa=9e20f478899dc29eb19741386f9343c8 mas prosseguindo (abertura manual/file_transfer)
[EXCEPTION] 1784743582023.jpg | missing_core_fields | verification=TEMP_PREVIEW
[INFO] 1784743582035.jpg | grupo_sem_mapa=9e20f478899dc29eb19741386f9343c8 mas prosseguindo (abertura manual/file_transfer)
[EXCEPTION] 1784743582035.jpg | missing_core_fields | verification=TEMP_PREVIEW
[SCAN] reconcile complete | queued_or_refreshed=3
[INFO] 1784743689858.jpg | grupo_sem_mapa=9e20f478899dc29eb19741386f9343c8 mas prosseguindo (abertura manual/file_transfer)
[EXCEPTION] 1784743689858.jpg | missing_core_fields | verification=TEMP_PREVIEW
[INFO] 5a55de5e02c3781e85d7f1462006ecfa.dat | grupo_sem_mapa=9e20f478899dc29eb19741386f9343c8 mas prosseguindo (abertura manual/file_transfer)
[EXCEPTION] 5a55de5e02c3781e85d7f1462006ecfa.dat | missing_core_fields | verification=CONFIRMADO
[INFO] 1784743689865.jpg | grupo_sem_mapa=9e20f478899dc29eb19741386f9343c8 mas prosseguindo (abertura manual/file_transfer)
[EXCEPTION] 1784743689865.jpg | missing_core_fields | verification=TEMP_PREVIEW
[SCAN] reconcile complete | queued_or_refreshed=6
[INFO] a2220b7f91338dfa46d51f1074eb031f.dat | grupo_sem_mapa=9e20f478899dc29eb19741386f9343c8 mas prosseguindo (abertura manual/file_transfer)
[OK] a2220b7f91338dfa46d51f1074eb031f.dat | cliente=- | banco=AMD | valor=None | data=22/07/2026 - | sink=staged | resolution=direct_image | verification=CONFIRMADO | manual_open_to_claim_ms=1143 | open_ms=2 | prep_ms=0 | ocr_ms=2300 | parse_ms=1 | manual_open_to_ingest_ms=3447
[SINK] committed | file_id=c90645d8e480103fc1431f88bd744208343d54ae | msg=- | talker=- | create_time=0 | sheet=Página1 | row=176 | ingest_to_commit_ms=1606 | manual_open_to_commit_ms=5053
[INFO] 1784743728765.jpg | grupo_sem_mapa=9e20f478899dc29eb19741386f9343c8 mas prosseguindo (abertura manual/file_transfer)
[OK] 1784743728765.jpg | cliente=- | banco=AMD | valor=None | data=22/07/2026 - | sink=staged | resolution=temp_preview | verification=TEMP_PREVIEW | manual_open_to_claim_ms=5814 | open_ms=1 | prep_ms=0 | ocr_ms=1660 | parse_ms=0 | manual_open_to_ingest_ms=7502
[SINK] committed | file_id=4b369d86202f4ca414721d761809ca3499c5d637 | msg=- | talker=- | create_time=0 | sheet=Página1 | row=177 | ingest_to_commit_ms=1017 | manual_open_to_commit_ms=8519
[INFO] 1784743728769.jpg | grupo_sem_mapa=9e20f478899dc29eb19741386f9343c8 mas prosseguindo (abertura manual/file_transfer)
[OK] 1784743728769.jpg | cliente=- | banco=AMD | valor=None | data=22/07/2026 - | sink=staged | resolution=temp_preview | verification=TEMP_PREVIEW | manual_open_to_claim_ms=8571 | open_ms=1 | prep_ms=0 | ocr_ms=1614 | parse_ms=0 | manual_open_to_ingest_ms=10207
[SINK] committed | file_id=60a7403e811d017793ff2364ad11d3a768c3a65d | msg=- | talker=- | create_time=0 | sheet=Página1 | row=178 | ingest_to_commit_ms=911 | manual_open_to_commit_ms=11118
[INFO] 1784743788287.jpg | grupo_sem_mapa=9e20f478899dc29eb19741386f9343c8 mas prosseguindo (abertura manual/file_transfer)
[EXCEPTION] 1784743788287.jpg | missing_core_fields | verification=TEMP_PREVIEW
[INFO] b0916701fd9714f9b3e2ebda1905e2dd.dat | grupo_sem_mapa=9e20f478899dc29eb19741386f9343c8 mas prosseguindo (abertura manual/file_transfer)
[EXCEPTION] b0916701fd9714f9b3e2ebda1905e2dd.dat | missing_core_fields | verification=CONFIRMADO
[INFO] 1784743788289.jpg | grupo_sem_mapa=9e20f478899dc29eb19741386f9343c8 mas prosseguindo (abertura manual/file_transfer)
[EXCEPTION] 1784743788289.jpg | missing_core_fields | verification=TEMP_PREVIEW
[SCAN] reconcile complete | queued_or_refreshed=9
[INFO] b3b93afc896265a79d63e0ede8bf3ac0.dat | grupo_sem_mapa=9e20f478899dc29eb19741386f9343c8 mas prosseguindo (abertura manual/file_transfer)
[EXCEPTION] b3b93afc896265a79d63e0ede8bf3ac0.dat | missing_core_fields | verification=CONFIRMADO
[INFO] 1784743820658.jpg | grupo_sem_mapa=9e20f478899dc29eb19741386f9343c8 mas prosseguindo (abertura manual/file_transfer)
[EXCEPTION] 1784743820658.jpg | missing_core_fields | verification=TEMP_PREVIEW
[INFO] 1784743820660.jpg | grupo_sem_mapa=9e20f478899dc29eb19741386f9343c8 mas prosseguindo (abertura manual/file_transfer)
[EXCEPTION] 1784743820660.jpg | missing_core_fields | verification=TEMP_PREVIEW
[SCAN] reconcile complete | queued_or_refreshed=6
[INFO] 5fe8e1ea535c2969cda61a107f12e5c7.dat | grupo_sem_mapa=9e20f478899dc29eb19741386f9343c8 mas prosseguindo (abertura manual/file_transfer)
[EXCEPTION] 5fe8e1ea535c2969cda61a107f12e5c7.dat | missing_core_fields | verification=CONFIRMADO
[INFO] 1784743907377.jpg | grupo_sem_mapa=9e20f478899dc29eb19741386f9343c8 mas prosseguindo (abertura manual/file_transfer)
[EXCEPTION] 1784743907377.jpg | missing_core_fields | verification=TEMP_PREVIEW
[INFO] 1784743907382.jpg | grupo_sem_mapa=9e20f478899dc29eb19741386f9343c8 mas prosseguindo (abertura manual/file_transfer)
[EXCEPTION] 1784743907382.jpg | missing_core_fields | verification=TEMP_PREVIEW
[SCAN] reconcile complete | queued_or_refreshed=9
[SCAN] reconcile complete | queued_or_refreshed=3
[SCAN] reconcile complete | queued_or_refreshed=0
[SCAN] reconcile complete | queued_or_refreshed=0
[SCAN] reconcile complete | queued_or_refreshed=0
[SCAN] reconcile complete | queued_or_refreshed=0
[SCAN] reconcile complete | queued_or_refreshed=0
[SCAN] reconcile complete | queued_or_refreshed=0
[SCAN] reconcile complete | queued_or_refreshed=0
[SCAN] reconcile complete | queued_or_refreshed=0
[SCAN] reconcile complete | queued_or_refreshed=0
[SCAN] reconcile complete | queued_or_refreshed=0
[SCAN] reconcile complete | queued_or_refreshed=0
[SCAN] reconcile complete | queued_or_refreshed=0
[SCAN] reconcile complete | queued_or_refreshed=0
[SCAN] reconcile complete | queued_or_refreshed=0
[SCAN] reconcile complete | queued_or_refreshed=0
[OK] d7a702ffa3ef4dd73c19989bf7854116.dat | cliente=6 | banco=CLEEND | valor=4168.0 | data=22/07/2026 14:06 | sink=staged | resolution=direct_image | verification=CONFIRMADO | manual_open_to_claim_ms=1693 | open_ms=42 | prep_ms=1 | ocr_ms=2389 | parse_ms=1 | manual_open_to_ingest_ms=4140
[SINK] committed | file_id=8a23f6419e06c0ca8d6eed7449ade9ec12b5cd9b | msg=- | talker=- | create_time=0 | sheet=Página1 | row=179 | ingest_to_commit_ms=6121 | manual_open_to_commit_ms=10261
[OK] 6db850adf9326f23e8132bebfa9d8c16.dat | cliente=6 | banco=CLEEND | valor=3879.9 | data=22/07/2026 13:18 | sink=staged | resolution=direct_image | verification=CONFIRMADO | manual_open_to_claim_ms=1480 | open_ms=5 | prep_ms=0 | ocr_ms=1947 | parse_ms=1 | manual_open_to_ingest_ms=3435
[SINK] committed | file_id=f6fabf9942bae01c70d967610c9ad1bb93c9ec79 | msg=- | talker=- | create_time=0 | sheet=Página1 | row=180 | ingest_to_commit_ms=840 | manual_open_to_commit_ms=4275
[RETRY] d76d2312313ff49ddbb2e736479eb856_.jpg | attempt=1 | err=FileNotFoundError: Resolved file disappeared: C:\Users\Felipe\Documents\WeChat Files\wxid_xd3703k0ih2p22\FileStorage\Temp\d76d2312313ff49ddbb2e736479eb856_.jpg
[RETRY] 86f70cda1e88c78b1dfe8db53d75a679_.jpg | attempt=1 | err=FileNotFoundError: Resolved file disappeared: C:\Users\Felipe\Documents\WeChat Files\wxid_xd3703k0ih2p22\FileStorage\Temp\86f70cda1e88c78b1dfe8db53d75a679_.jpg
[OK] 281d63e04bc7ea7bf85e06270ea2793d.dat | cliente=6 | banco=CLEEND | valor=5330.0 | data=22/07/2026 12:25 | sink=staged | resolution=direct_image | verification=CONFIRMADO | manual_open_to_claim_ms=1512 | open_ms=19 | prep_ms=1 | ocr_ms=1906 | parse_ms=1 | manual_open_to_ingest_ms=3443
[SINK] committed | file_id=4d4bb98bf2d554700c6e11d9a86c96d15cdcd502 | msg=- | talker=- | create_time=0 | sheet=Página1 | row=181 | ingest_to_commit_ms=883 | manual_open_to_commit_ms=4326
[RETRY] 5ed6329c7797a605ab8e73e0f379a6fb_.jpg | attempt=1 | err=FileNotFoundError: Resolved file disappeared: C:\Users\Felipe\Documents\WeChat Files\wxid_xd3703k0ih2p22\FileStorage\Temp\5ed6329c7797a605ab8e73e0f379a6fb_.jpg
[OK] 04e779e6650b60cbe5fd5b0988e90e1a.dat | cliente=6 | banco=CLEEND | valor=2000.0 | data=22/07/2026 12:31 | sink=staged | resolution=direct_image | verification=CONFIRMADO | manual_open_to_claim_ms=1980 | open_ms=11 | prep_ms=0 | ocr_ms=3550 | parse_ms=2 | manual_open_to_ingest_ms=5549
[SINK] committed | file_id=17a3c9852f696143ce316861070fd713e37a7bc3 | msg=- | talker=- | create_time=0 | sheet=Página1 | row=182 | ingest_to_commit_ms=1046 | manual_open_to_commit_ms=6594
[SCAN] reconcile complete | queued_or_refreshed=4
[OK] d8b3e5b4596ea02ec1ddbfcf130f690b.dat | cliente=6 | banco=CLEEND | valor=3000.0 | data=22/07/2026 12:33 | sink=staged | resolution=direct_image | verification=CONFIRMADO | manual_open_to_claim_ms=2914 | open_ms=5 | prep_ms=0 | ocr_ms=1484 | parse_ms=1 | manual_open_to_ingest_ms=4408
[SINK] committed | file_id=5347bcbe4ed6cf0668d3a559ce1bbf2e86be7850 | msg=- | talker=- | create_time=0 | sheet=Página1 | row=183 | ingest_to_commit_ms=766 | manual_open_to_commit_ms=5175
[RETRY] 15d77b7868b095a26f2ad22edb756756_.jpg | attempt=1 | err=FileNotFoundError: Resolved file disappeared: C:\Users\Felipe\Documents\WeChat Files\wxid_xd3703k0ih2p22\FileStorage\Temp\15d77b7868b095a26f2ad22edb756756_.jpg
[RETRY] e5d8d9171711415d47d7ad7769dd89a1_.jpg | attempt=1 | err=FileNotFoundError: Resolved file disappeared: C:\Users\Felipe\Documents\WeChat Files\wxid_xd3703k0ih2p22\FileStorage\Temp\e5d8d9171711415d47d7ad7769dd89a1_.jpg
[RETRY] d76d2312313ff49ddbb2e736479eb856_.jpg | attempt=2 | err=FileNotFoundError: Resolved file disappeared: C:\Users\Felipe\Documents\WeChat Files\wxid_xd3703k0ih2p22\FileStorage\Temp\d76d2312313ff49ddbb2e736479eb856_.jpg
[RETRY] 86f70cda1e88c78b1dfe8db53d75a679_.jpg | attempt=2 | err=FileNotFoundError: Resolved file disappeared: C:\Users\Felipe\Documents\WeChat Files\wxid_xd3703k0ih2p22\FileStorage\Temp\86f70cda1e88c78b1dfe8db53d75a679_.jpg
[OK] f653d880667a2fec807515816faeec44.dat | cliente=6 | banco=CLEEND | valor=1387.0 | data=22/07/2026 09:37 | sink=staged | resolution=direct_image | verification=CONFIRMADO | manual_open_to_claim_ms=1468 | open_ms=17 | prep_ms=1 | ocr_ms=1180 | parse_ms=1 | manual_open_to_ingest_ms=2668
[SINK] committed | file_id=5614ddd2d169d878accb54d0d68cad94b4aee86e | msg=- | talker=- | create_time=0 | sheet=Página1 | row=184 | ingest_to_commit_ms=828 | manual_open_to_commit_ms=3496
[RETRY] 61a50817f00069dc5926875bcc478281_.jpg | attempt=1 | err=FileNotFoundError: Resolved file disappeared: C:\Users\Felipe\Documents\WeChat Files\wxid_xd3703k0ih2p22\FileStorage\Temp\61a50817f00069dc5926875bcc478281_.jpg
[RETRY] 5ed6329c7797a605ab8e73e0f379a6fb_.jpg | attempt=2 | err=FileNotFoundError: Resolved file disappeared: C:\Users\Felipe\Documents\WeChat Files\wxid_xd3703k0ih2p22\FileStorage\Temp\5ed6329c7797a605ab8e73e0f379a6fb_.jpg
[OK] 86ac92e1fd0c599541f9ea6375d5d419.dat | cliente=6 | banco=CLEEND | valor=3591.0 | data=22/07/2026 12:04 | sink=staged | resolution=direct_image | verification=CONFIRMADO | manual_open_to_claim_ms=2080 | open_ms=10 | prep_ms=0 | ocr_ms=4442 | parse_ms=1 | manual_open_to_ingest_ms=6537
[SINK] committed | file_id=89bf48989680946c8d36cc2b249dcb83147486bc | msg=- | talker=- | create_time=0 | sheet=Página1 | row=185 | ingest_to_commit_ms=786 | manual_open_to_commit_ms=7323
[RETRY] 589a67f8a52ae25379b9f1ce816cd09c_.jpg | attempt=1 | err=FileNotFoundError: Resolved file disappeared: C:\Users\Felipe\Documents\WeChat Files\wxid_xd3703k0ih2p22\FileStorage\Temp\589a67f8a52ae25379b9f1ce816cd09c_.jpg
[OK] 9e23466df4c9c636c1b83dc65ec2f269.dat | cliente=6 | banco=CLEEND | valor=2000.0 | data=22/07/2026 12:58 | sink=staged | resolution=direct_image | verification=CONFIRMADO | manual_open_to_claim_ms=2180 | open_ms=12 | prep_ms=0 | ocr_ms=1543 | parse_ms=1 | manual_open_to_ingest_ms=3740
[SINK] committed | file_id=5f1e8b887cc52ea938f7a593b428a27f1c7c26df | msg=- | talker=- | create_time=0 | sheet=Página1 | row=186 | ingest_to_commit_ms=826 | manual_open_to_commit_ms=4567
[RETRY] f405e2f363e1c83298de29bb900df3c6_.jpg | attempt=1 | err=FileNotFoundError: Resolved file disappeared: C:\Users\Felipe\Documents\WeChat Files\wxid_xd3703k0ih2p22\FileStorage\Temp\f405e2f363e1c83298de29bb900df3c6_.jpg
[RETRY] 15d77b7868b095a26f2ad22edb756756_.jpg | attempt=2 | err=FileNotFoundError: Resolved file disappeared: C:\Users\Felipe\Documents\WeChat Files\wxid_xd3703k0ih2p22\FileStorage\Temp\15d77b7868b095a26f2ad22edb756756_.jpg
[RETRY] e5d8d9171711415d47d7ad7769dd89a1_.jpg | attempt=2 | err=FileNotFoundError: Resolved file disappeared: C:\Users\Felipe\Documents\WeChat Files\wxid_xd3703k0ih2p22\FileStorage\Temp\e5d8d9171711415d47d7ad7769dd89a1_.jpg
[OK] 65f43d718493c93f879a8b54b899c685.dat | cliente=6 | banco=CLEEND | valor=207.05 | data=22/07/2026 13:07 | sink=staged | resolution=direct_image | verification=CONFIRMADO | manual_open_to_claim_ms=1690 | open_ms=4 | prep_ms=0 | ocr_ms=718 | parse_ms=0 | manual_open_to_ingest_ms=2416
[SINK] committed | file_id=09eb6c4225d8c5f0c61b5b7a5892731debd26ef6 | msg=- | talker=- | create_time=0 | sheet=Página1 | row=187 | ingest_to_commit_ms=816 | manual_open_to_commit_ms=3232
[OK] 9863410dec72d12f8c28b95fa901b5c8.dat | cliente=6 | banco=CLEEND | valor=455.0 | data=22/07/2026 12:10 | sink=staged | resolution=direct_image | verification=CONFIRMADO | manual_open_to_claim_ms=3620 | open_ms=13 | prep_ms=1 | ocr_ms=1573 | parse_ms=1 | manual_open_to_ingest_ms=5210
[SINK] committed | file_id=241ce7db914358e13a57822fc827fd71cdd3c097 | msg=- | talker=- | create_time=0 | sheet=Página1 | row=188 | ingest_to_commit_ms=856 | manual_open_to_commit_ms=6066
[RETRY] 08067c83d3f13426bf577a0d3118f39a_.jpg | attempt=1 | err=FileNotFoundError: Resolved file disappeared: C:\Users\Felipe\Documents\WeChat Files\wxid_xd3703k0ih2p22\FileStorage\Temp\08067c83d3f13426bf577a0d3118f39a_.jpg
[RETRY] c43f6c6d49a62fffdfa996db7ca03654_.jpg | attempt=1 | err=FileNotFoundError: Resolved file disappeared: C:\Users\Felipe\Documents\WeChat Files\wxid_xd3703k0ih2p22\FileStorage\Temp\c43f6c6d49a62fffdfa996db7ca03654_.jpg
[RETRY] 61a50817f00069dc5926875bcc478281_.jpg | attempt=2 | err=FileNotFoundError: Resolved file disappeared: C:\Users\Felipe\Documents\WeChat Files\wxid_xd3703k0ih2p22\FileStorage\Temp\61a50817f00069dc5926875bcc478281_.jpg
[RETRY] 589a67f8a52ae25379b9f1ce816cd09c_.jpg | attempt=2 | err=FileNotFoundError: Resolved file disappeared: C:\Users\Felipe\Documents\WeChat Files\wxid_xd3703k0ih2p22\FileStorage\Temp\589a67f8a52ae25379b9f1ce816cd09c_.jpg
[RETRY] f405e2f363e1c83298de29bb900df3c6_.jpg | attempt=2 | err=FileNotFoundError: Resolved file disappeared: C:\Users\Felipe\Documents\WeChat Files\wxid_xd3703k0ih2p22\FileStorage\Temp\f405e2f363e1c83298de29bb900df3c6_.jpg
[SKIP] d76d2312313ff49ddbb2e736479eb856_.jpg | temp_file_disappeared_after_3_attempts
[SKIP] 86f70cda1e88c78b1dfe8db53d75a679_.jpg | temp_file_disappeared_after_3_attempts
[RETRY] 08067c83d3f13426bf577a0d3118f39a_.jpg | attempt=2 | err=FileNotFoundError: Resolved file disappeared: C:\Users\Felipe\Documents\WeChat Files\wxid_xd3703k0ih2p22\FileStorage\Temp\08067c83d3f13426bf577a0d3118f39a_.jpg
[RETRY] c43f6c6d49a62fffdfa996db7ca03654_.jpg | attempt=2 | err=FileNotFoundError: Resolved file disappeared: C:\Users\Felipe\Documents\WeChat Files\wxid_xd3703k0ih2p22\FileStorage\Temp\c43f6c6d49a62fffdfa996db7ca03654_.jpg
[SKIP] 5ed6329c7797a605ab8e73e0f379a6fb_.jpg | temp_file_disappeared_after_3_attempts
[SCAN] reconcile complete | queued_or_refreshed=10
[SKIP] 15d77b7868b095a26f2ad22edb756756_.jpg | temp_file_disappeared_after_3_attempts
[SKIP] e5d8d9171711415d47d7ad7769dd89a1_.jpg | temp_file_disappeared_after_3_attempts
[SKIP] 61a50817f00069dc5926875bcc478281_.jpg | temp_file_disappeared_after_3_attempts
[SKIP] 589a67f8a52ae25379b9f1ce816cd09c_.jpg | temp_file_disappeared_after_3_attempts
[SKIP] f405e2f363e1c83298de29bb900df3c6_.jpg | temp_file_disappeared_after_3_attempts
[SKIP] 08067c83d3f13426bf577a0d3118f39a_.jpg | temp_file_disappeared_after_3_attempts
[SKIP] c43f6c6d49a62fffdfa996db7ca03654_.jpg | temp_file_disappeared_after_3_attempts
[OK] a5f951246dcee201064871e0abdd98be.dat | cliente=116A | banco=AMD | valor=367.91 | data=22/07/2026 13:31 | sink=staged | resolution=direct_image | verification=CONFIRMADO | manual_open_to_claim_ms=2086 | open_ms=27 | prep_ms=34 | ocr_ms=1243 | parse_ms=1 | manual_open_to_ingest_ms=3399
[SINK] committed | file_id=885a2ddb8fdabdf1aa5aa2bd89ed9e288eccda24 | msg=- | talker=- | create_time=0 | sheet=Página1 | row=184 | ingest_to_commit_ms=918 | manual_open_to_commit_ms=4317
[RETRY] 926b87e304d98aacb017185a42cbe246_.jpg | attempt=1 | err=FileNotFoundError: Resolved file disappeared: C:\Users\Felipe\Documents\WeChat Files\wxid_xd3703k0ih2p22\FileStorage\Temp\926b87e304d98aacb017185a42cbe246_.jpg
[OK] 6814c4f56ed37730203560cb4a7712c5.dat | cliente=116A | banco=AMD | valor=126.0 | data=22/07/2026 13:33 | sink=staged | resolution=direct_image | verification=CONFIRMADO | manual_open_to_claim_ms=1059 | open_ms=4 | prep_ms=0 | ocr_ms=3737 | parse_ms=2 | manual_open_to_ingest_ms=4808
[SINK] committed | file_id=926e5f7469c16d100aea369f6d4fc1af7658c797 | msg=- | talker=- | create_time=0 | sheet=Página1 | row=185 | ingest_to_commit_ms=819 | manual_open_to_commit_ms=5627
[RETRY] db81af1ba39917b32b9edac01f6989bd_.jpg | attempt=1 | err=FileNotFoundError: Resolved file disappeared: C:\Users\Felipe\Documents\WeChat Files\wxid_xd3703k0ih2p22\FileStorage\Temp\db81af1ba39917b32b9edac01f6989bd_.jpg
[OK] 1871e7b64aac0258d7143ea46efc3884.dat | cliente=116A | banco=None | valor=350.0 | data=22/07/2026 13:44 | sink=staged | resolution=direct_image | verification=CONFIRMADO | manual_open_to_claim_ms=1363 | open_ms=15 | prep_ms=29 | ocr_ms=1186 | parse_ms=1 | manual_open_to_ingest_ms=2601
[SINK] committed | file_id=1dee52dc1a718884c153a7e6f4c8a40e0f3ff255 | msg=- | talker=- | create_time=0 | sheet=Página1 | row=186 | ingest_to_commit_ms=809 | manual_open_to_commit_ms=3410
[RETRY] d635b3a1affb957dcc3bffd74f088b82_.jpg | attempt=1 | err=FileNotFoundError: Resolved file disappeared: C:\Users\Felipe\Documents\WeChat Files\wxid_xd3703k0ih2p22\FileStorage\Temp\d635b3a1affb957dcc3bffd74f088b82_.jpg
[OCR] Attempting raw image fallback for 7e3bb942307fa18dbd00918f9704562b.dat (is_receipt=True, has_amount=False)
[OK] 7e3bb942307fa18dbd00918f9704562b.dat | cliente=116A | banco=None | valor=None | data=22/07/2026 13:45 | sink=staged | resolution=direct_image | verification=CONFIRMADO | manual_open_to_claim_ms=1943 | open_ms=15 | prep_ms=30 | ocr_ms=1784 | parse_ms=1 | manual_open_to_ingest_ms=5793
[SINK] committed | file_id=407063d6af365d92a1cf149173d586580dff63dd | msg=- | talker=- | create_time=0 | sheet=Página1 | row=187 | ingest_to_commit_ms=800 | manual_open_to_commit_ms=6592
[SCAN] reconcile complete | queued_or_refreshed=12
[OCR] Attempting raw image fallback for 9bfb84f7b8b5f20de11be4e481b02689.dat (is_receipt=True, has_amount=False)
[OK] 9bfb84f7b8b5f20de11be4e481b02689.dat | cliente=116A | banco=AMD | valor=None | data=22/07/2026 13:45 | sink=staged | resolution=direct_image | verification=CONFIRMADO | manual_open_to_claim_ms=2579 | open_ms=14 | prep_ms=30 | ocr_ms=981 | parse_ms=1 | manual_open_to_ingest_ms=5823
[SINK] committed | file_id=4743ca5cd338896dcbb210a659f94fb789f137d9 | msg=- | talker=- | create_time=0 | sheet=Página1 | row=188 | ingest_to_commit_ms=770 | manual_open_to_commit_ms=6593
[RETRY] 926b87e304d98aacb017185a42cbe246_.jpg | attempt=2 | err=FileNotFoundError: Resolved file disappeared: C:\Users\Felipe\Documents\WeChat Files\wxid_xd3703k0ih2p22\FileStorage\Temp\926b87e304d98aacb017185a42cbe246_.jpg
[RETRY] 7b2c6c556499158ea82828ebaef4e4ec_.jpg | attempt=1 | err=FileNotFoundError: Resolved file disappeared: C:\Users\Felipe\Documents\WeChat Files\wxid_xd3703k0ih2p22\FileStorage\Temp\7b2c6c556499158ea82828ebaef4e4ec_.jpg
[RETRY] 8fc45b65a0e40def152d9083240d62f1_.jpg | attempt=1 | err=FileNotFoundError: Resolved file disappeared: C:\Users\Felipe\Documents\WeChat Files\wxid_xd3703k0ih2p22\FileStorage\Temp\8fc45b65a0e40def152d9083240d62f1_.jpg
[RETRY] db81af1ba39917b32b9edac01f6989bd_.jpg | attempt=2 | err=FileNotFoundError: Resolved file disappeared: C:\Users\Felipe\Documents\WeChat Files\wxid_xd3703k0ih2p22\FileStorage\Temp\db81af1ba39917b32b9edac01f6989bd_.jpg
[OK] 7dc1a37c3bf644090134d655e5da0483.dat | cliente=116A | banco=AMD | valor=600.0 | data=22/07/2026 13:55 | sink=staged | resolution=direct_image | verification=CONFIRMADO | manual_open_to_claim_ms=2232 | open_ms=9 | prep_ms=23 | ocr_ms=1798 | parse_ms=2 | manual_open_to_ingest_ms=4071
[SINK] committed | file_id=ceebe86b9b4e87f6b3f04c574059528803073a0c | msg=- | talker=- | create_time=0 | sheet=Página1 | row=189 | ingest_to_commit_ms=785 | manual_open_to_commit_ms=4857
[RETRY] c0ff5d8495bc6e1e3b9d5c8f82b2d188_.jpg | attempt=1 | err=FileNotFoundError: Resolved file disappeared: C:\Users\Felipe\Documents\WeChat Files\wxid_xd3703k0ih2p22\FileStorage\Temp\c0ff5d8495bc6e1e3b9d5c8f82b2d188_.jpg
[RETRY] d635b3a1affb957dcc3bffd74f088b82_.jpg | attempt=2 | err=FileNotFoundError: Resolved file disappeared: C:\Users\Felipe\Documents\WeChat Files\wxid_xd3703k0ih2p22\FileStorage\Temp\d635b3a1affb957dcc3bffd74f088b82_.jpg
[RETRY] 7b2c6c556499158ea82828ebaef4e4ec_.jpg | attempt=2 | err=FileNotFoundError: Resolved file disappeared: C:\Users\Felipe\Documents\WeChat Files\wxid_xd3703k0ih2p22\FileStorage\Temp\7b2c6c556499158ea82828ebaef4e4ec_.jpg
[RETRY] 8fc45b65a0e40def152d9083240d62f1_.jpg | attempt=2 | err=FileNotFoundError: Resolved file disappeared: C:\Users\Felipe\Documents\WeChat Files\wxid_xd3703k0ih2p22\FileStorage\Temp\8fc45b65a0e40def152d9083240d62f1_.jpg
[RETRY] c0ff5d8495bc6e1e3b9d5c8f82b2d188_.jpg | attempt=2 | err=FileNotFoundError: Resolved file disappeared: C:\Users\Felipe\Documents\WeChat Files\wxid_xd3703k0ih2p22\FileStorage\Temp\c0ff5d8495bc6e1e3b9d5c8f82b2d188_.jpg
[SKIP] 926b87e304d98aacb017185a42cbe246_.jpg | temp_file_disappeared_after_3_attempts
[SKIP] db81af1ba39917b32b9edac01f6989bd_.jpg | temp_file_disappeared_after_3_attempts
[SKIP] d635b3a1affb957dcc3bffd74f088b82_.jpg | temp_file_disappeared_after_3_attempts
[SCAN] reconcile complete | queued_or_refreshed=6
[SKIP] 7b2c6c556499158ea82828ebaef4e4ec_.jpg | temp_file_disappeared_after_3_attempts
[SKIP] 8fc45b65a0e40def152d9083240d62f1_.jpg | temp_file_disappeared_after_3_attempts
[SKIP] c0ff5d8495bc6e1e3b9d5c8f82b2d188_.jpg | temp_file_disappeared_after_3_attempts
[OK] e91b262979ebf530b4fc68a4a2e2aa9a.dat | cliente=60 | banco=CLEEND | valor=17000.0 | data=22/07/2026 11:02 | sink=staged | resolution=direct_image | verification=CONFIRMADO | manual_open_to_claim_ms=1951 | open_ms=5 | prep_ms=0 | ocr_ms=2092 | parse_ms=1 | manual_open_to_ingest_ms=4051
[SINK] committed | file_id=bc6bf1eedc83408817c200271dd74449b581aeff | msg=- | talker=- | create_time=0 | sheet=Página1 | row=188 | ingest_to_commit_ms=895 | manual_open_to_commit_ms=4946
[RETRY] 5d9eefe8d86a06031df669ba4857bcba_.jpg | attempt=1 | err=FileNotFoundError: Resolved file disappeared: C:\Users\Felipe\Documents\WeChat Files\wxid_xd3703k0ih2p22\FileStorage\Temp\5d9eefe8d86a06031df669ba4857bcba_.jpg
[SCAN] reconcile complete | queued_or_refreshed=7
[OK] 4dcb20246490567ae78976e41a3774ce.dat | cliente=60 | banco=CLEEND | valor=21648.0 | data=22/07/2026 13:02 | sink=staged | resolution=direct_image | verification=CONFIRMADO | manual_open_to_claim_ms=4872 | open_ms=11 | prep_ms=0 | ocr_ms=3284 | parse_ms=2 | manual_open_to_ingest_ms=8174
[SINK] committed | file_id=cfb6219d4df64490b648af4ed05935f390a3f633 | msg=- | talker=- | create_time=0 | sheet=Página1 | row=189 | ingest_to_commit_ms=784 | manual_open_to_commit_ms=8958
[RETRY] 12e61886c79ae8ce319c60645f128259_.jpg | attempt=1 | err=FileNotFoundError: Resolved file disappeared: C:\Users\Felipe\Documents\WeChat Files\wxid_xd3703k0ih2p22\FileStorage\Temp\12e61886c79ae8ce319c60645f128259_.jpg
[OK] 0e86cdcc27a5c85060a7dd4a4760dc84.dat | cliente=60 | banco=CLEEND | valor=11058.0 | data=22/07/2026 12:53 | sink=staged | resolution=direct_image | verification=CONFIRMADO | manual_open_to_claim_ms=1637 | open_ms=11 | prep_ms=1 | ocr_ms=3869 | parse_ms=2 | manual_open_to_ingest_ms=5524
[SINK] committed | file_id=3304d87d986a0bcb4dbbdf27bd2bdb61a4deeccb | msg=- | talker=- | create_time=0 | sheet=Página1 | row=190 | ingest_to_commit_ms=764 | manual_open_to_commit_ms=6289
[RETRY] 59d95be03ced2a17d56fefdaef1aad71_.jpg | attempt=1 | err=FileNotFoundError: Resolved file disappeared: C:\Users\Felipe\Documents\WeChat Files\wxid_xd3703k0ih2p22\FileStorage\Temp\59d95be03ced2a17d56fefdaef1aad71_.jpg
[RETRY] 5d9eefe8d86a06031df669ba4857bcba_.jpg | attempt=2 | err=FileNotFoundError: Resolved file disappeared: C:\Users\Felipe\Documents\WeChat Files\wxid_xd3703k0ih2p22\FileStorage\Temp\5d9eefe8d86a06031df669ba4857bcba_.jpg
[RETRY] 12e61886c79ae8ce319c60645f128259_.jpg | attempt=2 | err=FileNotFoundError: Resolved file disappeared: C:\Users\Felipe\Documents\WeChat Files\wxid_xd3703k0ih2p22\FileStorage\Temp\12e61886c79ae8ce319c60645f128259_.jpg
[OK] 3be33f6d19ff8894927bba2e706d3d42.dat | cliente=111 | banco=CLEEND | valor=4900.0 | data=22/07/2026 13:36 | sink=staged | resolution=direct_image | verification=CONFIRMADO | manual_open_to_claim_ms=1130 | open_ms=6 | prep_ms=0 | ocr_ms=3182 | parse_ms=2 | manual_open_to_ingest_ms=4327
[SINK] committed | file_id=909d4f6b67952592cb09b7e8e9378bf21742fe72 | msg=- | talker=- | create_time=0 | sheet=Página1 | row=191 | ingest_to_commit_ms=807 | manual_open_to_commit_ms=5133
[OK] c91d8d21ea6f517f8ba58e7a83f1bf98.dat | cliente=111 | banco=CLEEND | valor=4157.0 | data=22/07/2026 13:46 | sink=staged | resolution=direct_image | verification=CONFIRMADO | manual_open_to_claim_ms=1392 | open_ms=12 | prep_ms=1 | ocr_ms=2208 | parse_ms=1 | manual_open_to_ingest_ms=3621
[SINK] committed | file_id=9c716fc05572ff1e5b25a46017605b76a5a7a15b | msg=- | talker=- | create_time=0 | sheet=Página1 | row=192 | ingest_to_commit_ms=895 | manual_open_to_commit_ms=4515
[RETRY] 59d95be03ced2a17d56fefdaef1aad71_.jpg | attempt=2 | err=FileNotFoundError: Resolved file disappeared: C:\Users\Felipe\Documents\WeChat Files\wxid_xd3703k0ih2p22\FileStorage\Temp\59d95be03ced2a17d56fefdaef1aad71_.jpg
[RETRY] a421038a28984b60fe4d593bd0753782_.jpg | attempt=1 | err=FileNotFoundError: Resolved file disappeared: C:\Users\Felipe\Documents\WeChat Files\wxid_xd3703k0ih2p22\FileStorage\Temp\a421038a28984b60fe4d593bd0753782_.jpg
[RETRY] 6ceafacaef3a58a09b7e433b72516b71_.jpg | attempt=1 | err=FileNotFoundError: Resolved file disappeared: C:\Users\Felipe\Documents\WeChat Files\wxid_xd3703k0ih2p22\FileStorage\Temp\6ceafacaef3a58a09b7e433b72516b71_.jpg
[OK] 206bd6139e9d2e7de6392553b0914968.dat | cliente=111 | banco=CLEEND | valor=100948.1 | data=22/07/2026 14:17 | sink=staged | resolution=direct_image | verification=CONFIRMADO | manual_open_to_claim_ms=1606 | open_ms=17 | prep_ms=30 | ocr_ms=1928 | parse_ms=1 | manual_open_to_ingest_ms=3591
[SINK] committed | file_id=9ac6ca71db5067bdc57b39a983c6583699255b58 | msg=- | talker=- | create_time=0 | sheet=Página1 | row=193 | ingest_to_commit_ms=839 | manual_open_to_commit_ms=4430
[RETRY] 0df8c607f0e8be65df3fddc46c9f2085_.jpg | attempt=1 | err=FileNotFoundError: Resolved file disappeared: C:\Users\Felipe\Documents\WeChat Files\wxid_xd3703k0ih2p22\FileStorage\Temp\0df8c607f0e8be65df3fddc46c9f2085_.jpg
[OK] 37bfbb0d03f99f3bba2ca12ed387e162.dat | cliente=111 | banco=CLEEND | valor=62000.0 | data=22/07/2026 15:15 | sink=staged | resolution=direct_image | verification=CONFIRMADO | manual_open_to_claim_ms=1314 | open_ms=6 | prep_ms=0 | ocr_ms=2711 | parse_ms=1 | manual_open_to_ingest_ms=4038
[SINK] committed | file_id=ce8e13e7bc58f0eacd08962286dc9fb5da2685f6 | msg=- | talker=- | create_time=0 | sheet=Página1 | row=194 | ingest_to_commit_ms=773 | manual_open_to_commit_ms=4811
[RETRY] 591630bd9dc82e87a66f9ce5c749a926_.jpg | attempt=1 | err=FileNotFoundError: Resolved file disappeared: C:\Users\Felipe\Documents\WeChat Files\wxid_xd3703k0ih2p22\FileStorage\Temp\591630bd9dc82e87a66f9ce5c749a926_.jpg
[OK] 2b3b0f2d75aa4440bcb2237f0ccf3db6.dat | cliente=111 | banco=CLEEND | valor=58360.0 | data=22/07/2026 15:19 | sink=staged | resolution=direct_image | verification=CONFIRMADO | manual_open_to_claim_ms=2126 | open_ms=6 | prep_ms=1 | ocr_ms=1556 | parse_ms=1 | manual_open_to_ingest_ms=3693
[SINK] committed | file_id=f3d3f8374b1f2b9f634f2859995811a2d28342a1 | msg=- | talker=- | create_time=0 | sheet=Página1 | row=195 | ingest_to_commit_ms=778 | manual_open_to_commit_ms=4472
[RETRY] 678ff3ee60aa5a4bb8af57f3fb77d308_.jpg | attempt=1 | err=FileNotFoundError: Resolved file disappeared: C:\Users\Felipe\Documents\WeChat Files\wxid_xd3703k0ih2p22\FileStorage\Temp\678ff3ee60aa5a4bb8af57f3fb77d308_.jpg
[RETRY] a421038a28984b60fe4d593bd0753782_.jpg | attempt=2 | err=FileNotFoundError: Resolved file disappeared: C:\Users\Felipe\Documents\WeChat Files\wxid_xd3703k0ih2p22\FileStorage\Temp\a421038a28984b60fe4d593bd0753782_.jpg
[RETRY] 6ceafacaef3a58a09b7e433b72516b71_.jpg | attempt=2 | err=FileNotFoundError: Resolved file disappeared: C:\Users\Felipe\Documents\WeChat Files\wxid_xd3703k0ih2p22\FileStorage\Temp\6ceafacaef3a58a09b7e433b72516b71_.jpg
[SKIP] 5d9eefe8d86a06031df669ba4857bcba_.jpg | temp_file_disappeared_after_3_attempts
[SCAN] reconcile complete | queued_or_refreshed=8
[RETRY] 0df8c607f0e8be65df3fddc46c9f2085_.jpg | attempt=2 | err=FileNotFoundError: Resolved file disappeared: C:\Users\Felipe\Documents\WeChat Files\wxid_xd3703k0ih2p22\FileStorage\Temp\0df8c607f0e8be65df3fddc46c9f2085_.jpg
[RETRY] 591630bd9dc82e87a66f9ce5c749a926_.jpg | attempt=2 | err=FileNotFoundError: Resolved file disappeared: C:\Users\Felipe\Documents\WeChat Files\wxid_xd3703k0ih2p22\FileStorage\Temp\591630bd9dc82e87a66f9ce5c749a926_.jpg
[SKIP] 12e61886c79ae8ce319c60645f128259_.jpg | temp_file_disappeared_after_3_attempts
[RETRY] 678ff3ee60aa5a4bb8af57f3fb77d308_.jpg | attempt=2 | err=FileNotFoundError: Resolved file disappeared: C:\Users\Felipe\Documents\WeChat Files\wxid_xd3703k0ih2p22\FileStorage\Temp\678ff3ee60aa5a4bb8af57f3fb77d308_.jpg
[SKIP] 59d95be03ced2a17d56fefdaef1aad71_.jpg | temp_file_disappeared_after_3_attempts
[OK] 744225f1edcce942ff1bb9f990e16c37.dat | cliente=58 | banco=AMD | valor=2665.0 | data=22/07/2026 10:32 | sink=staged | resolution=direct_image | verification=CONFIRMADO | manual_open_to_claim_ms=1110 | open_ms=14 | prep_ms=2 | ocr_ms=2212 | parse_ms=1 | manual_open_to_ingest_ms=3344
[SINK] committed | file_id=a602183b64f1b8d70d48c1004bde135180a4d41c | msg=- | talker=- | create_time=0 | sheet=Página1 | row=196 | ingest_to_commit_ms=856 | manual_open_to_commit_ms=4200
[OK] 9403c3aeef2b35e901d2134545c891b7.dat | cliente=58 | banco=AMD | valor=6750.0 | data=22/07/2026 10:15 | sink=staged | resolution=direct_image | verification=CONFIRMADO | manual_open_to_claim_ms=1610 | open_ms=6 | prep_ms=1 | ocr_ms=2390 | parse_ms=1 | manual_open_to_ingest_ms=4013
[SINK] committed | file_id=dc9f8701d2081afce5e9395b96f0bd7401f00b62 | msg=- | talker=- | create_time=0 | sheet=Página1 | row=197 | ingest_to_commit_ms=838 | manual_open_to_commit_ms=4850
[RETRY] 0bb935a05fe1cce778484b120a33cac1_.jpg | attempt=1 | err=FileNotFoundError: Resolved file disappeared: C:\Users\Felipe\Documents\WeChat Files\wxid_xd3703k0ih2p22\FileStorage\Temp\0bb935a05fe1cce778484b120a33cac1_.jpg
[RETRY] e7e64c6b32fe1b8d38ff9caa351f47e9_.jpg | attempt=1 | err=FileNotFoundError: Resolved file disappeared: C:\Users\Felipe\Documents\WeChat Files\wxid_xd3703k0ih2p22\FileStorage\Temp\e7e64c6b32fe1b8d38ff9caa351f47e9_.jpg
[SKIP] a421038a28984b60fe4d593bd0753782_.jpg | temp_file_disappeared_after_3_attempts
[SKIP] 6ceafacaef3a58a09b7e433b72516b71_.jpg | temp_file_disappeared_after_3_attempts
[RETRY] 0bb935a05fe1cce778484b120a33cac1_.jpg | attempt=2 | err=FileNotFoundError: Resolved file disappeared: C:\Users\Felipe\Documents\WeChat Files\wxid_xd3703k0ih2p22\FileStorage\Temp\0bb935a05fe1cce778484b120a33cac1_.jpg
[RETRY] e7e64c6b32fe1b8d38ff9caa351f47e9_.jpg | attempt=2 | err=FileNotFoundError: Resolved file disappeared: C:\Users\Felipe\Documents\WeChat Files\wxid_xd3703k0ih2p22\FileStorage\Temp\e7e64c6b32fe1b8d38ff9caa351f47e9_.jpg
[SKIP] 0df8c607f0e8be65df3fddc46c9f2085_.jpg | temp_file_disappeared_after_3_attempts
[SKIP] 591630bd9dc82e87a66f9ce5c749a926_.jpg | temp_file_disappeared_after_3_attempts
[OK] a38198813aa3af1d295a3ed27efe0cf2.dat | cliente=26 | banco=AMD | valor=1739.5 | data=22/07/2026 13:08 | sink=staged | resolution=direct_image | verification=CONFIRMADO | manual_open_to_claim_ms=1449 | open_ms=4 | prep_ms=0 | ocr_ms=4238 | parse_ms=4 | manual_open_to_ingest_ms=5701
[SINK] committed | file_id=df902958d65c39a3d4c908c1214d4986895b84f8 | msg=- | talker=- | create_time=0 | sheet=Página1 | row=198 | ingest_to_commit_ms=935 | manual_open_to_commit_ms=6636
[OK] ca7d91d48dbe329ab6bd9f4d97c5ff19.dat | cliente=568 | banco=None | valor=38000.0 | data=22/07/2026 11:02 | sink=staged | resolution=direct_image | verification=CONFIRMADO | manual_open_to_claim_ms=1410 | open_ms=19 | prep_ms=38 | ocr_ms=1422 | parse_ms=2 | manual_open_to_ingest_ms=2902
[SINK] committed | file_id=8c773f2fd7641bee21c7441a441c5cd661e289e0 | msg=- | talker=- | create_time=0 | sheet=Página1 | row=199 | ingest_to_commit_ms=820 | manual_open_to_commit_ms=3723
[SKIP] 678ff3ee60aa5a4bb8af57f3fb77d308_.jpg | temp_file_disappeared_after_3_attempts
[SKIP] 96d9ae9bc81dab24ff8ae6265e9316ad_.jpg | temp_without_unique_context
[HOLD] 120f124292717378d1ec6517f40892bb_.jpg | waiting_temp_context
[OK] 126b55797a0e23dd44d2d2b653af1101.dat | cliente=568 | banco=AMD | valor=4999.99 | data=22/07/2026 13:46 | sink=staged | resolution=direct_image | verification=CONFIRMADO | manual_open_to_claim_ms=1812 | open_ms=14 | prep_ms=35 | ocr_ms=2375 | parse_ms=1 | manual_open_to_ingest_ms=4247
[SINK] committed | file_id=3c0c1f8d3047e98f9439dac6939d23f2e78c0cfc | msg=- | talker=- | create_time=0 | sheet=Página1 | row=200 | ingest_to_commit_ms=969 | manual_open_to_commit_ms=5216
[SKIP] 120f124292717378d1ec6517f40892bb_.jpg | temp_without_unique_context
[HOLD] 332d622a788f172b2cc5627fce5aacb0_.jpg | waiting_temp_context
[SCAN] reconcile complete | queued_or_refreshed=10
[SKIP] 332d622a788f172b2cc5627fce5aacb0_.jpg | temp_without_unique_context
[OK] 06bb497c6aaca9467feeeb7ad355a4c4.dat | cliente=65 | banco=AMD | valor=2940.0 | data=22/07/2026 11:30 | sink=staged | resolution=direct_image | verification=CONFIRMADO | manual_open_to_claim_ms=2236 | open_ms=11 | prep_ms=29 | ocr_ms=2765 | parse_ms=1 | manual_open_to_ingest_ms=5053
[SINK] committed | file_id=e386fc9e16abd5f7dceb7e6bfb8320818bb3df54 | msg=- | talker=- | create_time=0 | sheet=Página1 | row=201 | ingest_to_commit_ms=767 | manual_open_to_commit_ms=5819
[HOLD] cd112f40de10fbf5517202e8bd832544_.jpg | waiting_temp_context
[OK] fbca88747c6b152f46d967afd959015a.dat | cliente=65 | banco=AMD | valor=10845.0 | data=22/07/2026 11:04 | sink=staged | resolution=direct_image | verification=CONFIRMADO | manual_open_to_claim_ms=1339 | open_ms=12 | prep_ms=30 | ocr_ms=2724 | parse_ms=1 | manual_open_to_ingest_ms=4114
[SINK] committed | file_id=851e023f34df56a62b21321b8819c93eb35782e0 | msg=- | talker=- | create_time=0 | sheet=Página1 | row=202 | ingest_to_commit_ms=747 | manual_open_to_commit_ms=4861
[SKIP] cd112f40de10fbf5517202e8bd832544_.jpg | temp_without_unique_context
[HOLD] e8d50606751b8cb6f3a4e06c9463a811_.jpg | waiting_temp_context
[SKIP] e8d50606751b8cb6f3a4e06c9463a811_.jpg | temp_without_unique_context
[OK] f2f57b4a1797a122aaede55d00c8ce71.dat | cliente=65 | banco=AMD | valor=9105.0 | data=22/07/2026 13:14 | sink=staged | resolution=direct_image | verification=CONFIRMADO | manual_open_to_claim_ms=2198 | open_ms=29 | prep_ms=48 | ocr_ms=2813 | parse_ms=1 | manual_open_to_ingest_ms=5108
[SINK] committed | file_id=33d79c19907c229fba5f8246ab7b3dbf509816fc | msg=- | talker=- | create_time=0 | sheet=Página1 | row=203 | ingest_to_commit_ms=739 | manual_open_to_commit_ms=5847
[RETRY] 8916f9ffbbca8cb0466a8e24ae45a82a_.jpg | attempt=1 | err=FileNotFoundError: Resolved file disappeared: C:\Users\Felipe\Documents\WeChat Files\wxid_xd3703k0ih2p22\FileStorage\Temp\8916f9ffbbca8cb0466a8e24ae45a82a_.jpg
[SKIP] 0bb935a05fe1cce778484b120a33cac1_.jpg | temp_file_disappeared_after_3_attempts
[SKIP] e7e64c6b32fe1b8d38ff9caa351f47e9_.jpg | temp_file_disappeared_after_3_attempts
[OK] 1a5f2cbc23cdf663332a46ff89a99098.dat | cliente=65 | banco=AMD | valor=160.0 | data=22/07/2026 13:30 | sink=staged | resolution=direct_image | verification=CONFIRMADO | manual_open_to_claim_ms=2077 | open_ms=5 | prep_ms=1 | ocr_ms=1411 | parse_ms=1 | manual_open_to_ingest_ms=3499
[SINK] committed | file_id=14e0bff23417b52eab725f090fa8289e2b79aace | msg=- | talker=- | create_time=0 | sheet=Página1 | row=204 | ingest_to_commit_ms=772 | manual_open_to_commit_ms=4271
[RETRY] e21d0e5f591f64b9de9f672edd356832_.jpg | attempt=1 | err=FileNotFoundError: Resolved file disappeared: C:\Users\Felipe\Documents\WeChat Files\wxid_xd3703k0ih2p22\FileStorage\Temp\e21d0e5f591f64b9de9f672edd356832_.jpg
[OK] 4783151b31d515b5ff49a21dbed158a5.dat | cliente=65 | banco=AMD | valor=160.0 | data=22/07/2026 13:47 | sink=staged | resolution=direct_image | verification=CONFIRMADO | manual_open_to_claim_ms=1635 | open_ms=7 | prep_ms=1 | ocr_ms=2754 | parse_ms=1 | manual_open_to_ingest_ms=4403
[SINK] committed | file_id=5ce2c95a58ce94fd1feb8010aa49732973c695bf | msg=- | talker=- | create_time=0 | sheet=Página1 | row=205 | ingest_to_commit_ms=746 | manual_open_to_commit_ms=5149
[RETRY] f9335340ca038b639a354ffb44065b43_.jpg | attempt=1 | err=FileNotFoundError: Resolved file disappeared: C:\Users\Felipe\Documents\WeChat Files\wxid_xd3703k0ih2p22\FileStorage\Temp\f9335340ca038b639a354ffb44065b43_.jpg
[OK] 9b2b5a785fdc1450fdebcea39a6c4dd5.dat | cliente=65 | banco=AMD | valor=2588.0 | data=22/07/2026 14:44 | sink=staged | resolution=direct_image | verification=CONFIRMADO | manual_open_to_claim_ms=1191 | open_ms=12 | prep_ms=31 | ocr_ms=2080 | parse_ms=2 | manual_open_to_ingest_ms=3324
[SINK] committed | file_id=caac82645b73d4df14a08c6f7c90ad29e911687e | msg=- | talker=- | create_time=0 | sheet=Página1 | row=206 | ingest_to_commit_ms=780 | manual_open_to_commit_ms=4105
[RETRY] 2bd8032154e9aa2a8d628792072a60a3_.jpg | attempt=1 | err=FileNotFoundError: Resolved file disappeared: C:\Users\Felipe\Documents\WeChat Files\wxid_xd3703k0ih2p22\FileStorage\Temp\2bd8032154e9aa2a8d628792072a60a3_.jpg
[RETRY] 8916f9ffbbca8cb0466a8e24ae45a82a_.jpg | attempt=2 | err=FileNotFoundError: Resolved file disappeared: C:\Users\Felipe\Documents\WeChat Files\wxid_xd3703k0ih2p22\FileStorage\Temp\8916f9ffbbca8cb0466a8e24ae45a82a_.jpg
[OK] 3392553c7706e1e0abe05305a9ef7e1b.dat | cliente=65 | banco=AMD | valor=620.0 | data=22/07/2026 15:31 | sink=staged | resolution=direct_image | verification=CONFIRMADO | manual_open_to_claim_ms=1500 | open_ms=11 | prep_ms=30 | ocr_ms=1237 | parse_ms=1 | manual_open_to_ingest_ms=2786
[SINK] committed | file_id=90f72346fc88364946c5b24dfcc3715561c45bb4 | msg=- | talker=- | create_time=0 | sheet=Página1 | row=207 | ingest_to_commit_ms=759 | manual_open_to_commit_ms=3545
[RETRY] 2f7be818a3fd93abaf463ccc491a2968_.jpg | attempt=1 | err=FileNotFoundError: Resolved file disappeared: C:\Users\Felipe\Documents\WeChat Files\wxid_xd3703k0ih2p22\FileStorage\Temp\2f7be818a3fd93abaf463ccc491a2968_.jpg
[RETRY] e21d0e5f591f64b9de9f672edd356832_.jpg | attempt=2 | err=FileNotFoundError: Resolved file disappeared: C:\Users\Felipe\Documents\WeChat Files\wxid_xd3703k0ih2p22\FileStorage\Temp\e21d0e5f591f64b9de9f672edd356832_.jpg
[RETRY] f9335340ca038b639a354ffb44065b43_.jpg | attempt=2 | err=FileNotFoundError: Resolved file disappeared: C:\Users\Felipe\Documents\WeChat Files\wxid_xd3703k0ih2p22\FileStorage\Temp\f9335340ca038b639a354ffb44065b43_.jpg
[OK] 434c6c4cb2ab70e0d87ea8c56b873309.dat | cliente=991 | banco=CLEEND | valor=3000.0 | data=22/07/2026 14:30 | sink=staged | resolution=direct_image | verification=CONFIRMADO | manual_open_to_claim_ms=1488 | open_ms=12 | prep_ms=30 | ocr_ms=1987 | parse_ms=1 | manual_open_to_ingest_ms=3524
[SINK] committed | file_id=eae86f67c022a8e77dd0c7b1676f1eb9065b7f80 | msg=- | talker=- | create_time=0 | sheet=Página1 | row=208 | ingest_to_commit_ms=797 | manual_open_to_commit_ms=4321
[RETRY] 2bd8032154e9aa2a8d628792072a60a3_.jpg | attempt=2 | err=FileNotFoundError: Resolved file disappeared: C:\Users\Felipe\Documents\WeChat Files\wxid_xd3703k0ih2p22\FileStorage\Temp\2bd8032154e9aa2a8d628792072a60a3_.jpg
[HOLD] 900c14eac4eb812d2e7b07975e2bcac6_.jpg | waiting_temp_context
[SCAN] reconcile complete | queued_or_refreshed=13
[SKIP] 900c14eac4eb812d2e7b07975e2bcac6_.jpg | temp_without_unique_context
[RETRY] 2f7be818a3fd93abaf463ccc491a2968_.jpg | attempt=2 | err=FileNotFoundError: Resolved file disappeared: C:\Users\Felipe\Documents\WeChat Files\wxid_xd3703k0ih2p22\FileStorage\Temp\2f7be818a3fd93abaf463ccc491a2968_.jpg
[SKIP] 8916f9ffbbca8cb0466a8e24ae45a82a_.jpg | temp_file_disappeared_after_3_attempts
[OK] 2d42bbc9ba433c056aae42eec1ad6259.dat | cliente=15 | banco=AMD | valor=3720.0 | data=22/07/2026 10:37 | sink=staged | resolution=direct_image | verification=CONFIRMADO | manual_open_to_claim_ms=1066 | open_ms=5 | prep_ms=0 | ocr_ms=3687 | parse_ms=2 | manual_open_to_ingest_ms=4765
[SINK] committed | file_id=8ae822833d85a1f2a9fcfe61c6ce62c024f5b960 | msg=- | talker=- | create_time=0 | sheet=Página1 | row=208 | ingest_to_commit_ms=892 | manual_open_to_commit_ms=5657
[SKIP] e21d0e5f591f64b9de9f672edd356832_.jpg | temp_file_disappeared_after_3_attempts
[HOLD] 2c6e5f0311429b737919172dfb0e3ba1_.jpg | waiting_temp_context
[OK] 0dc31b714d268bd8e42e9c8d51e2915c.dat | cliente=98 | banco=CLEEND | valor=992.0 | data=22/07/2026 11:06 | sink=staged | resolution=direct_image | verification=CONFIRMADO | manual_open_to_claim_ms=2171 | open_ms=8 | prep_ms=1 | ocr_ms=1804 | parse_ms=2 | manual_open_to_ingest_ms=3991
[SINK] committed | file_id=b08822f6da7055b6f2764ccf7db843cf645eb1cf | msg=- | talker=- | create_time=0 | sheet=Página1 | row=209 | ingest_to_commit_ms=768 | manual_open_to_commit_ms=4758
[OK] c683525882f657071adac3347baa2ba1.dat | cliente=98 | banco=CLEEND | valor=1000.0 | data=22/07/2026 01:50 | sink=staged | resolution=direct_image | verification=CONFIRMADO | manual_open_to_claim_ms=3574 | open_ms=14 | prep_ms=30 | ocr_ms=2187 | parse_ms=1 | manual_open_to_ingest_ms=5814
[SINK] committed | file_id=3445dfc1f7d30aff8855598b922188bd5c24e730 | msg=- | talker=- | create_time=0 | sheet=Página1 | row=210 | ingest_to_commit_ms=769 | manual_open_to_commit_ms=6583
[SKIP] f9335340ca038b639a354ffb44065b43_.jpg | temp_file_disappeared_after_3_attempts
[SKIP] 2c6e5f0311429b737919172dfb0e3ba1_.jpg | temp_without_unique_context
[SKIP] 6c32e6135ffa82450b2dea9ece74062b_.jpg | temp_without_unique_context
[SKIP] e763360dcfa2d8be7d4a2a2aeed522fa_.jpg | temp_without_unique_context
[OK] 5a2f43bb64a5fc3abaddfa5b825f9a60.dat | cliente=98 | banco=CLEEND | valor=1868.0 | data=22/07/2026 11:52 | sink=staged | resolution=direct_image | verification=CONFIRMADO | manual_open_to_claim_ms=1665 | open_ms=15 | prep_ms=29 | ocr_ms=2857 | parse_ms=1 | manual_open_to_ingest_ms=4575
[SINK] committed | file_id=e8dce2644d01d79b5717287cc4c94e42a3cf08c5 | msg=- | talker=- | create_time=0 | sheet=Página1 | row=211 | ingest_to_commit_ms=844 | manual_open_to_commit_ms=5418
[SKIP] 2bd8032154e9aa2a8d628792072a60a3_.jpg | temp_file_disappeared_after_3_attempts
[HOLD] 11874f3774e30fce90d051920ddeaf68_.jpg | waiting_temp_context
[SKIP] 11874f3774e30fce90d051920ddeaf68_.jpg | temp_without_unique_context
[OK] c2e346add1cfbcdda02ed292493332fe.dat | cliente=98 | banco=CLEEND | valor=645.0 | data=22/07/2026 11:49 | sink=staged | resolution=direct_image | verification=CONFIRMADO | manual_open_to_claim_ms=1715 | open_ms=14 | prep_ms=30 | ocr_ms=1489 | parse_ms=1 | manual_open_to_ingest_ms=3255
[SINK] committed | file_id=2804ea516c3e4f7ada141eedc6c33b260b120fcf | msg=- | talker=- | create_time=0 | sheet=Página1 | row=212 | ingest_to_commit_ms=810 | manual_open_to_commit_ms=4065
[SKIP] 2f7be818a3fd93abaf463ccc491a2968_.jpg | temp_file_disappeared_after_3_attempts
[HOLD] 806ff3dbb006f436968e969102e631c6_.jpg | waiting_temp_context
[SKIP] 806ff3dbb006f436968e969102e631c6_.jpg | temp_without_unique_context
[SCAN] reconcile complete | queued_or_refreshed=11
[SCAN] reconcile complete | queued_or_refreshed=5
[SCAN] reconcile complete | queued_or_refreshed=1
[SCAN] reconcile complete | queued_or_refreshed=0
[SCAN] reconcile complete | queued_or_refreshed=0
[SCAN] reconcile complete | queued_or_refreshed=0
[SCAN] reconcile complete | queued_or_refreshed=0
[SCAN] reconcile complete | queued_or_refreshed=0
[SCAN] reconcile complete | queued_or_refreshed=0
[OK] b6888c6af76400e4392a1cbac9c3e3ba.dat | cliente=28 | banco=CLEEND | valor=10000.0 | data=22/07/2026 10:30 | sink=staged | resolution=direct_image | verification=CONFIRMADO | manual_open_to_claim_ms=1570 | open_ms=30 | prep_ms=1 | ocr_ms=6663 | parse_ms=2 | manual_open_to_ingest_ms=8284
[SINK] committed | file_id=60f2adc03c03316504ee24f9c5adb0e36fe16851 | msg=- | talker=- | create_time=0 | sheet=Página1 | row=213 | ingest_to_commit_ms=1492 | manual_open_to_commit_ms=9776
[RETRY] c62956dc3999956fe66eb1f8fb1049b8_.jpg | attempt=1 | err=FileNotFoundError: Resolved file disappeared: C:\Users\Felipe\Documents\WeChat Files\wxid_xd3703k0ih2p22\FileStorage\Temp\c62956dc3999956fe66eb1f8fb1049b8_.jpg
[OK] 9d57fb1643c2c07a1135d80c3d7ba3a8.dat | cliente=808 | banco=AMD | valor=2340.0 | data=22/07/2026 09:00 | sink=staged | resolution=direct_image | verification=CONFIRMADO | manual_open_to_claim_ms=2042 | open_ms=11 | prep_ms=1 | ocr_ms=1490 | parse_ms=1 | manual_open_to_ingest_ms=3551
[SINK] committed | file_id=8c06aa10629ff673253939a45ac81d3bbcf76c58 | msg=- | talker=- | create_time=0 | sheet=Página1 | row=214 | ingest_to_commit_ms=916 | manual_open_to_commit_ms=4466
[HOLD] 0e9f0a085f70b63c0e59b11b8eba5fa1_.jpg | waiting_temp_context
[OK] c24a3af27d89c12464913c434da754c6.dat | cliente=808 | banco=CLEEND | valor=604.05 | data=21/07/2026 07:15 | sink=staged | resolution=direct_image | verification=CONFIRMADO | manual_open_to_claim_ms=1470 | open_ms=45 | prep_ms=32 | ocr_ms=5046 | parse_ms=2 | manual_open_to_ingest_ms=6605
[SINK] committed | file_id=417df725c00b5a04e15125d237155ddccf782c52 | msg=- | talker=- | create_time=0 | sheet=Página1 | row=215 | ingest_to_commit_ms=1159 | manual_open_to_commit_ms=7764
[SKIP] 0e9f0a085f70b63c0e59b11b8eba5fa1_.jpg | temp_without_unique_context
[SKIP] b7d714833c796451502099fec992531a_.jpg | temp_without_unique_context
[OK] ef5ba9d542dbc6343651ffdfb52df624.dat | cliente=808 | banco=CLEEND | valor=5000.8 | data=21/07/2026 16:04 | sink=staged | resolution=direct_image | verification=CONFIRMADO | manual_open_to_claim_ms=1473 | open_ms=26 | prep_ms=31 | ocr_ms=1664 | parse_ms=1 | manual_open_to_ingest_ms=3205
[SINK] committed | file_id=4eb9b838988c03e4d0c13093f2f489d27cd720a1 | msg=- | talker=- | create_time=0 | sheet=Página1 | row=216 | ingest_to_commit_ms=915 | manual_open_to_commit_ms=4119
[RETRY] b7c745009b2ae027caa827fb9c352bb2_.jpg | attempt=1 | err=FileNotFoundError: Resolved file disappeared: C:\Users\Felipe\Documents\WeChat Files\wxid_xd3703k0ih2p22\FileStorage\Temp\b7c745009b2ae027caa827fb9c352bb2_.jpg
[RETRY] c62956dc3999956fe66eb1f8fb1049b8_.jpg | attempt=2 | err=FileNotFoundError: Resolved file disappeared: C:\Users\Felipe\Documents\WeChat Files\wxid_xd3703k0ih2p22\FileStorage\Temp\c62956dc3999956fe66eb1f8fb1049b8_.jpg
[OK] b5d20c21ab2181a03ea028772fd5be07.dat | cliente=808 | banco=CLEEND | valor=607.2 | data=22/07/2026 09:57 | sink=staged | resolution=direct_image | verification=CONFIRMADO | manual_open_to_claim_ms=1602 | open_ms=6 | prep_ms=0 | ocr_ms=4421 | parse_ms=2 | manual_open_to_ingest_ms=6033
[SINK] committed | file_id=5d4da88551cad5d7853e72954126a0e23cceaaa4 | msg=- | talker=- | create_time=0 | sheet=Página1 | row=217 | ingest_to_commit_ms=919 | manual_open_to_commit_ms=6953
[RETRY] d1b797b7606310b791f3262249046e7c_.jpg | attempt=1 | err=FileNotFoundError: Resolved file disappeared: C:\Users\Felipe\Documents\WeChat Files\wxid_xd3703k0ih2p22\FileStorage\Temp\d1b797b7606310b791f3262249046e7c_.jpg
[OK] e38b5321cc183c2b430fe216f81fee7b.dat | cliente=808 | banco=AMD | valor=0.0 | data=21/07/2026 08:38 | sink=staged | resolution=direct_image | verification=CONFIRMADO | manual_open_to_claim_ms=1799 | open_ms=12 | prep_ms=2 | ocr_ms=4445 | parse_ms=1 | manual_open_to_ingest_ms=6265
[SINK] committed | file_id=365f4647191a92f1bf013da4b7b40427c36110e6 | msg=- | talker=- | create_time=0 | sheet=Página1 | row=218 | ingest_to_commit_ms=970 | manual_open_to_commit_ms=7235
[RETRY] da4471ff28561d7bec248232b0953cd4_.jpg | attempt=1 | err=FileNotFoundError: Resolved file disappeared: C:\Users\Felipe\Documents\WeChat Files\wxid_xd3703k0ih2p22\FileStorage\Temp\da4471ff28561d7bec248232b0953cd4_.jpg
[OK] 358f468da04d47cc96f3f12b0f25c529.dat | cliente=808 | banco=AMD | valor=4673.83 | data=21/07/2026 17:32 | sink=staged | resolution=direct_image | verification=CONFIRMADO | manual_open_to_claim_ms=2038 | open_ms=7 | prep_ms=0 | ocr_ms=3654 | parse_ms=1 | manual_open_to_ingest_ms=5704
[SINK] committed | file_id=25f39398373cb0c8be77d184c0d9fe0995f63264 | msg=- | talker=- | create_time=0 | sheet=Página1 | row=219 | ingest_to_commit_ms=905 | manual_open_to_commit_ms=6609
[RETRY] 97779b8511ad88a3e02e45b85f8fca85_.jpg | attempt=1 | err=FileNotFoundError: Resolved file disappeared: C:\Users\Felipe\Documents\WeChat Files\wxid_xd3703k0ih2p22\FileStorage\Temp\97779b8511ad88a3e02e45b85f8fca85_.jpg
[RETRY] b7c745009b2ae027caa827fb9c352bb2_.jpg | attempt=2 | err=FileNotFoundError: Resolved file disappeared: C:\Users\Felipe\Documents\WeChat Files\wxid_xd3703k0ih2p22\FileStorage\Temp\b7c745009b2ae027caa827fb9c352bb2_.jpg
[OK] d7ca8f746d8fe99ad146b2eed2560ac4.dat | cliente=808 | banco=CLEEND | valor=178.5 | data=20/07/2026 19:23 | sink=staged | resolution=direct_image | verification=CONFIRMADO | manual_open_to_claim_ms=1546 | open_ms=23 | prep_ms=34 | ocr_ms=1822 | parse_ms=1 | manual_open_to_ingest_ms=3437
[SINK] committed | file_id=92cf1781fe8c721f72f58166ce4b51a523d2859f | msg=- | talker=- | create_time=0 | sheet=Página1 | row=220 | ingest_to_commit_ms=1042 | manual_open_to_commit_ms=4478
[RETRY] 55de7773ba7f169b14775edf1e6902f7_.jpg | attempt=1 | err=FileNotFoundError: Resolved file disappeared: C:\Users\Felipe\Documents\WeChat Files\wxid_xd3703k0ih2p22\FileStorage\Temp\55de7773ba7f169b14775edf1e6902f7_.jpg
[OK] 49233994bd620631130805b73baecf3a.dat | cliente=808 | banco=CLEEND | valor=1566.0 | data=21/07/2026 14:34 | sink=staged | resolution=direct_image | verification=CONFIRMADO | manual_open_to_claim_ms=1800 | open_ms=8 | prep_ms=0 | ocr_ms=2816 | parse_ms=2 | manual_open_to_ingest_ms=4630
[SINK] committed | file_id=44470501ff1bbe322c644d6be8dc8aab0f54833e | msg=- | talker=- | create_time=0 | sheet=Página1 | row=221 | ingest_to_commit_ms=877 | manual_open_to_commit_ms=5507
[RETRY] d1b797b7606310b791f3262249046e7c_.jpg | attempt=2 | err=FileNotFoundError: Resolved file disappeared: C:\Users\Felipe\Documents\WeChat Files\wxid_xd3703k0ih2p22\FileStorage\Temp\d1b797b7606310b791f3262249046e7c_.jpg
[RETRY] ec2fbc4821f3878f335dc5bf47ac981d_.jpg | attempt=1 | err=FileNotFoundError: Resolved file disappeared: C:\Users\Felipe\Documents\WeChat Files\wxid_xd3703k0ih2p22\FileStorage\Temp\ec2fbc4821f3878f335dc5bf47ac981d_.jpg
[SCAN] reconcile complete | queued_or_refreshed=9
[OK] 706d60ecdd180608b59c7ce86db71311.dat | cliente=808 | banco=CLEEND | valor=106.72 | data=21/07/2026 15:21 | sink=staged | resolution=direct_image | verification=CONFIRMADO | manual_open_to_claim_ms=1365 | open_ms=7 | prep_ms=0 | ocr_ms=5158 | parse_ms=1 | manual_open_to_ingest_ms=6536
[SINK] committed | file_id=2ad0da72141aef2f7b323312ef1ff8d93cafbfda | msg=- | talker=- | create_time=0 | sheet=Página1 | row=222 | ingest_to_commit_ms=950 | manual_open_to_commit_ms=7486
[RETRY] da4471ff28561d7bec248232b0953cd4_.jpg | attempt=2 | err=FileNotFoundError: Resolved file disappeared: C:\Users\Felipe\Documents\WeChat Files\wxid_xd3703k0ih2p22\FileStorage\Temp\da4471ff28561d7bec248232b0953cd4_.jpg
[RETRY] 4387d5ab77e18d0506078985d6fbd98e_.jpg | attempt=1 | err=FileNotFoundError: Resolved file disappeared: C:\Users\Felipe\Documents\WeChat Files\wxid_xd3703k0ih2p22\FileStorage\Temp\4387d5ab77e18d0506078985d6fbd98e_.jpg
[OK] cea03708fda39778d006fa4908077c4f.dat | cliente=808 | banco=CLEEND | valor=121.44 | data=21/07/2026 - | sink=staged | resolution=direct_image | verification=CONFIRMADO | manual_open_to_claim_ms=1180 | open_ms=7 | prep_ms=1 | ocr_ms=1421 | parse_ms=1 | manual_open_to_ingest_ms=2614
[SINK] committed | file_id=163f3b5571bb97d22ca5bc4f1125de6c937dd24e | msg=- | talker=- | create_time=0 | sheet=Página1 | row=223 | ingest_to_commit_ms=851 | manual_open_to_commit_ms=3465
[SKIP] c62956dc3999956fe66eb1f8fb1049b8_.jpg | temp_file_disappeared_after_3_attempts
[RETRY] 97779b8511ad88a3e02e45b85f8fca85_.jpg | attempt=2 | err=FileNotFoundError: Resolved file disappeared: C:\Users\Felipe\Documents\WeChat Files\wxid_xd3703k0ih2p22\FileStorage\Temp\97779b8511ad88a3e02e45b85f8fca85_.jpg
[RETRY] 143136b66583e26617d8dcca1fe64394_.jpg | attempt=1 | err=FileNotFoundError: Resolved file disappeared: C:\Users\Felipe\Documents\WeChat Files\wxid_xd3703k0ih2p22\FileStorage\Temp\143136b66583e26617d8dcca1fe64394_.jpg
[RETRY] 55de7773ba7f169b14775edf1e6902f7_.jpg | attempt=2 | err=FileNotFoundError: Resolved file disappeared: C:\Users\Felipe\Documents\WeChat Files\wxid_xd3703k0ih2p22\FileStorage\Temp\55de7773ba7f169b14775edf1e6902f7_.jpg
[OK] e4c1a659a6fe780e7967f0849a996bdd.dat | cliente=808 | banco=CLEEND | valor=670.84 | data=21/07/2026 15:51 | sink=staged | resolution=direct_image | verification=CONFIRMADO | manual_open_to_claim_ms=1018 | open_ms=13 | prep_ms=1 | ocr_ms=2088 | parse_ms=1 | manual_open_to_ingest_ms=3127
[SINK] committed | file_id=a9e2df6e993585d559ea52ebde92a56c5262ffbc | msg=- | talker=- | create_time=0 | sheet=Página1 | row=224 | ingest_to_commit_ms=870 | manual_open_to_commit_ms=3997
[RETRY] d5e6fe91c895423eb0d4d732b7fb439f_.jpg | attempt=1 | err=FileNotFoundError: Resolved file disappeared: C:\Users\Felipe\Documents\WeChat Files\wxid_xd3703k0ih2p22\FileStorage\Temp\d5e6fe91c895423eb0d4d732b7fb439f_.jpg
[RETRY] ec2fbc4821f3878f335dc5bf47ac981d_.jpg | attempt=2 | err=FileNotFoundError: Resolved file disappeared: C:\Users\Felipe\Documents\WeChat Files\wxid_xd3703k0ih2p22\FileStorage\Temp\ec2fbc4821f3878f335dc5bf47ac981d_.jpg
[OK] 1e32b8affc938a78a9e51f4974b05fff.dat | cliente=808 | banco=CLEEND | valor=270.0 | data=21/07/2026 16:22 | sink=staged | resolution=direct_image | verification=CONFIRMADO | manual_open_to_claim_ms=1466 | open_ms=6 | prep_ms=0 | ocr_ms=3062 | parse_ms=1 | manual_open_to_ingest_ms=4541
[SINK] committed | file_id=581f47d1b7626b1cb40c287d6ea924570ab2acd9 | msg=- | talker=- | create_time=0 | sheet=Página1 | row=225 | ingest_to_commit_ms=1004 | manual_open_to_commit_ms=5545
[RETRY] b585b66230ba107ad209d8f82cccc039_.jpg | attempt=1 | err=FileNotFoundError: Resolved file disappeared: C:\Users\Felipe\Documents\WeChat Files\wxid_xd3703k0ih2p22\FileStorage\Temp\b585b66230ba107ad209d8f82cccc039_.jpg
[OK] 53899602b4250e321ba45c4100a1fc96.dat | cliente=808 | banco=CLEEND | valor=837.1 | data=21/07/2026 11:45 | sink=staged | resolution=direct_image | verification=CONFIRMADO | manual_open_to_claim_ms=1643 | open_ms=8 | prep_ms=1 | ocr_ms=3887 | parse_ms=2 | manual_open_to_ingest_ms=5544
[SINK] committed | file_id=1b0592d567f37dfcae28afbb3057bfc4627b420d | msg=- | talker=- | create_time=0 | sheet=Página1 | row=226 | ingest_to_commit_ms=919 | manual_open_to_commit_ms=6464
[SKIP] b7c745009b2ae027caa827fb9c352bb2_.jpg | temp_file_disappeared_after_3_attempts
[RETRY] 4387d5ab77e18d0506078985d6fbd98e_.jpg | attempt=2 | err=FileNotFoundError: Resolved file disappeared: C:\Users\Felipe\Documents\WeChat Files\wxid_xd3703k0ih2p22\FileStorage\Temp\4387d5ab77e18d0506078985d6fbd98e_.jpg
[RETRY] b140aeac6edf2b3835ce340954177b19_.jpg | attempt=1 | err=FileNotFoundError: Resolved file disappeared: C:\Users\Felipe\Documents\WeChat Files\wxid_xd3703k0ih2p22\FileStorage\Temp\b140aeac6edf2b3835ce340954177b19_.jpg
[RETRY] 143136b66583e26617d8dcca1fe64394_.jpg | attempt=2 | err=FileNotFoundError: Resolved file disappeared: C:\Users\Felipe\Documents\WeChat Files\wxid_xd3703k0ih2p22\FileStorage\Temp\143136b66583e26617d8dcca1fe64394_.jpg
[OK] 664cc13dcbcd86f0ba7e8aa95dbcd746.dat | cliente=808 | banco=CLEEND | valor=8700.0 | data=21/07/2026 11:38 | sink=staged | resolution=direct_image | verification=CONFIRMADO | manual_open_to_claim_ms=1557 | open_ms=6 | prep_ms=1 | ocr_ms=4065 | parse_ms=1 | manual_open_to_ingest_ms=5635
[SINK] committed | file_id=4a58724be0ba5f28fb0bc167acdee2f1dbe7bbc9 | msg=- | talker=- | create_time=0 | sheet=Página1 | row=227 | ingest_to_commit_ms=920 | manual_open_to_commit_ms=6555
[RETRY] 9d5b6fc2840a773560fb89a2191509d6_.jpg | attempt=1 | err=FileNotFoundError: Resolved file disappeared: C:\Users\Felipe\Documents\WeChat Files\wxid_xd3703k0ih2p22\FileStorage\Temp\9d5b6fc2840a773560fb89a2191509d6_.jpg
[RETRY] d5e6fe91c895423eb0d4d732b7fb439f_.jpg | attempt=2 | err=FileNotFoundError: Resolved file disappeared: C:\Users\Felipe\Documents\WeChat Files\wxid_xd3703k0ih2p22\FileStorage\Temp\d5e6fe91c895423eb0d4d732b7fb439f_.jpg
[OK] 8d2364d77cd4b40442d695d636ffdf21.dat | cliente=808 | banco=CLEEND | valor=437.85 | data=21/07/2026 14:27 | sink=staged | resolution=direct_image | verification=CONFIRMADO | manual_open_to_claim_ms=1508 | open_ms=12 | prep_ms=1 | ocr_ms=1900 | parse_ms=1 | manual_open_to_ingest_ms=3430
[SINK] committed | file_id=a4fddd3c91610bfe8dd8e4515f602e9489bc7803 | msg=- | talker=- | create_time=0 | sheet=Página1 | row=228 | ingest_to_commit_ms=929 | manual_open_to_commit_ms=4358
[SKIP] d1b797b7606310b791f3262249046e7c_.jpg | temp_file_disappeared_after_3_attempts
[RETRY] 2b3b90585f1da4523d0ad5ff4d70141c_.jpg | attempt=1 | err=FileNotFoundError: Resolved file disappeared: C:\Users\Felipe\Documents\WeChat Files\wxid_xd3703k0ih2p22\FileStorage\Temp\2b3b90585f1da4523d0ad5ff4d70141c_.jpg
[RETRY] b585b66230ba107ad209d8f82cccc039_.jpg | attempt=2 | err=FileNotFoundError: Resolved file disappeared: C:\Users\Felipe\Documents\WeChat Files\wxid_xd3703k0ih2p22\FileStorage\Temp\b585b66230ba107ad209d8f82cccc039_.jpg
[OK] a4231848c67b170c5ae94ff99ab08c00.dat | cliente=808 | banco=AMD | valor=2000.0 | data=10/07/2026 15:29 | sink=staged | resolution=direct_image | verification=CONFIRMADO | manual_open_to_claim_ms=1802 | open_ms=8 | prep_ms=1 | ocr_ms=1719 | parse_ms=1 | manual_open_to_ingest_ms=3534
[SINK] committed | file_id=ab18aecdf4fab5ed1f98afc88f3225a039a9044f | msg=- | talker=- | create_time=0 | sheet=Página1 | row=229 | ingest_to_commit_ms=5381 | manual_open_to_commit_ms=8915
[SKIP] da4471ff28561d7bec248232b0953cd4_.jpg | temp_file_disappeared_after_3_attempts
[RETRY] 8561a4ea26e1811c208dec3295d26959_.jpg | attempt=1 | err=FileNotFoundError: Resolved file disappeared: C:\Users\Felipe\Documents\WeChat Files\wxid_xd3703k0ih2p22\FileStorage\Temp\8561a4ea26e1811c208dec3295d26959_.jpg
[OK] 0d6922d320207f9ba3145017043ed7ce.dat | cliente=808 | banco=AMD | valor=2000.0 | data=13/07/2026 14:42 | sink=staged | resolution=direct_image | verification=CONFIRMADO | manual_open_to_claim_ms=1390 | open_ms=8 | prep_ms=1 | ocr_ms=1166 | parse_ms=1 | manual_open_to_ingest_ms=2569
[SINK] committed | file_id=74dde4d2723ba91390d36601bc3d7a7bfec6f2f8 | msg=- | talker=- | create_time=0 | sheet=Página1 | row=230 | ingest_to_commit_ms=827 | manual_open_to_commit_ms=3396
[SKIP] 97779b8511ad88a3e02e45b85f8fca85_.jpg | temp_file_disappeared_after_3_attempts
[RETRY] b140aeac6edf2b3835ce340954177b19_.jpg | attempt=2 | err=FileNotFoundError: Resolved file disappeared: C:\Users\Felipe\Documents\WeChat Files\wxid_xd3703k0ih2p22\FileStorage\Temp\b140aeac6edf2b3835ce340954177b19_.jpg
[RETRY] e85dfe5d58e1b4fd0592176bd98dcf91_.jpg | attempt=1 | err=FileNotFoundError: Resolved file disappeared: C:\Users\Felipe\Documents\WeChat Files\wxid_xd3703k0ih2p22\FileStorage\Temp\e85dfe5d58e1b4fd0592176bd98dcf91_.jpg
[SKIP] 55de7773ba7f169b14775edf1e6902f7_.jpg | temp_file_disappeared_after_3_attempts
[RETRY] 9d5b6fc2840a773560fb89a2191509d6_.jpg | attempt=2 | err=FileNotFoundError: Resolved file disappeared: C:\Users\Felipe\Documents\WeChat Files\wxid_xd3703k0ih2p22\FileStorage\Temp\9d5b6fc2840a773560fb89a2191509d6_.jpg
[OK] 7653467a7bf927523d1be22845867d3a.dat | cliente=808 | banco=AMD | valor=1152.0 | data=14/07/2026 12:26 | sink=staged | resolution=direct_image | verification=CONFIRMADO | manual_open_to_claim_ms=2186 | open_ms=8 | prep_ms=1 | ocr_ms=1168 | parse_ms=1 | manual_open_to_ingest_ms=3367
[SINK] committed | file_id=1069ee29f66e934c520ee0de245ca89c97e60ecc | msg=- | talker=- | create_time=0 | sheet=Página1 | row=231 | ingest_to_commit_ms=1059 | manual_open_to_commit_ms=4426
[RETRY] 7d163b1f792466ea0eab7c255563fe06_.jpg | attempt=1 | err=FileNotFoundError: Resolved file disappeared: C:\Users\Felipe\Documents\WeChat Files\wxid_xd3703k0ih2p22\FileStorage\Temp\7d163b1f792466ea0eab7c255563fe06_.jpg
[SCAN] reconcile complete | queued_or_refreshed=17
[OK] 113a2d4dbffbbeafded30bbf04ec1d3b.dat | cliente=808 | banco=AMD | valor=2000.0 | data=08/07/2026 19:19 | sink=staged | resolution=direct_image | verification=CONFIRMADO | manual_open_to_claim_ms=1274 | open_ms=9 | prep_ms=1 | ocr_ms=1210 | parse_ms=1 | manual_open_to_ingest_ms=2499
[SINK] committed | file_id=1c62d3b10b2b765cfd00551f668b7bc09fabf349 | msg=- | talker=- | create_time=0 | sheet=Página1 | row=232 | ingest_to_commit_ms=863 | manual_open_to_commit_ms=3362
[SKIP] ec2fbc4821f3878f335dc5bf47ac981d_.jpg | temp_file_disappeared_after_3_attempts
[RETRY] 2b3b90585f1da4523d0ad5ff4d70141c_.jpg | attempt=2 | err=FileNotFoundError: Resolved file disappeared: C:\Users\Felipe\Documents\WeChat Files\wxid_xd3703k0ih2p22\FileStorage\Temp\2b3b90585f1da4523d0ad5ff4d70141c_.jpg
[RETRY] 852b87a4cb8496e5346d086ba95f7d99_.jpg | attempt=1 | err=FileNotFoundError: Resolved file disappeared: C:\Users\Felipe\Documents\WeChat Files\wxid_xd3703k0ih2p22\FileStorage\Temp\852b87a4cb8496e5346d086ba95f7d99_.jpg
[OK] afcc88a91a4bd6d8bf219c8ad29a2062.dat | cliente=808 | banco=AMD | valor=27131.72 | data=22/07/2026 11:19 | sink=staged | resolution=direct_image | verification=CONFIRMADO | manual_open_to_claim_ms=2086 | open_ms=8 | prep_ms=1 | ocr_ms=2702 | parse_ms=1 | manual_open_to_ingest_ms=4802
[SINK] committed | file_id=c5898c097804be23827524bbe4a0479192697572 | msg=- | talker=- | create_time=0 | sheet=Página1 | row=233 | ingest_to_commit_ms=1029 | manual_open_to_commit_ms=5832
[SKIP] 4387d5ab77e18d0506078985d6fbd98e_.jpg | temp_file_disappeared_after_3_attempts
[SKIP] 143136b66583e26617d8dcca1fe64394_.jpg | temp_file_disappeared_after_3_attempts
[RETRY] 8561a4ea26e1811c208dec3295d26959_.jpg | attempt=2 | err=FileNotFoundError: Resolved file disappeared: C:\Users\Felipe\Documents\WeChat Files\wxid_xd3703k0ih2p22\FileStorage\Temp\8561a4ea26e1811c208dec3295d26959_.jpg
[RETRY] bbceec65ab5b54acca65a087461eb450_.jpg | attempt=1 | err=FileNotFoundError: Resolved file disappeared: C:\Users\Felipe\Documents\WeChat Files\wxid_xd3703k0ih2p22\FileStorage\Temp\bbceec65ab5b54acca65a087461eb450_.jpg
[RETRY] e85dfe5d58e1b4fd0592176bd98dcf91_.jpg | attempt=2 | err=FileNotFoundError: Resolved file disappeared: C:\Users\Felipe\Documents\WeChat Files\wxid_xd3703k0ih2p22\FileStorage\Temp\e85dfe5d58e1b4fd0592176bd98dcf91_.jpg
[OK] a302f62e124bc1a93ce7c0611b9dfdb8.dat | cliente=808 | banco=CLEEND | valor=60.72 | data=21/07/2026 - | sink=staged | resolution=direct_image | verification=CONFIRMADO | manual_open_to_claim_ms=2153 | open_ms=33 | prep_ms=1 | ocr_ms=2153 | parse_ms=1 | manual_open_to_ingest_ms=4348
[SINK] committed | file_id=4e09e7ff4ed3b320a5258789356effcd541a4b02 | msg=- | talker=- | create_time=0 | sheet=Página1 | row=234 | ingest_to_commit_ms=849 | manual_open_to_commit_ms=5198
[SKIP] d5e6fe91c895423eb0d4d732b7fb439f_.jpg | temp_file_disappeared_after_3_attempts
[RETRY] f2ff6dd82585b29cb4c3e353db4949f3_.jpg | attempt=1 | err=FileNotFoundError: Resolved file disappeared: C:\Users\Felipe\Documents\WeChat Files\wxid_xd3703k0ih2p22\FileStorage\Temp\f2ff6dd82585b29cb4c3e353db4949f3_.jpg
[RETRY] 7d163b1f792466ea0eab7c255563fe06_.jpg | attempt=2 | err=FileNotFoundError: Resolved file disappeared: C:\Users\Felipe\Documents\WeChat Files\wxid_xd3703k0ih2p22\FileStorage\Temp\7d163b1f792466ea0eab7c255563fe06_.jpg
[OK] ee9383afbd7d8637dfc8c31651a5d30f.dat | cliente=808 | banco=CLEEND | valor=60.72 | data=21/07/2026 16:58 | sink=staged | resolution=direct_image | verification=CONFIRMADO | manual_open_to_claim_ms=1466 | open_ms=16 | prep_ms=1 | ocr_ms=4648 | parse_ms=2 | manual_open_to_ingest_ms=6139
[SINK] committed | file_id=8bd15fa9e1f8baaf532daf448c494a54e8aa7753 | msg=- | talker=- | create_time=0 | sheet=Página1 | row=235 | ingest_to_commit_ms=871 | manual_open_to_commit_ms=7010
[SKIP] b585b66230ba107ad209d8f82cccc039_.jpg | temp_file_disappeared_after_3_attempts
[RETRY] 852b87a4cb8496e5346d086ba95f7d99_.jpg | attempt=2 | err=FileNotFoundError: Resolved file disappeared: C:\Users\Felipe\Documents\WeChat Files\wxid_xd3703k0ih2p22\FileStorage\Temp\852b87a4cb8496e5346d086ba95f7d99_.jpg
[RETRY] d48767143221f42da5170ee48c940de7_.jpg | attempt=1 | err=FileNotFoundError: Resolved file disappeared: C:\Users\Felipe\Documents\WeChat Files\wxid_xd3703k0ih2p22\FileStorage\Temp\d48767143221f42da5170ee48c940de7_.jpg
[OK] 30afdf7dd8a06d9d91ed108d90f7e6f9.dat | cliente=808 | banco=CLEEND | valor=238.84 | data=21/07/2026 16:52 | sink=staged | resolution=direct_image | verification=CONFIRMADO | manual_open_to_claim_ms=1981 | open_ms=19 | prep_ms=1 | ocr_ms=3123 | parse_ms=1 | manual_open_to_ingest_ms=5132
[SINK] committed | file_id=500223c022ca417650f93642640fc3d8d1dfd058 | msg=- | talker=- | create_time=0 | sheet=Página1 | row=236 | ingest_to_commit_ms=930 | manual_open_to_commit_ms=6062
[RETRY] 2e3abd3182d335c9437499b2b59bc77d_.jpg | attempt=1 | err=FileNotFoundError: Resolved file disappeared: C:\Users\Felipe\Documents\WeChat Files\wxid_xd3703k0ih2p22\FileStorage\Temp\2e3abd3182d335c9437499b2b59bc77d_.jpg
[SKIP] b140aeac6edf2b3835ce340954177b19_.jpg | temp_file_disappeared_after_3_attempts
[RETRY] bbceec65ab5b54acca65a087461eb450_.jpg | attempt=2 | err=FileNotFoundError: Resolved file disappeared: C:\Users\Felipe\Documents\WeChat Files\wxid_xd3703k0ih2p22\FileStorage\Temp\bbceec65ab5b54acca65a087461eb450_.jpg
[OK] 189ff0f5dba32c7b9b69461c0e29a5f0.dat | cliente=808 | banco=AMD | valor=6455.64 | data=16/07/2026 17:02 | sink=staged | resolution=direct_image | verification=CONFIRMADO | manual_open_to_claim_ms=1019 | open_ms=16 | prep_ms=2 | ocr_ms=2926 | parse_ms=2 | manual_open_to_ingest_ms=3973
[SINK] committed | file_id=ec07ed02a60e1c601247454012a5d1d6cba843d3 | msg=- | talker=- | create_time=0 | sheet=Página1 | row=237 | ingest_to_commit_ms=852 | manual_open_to_commit_ms=4825
[RETRY] 530d31b481160b66fbda7be4eb0b57f6_.jpg | attempt=1 | err=FileNotFoundError: Resolved file disappeared: C:\Users\Felipe\Documents\WeChat Files\wxid_xd3703k0ih2p22\FileStorage\Temp\530d31b481160b66fbda7be4eb0b57f6_.jpg
[SKIP] 9d5b6fc2840a773560fb89a2191509d6_.jpg | temp_file_disappeared_after_3_attempts
[RETRY] f2ff6dd82585b29cb4c3e353db4949f3_.jpg | attempt=2 | err=FileNotFoundError: Resolved file disappeared: C:\Users\Felipe\Documents\WeChat Files\wxid_xd3703k0ih2p22\FileStorage\Temp\f2ff6dd82585b29cb4c3e353db4949f3_.jpg
[OK] e2a6f0ca443705fd5653648b3eec2dc9.dat | cliente=808 | banco=AMD | valor=2814.0 | data=17/07/2026 13:00 | sink=staged | resolution=direct_image | verification=CONFIRMADO | manual_open_to_claim_ms=1036 | open_ms=8 | prep_ms=0 | ocr_ms=4010 | parse_ms=2 | manual_open_to_ingest_ms=5061
[SINK] committed | file_id=ce332aef6b5bc0e0a42e355aa5d18cf2a4852bd4 | msg=- | talker=- | create_time=0 | sheet=Página1 | row=238 | ingest_to_commit_ms=948 | manual_open_to_commit_ms=6009
[RETRY] c1bc965cace586fb279ce909de0086ae_.jpg | attempt=1 | err=FileNotFoundError: Resolved file disappeared: C:\Users\Felipe\Documents\WeChat Files\wxid_xd3703k0ih2p22\FileStorage\Temp\c1bc965cace586fb279ce909de0086ae_.jpg
[SKIP] 2b3b90585f1da4523d0ad5ff4d70141c_.jpg | temp_file_disappeared_after_3_attempts
[OK] e2043c395784fdfc3dba62e9f921db92.dat | cliente=808 | banco=AMD | valor=697.6 | data=21/07/2026 09:10 | sink=staged | resolution=direct_image | verification=CONFIRMADO | manual_open_to_claim_ms=2090 | open_ms=5 | prep_ms=0 | ocr_ms=2434 | parse_ms=2 | manual_open_to_ingest_ms=4535
[SINK] committed | file_id=59f3ce59a808a421c29e5118816b66c722d03d93 | msg=- | talker=- | create_time=0 | sheet=Página1 | row=239 | ingest_to_commit_ms=871 | manual_open_to_commit_ms=5406
[RETRY] d48767143221f42da5170ee48c940de7_.jpg | attempt=2 | err=FileNotFoundError: Resolved file disappeared: C:\Users\Felipe\Documents\WeChat Files\wxid_xd3703k0ih2p22\FileStorage\Temp\d48767143221f42da5170ee48c940de7_.jpg
[RETRY] 9461f8a93677bcccda06051c0aff0594_.jpg | attempt=1 | err=FileNotFoundError: Resolved file disappeared: C:\Users\Felipe\Documents\WeChat Files\wxid_xd3703k0ih2p22\FileStorage\Temp\9461f8a93677bcccda06051c0aff0594_.jpg
[RETRY] 2e3abd3182d335c9437499b2b59bc77d_.jpg | attempt=2 | err=FileNotFoundError: Resolved file disappeared: C:\Users\Felipe\Documents\WeChat Files\wxid_xd3703k0ih2p22\FileStorage\Temp\2e3abd3182d335c9437499b2b59bc77d_.jpg
[OK] 59436d0f33e1dd763e816b1573b017a4.dat | cliente=808 | banco=AMD | valor=923.4 | data=16/07/2026 10:21 | sink=staged | resolution=direct_image | verification=CONFIRMADO | manual_open_to_claim_ms=1770 | open_ms=6 | prep_ms=0 | ocr_ms=3865 | parse_ms=3 | manual_open_to_ingest_ms=5649
[SINK] committed | file_id=1d880a2c521637c763b6ed5912c1c22deef740bc | msg=- | talker=- | create_time=0 | sheet=Página1 | row=240 | ingest_to_commit_ms=875 | manual_open_to_commit_ms=6524
[SKIP] 8561a4ea26e1811c208dec3295d26959_.jpg | temp_file_disappeared_after_3_attempts
[SKIP] e85dfe5d58e1b4fd0592176bd98dcf91_.jpg | temp_file_disappeared_after_3_attempts
[RETRY] e6265b43f38c605fca41212df43a1c7a_.jpg | attempt=1 | err=FileNotFoundError: Resolved file disappeared: C:\Users\Felipe\Documents\WeChat Files\wxid_xd3703k0ih2p22\FileStorage\Temp\e6265b43f38c605fca41212df43a1c7a_.jpg
[RETRY] 530d31b481160b66fbda7be4eb0b57f6_.jpg | attempt=2 | err=FileNotFoundError: Resolved file disappeared: C:\Users\Felipe\Documents\WeChat Files\wxid_xd3703k0ih2p22\FileStorage\Temp\530d31b481160b66fbda7be4eb0b57f6_.jpg
[OK] cd72e98bfb80b443c1a7441aa0eb2e1b.dat | cliente=808 | banco=AMD | valor=3122.4 | data=21/07/2026 08:43 | sink=staged | resolution=direct_image | verification=CONFIRMADO | manual_open_to_claim_ms=1628 | open_ms=6 | prep_ms=0 | ocr_ms=3094 | parse_ms=1 | manual_open_to_ingest_ms=4733
[SINK] committed | file_id=fbfdb73ff250a6e142a4137dc4b663a21784117a | msg=- | talker=- | create_time=0 | sheet=Página1 | row=241 | ingest_to_commit_ms=855 | manual_open_to_commit_ms=5588
[SKIP] 7d163b1f792466ea0eab7c255563fe06_.jpg | temp_file_disappeared_after_3_attempts
[RETRY] 4fd8672fee757cef2f63b5db8e93dc88_.jpg | attempt=1 | err=FileNotFoundError: Resolved file disappeared: C:\Users\Felipe\Documents\WeChat Files\wxid_xd3703k0ih2p22\FileStorage\Temp\4fd8672fee757cef2f63b5db8e93dc88_.jpg
[SCAN] reconcile complete | queued_or_refreshed=18
[OK] cf617c0929defcaf9e93229c7857fae9.dat | cliente=808 | banco=CLEEND | valor=2255.04 | data=22/07/2026 10:42 | sink=staged | resolution=direct_image | verification=CONFIRMADO | manual_open_to_claim_ms=4731 | open_ms=8 | prep_ms=0 | ocr_ms=3643 | parse_ms=2 | manual_open_to_ingest_ms=8389
[SINK] committed | file_id=d39cf71ead487b8d270fceda86f7e37825b4e1d7 | msg=- | talker=- | create_time=0 | sheet=Página1 | row=242 | ingest_to_commit_ms=849 | manual_open_to_commit_ms=9238
[SKIP] 852b87a4cb8496e5346d086ba95f7d99_.jpg | temp_file_disappeared_after_3_attempts
[RETRY] c1bc965cace586fb279ce909de0086ae_.jpg | attempt=2 | err=FileNotFoundError: Resolved file disappeared: C:\Users\Felipe\Documents\WeChat Files\wxid_xd3703k0ih2p22\FileStorage\Temp\c1bc965cace586fb279ce909de0086ae_.jpg
[RETRY] 9461f8a93677bcccda06051c0aff0594_.jpg | attempt=2 | err=FileNotFoundError: Resolved file disappeared: C:\Users\Felipe\Documents\WeChat Files\wxid_xd3703k0ih2p22\FileStorage\Temp\9461f8a93677bcccda06051c0aff0594_.jpg
[RETRY] 52eaea7c23d531ce1bde7b627229706e_.jpg | attempt=1 | err=FileNotFoundError: Resolved file disappeared: C:\Users\Felipe\Documents\WeChat Files\wxid_xd3703k0ih2p22\FileStorage\Temp\52eaea7c23d531ce1bde7b627229706e_.jpg
[OK] 468122700b4ebc121added283466355c.dat | cliente=808 | banco=CLEEND | valor=798.28 | data=16/07/2026 15:08 | sink=staged | resolution=direct_image | verification=CONFIRMADO | manual_open_to_claim_ms=1849 | open_ms=15 | prep_ms=1 | ocr_ms=4136 | parse_ms=1 | manual_open_to_ingest_ms=6009
[SINK] committed | file_id=224d6a56683b2102ae8c1c66f83930a6b3103ffd | msg=- | talker=- | create_time=0 | sheet=Página1 | row=243 | ingest_to_commit_ms=855 | manual_open_to_commit_ms=6864
[RETRY] a089c44bcf90043abe12a1280936a740_.jpg | attempt=1 | err=FileNotFoundError: Resolved file disappeared: C:\Users\Felipe\Documents\WeChat Files\wxid_xd3703k0ih2p22\FileStorage\Temp\a089c44bcf90043abe12a1280936a740_.jpg
[SKIP] bbceec65ab5b54acca65a087461eb450_.jpg | temp_file_disappeared_after_3_attempts
[OK] a71a7eab64fb21b4a7bf43decd1c50fb.dat | cliente=808 | banco=AMD | valor=2184.0 | data=22/07/2026 10:08 | sink=staged | resolution=direct_image | verification=CONFIRMADO | manual_open_to_claim_ms=1765 | open_ms=12 | prep_ms=1 | ocr_ms=3622 | parse_ms=1 | manual_open_to_ingest_ms=5406
[SINK] committed | file_id=7e6d679acb9c2b60f20777edc8569823575504c2 | msg=- | talker=- | create_time=0 | sheet=Página1 | row=244 | ingest_to_commit_ms=832 | manual_open_to_commit_ms=6238
[SKIP] f2ff6dd82585b29cb4c3e353db4949f3_.jpg | temp_file_disappeared_after_3_attempts
[RETRY] e6265b43f38c605fca41212df43a1c7a_.jpg | attempt=2 | err=FileNotFoundError: Resolved file disappeared: C:\Users\Felipe\Documents\WeChat Files\wxid_xd3703k0ih2p22\FileStorage\Temp\e6265b43f38c605fca41212df43a1c7a_.jpg
[RETRY] 683b7e035612f3d771f4d9c3aed1a4b6_.jpg | attempt=1 | err=FileNotFoundError: Resolved file disappeared: C:\Users\Felipe\Documents\WeChat Files\wxid_xd3703k0ih2p22\FileStorage\Temp\683b7e035612f3d771f4d9c3aed1a4b6_.jpg
[RETRY] 4fd8672fee757cef2f63b5db8e93dc88_.jpg | attempt=2 | err=FileNotFoundError: Resolved file disappeared: C:\Users\Felipe\Documents\WeChat Files\wxid_xd3703k0ih2p22\FileStorage\Temp\4fd8672fee757cef2f63b5db8e93dc88_.jpg
[OK] 442eb2a07ada7a15de50419c4a52bc03.dat | cliente=808 | banco=CLEEND | valor=162.0 | data=21/07/2026 15:15 | sink=staged | resolution=direct_image | verification=CONFIRMADO | manual_open_to_claim_ms=1169 | open_ms=6 | prep_ms=0 | ocr_ms=2524 | parse_ms=2 | manual_open_to_ingest_ms=3706
[SINK] committed | file_id=0866110eeaf27aba4fc3c940376c0a211881bbeb | msg=- | talker=- | create_time=0 | sheet=Página1 | row=245 | ingest_to_commit_ms=913 | manual_open_to_commit_ms=4619
[RETRY] 7fdce9313460cab5beaeddc30c636f61_.jpg | attempt=1 | err=FileNotFoundError: Resolved file disappeared: C:\Users\Felipe\Documents\WeChat Files\wxid_xd3703k0ih2p22\FileStorage\Temp\7fdce9313460cab5beaeddc30c636f61_.jpg
[OK] 2d36bdda782f44139d1774049417c229.dat | cliente=808 | banco=CLEEND | valor=1104.0 | data=14/07/2026 14:00 | sink=staged | resolution=direct_image | verification=CONFIRMADO | manual_open_to_claim_ms=2027 | open_ms=8 | prep_ms=1 | ocr_ms=2393 | parse_ms=1 | manual_open_to_ingest_ms=4433
[SINK] committed | file_id=e13a12dcadb0ec081fcb77404e849d3968f4cbbe | msg=- | talker=- | create_time=0 | sheet=Página1 | row=246 | ingest_to_commit_ms=942 | manual_open_to_commit_ms=5375
[SKIP] d48767143221f42da5170ee48c940de7_.jpg | temp_file_disappeared_after_3_attempts
[RETRY] 52eaea7c23d531ce1bde7b627229706e_.jpg | attempt=2 | err=FileNotFoundError: Resolved file disappeared: C:\Users\Felipe\Documents\WeChat Files\wxid_xd3703k0ih2p22\FileStorage\Temp\52eaea7c23d531ce1bde7b627229706e_.jpg
[RETRY] 4e56a21c8e3d2e331aa49c3f8ae021a9_.jpg | attempt=1 | err=FileNotFoundError: Resolved file disappeared: C:\Users\Felipe\Documents\WeChat Files\wxid_xd3703k0ih2p22\FileStorage\Temp\4e56a21c8e3d2e331aa49c3f8ae021a9_.jpg
[SKIP] 2e3abd3182d335c9437499b2b59bc77d_.jpg | temp_file_disappeared_after_3_attempts
[OK] cb74cbfbebdb62bc6fde0ea5161c5b00.dat | cliente=808 | banco=CLEEND | valor=400.0 | data=22/07/2026 11:46 | sink=staged | resolution=direct_image | verification=CONFIRMADO | manual_open_to_claim_ms=1670 | open_ms=7 | prep_ms=0 | ocr_ms=2236 | parse_ms=1 | manual_open_to_ingest_ms=3921
[SINK] committed | file_id=cf497d0f82368aee57f80ed6777b9bd5ffe17fb9 | msg=- | talker=- | create_time=0 | sheet=Página1 | row=247 | ingest_to_commit_ms=817 | manual_open_to_commit_ms=4738
[RETRY] a089c44bcf90043abe12a1280936a740_.jpg | attempt=2 | err=FileNotFoundError: Resolved file disappeared: C:\Users\Felipe\Documents\WeChat Files\wxid_xd3703k0ih2p22\FileStorage\Temp\a089c44bcf90043abe12a1280936a740_.jpg
[RETRY] 99cb1d98c6738c7c00bc2edf1fd48415_.jpg | attempt=1 | err=FileNotFoundError: Resolved file disappeared: C:\Users\Felipe\Documents\WeChat Files\wxid_xd3703k0ih2p22\FileStorage\Temp\99cb1d98c6738c7c00bc2edf1fd48415_.jpg
[SKIP] 530d31b481160b66fbda7be4eb0b57f6_.jpg | temp_file_disappeared_after_3_attempts
[RETRY] 683b7e035612f3d771f4d9c3aed1a4b6_.jpg | attempt=2 | err=FileNotFoundError: Resolved file disappeared: C:\Users\Felipe\Documents\WeChat Files\wxid_xd3703k0ih2p22\FileStorage\Temp\683b7e035612f3d771f4d9c3aed1a4b6_.jpg
[OK] 480f894b40f2c5761988b8ded70b3512.dat | cliente=808 | banco=CLEEND | valor=720.0 | data=22/07/2026 15:24 | sink=staged | resolution=direct_image | verification=CONFIRMADO | manual_open_to_claim_ms=2243 | open_ms=6 | prep_ms=0 | ocr_ms=1612 | parse_ms=1 | manual_open_to_ingest_ms=3865
[SINK] committed | file_id=984cc896eee5a0591262835a9933b4968459a9b8 | msg=- | talker=- | create_time=0 | sheet=Página1 | row=248 | ingest_to_commit_ms=883 | manual_open_to_commit_ms=4748
[RETRY] 095c25bef5b241aa7d68f487981fc528_.jpg | attempt=1 | err=FileNotFoundError: Resolved file disappeared: C:\Users\Felipe\Documents\WeChat Files\wxid_xd3703k0ih2p22\FileStorage\Temp\095c25bef5b241aa7d68f487981fc528_.jpg
[RETRY] 7fdce9313460cab5beaeddc30c636f61_.jpg | attempt=2 | err=FileNotFoundError: Resolved file disappeared: C:\Users\Felipe\Documents\WeChat Files\wxid_xd3703k0ih2p22\FileStorage\Temp\7fdce9313460cab5beaeddc30c636f61_.jpg
[OK] 18c97d18626fd0e2214b796f84aefea9.dat | cliente=808 | banco=AMD | valor=726.6 | data=22/07/2026 12:53 | sink=staged | resolution=direct_image | verification=CONFIRMADO | manual_open_to_claim_ms=2104 | open_ms=10 | prep_ms=1 | ocr_ms=2108 | parse_ms=1 | manual_open_to_ingest_ms=4229
[SINK] committed | file_id=fc5845f437becb44e2df98469dbdc9e234bd340f | msg=- | talker=- | create_time=0 | sheet=Página1 | row=249 | ingest_to_commit_ms=1310 | manual_open_to_commit_ms=5538
[RETRY] 611b41b1d81a81ad510b8d410c7f847b_.jpg | attempt=1 | err=FileNotFoundError: Resolved file disappeared: C:\Users\Felipe\Documents\WeChat Files\wxid_xd3703k0ih2p22\FileStorage\Temp\611b41b1d81a81ad510b8d410c7f847b_.jpg
[SKIP] c1bc965cace586fb279ce909de0086ae_.jpg | temp_file_disappeared_after_3_attempts
[SKIP] 9461f8a93677bcccda06051c0aff0594_.jpg | temp_file_disappeared_after_3_attempts
[RETRY] 4e56a21c8e3d2e331aa49c3f8ae021a9_.jpg | attempt=2 | err=FileNotFoundError: Resolved file disappeared: C:\Users\Felipe\Documents\WeChat Files\wxid_xd3703k0ih2p22\FileStorage\Temp\4e56a21c8e3d2e331aa49c3f8ae021a9_.jpg
[RETRY] 99cb1d98c6738c7c00bc2edf1fd48415_.jpg | attempt=2 | err=FileNotFoundError: Resolved file disappeared: C:\Users\Felipe\Documents\WeChat Files\wxid_xd3703k0ih2p22\FileStorage\Temp\99cb1d98c6738c7c00bc2edf1fd48415_.jpg
[SKIP] e6265b43f38c605fca41212df43a1c7a_.jpg | temp_file_disappeared_after_3_attempts
[SKIP] 4fd8672fee757cef2f63b5db8e93dc88_.jpg | temp_file_disappeared_after_3_attempts
[RETRY] 095c25bef5b241aa7d68f487981fc528_.jpg | attempt=2 | err=FileNotFoundError: Resolved file disappeared: C:\Users\Felipe\Documents\WeChat Files\wxid_xd3703k0ih2p22\FileStorage\Temp\095c25bef5b241aa7d68f487981fc528_.jpg
[SCAN] reconcile complete | queued_or_refreshed=14
[RETRY] 611b41b1d81a81ad510b8d410c7f847b_.jpg | attempt=2 | err=FileNotFoundError: Resolved file disappeared: C:\Users\Felipe\Documents\WeChat Files\wxid_xd3703k0ih2p22\FileStorage\Temp\611b41b1d81a81ad510b8d410c7f847b_.jpg
[SKIP] 52eaea7c23d531ce1bde7b627229706e_.jpg | temp_file_disappeared_after_3_attempts
[SKIP] a089c44bcf90043abe12a1280936a740_.jpg | temp_file_disappeared_after_3_attempts
[SKIP] 683b7e035612f3d771f4d9c3aed1a4b6_.jpg | temp_file_disappeared_after_3_attempts
[SKIP] 7fdce9313460cab5beaeddc30c636f61_.jpg | temp_file_disappeared_after_3_attempts
[SKIP] 4e56a21c8e3d2e331aa49c3f8ae021a9_.jpg | temp_file_disappeared_after_3_attempts
[SKIP] 99cb1d98c6738c7c00bc2edf1fd48415_.jpg | temp_file_disappeared_after_3_attempts
[SKIP] 095c25bef5b241aa7d68f487981fc528_.jpg | temp_file_disappeared_after_3_attempts
[SKIP] 611b41b1d81a81ad510b8d410c7f847b_.jpg | temp_file_disappeared_after_3_attempts
[OK] 9b2cb9ada5317ae69492285c04527706.dat | cliente=58 | banco=AMD | valor=4268.0 | data=22/07/2026 15:51 | sink=staged | resolution=direct_image | verification=CONFIRMADO | manual_open_to_claim_ms=1739 | open_ms=4 | prep_ms=0 | ocr_ms=3122 | parse_ms=2 | manual_open_to_ingest_ms=4872
[SINK] committed | file_id=f8a49bf3089022b5b0ea350a4b561f41e1bcd0bb | msg=- | talker=- | create_time=0 | sheet=Página1 | row=250 | ingest_to_commit_ms=888 | manual_open_to_commit_ms=5760
[HOLD] 72f5203e1d2e8d89254078e9c367434f_.jpg | waiting_temp_context
[OK] 74eb8b32b258a8b14f6350e52347d997.dat | cliente=60 | banco=CLEEND | valor=14559.0 | data=22/07/2026 14:30 | sink=staged | resolution=direct_image | verification=CONFIRMADO | manual_open_to_claim_ms=1779 | open_ms=8 | prep_ms=0 | ocr_ms=1461 | parse_ms=1 | manual_open_to_ingest_ms=3251
[SINK] committed | file_id=25b6680b5dd1e0f50bbe3ecda13224f1a2ac2111 | msg=- | talker=- | create_time=0 | sheet=Página1 | row=251 | ingest_to_commit_ms=826 | manual_open_to_commit_ms=4077
[SKIP] 72f5203e1d2e8d89254078e9c367434f_.jpg | temp_without_unique_context
[HOLD] 34e76cc5a4a1d2afd498ae3063a05e36_.jpg | waiting_temp_context
[OK] 6af18eecc10af5764ea8c1e9a8b67dc1.dat | cliente=116A | banco=AMD | valor=7026.0 | data=22/07/2026 15:50 | sink=staged | resolution=direct_image | verification=CONFIRMADO | manual_open_to_claim_ms=1635 | open_ms=7 | prep_ms=1 | ocr_ms=1662 | parse_ms=1 | manual_open_to_ingest_ms=3310
[SINK] committed | file_id=d1cd58ef03706042fbadb5556d0dd7b57151277d | msg=- | talker=- | create_time=0 | sheet=Página1 | row=252 | ingest_to_commit_ms=858 | manual_open_to_commit_ms=4168
[OK] dbc7cfa2071c8fd51463daf8ed8ab3de.dat | cliente=116A | banco=AMD | valor=8690.0 | data=22/07/2026 16:02 | sink=staged | resolution=direct_image | verification=CONFIRMADO | manual_open_to_claim_ms=3704 | open_ms=14 | prep_ms=0 | ocr_ms=993 | parse_ms=1 | manual_open_to_ingest_ms=4716
[SINK] committed | file_id=3d441f3c7c20f9bccbe3377038684d9008ac8517 | msg=- | talker=- | create_time=0 | sheet=Página1 | row=253 | ingest_to_commit_ms=805 | manual_open_to_commit_ms=5521
[SKIP] 34e76cc5a4a1d2afd498ae3063a05e36_.jpg | temp_without_unique_context
[HOLD] 6223ec5db718450242805372b6fd0cd2_.jpg | waiting_temp_context
[HOLD] f02feec3d41243441ba586afad64386c_.jpg | waiting_temp_context
[SCAN] reconcile complete | queued_or_refreshed=12
[SKIP] 6223ec5db718450242805372b6fd0cd2_.jpg | temp_without_unique_context
[SKIP] f02feec3d41243441ba586afad64386c_.jpg | temp_without_unique_context
[OK] 4684b3f794fa8dc0bb2060b5615a9d3c.dat | cliente=16 | banco=AMD | valor=500.0 | data=22/07/2026 11:11 | sink=staged | resolution=direct_image | verification=CONFIRMADO | manual_open_to_claim_ms=1992 | open_ms=14 | prep_ms=29 | ocr_ms=1165 | parse_ms=1 | manual_open_to_ingest_ms=3208
[SINK] committed | file_id=19ff34d7ad20e9c0210c5a8febcd1504a4f19585 | msg=- | talker=- | create_time=0 | sheet=Página1 | row=253 | ingest_to_commit_ms=885 | manual_open_to_commit_ms=4093
[OK] 5628d8e91ae18cf41f0ec752b2ab007c.dat | cliente=16 | banco=AMD | valor=180.0 | data=22/07/2026 10:41 | sink=staged | resolution=direct_image | verification=CONFIRMADO | manual_open_to_claim_ms=3112 | open_ms=16 | prep_ms=30 | ocr_ms=1595 | parse_ms=1 | manual_open_to_ingest_ms=4762
[SINK] committed | file_id=b9ccfbb4115426b88a9931b1ee90bcd3b278b8aa | msg=- | talker=- | create_time=0 | sheet=Página1 | row=254 | ingest_to_commit_ms=906 | manual_open_to_commit_ms=5667
[OK] ed91cdd00db91bb636d59dd021b59c33.dat | cliente=16 | banco=AMD | valor=5147.0 | data=22/07/2026 11:07 | sink=staged | resolution=direct_image | verification=CONFIRMADO | manual_open_to_claim_ms=3575 | open_ms=12 | prep_ms=31 | ocr_ms=5264 | parse_ms=1 | manual_open_to_ingest_ms=8892
[SINK] committed | file_id=018a3413dea6bb4c7bd0456e913f2b545ee5701e | msg=- | talker=- | create_time=0 | sheet=Página1 | row=255 | ingest_to_commit_ms=863 | manual_open_to_commit_ms=9755
[OK] 726ba7d524be232e5699a39987e77212.dat | cliente=16 | banco=AMD | valor=280.0 | data=21/07/2026 23:06 | sink=staged | resolution=direct_image | verification=CONFIRMADO | manual_open_to_claim_ms=5090 | open_ms=13 | prep_ms=30 | ocr_ms=4982 | parse_ms=1 | manual_open_to_ingest_ms=10125
[SINK] committed | file_id=b6c4e056639d232fc5002f66cbe30b515b1a4f84 | msg=- | talker=- | create_time=0 | sheet=Página1 | row=256 | ingest_to_commit_ms=807 | manual_open_to_commit_ms=10931
[OK] 61560a1358d5eef7a3a38bfad3793790.dat | cliente=16 | banco=AMD | valor=400.0 | data=22/07/2026 - | sink=staged | resolution=direct_image | verification=CONFIRMADO | manual_open_to_claim_ms=6785 | open_ms=15 | prep_ms=30 | ocr_ms=2098 | parse_ms=2 | manual_open_to_ingest_ms=8937
[SINK] committed | file_id=8e2f949fd0a4bb53fc76fcd2aa91a67d2180c14e | msg=- | talker=- | create_time=0 | sheet=Página1 | row=257 | ingest_to_commit_ms=860 | manual_open_to_commit_ms=9797
[OK] 392b0ffe7b9a7534449f6f9ca4c0286d.dat | cliente=16 | banco=AMD | valor=55.56 | data=22/07/2026 08:55 | sink=staged | resolution=direct_image | verification=CONFIRMADO | manual_open_to_claim_ms=6790 | open_ms=12 | prep_ms=30 | ocr_ms=1832 | parse_ms=1 | manual_open_to_ingest_ms=8674
[SINK] committed | file_id=f552fc2ed6600d1d114e357ea99bae388244d7d1 | msg=- | talker=- | create_time=0 | sheet=Página1 | row=258 | ingest_to_commit_ms=961 | manual_open_to_commit_ms=9635
[SKIP] 615434a0c48df430dd167eade579d1c2_.jpg | temp_without_unique_context
[SKIP] 700f3556973649279eb3f8c420de4c84_.jpg | temp_without_unique_context
[SKIP] 0a485ccae064bb4fd24652e5b1205be3_.jpg | temp_without_unique_context
[SKIP] 32a68cc55583f83f7a842fef64354727_.jpg | temp_without_unique_context
[SKIP] d7089e89ee92ac953cd5b75ec98fa735_.jpg | temp_without_unique_context
[SKIP] 7a2b82e3e383c527fb643d9555381f8c_.jpg | temp_without_unique_context
[OK] a15095af739e5bfe687e15a5d326d392.dat | cliente=6 | banco=CLEEND | valor=2625.8 | data=22/07/2026 15:25 | sink=staged | resolution=direct_image | verification=CONFIRMADO | manual_open_to_claim_ms=1918 | open_ms=8 | prep_ms=0 | ocr_ms=2070 | parse_ms=1 | manual_open_to_ingest_ms=4000
[SINK] committed | file_id=4434fe50d1876aed25d23ed59a162b88addbb8db | msg=- | talker=- | create_time=0 | sheet=Página1 | row=259 | ingest_to_commit_ms=962 | manual_open_to_commit_ms=4962
[OK] 5f71cdc945d333df0ab7e6a8074bbedf.dat | cliente=6 | banco=CLEEND | valor=4403.0 | data=22/07/2026 15:03 | sink=staged | resolution=direct_image | verification=CONFIRMADO | manual_open_to_claim_ms=4742 | open_ms=7 | prep_ms=0 | ocr_ms=757 | parse_ms=0 | manual_open_to_ingest_ms=5509
[SINK] committed | file_id=e8c702988b781e5f470546eecc66526ee700ade6 | msg=- | talker=- | create_time=0 | sheet=Página1 | row=260 | ingest_to_commit_ms=835 | manual_open_to_commit_ms=6345
[HOLD] 0cdf14aefff7b0e968ee88a37d23c9d3_.jpg | waiting_temp_context
[HOLD] a606bb4a6da7de533bb055f1631883d2_.jpg | waiting_temp_context
[OK] 1364b939147c78649bfb9fd5f9317e65.dat | cliente=6 | banco=CLEEND | valor=2200.0 | data=22/07/2026 14:35 | sink=staged | resolution=direct_image | verification=CONFIRMADO | manual_open_to_claim_ms=1773 | open_ms=10 | prep_ms=0 | ocr_ms=1748 | parse_ms=1 | manual_open_to_ingest_ms=3537
[SINK] committed | file_id=d1e0b5e5607f50f2e3f9967b2758c36fadfe2e74 | msg=- | talker=- | create_time=0 | sheet=Página1 | row=261 | ingest_to_commit_ms=838 | manual_open_to_commit_ms=4374
[OK] ee2c582b23c8a6e2c09f113bc52fde1b.dat | cliente=6 | banco=CLEEND | valor=4294.0 | data=22/07/2026 14:25 | sink=staged | resolution=direct_image | verification=CONFIRMADO | manual_open_to_claim_ms=4559 | open_ms=5 | prep_ms=1 | ocr_ms=2075 | parse_ms=1 | manual_open_to_ingest_ms=6643
[SINK] committed | file_id=2fae8f9b674fd438dbab1b0e87ce726365877ef1 | msg=- | talker=- | create_time=0 | sheet=Página1 | row=262 | ingest_to_commit_ms=869 | manual_open_to_commit_ms=7512
[SKIP] 0cdf14aefff7b0e968ee88a37d23c9d3_.jpg | temp_without_unique_context
[SKIP] a606bb4a6da7de533bb055f1631883d2_.jpg | temp_without_unique_context
[SKIP] 1354deae843eb8ca081a69ca48322064_.jpg | temp_without_unique_context
[SKIP] e9c90d9ca647fd026de99ad49aeddf29_.jpg | temp_without_unique_context
[OK] 8795f466283a7012cc493f9053b33da8.dat | cliente=6 | banco=CLEEND | valor=5700.0 | data=22/07/2026 14:36 | sink=staged | resolution=direct_image | verification=CONFIRMADO | manual_open_to_claim_ms=2129 | open_ms=3 | prep_ms=0 | ocr_ms=1497 | parse_ms=1 | manual_open_to_ingest_ms=3634
[SINK] committed | file_id=0455b3efafb6d60d305041ef9a4ef52361ee5421 | msg=- | talker=- | create_time=0 | sheet=Página1 | row=263 | ingest_to_commit_ms=887 | manual_open_to_commit_ms=4521
[RETRY] 15aeeb5cb70c2aca228a01f36d7d8cb1_.jpg | attempt=1 | err=FileNotFoundError: Resolved file disappeared: C:\Users\Felipe\Documents\WeChat Files\wxid_xd3703k0ih2p22\FileStorage\Temp\15aeeb5cb70c2aca228a01f36d7d8cb1_.jpg
[OK] 82d43237425cad099d91a2b1ad226a03.dat | cliente=6 | banco=CLEEND | valor=3000.0 | data=22/07/2026 14:39 | sink=staged | resolution=direct_image | verification=CONFIRMADO | manual_open_to_claim_ms=1817 | open_ms=4 | prep_ms=0 | ocr_ms=1317 | parse_ms=1 | manual_open_to_ingest_ms=3141
[SINK] committed | file_id=aeb21f168fac517a2d100485369333aa594edfba | msg=- | talker=- | create_time=0 | sheet=Página1 | row=264 | ingest_to_commit_ms=900 | manual_open_to_commit_ms=4041
[RETRY] 9ff2b0173a50dd0c76441d4ec96f14bd_.jpg | attempt=1 | err=FileNotFoundError: Resolved file disappeared: C:\Users\Felipe\Documents\WeChat Files\wxid_xd3703k0ih2p22\FileStorage\Temp\9ff2b0173a50dd0c76441d4ec96f14bd_.jpg
[OK] 795f41253db46a4692a1ae50421f9f16.dat | cliente=6 | banco=CLEEND | valor=580.0 | data=22/07/2026 14:41 | sink=staged | resolution=direct_image | verification=CONFIRMADO | manual_open_to_claim_ms=1356 | open_ms=7 | prep_ms=0 | ocr_ms=683 | parse_ms=0 | manual_open_to_ingest_ms=2049
[SINK] committed | file_id=5ae35d90cd8e2f64539cd56ff5620818305fd285 | msg=- | talker=- | create_time=0 | sheet=Página1 | row=265 | ingest_to_commit_ms=878 | manual_open_to_commit_ms=2927
[RETRY] 1d86dbc6b63aff0992ea12b085d4f472_.jpg | attempt=1 | err=FileNotFoundError: Resolved file disappeared: C:\Users\Felipe\Documents\WeChat Files\wxid_xd3703k0ih2p22\FileStorage\Temp\1d86dbc6b63aff0992ea12b085d4f472_.jpg
[SCAN] reconcile complete | queued_or_refreshed=18
[OK] 9c84ddd7fe59c64ef21120aeb05a0950.dat | cliente=6 | banco=CLEEND | valor=520.0 | data=22/07/2026 14:42 | sink=staged | resolution=direct_image | verification=CONFIRMADO | manual_open_to_claim_ms=4433 | open_ms=4 | prep_ms=0 | ocr_ms=2176 | parse_ms=1 | manual_open_to_ingest_ms=6616
[SINK] committed | file_id=568c705739c95935d05536e60687e60d31780b42 | msg=- | talker=- | create_time=0 | sheet=Página1 | row=266 | ingest_to_commit_ms=837 | manual_open_to_commit_ms=7453
[OK] 81c12cd07f023ddd81d92c3cf808d892.dat | cliente=6 | banco=CLEEND | valor=990.0 | data=22/07/2026 15:59 | sink=staged | resolution=direct_image | verification=CONFIRMADO | manual_open_to_claim_ms=1770 | open_ms=19 | prep_ms=1 | ocr_ms=2455 | parse_ms=1 | manual_open_to_ingest_ms=4251
[SINK] committed | file_id=601640efdc9dd81f6f27bade1925ec7fc230d6e6 | msg=- | talker=- | create_time=0 | sheet=Página1 | row=267 | ingest_to_commit_ms=793 | manual_open_to_commit_ms=5044
[RETRY] 15aeeb5cb70c2aca228a01f36d7d8cb1_.jpg | attempt=2 | err=FileNotFoundError: Resolved file disappeared: C:\Users\Felipe\Documents\WeChat Files\wxid_xd3703k0ih2p22\FileStorage\Temp\15aeeb5cb70c2aca228a01f36d7d8cb1_.jpg
[RETRY] 4b2e4719958903fe5fe82fb7d726df63_.jpg | attempt=1 | err=FileNotFoundError: Resolved file disappeared: C:\Users\Felipe\Documents\WeChat Files\wxid_xd3703k0ih2p22\FileStorage\Temp\4b2e4719958903fe5fe82fb7d726df63_.jpg
[RETRY] 8d6f177c790c94fc5e92bb88e2832f42_.jpg | attempt=1 | err=FileNotFoundError: Resolved file disappeared: C:\Users\Felipe\Documents\WeChat Files\wxid_xd3703k0ih2p22\FileStorage\Temp\8d6f177c790c94fc5e92bb88e2832f42_.jpg
[RETRY] 9ff2b0173a50dd0c76441d4ec96f14bd_.jpg | attempt=2 | err=FileNotFoundError: Resolved file disappeared: C:\Users\Felipe\Documents\WeChat Files\wxid_xd3703k0ih2p22\FileStorage\Temp\9ff2b0173a50dd0c76441d4ec96f14bd_.jpg
[RETRY] 1d86dbc6b63aff0992ea12b085d4f472_.jpg | attempt=2 | err=FileNotFoundError: Resolved file disappeared: C:\Users\Felipe\Documents\WeChat Files\wxid_xd3703k0ih2p22\FileStorage\Temp\1d86dbc6b63aff0992ea12b085d4f472_.jpg
[RETRY] 4b2e4719958903fe5fe82fb7d726df63_.jpg | attempt=2 | err=FileNotFoundError: Resolved file disappeared: C:\Users\Felipe\Documents\WeChat Files\wxid_xd3703k0ih2p22\FileStorage\Temp\4b2e4719958903fe5fe82fb7d726df63_.jpg
[RETRY] 8d6f177c790c94fc5e92bb88e2832f42_.jpg | attempt=2 | err=FileNotFoundError: Resolved file disappeared: C:\Users\Felipe\Documents\WeChat Files\wxid_xd3703k0ih2p22\FileStorage\Temp\8d6f177c790c94fc5e92bb88e2832f42_.jpg
[SKIP] 15aeeb5cb70c2aca228a01f36d7d8cb1_.jpg | temp_file_disappeared_after_3_attempts
[SKIP] 9ff2b0173a50dd0c76441d4ec96f14bd_.jpg | temp_file_disappeared_after_3_attempts
[SKIP] 1d86dbc6b63aff0992ea12b085d4f472_.jpg | temp_file_disappeared_after_3_attempts
[SCAN] reconcile complete | queued_or_refreshed=9
[SKIP] 4b2e4719958903fe5fe82fb7d726df63_.jpg | temp_file_disappeared_after_3_attempts
[SKIP] 8d6f177c790c94fc5e92bb88e2832f42_.jpg | temp_file_disappeared_after_3_attempts
[SCAN] reconcile complete | queued_or_refreshed=5
[SCAN] reconcile complete | queued_or_refreshed=0
[SCAN] reconcile complete | queued_or_refreshed=0
[SCAN] reconcile complete | queued_or_refreshed=0
[SCAN] reconcile complete | queued_or_refreshed=0
[SCAN] reconcile complete | queued_or_refreshed=0
[INFO] 1cb65448e53b23135a066a8235d040cb.dat | grupo_sem_mapa=9e20f478899dc29eb19741386f9343c8 mas prosseguindo (abertura manual/file_transfer)
[OK] 1cb65448e53b23135a066a8235d040cb.dat | cliente=- | banco=AMD | valor=0.0 | data=21/07/2026 08:38 | sink=staged | resolution=direct_image | verification=CONFIRMADO | manual_open_to_claim_ms=1937 | open_ms=27 | prep_ms=2 | ocr_ms=3449 | parse_ms=1 | manual_open_to_ingest_ms=5432
[SINK] committed | file_id=a051418456d0a7c98ef0afc7e262db2b5a883858 | msg=- | talker=- | create_time=0 | sheet=Página1 | row=253 | ingest_to_commit_ms=1415 | manual_open_to_commit_ms=6847
[SCAN] reconcile complete | queued_or_refreshed=1
[SCAN] reconcile complete | queued_or_refreshed=1
[SCAN] reconcile complete | queued_or_refreshed=1
[SCAN] reconcile complete | queued_or_refreshed=0
[SCAN] reconcile complete | queued_or_refreshed=0
[SCAN] reconcile complete | queued_or_refreshed=0
[SCAN] reconcile complete | queued_or_refreshed=0
[SCAN] reconcile complete | queued_or_refreshed=0
[SCAN] reconcile complete | queued_or_refreshed=0
[SCAN] reconcile complete | queued_or_refreshed=0
[SCAN] reconcile complete | queued_or_refreshed=0
[SCAN] reconcile complete | queued_or_refreshed=0
[SCAN] reconcile complete | queued_or_refreshed=0
[SCAN] reconcile complete | queued_or_refreshed=0
[SCAN] reconcile complete | queued_or_refreshed=0
[SCAN] reconcile complete | queued_or_refreshed=0
[SCAN] reconcile complete | queued_or_refreshed=0
[SCAN] reconcile complete | queued_or_refreshed=0
[SCAN] reconcile complete | queued_or_refreshed=0
[SCAN] reconcile complete | queued_or_refreshed=0
[SCAN] reconcile complete | queued_or_refreshed=0
[SCAN] reconcile complete | queued_or_refreshed=0
[SCAN] reconcile complete | queued_or_refreshed=0
[SCAN] reconcile complete | queued_or_refreshed=0
[SCAN] reconcile complete | queued_or_refreshed=0
[SCAN] reconcile complete | queued_or_refreshed=0
[SCAN] reconcile complete | queued_or_refreshed=0
[SCAN] reconcile complete | queued_or_refreshed=0
[SCAN] reconcile complete | queued_or_refreshed=0
[SCAN] reconcile complete | queued_or_refreshed=0
[SCAN] reconcile complete | queued_or_refreshed=0
[SCAN] reconcile complete | queued_or_refreshed=0
[SCAN] reconcile complete | queued_or_refreshed=0
[SCAN] reconcile complete | queued_or_refreshed=0
[SCAN] reconcile complete | queued_or_refreshed=0
[SCAN] reconcile complete | queued_or_refreshed=0
[SCAN] reconcile complete | queued_or_refreshed=0
[SKIP] 897707000a9c1ac5cefb0dbe5243f4a7.dat | IGNORED_BY_USER
[SKIP] 1784751567479.jpg | IGNORED_BY_USER
[SKIP] 1784751567488.jpg | IGNORED_BY_USER
[SCAN] reconcile complete | queued_or_refreshed=3
[SCAN] reconcile complete | queued_or_refreshed=3
[SCAN] reconcile complete | queued_or_refreshed=0
[SCAN] reconcile complete | queued_or_refreshed=0
[SCAN] reconcile complete | queued_or_refreshed=0
[SCAN] reconcile complete | queued_or_refreshed=0
[SCAN] reconcile complete | queued_or_refreshed=0
[SCAN] reconcile complete | queued_or_refreshed=0
[SCAN] reconcile complete | queued_or_refreshed=0
[SCAN] reconcile complete | queued_or_refreshed=0
[SCAN] reconcile complete | queued_or_refreshed=0
[SCAN] reconcile complete | queued_or_refreshed=0
[SCAN] reconcile complete | queued_or_refreshed=0
[SCAN] reconcile complete | queued_or_refreshed=0
[SCAN] reconcile complete | queued_or_refreshed=0
[SCAN] reconcile complete | queued_or_refreshed=0
[SCAN] reconcile complete | queued_or_refreshed=0
[SCAN] reconcile complete | queued_or_refreshed=0
[SCAN] reconcile complete | queued_or_refreshed=0
[SCAN] reconcile complete | queued_or_refreshed=0
[SCAN] reconcile complete | queued_or_refreshed=0
[SCAN] reconcile complete | queued_or_refreshed=0
[SCAN] reconcile complete | queued_or_refreshed=0
[SCAN] reconcile complete | queued_or_refreshed=0
[SCAN] reconcile complete | queued_or_refreshed=0
[SCAN] reconcile complete | queued_or_refreshed=0
[SCAN] reconcile complete | queued_or_refreshed=0
[SCAN] reconcile complete | queued_or_refreshed=0
[SCAN] reconcile complete | queued_or_refreshed=0
[SCAN] reconcile complete | queued_or_refreshed=0
[SCAN] reconcile complete | queued_or_refreshed=0
[SCAN] reconcile complete | queued_or_refreshed=0
[SCAN] reconcile complete | queued_or_refreshed=0
[SCAN] reconcile complete | queued_or_refreshed=0
[SCAN] reconcile complete | queued_or_refreshed=0
[SCAN] reconcile complete | queued_or_refreshed=0
[SCAN] reconcile complete | queued_or_refreshed=0
[SCAN] reconcile complete | queued_or_refreshed=0
[SCAN] reconcile complete | queued_or_refreshed=0
[SCAN] reconcile complete | queued_or_refreshed=0
[SCAN] reconcile complete | queued_or_refreshed=0
[SCAN] reconcile complete | queued_or_refreshed=0
[SCAN] reconcile complete | queued_or_refreshed=0
[SCAN] reconcile complete | queued_or_refreshed=0
[SCAN] reconcile complete | queued_or_refreshed=0
[SCAN] reconcile complete | queued_or_refreshed=0
[SCAN] reconcile complete | queued_or_refreshed=0
[SCAN] reconcile complete | queued_or_refreshed=0
[SCAN] reconcile complete | queued_or_refreshed=0
[SCAN] reconcile complete | queued_or_refreshed=0
[SCAN] reconcile complete | queued_or_refreshed=0
[SCAN] reconcile complete | queued_or_refreshed=0
[SCAN] reconcile complete | queued_or_refreshed=0
[SCAN] reconcile complete | queued_or_refreshed=0
[SCAN] reconcile complete | queued_or_refreshed=0
[SCAN] reconcile complete | queued_or_refreshed=0
[SCAN] reconcile complete | queued_or_refreshed=0
[SCAN] reconcile complete | queued_or_refreshed=0
[SCAN] reconcile complete | queued_or_refreshed=0
[SCAN] reconcile complete | queued_or_refreshed=0
[SCAN] reconcile complete | queued_or_refreshed=0
[SCAN] reconcile complete | queued_or_refreshed=0
[SCAN] reconcile complete | queued_or_refreshed=0
[SCAN] reconcile complete | queued_or_refreshed=0
[SCAN] reconcile complete | queued_or_refreshed=0
[SCAN] reconcile complete | queued_or_refreshed=0
[SCAN] reconcile complete | queued_or_refreshed=0
[SCAN] reconcile complete | queued_or_refreshed=0
[SCAN] reconcile complete | queued_or_refreshed=0
[SCAN] reconcile complete | queued_or_refreshed=0
[SCAN] reconcile complete | queued_or_refreshed=0
[SCAN] reconcile complete | queued_or_refreshed=0
[SCAN] reconcile complete | queued_or_refreshed=0
[SCAN] reconcile complete | queued_or_refreshed=0
[SCAN] reconcile complete | queued_or_refreshed=0
[SCAN] reconcile complete | queued_or_refreshed=0
[SCAN] reconcile complete | queued_or_refreshed=0
[SCAN] reconcile complete | queued_or_refreshed=0
[SCAN] reconcile complete | queued_or_refreshed=0
[SCAN] reconcile complete | queued_or_refreshed=0
[SCAN] reconcile complete | queued_or_refreshed=0
[SCAN] reconcile complete | queued_or_refreshed=0
[SCAN] reconcile complete | queued_or_refreshed=0
[SCAN] reconcile complete | queued_or_refreshed=0
[SCAN] reconcile complete | queued_or_refreshed=0
[SCAN] reconcile complete | queued_or_refreshed=0
[SCAN] reconcile complete | queued_or_refreshed=0
[SCAN] reconcile complete | queued_or_refreshed=0
[SCAN] reconcile complete | queued_or_refreshed=0
[SCAN] reconcile complete | queued_or_refreshed=0
[SCAN] reconcile complete | queued_or_refreshed=0
[SCAN] reconcile complete | queued_or_refreshed=0
[SCAN] reconcile complete | queued_or_refreshed=0
[SCAN] reconcile complete | queued_or_refreshed=0
[SCAN] reconcile complete | queued_or_refreshed=0
[SCAN] reconcile complete | queued_or_refreshed=0
[SCAN] reconcile complete | queued_or_refreshed=0
[SCAN] reconcile complete | queued_or_refreshed=0
[SCAN] reconcile complete | queued_or_refreshed=0
[SCAN] reconcile complete | queued_or_refreshed=0
[SCAN] reconcile complete | queued_or_refreshed=0
[SCAN] reconcile complete | queued_or_refreshed=0
[SCAN] reconcile complete | queued_or_refreshed=0
[SCAN] reconcile complete | queued_or_refreshed=0
[SCAN] reconcile complete | queued_or_refreshed=0
[SCAN] reconcile complete | queued_or_refreshed=0
[SCAN] reconcile complete | queued_or_refreshed=0
[SCAN] reconcile complete | queued_or_refreshed=0
[SCAN] reconcile complete | queued_or_refreshed=0
[SCAN] reconcile complete | queued_or_refreshed=0
[SCAN] reconcile complete | queued_or_refreshed=0
[SCAN] reconcile complete | queued_or_refreshed=0
[SCAN] reconcile complete | queued_or_refreshed=0
[SCAN] reconcile complete | queued_or_refreshed=0
[SCAN] reconcile complete | queued_or_refreshed=0
[SCAN] reconcile complete | queued_or_refreshed=0
[SCAN] reconcile complete | queued_or_refreshed=0
[SCAN] reconcile complete | queued_or_refreshed=0
[SCAN] reconcile complete | queued_or_refreshed=0
[SCAN] reconcile complete | queued_or_refreshed=0
[SCAN] reconcile complete | queued_or_refreshed=0
[SCAN] reconcile complete | queued_or_refreshed=0
[SCAN] reconcile complete | queued_or_refreshed=0
[SCAN] reconcile complete | queued_or_refreshed=0
[SCAN] reconcile complete | queued_or_refreshed=0
[SCAN] reconcile complete | queued_or_refreshed=0
[SCAN] reconcile complete | queued_or_refreshed=0
[SCAN] reconcile complete | queued_or_refreshed=0
[SCAN] reconcile complete | queued_or_refreshed=0
[INFO] 7361e6e9e66a952ad16b72fdb935c296.dat | grupo_sem_mapa=9e20f478899dc29eb19741386f9343c8 mas prosseguindo (abertura manual/file_transfer)
[OK] 7361e6e9e66a952ad16b72fdb935c296.dat | cliente=- | banco=None | valor=21.07 | data=22/07/2026 20:33 | sink=staged | resolution=direct_image | verification=CONFIRMADO | manual_open_to_claim_ms=2189 | open_ms=25 | prep_ms=1 | ocr_ms=1069 | parse_ms=1 | manual_open_to_ingest_ms=3297
[SINK] committed | file_id=0285e7086963e98f7be3986f739f8b6c9538fccf | msg=- | talker=- | create_time=0 | sheet=Página1 | row=2 | ingest_to_commit_ms=1903 | manual_open_to_commit_ms=5200
[INFO] 1784763240574.png | grupo_sem_mapa=9e20f478899dc29eb19741386f9343c8 mas prosseguindo (abertura manual/file_transfer)
[EXCEPTION] 1784763240574.png | missing_core_fields | verification=TEMP_PREVIEW
[INFO] 1784763240584.png | grupo_sem_mapa=9e20f478899dc29eb19741386f9343c8 mas prosseguindo (abertura manual/file_transfer)
[EXCEPTION] 1784763240584.png | missing_core_fields | verification=TEMP_PREVIEW
[SCAN] reconcile complete | queued_or_refreshed=3
[SCAN] reconcile complete | queued_or_refreshed=3
[SCAN] reconcile complete | queued_or_refreshed=0
[SCAN] reconcile complete | queued_or_refreshed=0
[SCAN] reconcile complete | queued_or_refreshed=0
[HOLD] 1784763681762.jpg | waiting_temp_context
[HOLD] 1784763681804.jpg | waiting_temp_context
[HOLD] 1784763683231.jpg | waiting_temp_context
[HOLD] 1784763683240.jpg | waiting_temp_context
[SKIP] 1784763681762.jpg | temp_without_unique_context
[SKIP] 1784763681804.jpg | temp_without_unique_context
[SKIP] 1784763683231.jpg | temp_without_unique_context
[SKIP] 1784763683240.jpg | temp_without_unique_context
[HOLD] 1784763688898.jpg | waiting_temp_context
[HOLD] 1784763688911.jpg | waiting_temp_context
[HOLD] 1784763690342.jpg | waiting_temp_context
[HOLD] 1784763690351.jpg | waiting_temp_context
[SKIP] 1784763688898.jpg | temp_without_unique_context
[SKIP] 1784763688911.jpg | temp_without_unique_context
[SKIP] 1784763690342.jpg | temp_without_unique_context
[SKIP] 1784763690351.jpg | temp_without_unique_context
[HOLD] 1784763696138.jpg | waiting_temp_context
[HOLD] 1784763696205.jpg | waiting_temp_context
[HOLD] 1784763697576.jpg | waiting_temp_context
[HOLD] 1784763697562.jpg | waiting_temp_context
[SKIP] 1784763696138.jpg | temp_without_unique_context
[SKIP] 1784763696205.jpg | temp_without_unique_context
[SKIP] 1784763697562.jpg | temp_without_unique_context
[SKIP] 1784763697576.jpg | temp_without_unique_context
[HOLD] 1784763703232.jpg | waiting_temp_context
[HOLD] 1784763703244.jpg | waiting_temp_context
[HOLD] 1784763704680.jpg | waiting_temp_context
[HOLD] 1784763704694.jpg | waiting_temp_context
[SKIP] 1784763703232.jpg | temp_without_unique_context
[SKIP] 1784763703244.jpg | temp_without_unique_context
[SKIP] 1784763704680.jpg | temp_without_unique_context
[SKIP] 1784763704694.jpg | temp_without_unique_context
[HOLD] 1784763710348.jpg | waiting_temp_context
[HOLD] 1784763710362.jpg | waiting_temp_context
[HOLD] 1784763711797.jpg | waiting_temp_context
[HOLD] 1784763711813.jpg | waiting_temp_context
[SKIP] 1784763710348.jpg | temp_without_unique_context
[SKIP] 1784763710362.jpg | temp_without_unique_context
[SKIP] 1784763711797.jpg | temp_without_unique_context
[SKIP] 1784763711813.jpg | temp_without_unique_context
[HOLD] 1784763717500.jpg | waiting_temp_context
[HOLD] 1784763717521.jpg | waiting_temp_context
[HOLD] 1784763718923.jpg | waiting_temp_context
[HOLD] 1784763718939.jpg | waiting_temp_context
[SKIP] 1784763717500.jpg | temp_without_unique_context
[SKIP] 1784763717521.jpg | temp_without_unique_context
[SKIP] 1784763718923.jpg | temp_without_unique_context
[SKIP] 1784763718939.jpg | temp_without_unique_context
[HOLD] 1784763724568.jpg | waiting_temp_context
[HOLD] 1784763724580.jpg | waiting_temp_context
[HOLD] 1784763726048.jpg | waiting_temp_context
[HOLD] 1784763726059.jpg | waiting_temp_context
[SCAN] reconcile complete | queued_or_refreshed=32
[SKIP] 1784763724568.jpg | temp_without_unique_context
[SKIP] 1784763724580.jpg | temp_without_unique_context
[SKIP] 1784763726048.jpg | temp_without_unique_context
[SKIP] 1784763726059.jpg | temp_without_unique_context
[HOLD] 1784763731694.jpg | waiting_temp_context
[HOLD] 1784763731708.jpg | waiting_temp_context
[HOLD] 1784763733144.jpg | waiting_temp_context
[HOLD] 1784763733160.jpg | waiting_temp_context
[SKIP] 1784763731694.jpg | temp_without_unique_context
[SKIP] 1784763731708.jpg | temp_without_unique_context
[SKIP] 1784763733144.jpg | temp_without_unique_context
[SKIP] 1784763733160.jpg | temp_without_unique_context
[HOLD] 1784763738868.jpg | waiting_temp_context
[HOLD] 1784763738912.jpg | waiting_temp_context
[HOLD] 1784763740302.jpg | waiting_temp_context
[HOLD] 1784763740313.jpg | waiting_temp_context
[SKIP] 1784763738868.jpg | temp_without_unique_context
[SKIP] 1784763738912.jpg | temp_without_unique_context
[SKIP] 1784763740302.jpg | temp_without_unique_context
[SKIP] 1784763740313.jpg | temp_without_unique_context
[HOLD] 1784763745941.jpg | waiting_temp_context
[HOLD] 1784763745945.jpg | waiting_temp_context
[HOLD] 1784763747376.jpg | waiting_temp_context
[HOLD] 1784763747392.jpg | waiting_temp_context
[SKIP] 1784763745941.jpg | temp_without_unique_context
[SKIP] 1784763745945.jpg | temp_without_unique_context
[SKIP] 1784763747376.jpg | temp_without_unique_context
[SKIP] 1784763747392.jpg | temp_without_unique_context
[HOLD] 1784763753008.jpg | waiting_temp_context
[HOLD] 1784763753021.jpg | waiting_temp_context
[HOLD] 1784763754475.jpg | waiting_temp_context
[HOLD] 1784763754484.jpg | waiting_temp_context
[SKIP] 1784763753008.jpg | temp_without_unique_context
[SKIP] 1784763753021.jpg | temp_without_unique_context
[SKIP] 1784763754475.jpg | temp_without_unique_context
[SKIP] 1784763754484.jpg | temp_without_unique_context
[HOLD] 1784763760156.jpg | waiting_temp_context
[HOLD] 1784763760179.jpg | waiting_temp_context
[HOLD] 1784763761605.jpg | waiting_temp_context
[HOLD] 1784763761619.jpg | waiting_temp_context
[SKIP] 1784763760156.jpg | temp_without_unique_context
[SKIP] 1784763760179.jpg | temp_without_unique_context
[SKIP] 1784763761605.jpg | temp_without_unique_context
[SKIP] 1784763761619.jpg | temp_without_unique_context
[HOLD] 1784763767369.jpg | waiting_temp_context
[HOLD] 1784763767399.jpg | waiting_temp_context
[HOLD] 1784763768806.jpg | waiting_temp_context
[HOLD] 1784763768817.jpg | waiting_temp_context
[SKIP] 1784763767369.jpg | temp_without_unique_context
[SKIP] 1784763767399.jpg | temp_without_unique_context
[SKIP] 1784763768806.jpg | temp_without_unique_context
[SKIP] 1784763768817.jpg | temp_without_unique_context
[HOLD] 1784763774898.jpg | waiting_temp_context
[HOLD] 1784763775125.jpg | waiting_temp_context
[HOLD] 1784763776328.jpg | waiting_temp_context
[HOLD] 1784763776317.jpg | waiting_temp_context
[SKIP] 1784763774898.jpg | temp_without_unique_context
[SKIP] 1784763775125.jpg | temp_without_unique_context
[SKIP] 1784763776328.jpg | temp_without_unique_context
[SKIP] 1784763776317.jpg | temp_without_unique_context
[HOLD] 1784763783890.jpg | waiting_temp_context
[HOLD] 1784763783901.jpg | waiting_temp_context
[SKIP] 1784763783890.jpg | temp_without_unique_context
[SKIP] 1784763783901.jpg | temp_without_unique_context
[HOLD] 1784763789645.jpg | waiting_temp_context
[HOLD] 1784763789681.jpg | waiting_temp_context
[HOLD] 1784763791085.jpg | waiting_temp_context
[HOLD] 1784763791099.jpg | waiting_temp_context
[SKIP] 1784763789645.jpg | temp_without_unique_context
[SKIP] 1784763789681.jpg | temp_without_unique_context
[SKIP] 1784763791085.jpg | temp_without_unique_context
[SKIP] 1784763791099.jpg | temp_without_unique_context
[HOLD] 1784763796795.jpg | waiting_temp_context
[HOLD] 1784763796805.jpg | waiting_temp_context
[HOLD] 1784763798236.jpg | waiting_temp_context
[HOLD] 1784763798220.jpg | waiting_temp_context
[SKIP] 1784763796795.jpg | temp_without_unique_context
[SKIP] 1784763796805.jpg | temp_without_unique_context
[SKIP] 1784763798220.jpg | temp_without_unique_context
[SKIP] 1784763798236.jpg | temp_without_unique_context
[HOLD] 1784763804213.jpg | waiting_temp_context
[HOLD] 1784763804361.jpg | waiting_temp_context
[HOLD] 1784763805639.jpg | waiting_temp_context
[HOLD] 1784763805650.jpg | waiting_temp_context
[SKIP] 1784763804213.jpg | temp_without_unique_context
[SKIP] 1784763804361.jpg | temp_without_unique_context
[SKIP] 1784763805639.jpg | temp_without_unique_context
[SKIP] 1784763805650.jpg | temp_without_unique_context
[HOLD] 1784763811295.jpg | waiting_temp_context
[HOLD] 1784763811302.jpg | waiting_temp_context
[HOLD] 1784763812730.jpg | waiting_temp_context
[HOLD] 1784763812741.jpg | waiting_temp_context
[SKIP] 1784763811295.jpg | temp_without_unique_context
[SKIP] 1784763811302.jpg | temp_without_unique_context
[SKIP] 1784763812730.jpg | temp_without_unique_context
[SKIP] 1784763812741.jpg | temp_without_unique_context
[SCAN] reconcile complete | queued_or_refreshed=74
[HOLD] 1784763834755.jpg | waiting_temp_context
[HOLD] 1784763834794.jpg | waiting_temp_context
[HOLD] 1784763835626.jpg | waiting_temp_context
[HOLD] 1784763835639.jpg | waiting_temp_context
[HOLD] 1784763837603.jpg | waiting_temp_context
[HOLD] 1784763837624.jpg | waiting_temp_context
[SKIP] 1784763834755.jpg | temp_without_unique_context
[SKIP] 1784763834794.jpg | temp_without_unique_context
[SKIP] 1784763835626.jpg | temp_without_unique_context
[SKIP] 1784763835639.jpg | temp_without_unique_context
[HOLD] 1784763839314.jpg | waiting_temp_context
[HOLD] 1784763839331.jpg | waiting_temp_context
[HOLD] 1784763840388.jpg | waiting_temp_context
[HOLD] 1784763840318.jpg | waiting_temp_context
[HOLD] 1784763840373.jpg | waiting_temp_context
[SKIP] 1784763837603.jpg | temp_without_unique_context
[SKIP] 1784763837624.jpg | temp_without_unique_context
[SKIP] 1784763840388.jpg | temp_without_unique_context
[SKIP] 1784763839314.jpg | temp_without_unique_context
[SKIP] 1784763839331.jpg | temp_without_unique_context
[SKIP] 1784763840318.jpg | temp_without_unique_context
[SKIP] 1784763840373.jpg | temp_without_unique_context
[HOLD] 1784763866307.jpg | waiting_temp_context
[HOLD] 1784763866326.jpg | waiting_temp_context
[SKIP] 1784763866307.jpg | temp_without_unique_context
[SKIP] 1784763866326.jpg | temp_without_unique_context
[OCR] Attempting raw image fallback for 6d3274c81a903b1e75e184cf59d3fc4d.dat (is_receipt=False, has_amount=False)
[SKIP] 6d3274c81a903b1e75e184cf59d3fc4d.dat | not_receipt=TABULAR_TRANSFER_LIST
[SKIP] 03545c18933730f79cfa2b8ccd3ebe47.dat | not_receipt=BALANCE_SUMMARY
[SCAN] reconcile complete | queued_or_refreshed=47
[HOLD] 1784763928426.jpg | waiting_temp_context
[HOLD] 1784763928436.jpg | waiting_temp_context
[OCR] Attempting raw image fallback for 1d8648911c666398775d63e723647a99.dat (is_receipt=False, has_amount=False)
[SKIP] 1d8648911c666398775d63e723647a99.dat | not_receipt=TABULAR_TRANSFER_LIST
[SKIP] 6f6b9ccb5e4a3c1ae8b9b6ba4773a0be.dat | not_receipt=BALANCE_SUMMARY
[OCR] Attempting raw image fallback for 1784763928426.jpg (is_receipt=False, has_amount=False)
[SKIP] 1784763928426.jpg | not_receipt=TABULAR_TRANSFER_LIST
[OCR] Attempting raw image fallback for 1784763928436.jpg (is_receipt=False, has_amount=False)
[SKIP] 1784763928436.jpg | not_receipt=TABULAR_TRANSFER_LIST
[SKIP] 1784763934241.jpg | not_receipt=BALANCE_SUMMARY
[SKIP] 1784763934250.jpg | not_receipt=BALANCE_SUMMARY
[HOLD] 1784763950921.jpg | waiting_temp_context
[HOLD] 1784763950934.jpg | waiting_temp_context
[HOLD] 1784763950921.jpg | waiting_temp_context
[HOLD] 1784763950934.jpg | waiting_temp_context
[SKIP] 1784763950921.jpg | temp_without_unique_context
[SKIP] 1784763950934.jpg | temp_without_unique_context
[SCAN] reconcile complete | queued_or_refreshed=8
[HOLD] 1784764051745.jpg | waiting_temp_context
[HOLD] 1784764051754.jpg | waiting_temp_context
[SKIP] 1784764051745.jpg | temp_without_unique_context
[SKIP] 1784764051754.jpg | temp_without_unique_context
[OCR] Attempting raw image fallback for fbd7635bd2159f086e21bdad9f52c891.dat (is_receipt=False, has_amount=False)
[SKIP] fbd7635bd2159f086e21bdad9f52c891.dat | not_receipt=TABULAR_TRANSFER_LIST
[SKIP] 68ee50e0ea1c0a4dee6a03c84f9a588f.dat | not_receipt=BALANCE_SUMMARY
[OCR] Attempting raw image fallback for 2a2f4ee109570c0a0305bb0a6e239893.dat (is_receipt=False, has_amount=False)
[SKIP] 2a2f4ee109570c0a0305bb0a6e239893.dat | not_receipt=TABULAR_TRANSFER_LIST
[SKIP] f2f2fa9193ffb48367556c8e594b5b77.dat | not_receipt=BALANCE_SUMMARY
[SKIP] 1784764080886.jpg | temp_without_unique_context
[SKIP] 1784764080910.jpg | temp_without_unique_context
[SCAN] reconcile complete | queued_or_refreshed=12
[HOLD] 1784764109114.jpg | waiting_temp_context
[HOLD] 1784764109126.jpg | waiting_temp_context
[SKIP] 1784764109114.jpg | temp_without_unique_context
[SKIP] 1784764109126.jpg | temp_without_unique_context
[OCR] Attempting raw image fallback for b7659b897c2a7870e7754e351d4499b4.dat (is_receipt=False, has_amount=False)
[SKIP] b7659b897c2a7870e7754e351d4499b4.dat | not_receipt=TABULAR_TRANSFER_LIST
[SKIP] 029d4bfb6a762329ed34a6ef0db30824.dat | not_receipt=BALANCE_SUMMARY
[OCR] Attempting raw image fallback for b154adca9e707e08c79c3cce3e141f2a.dat (is_receipt=False, has_amount=False)
[SKIP] b154adca9e707e08c79c3cce3e141f2a.dat | not_receipt=TABULAR_TRANSFER_LIST
[SKIP] d1ef5d6eb160b6f2d5f1df5db84d041d.dat | not_receipt=BALANCE_SUMMARY
[HOLD] 1784764146464.jpg | waiting_temp_context
[HOLD] 1784764146477.jpg | waiting_temp_context
[SKIP] 1784764146464.jpg | temp_without_unique_context
[SKIP] 1784764146477.jpg | temp_without_unique_context
[SKIP] 760100b9d4f51db0017f9a5dfee16490.dat | not_receipt=BALANCE_SUMMARY
[OCR] Attempting raw image fallback for 8179aaf2bffc110f461be6b69659bae5.dat (is_receipt=False, has_amount=False)
[SKIP] 8179aaf2bffc110f461be6b69659bae5.dat | not_receipt=TABULAR_TRANSFER_LIST
[SCAN] reconcile complete | queued_or_refreshed=12
[SKIP] 1784764182185.jpg | temp_without_unique_context
[SKIP] 1784764182199.jpg | temp_without_unique_context
[OK] f3eda552c6359155e794885ecb423ac5.dat | cliente=168 | banco=None | valor=None | data=22/07/2026 - | sink=staged | resolution=direct_image | verification=CONFIRMADO | manual_open_to_claim_ms=2075 | open_ms=1 | prep_ms=0 | ocr_ms=942 | parse_ms=1 | manual_open_to_ingest_ms=3020
[SINK] committed | file_id=6e921eb98c5f04eaa97ee6ed1c1adbdc55693894 | msg=- | talker=- | create_time=0 | sheet=Página1 | row=3 | ingest_to_commit_ms=1385 | manual_open_to_commit_ms=4405
[OK] 1784764211577.jpg | cliente=168 | banco=None | valor=None | data=22/07/2026 - | sink=staged | resolution=temp_preview | verification=TEMP_PREVIEW | manual_open_to_claim_ms=5002 | open_ms=0 | prep_ms=0 | ocr_ms=936 | parse_ms=1 | manual_open_to_ingest_ms=5954
[SINK] committed | file_id=a5be7461b890f3b3624a4e625e49e207e09e2947 | msg=- | talker=- | create_time=0 | sheet=Página1 | row=4 | ingest_to_commit_ms=785 | manual_open_to_commit_ms=6739
[OK] 1784764211579.jpg | cliente=168 | banco=None | valor=None | data=22/07/2026 - | sink=staged | resolution=temp_preview | verification=TEMP_PREVIEW | manual_open_to_claim_ms=6780 | open_ms=0 | prep_ms=0 | ocr_ms=999 | parse_ms=0 | manual_open_to_ingest_ms=7794
[SINK] committed | file_id=a7f7a72c5c47d89ed12247b8bb901d7881530105 | msg=- | talker=- | create_time=0 | sheet=Página1 | row=5 | ingest_to_commit_ms=772 | manual_open_to_commit_ms=8566
[SCAN] reconcile complete | queued_or_refreshed=9
[OCR] Attempting raw image fallback for 4d6d1a4f16320a308f741503ba6d0e52.dat (is_receipt=False, has_amount=False)
[SKIP] 4d6d1a4f16320a308f741503ba6d0e52.dat | not_receipt=TABULAR_TRANSFER_LIST
[SKIP] feb953df6aeb7649b2ac2f488a869e74.dat | not_receipt=BALANCE_SUMMARY
[HOLD] 1784764328009.jpg | waiting_temp_context
[HOLD] 1784764328021.jpg | waiting_temp_context
[SKIP] 1784764328009.jpg | temp_without_unique_context
[SKIP] 1784764328021.jpg | temp_without_unique_context
[OCR] Attempting raw image fallback for f3b7fe38d806e6096cc2072dd0cbaf2e.dat (is_receipt=False, has_amount=False)
[SKIP] f3b7fe38d806e6096cc2072dd0cbaf2e.dat | not_receipt=TABULAR_TRANSFER_LIST
[SKIP] 55f276a10ce2ef2a40002ce4b1ff060d.dat | not_receipt=BALANCE_SUMMARY
[SKIP] 1784764350609.jpg | temp_without_unique_context
[SKIP] 1784764350622.jpg | temp_without_unique_context
[SCAN] reconcile complete | queued_or_refreshed=8
[SKIP] 7c2783323c1e801c89e433f571c65115.dat | not_receipt=BALANCE_SUMMARY
[SKIP] 1784764399455.jpg | not_receipt=BALANCE_SUMMARY
[SKIP] 1784764399463.jpg | not_receipt=BALANCE_SUMMARY
[OCR] Attempting raw image fallback for 636ea7c0bdf664aeb0ba1d40192128a3.dat (is_receipt=False, has_amount=False)
[SKIP] 636ea7c0bdf664aeb0ba1d40192128a3.dat | not_receipt=TABULAR_TRANSFER_LIST
[SKIP] 3090531fd6eeb8b0bafa068cf8cd6883.dat | not_receipt=BALANCE_SUMMARY
[SKIP] 1784764420101.jpg | temp_without_unique_context
[SKIP] 1784764420120.jpg | temp_without_unique_context
[SCAN] reconcile complete | queued_or_refreshed=8
[OCR] Attempting raw image fallback for 6f06918e9a9f3c1c2ffacfcb8d864f71.dat (is_receipt=False, has_amount=False)
[SKIP] 6f06918e9a9f3c1c2ffacfcb8d864f71.dat | not_receipt=TABULAR_TRANSFER_LIST
[SKIP] 7074601b93864402006d8b357f6dbd40.dat | not_receipt=BALANCE_SUMMARY
[HOLD] 1784764472900.jpg | waiting_temp_context
[HOLD] 1784764472912.jpg | waiting_temp_context
[SKIP] 1784764472900.jpg | temp_without_unique_context
[SKIP] 1784764472912.jpg | temp_without_unique_context
[SKIP] d1a0e24cb64bbcedbdc83f6d276f8813.dat | not_receipt=BALANCE_SUMMARY
[SKIP] 1784764504879.jpg | not_receipt=BALANCE_SUMMARY
[SKIP] 1784764504889.jpg | not_receipt=BALANCE_SUMMARY
[OCR] Attempting raw image fallback for d5991e878c9237a251fdc926a6521016.dat (is_receipt=False, has_amount=False)
[SKIP] d5991e878c9237a251fdc926a6521016.dat | not_receipt=TABULAR_TRANSFER_LIST
[SKIP] 92c704a11fa8370392b8ba51e9143dc8.dat | not_receipt=BALANCE_SUMMARY
[SKIP] 1784764520144.jpg | temp_without_unique_context
[SKIP] 1784764520155.jpg | temp_without_unique_context
[SCAN] reconcile complete | queued_or_refreshed=13
[OCR] Attempting raw image fallback for 54f2b4515793418ab1d1ba9a3d295732.dat (is_receipt=False, has_amount=False)
[SKIP] 54f2b4515793418ab1d1ba9a3d295732.dat | not_receipt=TABULAR_TRANSFER_LIST
[SKIP] b9894db1bc117e2bfe93211a39fe0551.dat | not_receipt=BALANCE_SUMMARY
[SKIP] 1784764547561.jpg | temp_without_unique_context
[SKIP] 1784764547575.jpg | temp_without_unique_context
[HOLD] 1784764579194.jpg | waiting_temp_context
[HOLD] 1784764579212.jpg | waiting_temp_context
[SKIP] 1784764579194.jpg | temp_without_unique_context
[SKIP] 1784764579212.jpg | temp_without_unique_context
[OCR] Attempting raw image fallback for 701c4dd90aa4f8ab7b7f365419e884c4.dat (is_receipt=False, has_amount=False)
[SKIP] 701c4dd90aa4f8ab7b7f365419e884c4.dat | not_receipt=TABULAR_TRANSFER_LIST
[SKIP] aba3eecda3ab4355606fc014ed90c000.dat | not_receipt=BALANCE_SUMMARY
[OCR] Attempting raw image fallback for dc0c49cc14f05d1316cf6d5fa3b6e1ba.dat (is_receipt=False, has_amount=False)
[SKIP] dc0c49cc14f05d1316cf6d5fa3b6e1ba.dat | not_receipt=TABULAR_TRANSFER_LIST
[SCAN] reconcile complete | queued_or_refreshed=11
[SKIP] ef8dcdd794f71a4efa618bb18d0f870b.dat | not_receipt=BALANCE_SUMMARY
[SKIP] 1784764619368.jpg | temp_without_unique_context
[SKIP] 1784764619423.jpg | temp_without_unique_context
[OCR] Attempting raw image fallback for c10d02c911935eb90d08eb9af2e0d14b.dat (is_receipt=False, has_amount=False)
[SKIP] c10d02c911935eb90d08eb9af2e0d14b.dat | not_receipt=TABULAR_TRANSFER_LIST
[SKIP] a359f760046ceb605792e05679495aa1.dat | not_receipt=BALANCE_SUMMARY
[SKIP] 1784764677942.jpg | temp_without_unique_context
[SKIP] 1784764677964.jpg | temp_without_unique_context
[OCR] Attempting raw image fallback for 38e3052cc7e15a62bb78c3900b3a53d4.dat (is_receipt=False, has_amount=False)
[SKIP] 38e3052cc7e15a62bb78c3900b3a53d4.dat | not_receipt=TABULAR_TRANSFER_LIST
[SKIP] 509172efd8c2111ff1bbf0a2cde37f0a.dat | not_receipt=BALANCE_SUMMARY
[HOLD] 1784764718072.jpg | waiting_temp_context
[HOLD] 1784764718083.jpg | waiting_temp_context
[SKIP] 1784764718072.jpg | temp_without_unique_context
[SKIP] 1784764718083.jpg | temp_without_unique_context
[SCAN] reconcile complete | queued_or_refreshed=8
[OK] b98928a86c99198265ac9e6fb5482059.dat | cliente=991 | banco=None | valor=None | data=22/07/2026 - | sink=staged | resolution=direct_image | verification=CONFIRMADO | manual_open_to_claim_ms=2236 | open_ms=1 | prep_ms=0 | ocr_ms=1016 | parse_ms=1 | manual_open_to_ingest_ms=3255
[SINK] committed | file_id=a5c47ccf3f3b32df1651aca1ed3ca933a51eaad3 | msg=- | talker=- | create_time=0 | sheet=Página1 | row=6 | ingest_to_commit_ms=1262 | manual_open_to_commit_ms=4517
[OK] 1784764750185.jpg | cliente=991 | banco=None | valor=None | data=22/07/2026 - | sink=staged | resolution=temp_preview | verification=TEMP_PREVIEW | manual_open_to_claim_ms=4765 | open_ms=0 | prep_ms=0 | ocr_ms=985 | parse_ms=0 | manual_open_to_ingest_ms=5765
[SINK] committed | file_id=74eb6e165d65c0ccfa16c0046e7940fa9c6ebb8c | msg=- | talker=- | create_time=0 | sheet=Página1 | row=7 | ingest_to_commit_ms=756 | manual_open_to_commit_ms=6521
[OK] 1784764750187.jpg | cliente=991 | banco=None | valor=None | data=22/07/2026 - | sink=staged | resolution=temp_preview | verification=TEMP_PREVIEW | manual_open_to_claim_ms=6573 | open_ms=0 | prep_ms=0 | ocr_ms=1132 | parse_ms=1 | manual_open_to_ingest_ms=7719
[SINK] committed | file_id=5ced7a18f90f973d7154b9d36e9f57b965cfc6b1 | msg=- | talker=- | create_time=0 | sheet=Página1 | row=8 | ingest_to_commit_ms=819 | manual_open_to_commit_ms=8538
[HOLD] 1784764768457.jpg | waiting_temp_context
[HOLD] 1784764768498.jpg | waiting_temp_context
[SKIP] 1784764768457.jpg | temp_without_unique_context
[SKIP] 1784764768498.jpg | temp_without_unique_context
[HOLD] 1784764821462.jpg | waiting_temp_context
[HOLD] 1784764821478.jpg | waiting_temp_context
[SCAN] reconcile complete | queued_or_refreshed=9
[SKIP] 1784764821462.jpg | temp_without_unique_context
[SKIP] 1784764821478.jpg | temp_without_unique_context
[OCR] Attempting raw image fallback for 16699d1e99b7f20706d6412f3761dfb9.dat (is_receipt=False, has_amount=False)
[SKIP] 16699d1e99b7f20706d6412f3761dfb9.dat | not_receipt=TABULAR_TRANSFER_LIST
[SKIP] cabf47d1660dec5c2cd98553db26b215.dat | not_receipt=BALANCE_SUMMARY
[OCR] Attempting raw image fallback for af304e2c37fe5622f914d025fa49e8d9.dat (is_receipt=False, has_amount=False)
[SKIP] af304e2c37fe5622f914d025fa49e8d9.dat | not_receipt=TABULAR_TRANSFER_LIST
[SCAN] reconcile complete | queued_or_refreshed=6
[SKIP] 6b3856e1a19eb4d2479b86866f4f4fc1.dat | not_receipt=BALANCE_SUMMARY
[SKIP] 1784764910450.jpg | temp_without_unique_context
[SKIP] 1784764910460.jpg | temp_without_unique_context
[SCAN] reconcile complete | queued_or_refreshed=4
[SCAN] reconcile complete | queued_or_refreshed=2
[SKIP] 213064aaa567ae6e9c013be3bb2b64d5.dat | IGNORED_CLIENT_LABEL_DECORATIVE
[SKIP] 1784765109103.jpg | IGNORED_CLIENT_LABEL_DECORATIVE
[SKIP] 1784765109111.jpg | IGNORED_CLIENT_LABEL_DECORATIVE
[SKIP] c542741f2f30e002d670bf0f6a01c034.dat | IGNORED_CLIENT_LABEL_DECORATIVE
[SKIP] 1784765111612.jpg | IGNORED_CLIENT_LABEL_DECORATIVE
[SKIP] 1784765111695.jpg | IGNORED_CLIENT_LABEL_DECORATIVE
[SKIP] c02daa69c847fcbe6e2c754d77ceda78.dat | IGNORED_CLIENT_LABEL_DECORATIVE
[SKIP] 1784765116341.jpg | IGNORED_CLIENT_LABEL_DECORATIVE
[SKIP] 1784765116429.jpg | IGNORED_CLIENT_LABEL_DECORATIVE
[SKIP] 42d08d02094bea82992fa6b48a7c8305.dat | IGNORED_CLIENT_LABEL_DECORATIVE
[SKIP] 1784765118644.jpg | IGNORED_CLIENT_LABEL_DECORATIVE
[SKIP] 1784765118650.jpg | IGNORED_CLIENT_LABEL_DECORATIVE
[SKIP] 345c873c7d952338963c1ff2f5492c20.dat | IGNORED_CLIENT_LABEL_DECORATIVE
[SKIP] 9704d31aed539c6f28761d459d95f24a.dat | IGNORED_CLIENT_LABEL_DECORATIVE
[SKIP] 1784765120907.jpg | IGNORED_CLIENT_LABEL_DECORATIVE
[SKIP] 1784765120918.jpg | IGNORED_CLIENT_LABEL_DECORATIVE
[SKIP] 1784765123204.jpg | IGNORED_CLIENT_LABEL_DECORATIVE
[SKIP] 1784765123216.jpg | IGNORED_CLIENT_LABEL_DECORATIVE
[SKIP] 631cd5ea33a62179cd6eb031aaf918b0.dat | IGNORED_CLIENT_LABEL_DECORATIVE
[SKIP] 1784765125504.jpg | IGNORED_CLIENT_LABEL_DECORATIVE
[SKIP] 1784765125510.jpg | IGNORED_CLIENT_LABEL_DECORATIVE
[SCAN] reconcile complete | queued_or_refreshed=21
[SCAN] reconcile complete | queued_or_refreshed=21
[SCAN] reconcile complete | queued_or_refreshed=0
[SCAN] reconcile complete | queued_or_refreshed=0
[OK] e32b9d9904cd0b9124bd46630302e8fb.dat | cliente=1 | banco=AMD | valor=30.0 | data=21/07/2026 17:05 | sink=staged | resolution=direct_image | verification=CONFIRMADO | manual_open_to_claim_ms=1895 | open_ms=15 | prep_ms=40 | ocr_ms=1361 | parse_ms=1 | manual_open_to_ingest_ms=3322
[SINK] committed | file_id=6a4c7a965fe40fa4457de7e65e3c8ff3a29b4489 | msg=- | talker=- | create_time=0 | sheet=Página1 | row=2 | ingest_to_commit_ms=1184 | manual_open_to_commit_ms=4507
[RETRY] 6ba3d6925c0dc1c002e9c4b578122098_.jpg | attempt=1 | err=FileNotFoundError: Resolved file disappeared: C:\Users\Felipe\Documents\WeChat Files\wxid_xd3703k0ih2p22\FileStorage\Temp\6ba3d6925c0dc1c002e9c4b578122098_.jpg
[OK] 9c7e854125217e33053091e3f418a64e.dat | cliente=1 | banco=AMD | valor=60.0 | data=21/07/2026 20:38 | sink=staged | resolution=direct_image | verification=CONFIRMADO | manual_open_to_claim_ms=1208 | open_ms=17 | prep_ms=41 | ocr_ms=4113 | parse_ms=1 | manual_open_to_ingest_ms=5393
[SINK] committed | file_id=99acd9f16dad9e878f51a417ad34c00a515ba22e | msg=- | talker=- | create_time=0 | sheet=Página1 | row=3 | ingest_to_commit_ms=852 | manual_open_to_commit_ms=6245
[OK] ebd6a3c3813b3ef0f1e7c9efd89d77e5.dat | cliente=1 | banco=AMD | valor=11250.0 | data=22/07/2026 09:14 | sink=staged | resolution=direct_image | verification=CONFIRMADO | manual_open_to_claim_ms=3412 | open_ms=18 | prep_ms=42 | ocr_ms=2375 | parse_ms=2 | manual_open_to_ingest_ms=5861
[SINK] committed | file_id=135fbb319da86f35710e7fe70bba1c5665b7f441 | msg=- | talker=- | create_time=0 | sheet=Página1 | row=4 | ingest_to_commit_ms=834 | manual_open_to_commit_ms=6695
[OK] e136056b7fd6fb7eddc64299e35b7542.dat | cliente=1 | banco=AMD | valor=3350.0 | data=22/07/2026 10:08 | sink=staged | resolution=direct_image | verification=CONFIRMADO | manual_open_to_claim_ms=1082 | open_ms=17 | prep_ms=43 | ocr_ms=3015 | parse_ms=2 | manual_open_to_ingest_ms=4172
[SINK] committed | file_id=bf1fb6843ad6794c99308e0aaf8a6a68209d9d56 | msg=- | talker=- | create_time=0 | sheet=Página1 | row=5 | ingest_to_commit_ms=786 | manual_open_to_commit_ms=4957
[OK] da91d039c732190c6f399d9dff3c3b34.dat | cliente=1 | banco=AMD | valor=1725.0 | data=21/07/2026 09:50 | sink=staged | resolution=direct_image | verification=CONFIRMADO | manual_open_to_claim_ms=7908 | open_ms=15 | prep_ms=41 | ocr_ms=3908 | parse_ms=2 | manual_open_to_ingest_ms=11887
[SINK] committed | file_id=4cc8eb23681927d16b2e668ff2182b369f4d55e8 | msg=- | talker=- | create_time=0 | sheet=Página1 | row=6 | ingest_to_commit_ms=778 | manual_open_to_commit_ms=12665
[OK] a4ab750065e6b4467113a0cc92b536fa.dat | cliente=1 | banco=AMD | valor=1800.0 | data=22/07/2026 09:57 | sink=staged | resolution=direct_image | verification=CONFIRMADO | manual_open_to_claim_ms=6780 | open_ms=15 | prep_ms=40 | ocr_ms=947 | parse_ms=1 | manual_open_to_ingest_ms=7794
[SINK] committed | file_id=d31bc4750537b2ed66d3d09df251649eb7df0d99 | msg=- | talker=- | create_time=0 | sheet=Página1 | row=7 | ingest_to_commit_ms=722 | manual_open_to_commit_ms=8516
[RETRY] 6ba3d6925c0dc1c002e9c4b578122098_.jpg | attempt=2 | err=FileNotFoundError: Resolved file disappeared: C:\Users\Felipe\Documents\WeChat Files\wxid_xd3703k0ih2p22\FileStorage\Temp\6ba3d6925c0dc1c002e9c4b578122098_.jpg
[RETRY] d66da97ddcbeb773ea11b6a610fef2a4_.jpg | attempt=1 | err=FileNotFoundError: Resolved file disappeared: C:\Users\Felipe\Documents\WeChat Files\wxid_xd3703k0ih2p22\FileStorage\Temp\d66da97ddcbeb773ea11b6a610fef2a4_.jpg
[RETRY] 8c4f90ea9d082ae4b46e234a11d076bc_.jpg | attempt=1 | err=FileNotFoundError: Resolved file disappeared: C:\Users\Felipe\Documents\WeChat Files\wxid_xd3703k0ih2p22\FileStorage\Temp\8c4f90ea9d082ae4b46e234a11d076bc_.jpg
[RETRY] 5547b8c4dcd1c87246f203c708dccfa1_.jpg | attempt=1 | err=FileNotFoundError: Resolved file disappeared: C:\Users\Felipe\Documents\WeChat Files\wxid_xd3703k0ih2p22\FileStorage\Temp\5547b8c4dcd1c87246f203c708dccfa1_.jpg
[RETRY] 7b1b987cb7e0b7d495dc1fdc338a0c06_.jpg | attempt=1 | err=FileNotFoundError: Resolved file disappeared: C:\Users\Felipe\Documents\WeChat Files\wxid_xd3703k0ih2p22\FileStorage\Temp\7b1b987cb7e0b7d495dc1fdc338a0c06_.jpg
[RETRY] 3b15efc68d6117d49cb81fd93cc858f8_.jpg | attempt=1 | err=FileNotFoundError: Resolved file disappeared: C:\Users\Felipe\Documents\WeChat Files\wxid_xd3703k0ih2p22\FileStorage\Temp\3b15efc68d6117d49cb81fd93cc858f8_.jpg
[SCAN] reconcile complete | queued_or_refreshed=7
[OK] 8c44e46f42fb9c422f8320ea4627e237.dat | cliente=1 | banco=AMD | valor=210.0 | data=22/07/2026 10:06 | sink=staged | resolution=direct_image | verification=CONFIRMADO | manual_open_to_claim_ms=3243 | open_ms=17 | prep_ms=43 | ocr_ms=2310 | parse_ms=2 | manual_open_to_ingest_ms=5628
[SINK] committed | file_id=6255a7dbe6b95b2c977aac672b7d38875cbd5921 | msg=- | talker=- | create_time=0 | sheet=Página1 | row=8 | ingest_to_commit_ms=825 | manual_open_to_commit_ms=6454
[OK] b95626059a6d86f63188543a15898f7c.dat | cliente=1 | banco=AMD | valor=24110.0 | data=22/07/2026 10:47 | sink=staged | resolution=direct_image | verification=CONFIRMADO | manual_open_to_claim_ms=3559 | open_ms=18 | prep_ms=41 | ocr_ms=1475 | parse_ms=1 | manual_open_to_ingest_ms=5105
[SINK] committed | file_id=3fa0bc099b2475fe5abbb8196aceddb517238526 | msg=- | talker=- | create_time=0 | sheet=Página1 | row=9 | ingest_to_commit_ms=710 | manual_open_to_commit_ms=5815
[OK] 8f4a06ba9e5807b13d1138ad7f47beb5.dat | cliente=1 | banco=AMD | valor=1826.0 | data=22/07/2026 10:31 | sink=staged | resolution=direct_image | verification=CONFIRMADO | manual_open_to_claim_ms=3087 | open_ms=22 | prep_ms=49 | ocr_ms=1518 | parse_ms=1 | manual_open_to_ingest_ms=4689
[SINK] committed | file_id=6928ca251b6ee53f432ec9805748c0869ccf4491 | msg=- | talker=- | create_time=0 | sheet=Página1 | row=10 | ingest_to_commit_ms=781 | manual_open_to_commit_ms=5471
[OK] 717a8fc426d077601261d62c3d857869.dat | cliente=1 | banco=AMD | valor=6040.0 | data=22/07/2026 11:06 | sink=staged | resolution=direct_image | verification=CONFIRMADO | manual_open_to_claim_ms=2743 | open_ms=16 | prep_ms=42 | ocr_ms=3358 | parse_ms=2 | manual_open_to_ingest_ms=6175
[SINK] committed | file_id=bcdd40c759b99fd8be42d68077d14c36ab53665a | msg=- | talker=- | create_time=0 | sheet=Página1 | row=11 | ingest_to_commit_ms=847 | manual_open_to_commit_ms=7022
[OK] 6df732c66616c539c6d846c9463be074.dat | cliente=1 | banco=AMD | valor=1750.0 | data=22/07/2026 11:28 | sink=staged | resolution=direct_image | verification=CONFIRMADO | manual_open_to_claim_ms=4206 | open_ms=23 | prep_ms=51 | ocr_ms=2628 | parse_ms=2 | manual_open_to_ingest_ms=6927
[SINK] committed | file_id=c290b048450f29fd18c15034761acf2c7e3da935 | msg=- | talker=- | create_time=0 | sheet=Página1 | row=12 | ingest_to_commit_ms=756 | manual_open_to_commit_ms=7683
[OK] 4086813993324cda8058c3bdae9766aa.dat | cliente=1 | banco=AMD | valor=600.0 | data=22/07/2026 11:40 | sink=staged | resolution=direct_image | verification=CONFIRMADO | manual_open_to_claim_ms=4837 | open_ms=25 | prep_ms=47 | ocr_ms=1221 | parse_ms=1 | manual_open_to_ingest_ms=6141
[SINK] committed | file_id=e06e41e48e73f3d4d5a5536a93811a61f3c74a63 | msg=- | talker=- | create_time=0 | sheet=Página1 | row=13 | ingest_to_commit_ms=820 | manual_open_to_commit_ms=6961
[OK] 34a867a6cc98def7c16035d76babf3a7.dat | cliente=1 | banco=AMD | valor=910.0 | data=22/07/2026 11:52 | sink=staged | resolution=direct_image | verification=CONFIRMADO | manual_open_to_claim_ms=4187 | open_ms=20 | prep_ms=45 | ocr_ms=2151 | parse_ms=2 | manual_open_to_ingest_ms=6416
[SINK] committed | file_id=b32aa0ac5d41306a5165ca31cc180c2b777ba733 | msg=- | talker=- | create_time=0 | sheet=Página1 | row=14 | ingest_to_commit_ms=743 | manual_open_to_commit_ms=7159
[OK] 8341948427abb71fb86fbd8297866f44.dat | cliente=1 | banco=AMD | valor=2650.0 | data=22/07/2026 13:20 | sink=staged | resolution=direct_image | verification=CONFIRMADO | manual_open_to_claim_ms=4299 | open_ms=19 | prep_ms=40 | ocr_ms=3525 | parse_ms=2 | manual_open_to_ingest_ms=7897
[SINK] committed | file_id=84f308643f640d8c79dcba5471a7264d3a03027d | msg=- | talker=- | create_time=0 | sheet=Página1 | row=15 | ingest_to_commit_ms=716 | manual_open_to_commit_ms=8614
[OK] 1df0af67a0d7c61c8c84ff356feba955.dat | cliente=1 | banco=AMD | valor=1525.0 | data=22/07/2026 13:25 | sink=staged | resolution=direct_image | verification=CONFIRMADO | manual_open_to_claim_ms=5894 | open_ms=27 | prep_ms=59 | ocr_ms=2089 | parse_ms=1 | manual_open_to_ingest_ms=8089
[SINK] committed | file_id=9abbd4d41153d9b170c90143bfaf2a846b1a486c | msg=- | talker=- | create_time=0 | sheet=Página1 | row=16 | ingest_to_commit_ms=695 | manual_open_to_commit_ms=8784
[OK] b9f88bdd6d4d67bd826e7c4f0ffe34d1.dat | cliente=1 | banco=AMD | valor=900.0 | data=22/07/2026 13:52 | sink=staged | resolution=direct_image | verification=CONFIRMADO | manual_open_to_claim_ms=5996 | open_ms=23 | prep_ms=48 | ocr_ms=3618 | parse_ms=1 | manual_open_to_ingest_ms=9701
[SINK] committed | file_id=0967e1f24cd30b49866625c54d326f18727de7d0 | msg=- | talker=- | create_time=0 | sheet=Página1 | row=17 | ingest_to_commit_ms=717 | manual_open_to_commit_ms=10418
[OK] 8a23b2845e850b9a498c377e5b2cedba.dat | cliente=1 | banco=AMD | valor=270.0 | data=22/07/2026 14:55 | sink=staged | resolution=direct_image | verification=CONFIRMADO | manual_open_to_claim_ms=1937 | open_ms=14 | prep_ms=40 | ocr_ms=2400 | parse_ms=1 | manual_open_to_ingest_ms=4405
[SINK] committed | file_id=9ce739ef2a61f23a542cea80d0e19a0421b796b3 | msg=- | talker=- | create_time=0 | sheet=Página1 | row=18 | ingest_to_commit_ms=737 | manual_open_to_commit_ms=5142
[OK] ac8704b19d50a83127ceb5fb28480f22.dat | cliente=1 | banco=AMD | valor=1715.0 | data=22/07/2026 15:56 | sink=staged | resolution=direct_image | verification=CONFIRMADO | manual_open_to_claim_ms=2341 | open_ms=16 | prep_ms=41 | ocr_ms=2434 | parse_ms=1 | manual_open_to_ingest_ms=4845
[SINK] committed | file_id=ad00e080e0be2e22e0b3440876d4b05cc030edb8 | msg=- | talker=- | create_time=0 | sheet=Página1 | row=19 | ingest_to_commit_ms=718 | manual_open_to_commit_ms=5562
[OK] b78b84d0278936cabcaddd91782c10d1.dat | cliente=1 | banco=AMD | valor=670.0 | data=22/07/2026 14:44 | sink=staged | resolution=direct_image | verification=CONFIRMADO | manual_open_to_claim_ms=14205 | open_ms=15 | prep_ms=44 | ocr_ms=1683 | parse_ms=1 | manual_open_to_ingest_ms=15961
[SINK] committed | file_id=8ce26898d4bbbe0399c75c8e717118a8d9b98bf5 | msg=- | talker=- | create_time=0 | sheet=Página1 | row=20 | ingest_to_commit_ms=712 | manual_open_to_commit_ms=16673
[OK] 3009ea51e07576fa8e2f2b9bd23eb587.dat | cliente=1 | banco=AMD | valor=4000.0 | data=22/07/2026 10:58 | sink=staged | resolution=direct_image | verification=CONFIRMADO | manual_open_to_claim_ms=2485 | open_ms=22 | prep_ms=44 | ocr_ms=1472 | parse_ms=1 | manual_open_to_ingest_ms=4033
[SINK] committed | file_id=de364c1a49809fd651b069b012d762af901cdc1d | msg=- | talker=- | create_time=0 | sheet=Página1 | row=21 | ingest_to_commit_ms=799 | manual_open_to_commit_ms=4832
[OK] 739feefe4306087647b64f5345de2deb.dat | cliente=1 | banco=AMD | valor=1220.0 | data=22/07/2026 14:41 | sink=staged | resolution=direct_image | verification=CONFIRMADO | manual_open_to_claim_ms=16253 | open_ms=16 | prep_ms=42 | ocr_ms=1926 | parse_ms=1 | manual_open_to_ingest_ms=18250
[SINK] committed | file_id=88a644c43d002a0937574ccddb6476e23aae1da6 | msg=- | talker=- | create_time=0 | sheet=Página1 | row=22 | ingest_to_commit_ms=733 | manual_open_to_commit_ms=18983
[OK] 44e848d5f546ca2b8ba7886503596a0e.dat | cliente=1 | banco=AMD | valor=7500.0 | data=21/07/2026 19:13 | sink=staged | resolution=direct_image | verification=CONFIRMADO | manual_open_to_claim_ms=10453 | open_ms=22 | prep_ms=39 | ocr_ms=3545 | parse_ms=1 | manual_open_to_ingest_ms=14070
[SINK] committed | file_id=bf893309f1722f0c2ba848532d73547d78091191 | msg=- | talker=- | create_time=0 | sheet=Página1 | row=23 | ingest_to_commit_ms=802 | manual_open_to_commit_ms=14872
[OK] 10ecae66b7a5526fe44061d9f6b9716d.dat | cliente=1 | banco=AMD | valor=6406.0 | data=21/07/2026 16:30 | sink=staged | resolution=direct_image | verification=CONFIRMADO | manual_open_to_claim_ms=9194 | open_ms=8 | prep_ms=21 | ocr_ms=1522 | parse_ms=1 | manual_open_to_ingest_ms=10751
[SINK] committed | file_id=468592ad1a1879d14edf6c84a66736d7b2d0737d | msg=- | talker=- | create_time=0 | sheet=Página1 | row=24 | ingest_to_commit_ms=740 | manual_open_to_commit_ms=11490
[OK] 5162452e386425362e7f817512a6aaa2.dat | cliente=1 | banco=AMD | valor=28517.0 | data=22/07/2026 13:07 | sink=staged | resolution=direct_image | verification=CONFIRMADO | manual_open_to_claim_ms=8602 | open_ms=19 | prep_ms=41 | ocr_ms=1549 | parse_ms=1 | manual_open_to_ingest_ms=10223
[SINK] committed | file_id=24e0d3376841bf8884de45041b65f71b3593be20 | msg=- | talker=- | create_time=0 | sheet=Página1 | row=25 | ingest_to_commit_ms=719 | manual_open_to_commit_ms=10942
[OK] 0b92efccb2c010a90dafe3e365ffb734.dat | cliente=1 | banco=AMD | valor=38000.0 | data=22/07/2026 13:06 | sink=staged | resolution=direct_image | verification=CONFIRMADO | manual_open_to_claim_ms=8282 | open_ms=19 | prep_ms=41 | ocr_ms=1583 | parse_ms=1 | manual_open_to_ingest_ms=9939
[SINK] committed | file_id=9fa03c57a1dd078b2fb5a52bac8aea6fe92b14ea | msg=- | talker=- | create_time=0 | sheet=Página1 | row=26 | ingest_to_commit_ms=845 | manual_open_to_commit_ms=10785
[OK] e5662642beea78b72215862e701170c3.dat | cliente=1 | banco=AMD | valor=28828.0 | data=21/07/2026 18:58 | sink=staged | resolution=direct_image | verification=CONFIRMADO | manual_open_to_claim_ms=2181 | open_ms=15 | prep_ms=29 | ocr_ms=2646 | parse_ms=1 | manual_open_to_ingest_ms=4880
[SINK] committed | file_id=ea064c659d15cca66e620819dcd597994d3ed381 | msg=- | talker=- | create_time=0 | sheet=Página1 | row=27 | ingest_to_commit_ms=847 | manual_open_to_commit_ms=5727
[OK] c2c72b30d03b2c690e753401496ab703.dat | cliente=1 | banco=AMD | valor=40000.0 | data=22/07/2026 13:06 | sink=staged | resolution=direct_image | verification=CONFIRMADO | manual_open_to_claim_ms=11646 | open_ms=30 | prep_ms=50 | ocr_ms=1400 | parse_ms=1 | manual_open_to_ingest_ms=13143
[SINK] committed | file_id=4d37191b6374162bfa176c972d2cc8d3ffb3316a | msg=- | talker=- | create_time=0 | sheet=Página1 | row=28 | ingest_to_commit_ms=718 | manual_open_to_commit_ms=13861
[OK] 1035ec5cf4f918f471025217dcd3a6d8.dat | cliente=1 | banco=AMD | valor=559.0 | data=16/07/2026 12:55 | sink=staged | resolution=direct_image | verification=CONFIRMADO | manual_open_to_claim_ms=2437 | open_ms=5 | prep_ms=0 | ocr_ms=4149 | parse_ms=1 | manual_open_to_ingest_ms=6597
[SINK] committed | file_id=486aa425ddf4c840bcaff968674086a570044d7f | msg=- | talker=- | create_time=0 | sheet=Página1 | row=29 | ingest_to_commit_ms=715 | manual_open_to_commit_ms=7312
[OK] 7981da04118b505ef25ce3f904224b39.dat | cliente=1 | banco=AMD | valor=2102.0 | data=17/07/2026 11:15 | sink=staged | resolution=direct_image | verification=CONFIRMADO | manual_open_to_claim_ms=1705 | open_ms=12 | prep_ms=33 | ocr_ms=3461 | parse_ms=2 | manual_open_to_ingest_ms=5223
[SINK] committed | file_id=c9008ba3b89f0a4bf3f36be0f61adf078abbc7c8 | msg=- | talker=- | create_time=0 | sheet=Página1 | row=30 | ingest_to_commit_ms=735 | manual_open_to_commit_ms=5957
[OK] 014cd7c357bbecf6263d5cb6e8bdc046.dat | cliente=1 | banco=AMD | valor=630.0 | data=22/07/2026 16:52 | sink=staged | resolution=direct_image | verification=CONFIRMADO | manual_open_to_claim_ms=20274 | open_ms=18 | prep_ms=38 | ocr_ms=1317 | parse_ms=1 | manual_open_to_ingest_ms=21659
[SINK] committed | file_id=879dfd993f9f42836cb6b91169257097f6c97032 | msg=- | talker=- | create_time=0 | sheet=Página1 | row=31 | ingest_to_commit_ms=705 | manual_open_to_commit_ms=22364
[OK] 5977fbab0f6510ed5a3416b61a7497f8.dat | cliente=1 | banco=AMD | valor=420.0 | data=16/07/2026 11:53 | sink=staged | resolution=direct_image | verification=CONFIRMADO | manual_open_to_claim_ms=16662 | open_ms=4 | prep_ms=0 | ocr_ms=2936 | parse_ms=1 | manual_open_to_ingest_ms=19609
[SINK] committed | file_id=e19018c5c8e542af20e94e49733d285747b66717 | msg=- | talker=- | create_time=0 | sheet=Página1 | row=32 | ingest_to_commit_ms=709 | manual_open_to_commit_ms=20318
[OK] 4c037cb398dad06489a1fb6ade853813.dat | cliente=1 | banco=AMD | valor=1091.0 | data=16/07/2026 13:37 | sink=staged | resolution=direct_image | verification=CONFIRMADO | manual_open_to_claim_ms=14702 | open_ms=5 | prep_ms=1 | ocr_ms=2291 | parse_ms=1 | manual_open_to_ingest_ms=17006
[SINK] committed | file_id=bd9452d05d0a851e2885b235d654376b4ac99e5c | msg=- | talker=- | create_time=0 | sheet=Página1 | row=33 | ingest_to_commit_ms=728 | manual_open_to_commit_ms=17734
[OK] 39cc7ce1c1ccb90a6f4193ae26368a9f.dat | cliente=1 | banco=AMD | valor=300.0 | data=17/07/2026 13:07 | sink=staged | resolution=direct_image | verification=CONFIRMADO | manual_open_to_claim_ms=12087 | open_ms=7 | prep_ms=0 | ocr_ms=4879 | parse_ms=3 | manual_open_to_ingest_ms=16982
[SINK] committed | file_id=f188cbc7c7f387f45b134c6811ab15ad24f6457b | msg=- | talker=- | create_time=0 | sheet=Página1 | row=34 | ingest_to_commit_ms=739 | manual_open_to_commit_ms=17721
[SCAN] reconcile complete | queued_or_refreshed=39
[OK] 05bd8eb3afd3ff2111a3b4a1608ea959.dat | cliente=1 | banco=AMD | valor=1878.0 | data=21/07/2026 09:17 | sink=staged | resolution=direct_image | verification=CONFIRMADO | manual_open_to_claim_ms=1541 | open_ms=11 | prep_ms=2 | ocr_ms=3045 | parse_ms=1 | manual_open_to_ingest_ms=4607
[SINK] committed | file_id=5ac6026510edd92754ac8d8d28748340775cb2d5 | msg=- | talker=- | create_time=0 | sheet=Página1 | row=35 | ingest_to_commit_ms=719 | manual_open_to_commit_ms=5326
[OK] 8652cec05f12ef506085b03eb288ded2.dat | cliente=1 | banco=AMD | valor=630.0 | data=21/07/2026 11:33 | sink=staged | resolution=direct_image | verification=CONFIRMADO | manual_open_to_claim_ms=2469 | open_ms=22 | prep_ms=34 | ocr_ms=3914 | parse_ms=2 | manual_open_to_ingest_ms=6452
[SINK] committed | file_id=b4ded562b7a3c91ec6f3ac3a8b507d96172c4471 | msg=- | talker=- | create_time=0 | sheet=Página1 | row=36 | ingest_to_commit_ms=756 | manual_open_to_commit_ms=7207
[OK] 5731c39d8e386bb6e68a4c6dcaf4fa58.dat | cliente=1 | banco=AMD | valor=278.0 | data=21/07/2026 12:13 | sink=staged | resolution=direct_image | verification=CONFIRMADO | manual_open_to_claim_ms=1541 | open_ms=14 | prep_ms=2 | ocr_ms=6543 | parse_ms=2 | manual_open_to_ingest_ms=8109
[SINK] committed | file_id=aac4ab0273e679dae6a31a439611376544a49dd3 | msg=- | talker=- | create_time=0 | sheet=Página1 | row=37 | ingest_to_commit_ms=740 | manual_open_to_commit_ms=8849
[OK] 076d4b9c5d6ea3b4b5fea9b92d8a98a9.dat | cliente=1 | banco=AMD | valor=520.0 | data=17/07/2026 15:22 | sink=staged | resolution=direct_image | verification=CONFIRMADO | manual_open_to_claim_ms=34609 | open_ms=6 | prep_ms=1 | ocr_ms=3588 | parse_ms=1 | manual_open_to_ingest_ms=38208
[SINK] committed | file_id=3f03deedd96eb8d22fbbc65daeaf9530adb7054a | msg=- | talker=- | create_time=0 | sheet=Página1 | row=38 | ingest_to_commit_ms=748 | manual_open_to_commit_ms=38956
[OK] f66675f0833671a6e8a90f16842826c3.dat | cliente=1 | banco=AMD | valor=918.0 | data=18/07/2026 14:45 | sink=staged | resolution=direct_image | verification=CONFIRMADO | manual_open_to_claim_ms=36039 | open_ms=4 | prep_ms=0 | ocr_ms=2685 | parse_ms=1 | manual_open_to_ingest_ms=38738
[SINK] committed | file_id=7ac8402bd6ab75c3828554e38a058a324b3090bd | msg=- | talker=- | create_time=0 | sheet=Página1 | row=39 | ingest_to_commit_ms=728 | manual_open_to_commit_ms=39466
[OK] facb3f74d3eba42a8637386dcda7ed2e.dat | cliente=1 | banco=AMD | valor=3240.0 | data=22/07/2026 10:29 | sink=staged | resolution=direct_image | verification=CONFIRMADO | manual_open_to_claim_ms=2481 | open_ms=7 | prep_ms=1 | ocr_ms=1570 | parse_ms=2 | manual_open_to_ingest_ms=4072
[SINK] committed | file_id=cca68d6ec3eeaf36e804a8b69384d15d915e79f1 | msg=- | talker=- | create_time=0 | sheet=Página1 | row=40 | ingest_to_commit_ms=825 | manual_open_to_commit_ms=4897
[OK] e4db7a4367a50de835dab83d24a6b66e.dat | cliente=1 | banco=AMD | valor=1784.0 | data=19/07/2026 10:29 | sink=staged | resolution=direct_image | verification=CONFIRMADO | manual_open_to_claim_ms=39235 | open_ms=10 | prep_ms=1 | ocr_ms=2845 | parse_ms=1 | manual_open_to_ingest_ms=42099
[SINK] committed | file_id=9633eb07d4f55bef4220c7fcd7d3bb4d227fa2d4 | msg=- | talker=- | create_time=0 | sheet=Página1 | row=41 | ingest_to_commit_ms=757 | manual_open_to_commit_ms=42856
[OK] 9a972f61660a78cbbbddce573feebeee.dat | cliente=1 | banco=CLEEND | valor=3500.0 | data=21/07/2026 18:47 | sink=staged | resolution=direct_image | verification=CONFIRMADO | manual_open_to_claim_ms=2199 | open_ms=5 | prep_ms=4 | ocr_ms=2989 | parse_ms=2 | manual_open_to_ingest_ms=5204
[SINK] committed | file_id=8beaa91a136793b389776fb50eb63495c91369a1 | msg=- | talker=- | create_time=0 | sheet=Página1 | row=42 | ingest_to_commit_ms=712 | manual_open_to_commit_ms=5916
[OK] 64e009d665056ed764c2153b1955207e.dat | cliente=1 | banco=CLEEND | valor=342.5 | data=21/07/2026 18:51 | sink=staged | resolution=direct_image | verification=CONFIRMADO | manual_open_to_claim_ms=1941 | open_ms=8 | prep_ms=1 | ocr_ms=5047 | parse_ms=2 | manual_open_to_ingest_ms=7003
[SINK] committed | file_id=bdb0bf463c4fb7738ba1d45824bc1564a6937acf | msg=- | talker=- | create_time=0 | sheet=Página1 | row=43 | ingest_to_commit_ms=757 | manual_open_to_commit_ms=7761
[OK] a95c7a629166d6c296a9596afab20ab8.dat | cliente=1 | banco=AMD | valor=713.0 | data=20/07/2026 08:32 | sink=staged | resolution=direct_image | verification=CONFIRMADO | manual_open_to_claim_ms=49667 | open_ms=9 | prep_ms=3 | ocr_ms=2254 | parse_ms=1 | manual_open_to_ingest_ms=51940
[SINK] committed | file_id=c8ec6d89ea8f0ff54fb291fc11b50eab7f8552d4 | msg=- | talker=- | create_time=0 | sheet=Página1 | row=44 | ingest_to_commit_ms=709 | manual_open_to_commit_ms=52649
[OK] cc8ed9965ef2a6a745479de0eaed420b.dat | cliente=1 | banco=AMD | valor=740.0 | data=20/07/2026 09:20 | sink=staged | resolution=direct_image | verification=CONFIRMADO | manual_open_to_claim_ms=49852 | open_ms=7 | prep_ms=1 | ocr_ms=5409 | parse_ms=2 | manual_open_to_ingest_ms=55274
[SINK] committed | file_id=0ed2c2fa5153c1592b43aff1fd3f0e76f863b788 | msg=- | talker=- | create_time=0 | sheet=Página1 | row=45 | ingest_to_commit_ms=710 | manual_open_to_commit_ms=55984
[OK] d82c207b306ba938bd2a4f442fe4cce5.dat | cliente=1 | banco=AMD | valor=1220.0 | data=20/07/2026 11:45 | sink=staged | resolution=direct_image | verification=CONFIRMADO | manual_open_to_claim_ms=53159 | open_ms=4 | prep_ms=0 | ocr_ms=4138 | parse_ms=2 | manual_open_to_ingest_ms=57313
[SINK] committed | file_id=5cf3173e6bbb548d893f69a821aac4ffa829e929 | msg=- | talker=- | create_time=0 | sheet=Página1 | row=46 | ingest_to_commit_ms=709 | manual_open_to_commit_ms=58022
[OK] 2c356896e922660c0041be71ee4ef871.dat | cliente=1 | banco=AMD | valor=625.0 | data=21/07/2026 12:09 | sink=staged | resolution=direct_image | verification=CONFIRMADO | manual_open_to_claim_ms=49570 | open_ms=15 | prep_ms=3 | ocr_ms=5728 | parse_ms=2 | manual_open_to_ingest_ms=55325
[SINK] committed | file_id=b45ee23c0a27bd678e8953d5e299ac20068adc64 | msg=- | talker=- | create_time=0 | sheet=Página1 | row=47 | ingest_to_commit_ms=712 | manual_open_to_commit_ms=56037
[OK] 7699fa611ff08bd2de87f240681557fe.dat | cliente=1 | banco=AMD | valor=585.0 | data=22/07/2026 09:50 | sink=staged | resolution=direct_image | verification=CONFIRMADO | manual_open_to_claim_ms=2003 | open_ms=4 | prep_ms=0 | ocr_ms=3849 | parse_ms=2 | manual_open_to_ingest_ms=5862
[SINK] committed | file_id=e43e755c8067a6187b0abec1db38e1faa2f5cafa | msg=- | talker=- | create_time=0 | sheet=Página1 | row=48 | ingest_to_commit_ms=695 | manual_open_to_commit_ms=6557
[OK] 7d3a4023988f535605843775b463ebd2.dat | cliente=1 | banco=AMD | valor=750.0 | data=21/07/2026 12:49 | sink=staged | resolution=direct_image | verification=CONFIRMADO | manual_open_to_claim_ms=54919 | open_ms=18 | prep_ms=38 | ocr_ms=2321 | parse_ms=1 | manual_open_to_ingest_ms=57308
[SINK] committed | file_id=ab76167d979455bd31ec5304dae6a36569c844ce | msg=- | talker=- | create_time=0 | sheet=Página1 | row=49 | ingest_to_commit_ms=723 | manual_open_to_commit_ms=58031
[OK] 8ecac391186acfedb0e46b2f20cfe551.dat | cliente=1 | banco=CLEEND | valor=584.0 | data=22/07/2026 10:53 | sink=staged | resolution=direct_image | verification=CONFIRMADO | manual_open_to_claim_ms=2057 | open_ms=5 | prep_ms=1 | ocr_ms=3060 | parse_ms=2 | manual_open_to_ingest_ms=5128
[SINK] committed | file_id=85a1dfc27a6a2b2012a7bb859084272742caeab8 | msg=- | talker=- | create_time=0 | sheet=Página1 | row=50 | ingest_to_commit_ms=734 | manual_open_to_commit_ms=5862
[OK] 812ab57167c8fec4d3684df4240280b4.dat | cliente=1 | banco=AMD | valor=9025.0 | data=21/07/2026 13:35 | sink=staged | resolution=direct_image | verification=CONFIRMADO | manual_open_to_claim_ms=59093 | open_ms=10 | prep_ms=1 | ocr_ms=3496 | parse_ms=2 | manual_open_to_ingest_ms=62609
[SINK] committed | file_id=beff0230e01dfcd866d032e6106c1ae582a53765 | msg=- | talker=- | create_time=0 | sheet=Página1 | row=51 | ingest_to_commit_ms=714 | manual_open_to_commit_ms=63324
[OK] a402362be36a405bb34de6e291319da6.dat | cliente=1 | banco=CLEEND | valor=606.1 | data=22/07/2026 18:10 | sink=staged | resolution=direct_image | verification=CONFIRMADO | manual_open_to_claim_ms=2081 | open_ms=9 | prep_ms=1 | ocr_ms=2398 | parse_ms=1 | manual_open_to_ingest_ms=4496
[SINK] committed | file_id=9d9c6f9ffa70ea3575ae6667166234ed3a0a87a6 | msg=- | talker=- | create_time=0 | sheet=Página1 | row=52 | ingest_to_commit_ms=730 | manual_open_to_commit_ms=5226
[OK] 3b1cf869531c6015d2cbdac4205c2e0b.dat | cliente=1 | banco=AMD | valor=669.0 | data=22/07/2026 11:26 | sink=staged | resolution=direct_image | verification=CONFIRMADO | manual_open_to_claim_ms=1841 | open_ms=5 | prep_ms=0 | ocr_ms=2125 | parse_ms=1 | manual_open_to_ingest_ms=3976
[SINK] committed | file_id=22b763f91b3411174148e30c3e3c10d4822b0bea | msg=- | talker=- | create_time=0 | sheet=Página1 | row=53 | ingest_to_commit_ms=699 | manual_open_to_commit_ms=4675
[OK] acc8676d4830c074228c0d6511463482.dat | cliente=1 | banco=AMD | valor=2300.0 | data=21/07/2026 15:22 | sink=staged | resolution=direct_image | verification=CONFIRMADO | manual_open_to_claim_ms=66660 | open_ms=5 | prep_ms=0 | ocr_ms=2216 | parse_ms=1 | manual_open_to_ingest_ms=68886
[SINK] committed | file_id=e7b43fe479e277d42c48dee94f6cc65eb9bf3876 | msg=- | talker=- | create_time=0 | sheet=Página1 | row=54 | ingest_to_commit_ms=715 | manual_open_to_commit_ms=69601
[OK] 2b6dfd3894d0738a9bf7e9f69720c132.dat | cliente=1 | banco=AMD | valor=675.0 | data=21/07/2026 16:04 | sink=staged | resolution=direct_image | verification=CONFIRMADO | manual_open_to_claim_ms=66715 | open_ms=10 | prep_ms=0 | ocr_ms=4044 | parse_ms=1 | manual_open_to_ingest_ms=70775
[SINK] committed | file_id=ec01c73b437a4a66576396435c63df8c9f8c1b9c | msg=- | talker=- | create_time=0 | sheet=Página1 | row=55 | ingest_to_commit_ms=704 | manual_open_to_commit_ms=71479
[SCAN] reconcile complete | queued_or_refreshed=49
[OK] 6d589d62ef6771ab11e567e8e69f0881.dat | cliente=1 | banco=AMD | valor=713.0 | data=22/07/2026 12:00 | sink=staged | resolution=direct_image | verification=CONFIRMADO | manual_open_to_claim_ms=1884 | open_ms=4 | prep_ms=0 | ocr_ms=1695 | parse_ms=2 | manual_open_to_ingest_ms=3590
[SINK] committed | file_id=6d744d963762a8a260c74e4d3f581386a033f472 | msg=- | talker=- | create_time=0 | sheet=Página1 | row=56 | ingest_to_commit_ms=751 | manual_open_to_commit_ms=4341
[OK] ed234ca32bd9f1ce733405749600df9a.dat | cliente=1 | banco=AMD | valor=1128.0 | data=21/07/2026 18:13 | sink=staged | resolution=direct_image | verification=CONFIRMADO | manual_open_to_claim_ms=70223 | open_ms=26 | prep_ms=45 | ocr_ms=1863 | parse_ms=1 | manual_open_to_ingest_ms=72171
[SINK] committed | file_id=d085162cb19e533ca69db14fbc6cd62e11098282 | msg=- | talker=- | create_time=0 | sheet=Página1 | row=57 | ingest_to_commit_ms=834 | manual_open_to_commit_ms=73006
[OK] 507aa26632fe07fee53802dc13d630e8.dat | cliente=1 | banco=CLEEND | valor=1319.2 | data=21/07/2026 18:52 | sink=staged | resolution=direct_image | verification=CONFIRMADO | manual_open_to_claim_ms=62443 | open_ms=6 | prep_ms=0 | ocr_ms=3678 | parse_ms=2 | manual_open_to_ingest_ms=66133
[SINK] committed | file_id=f5c642f3662d53dd466d1ae35ac4e4a9ce3c68e5 | msg=- | talker=- | create_time=0 | sheet=Página1 | row=58 | ingest_to_commit_ms=765 | manual_open_to_commit_ms=66898
[OK] 38d9c1922a9fb6faad2b60ee8386e338.dat | cliente=1 | banco=AMD | valor=22421.56 | data=22/07/2026 08:36 | sink=staged | resolution=direct_image | verification=CONFIRMADO | manual_open_to_claim_ms=63467 | open_ms=6 | prep_ms=0 | ocr_ms=2864 | parse_ms=2 | manual_open_to_ingest_ms=66344
[SINK] committed | file_id=5ee0fb0b4f96bb49799a4151b06cd4d5a7707c15 | msg=- | talker=- | create_time=0 | sheet=Página1 | row=59 | ingest_to_commit_ms=777 | manual_open_to_commit_ms=67120
[OK] 74b8d1a652a778639bf04aea3e113246.dat | cliente=1 | banco=AMD | valor=719.0 | data=21/07/2026 16:09 | sink=staged | resolution=direct_image | verification=CONFIRMADO | manual_open_to_claim_ms=63431 | open_ms=16 | prep_ms=38 | ocr_ms=2265 | parse_ms=1 | manual_open_to_ingest_ms=65761
[SINK] committed | file_id=950eb0240586f805739027d4e8529dafca13df3f | msg=- | talker=- | create_time=0 | sheet=Página1 | row=60 | ingest_to_commit_ms=895 | manual_open_to_commit_ms=66656
[OK] dba5f405c69d9d4b6b8fdbbdbbadd692.dat | cliente=1 | banco=AMD | valor=1981.03 | data=21/07/2026 12:34 | sink=staged | resolution=direct_image | verification=CONFIRMADO | manual_open_to_claim_ms=62625 | open_ms=21 | prep_ms=40 | ocr_ms=2612 | parse_ms=1 | manual_open_to_ingest_ms=65310
[SINK] committed | file_id=84db74406cd4ece237027f0697aa9edc38a465df | msg=- | talker=- | create_time=0 | sheet=Página1 | row=61 | ingest_to_commit_ms=746 | manual_open_to_commit_ms=66056
[OK] 2ec107bb2bef89a4ecd84b51fe9a3a30.dat | cliente=1 | banco=AMD | valor=4100.85 | data=22/07/2026 09:35 | sink=staged | resolution=direct_image | verification=CONFIRMADO | manual_open_to_claim_ms=62383 | open_ms=3 | prep_ms=0 | ocr_ms=1353 | parse_ms=1 | manual_open_to_ingest_ms=63745
[SINK] committed | file_id=adec1ec7eeb8be8436c873078a4558ef2b8ce1cb | msg=- | talker=- | create_time=0 | sheet=Página1 | row=62 | ingest_to_commit_ms=732 | manual_open_to_commit_ms=64477
[OK] b7290f35e18d2a56efc1ea9fa32a39ed.dat | cliente=1 | banco=AMD | valor=1940.66 | data=22/07/2026 12:46 | sink=staged | resolution=direct_image | verification=CONFIRMADO | manual_open_to_claim_ms=1097 | open_ms=16 | prep_ms=36 | ocr_ms=2152 | parse_ms=1 | manual_open_to_ingest_ms=3311
[SINK] committed | file_id=c4955d3038e8e582b0073b5b960f6eb1a591c929 | msg=- | talker=- | create_time=0 | sheet=Página1 | row=63 | ingest_to_commit_ms=744 | manual_open_to_commit_ms=4056
[OK] 19cb5f940176cffb0f1b0b473b921df1.dat | cliente=1 | banco=AMD | valor=1406.06 | data=22/07/2026 09:34 | sink=staged | resolution=direct_image | verification=CONFIRMADO | manual_open_to_claim_ms=63926 | open_ms=16 | prep_ms=38 | ocr_ms=2648 | parse_ms=1 | manual_open_to_ingest_ms=66639
[SINK] committed | file_id=986c180415416706d1915104e0bcedc674c06a80 | msg=- | talker=- | create_time=0 | sheet=Página1 | row=64 | ingest_to_commit_ms=719 | manual_open_to_commit_ms=67358
[OK] 37d9a287d155f70e8485fb272f27d976.dat | cliente=1 | banco=AMD | valor=1319.0 | data=22/07/2026 09:56 | sink=staged | resolution=direct_image | verification=CONFIRMADO | manual_open_to_claim_ms=60008 | open_ms=2 | prep_ms=0 | ocr_ms=714 | parse_ms=1 | manual_open_to_ingest_ms=60727
[SINK] committed | file_id=44db8f6500d952dca6796748452e90b355913c67 | msg=- | talker=- | create_time=0 | sheet=Página1 | row=65 | ingest_to_commit_ms=753 | manual_open_to_commit_ms=61481
[OK] af45eee7bbc3cc3396a51f1e3d06b615.dat | cliente=1 | banco=CLEEND | valor=4827.55 | data=22/07/2026 10:56 | sink=staged | resolution=direct_image | verification=CONFIRMADO | manual_open_to_claim_ms=53447 | open_ms=7 | prep_ms=1 | ocr_ms=4812 | parse_ms=2 | manual_open_to_ingest_ms=58275
[SINK] committed | file_id=d9b62660fded140a9da57023f4a23b71fe5ec4fa | msg=- | talker=- | create_time=0 | sheet=Página1 | row=66 | ingest_to_commit_ms=742 | manual_open_to_commit_ms=59017
[OK] 0705c30bfece2837fa9f890a28b5ac89.dat | cliente=1 | banco=AMD | valor=1070.0 | data=21/07/2026 17:23 | sink=staged | resolution=direct_image | verification=CONFIRMADO | manual_open_to_claim_ms=47637 | open_ms=18 | prep_ms=39 | ocr_ms=1557 | parse_ms=1 | manual_open_to_ingest_ms=49260
[SINK] committed | file_id=d2f18d69b7142a3627ecdae6b19cd7ff493231cf | msg=- | talker=- | create_time=0 | sheet=Página1 | row=67 | ingest_to_commit_ms=711 | manual_open_to_commit_ms=49972
[OK] 82c7432e35c15e09afeaef02b11dd2d6.dat | cliente=1 | banco=AMD | valor=669.0 | data=22/07/2026 11:01 | sink=staged | resolution=direct_image | verification=CONFIRMADO | manual_open_to_claim_ms=47660 | open_ms=2 | prep_ms=0 | ocr_ms=1597 | parse_ms=1 | manual_open_to_ingest_ms=49262
[SINK] committed | file_id=053e7c406ae4fae8080e9df273c2ca57c5ab8f23 | msg=- | talker=- | create_time=0 | sheet=Página1 | row=68 | ingest_to_commit_ms=697 | manual_open_to_commit_ms=49959
[OK] 7d2171ec9bcfe9ab70fa03a48b004b50.dat | cliente=1 | banco=AMD | valor=6400.48 | data=22/07/2026 11:30 | sink=staged | resolution=direct_image | verification=CONFIRMADO | manual_open_to_claim_ms=46367 | open_ms=6 | prep_ms=1 | ocr_ms=1185 | parse_ms=1 | manual_open_to_ingest_ms=47565
[SINK] committed | file_id=f51b58dc795c5cd9840e412487a5784b40229fcf | msg=- | talker=- | create_time=0 | sheet=Página1 | row=69 | ingest_to_commit_ms=716 | manual_open_to_commit_ms=48281
[OK] 6e97a997130a060d5ae23ecbe45a5ba1.dat | cliente=1 | banco=AMD | valor=320.0 | data=22/07/2026 14:52 | sink=staged | resolution=direct_image | verification=CONFIRMADO | manual_open_to_claim_ms=1892 | open_ms=5 | prep_ms=1 | ocr_ms=1642 | parse_ms=1 | manual_open_to_ingest_ms=3545
[SINK] committed | file_id=e3ae4825743773e51eaab725cedb4f0e8c44d078 | msg=- | talker=- | create_time=0 | sheet=Página1 | row=70 | ingest_to_commit_ms=753 | manual_open_to_commit_ms=4297
[OK] b81df4981519e26e270ae7738eb76956.dat | cliente=1 | banco=AMD | valor=727.0 | data=22/07/2026 12:25 | sink=staged | resolution=direct_image | verification=CONFIRMADO | manual_open_to_claim_ms=42954 | open_ms=14 | prep_ms=36 | ocr_ms=3290 | parse_ms=1 | manual_open_to_ingest_ms=46305
[SINK] committed | file_id=00c7b4c58919bbe94d9a427f9fc15e201e09d8c0 | msg=- | talker=- | create_time=0 | sheet=Página1 | row=71 | ingest_to_commit_ms=711 | manual_open_to_commit_ms=47016
[OK] fdcd2b3ab3001d4177ad18e6c311922d.dat | cliente=1 | banco=AMD | valor=516.3 | data=22/07/2026 12:33 | sink=staged | resolution=direct_image | verification=CONFIRMADO | manual_open_to_claim_ms=43516 | open_ms=5 | prep_ms=0 | ocr_ms=2178 | parse_ms=1 | manual_open_to_ingest_ms=45703
[SINK] committed | file_id=c0129e584d03aaa8f9b5180c2406b39d56649ea7 | msg=- | talker=- | create_time=0 | sheet=Página1 | row=72 | ingest_to_commit_ms=724 | manual_open_to_commit_ms=46427
[OK] 86aa1956ef19d90f5e2f33b6dc30381a.dat | cliente=1 | banco=AMD | valor=1899.23 | data=22/07/2026 12:43 | sink=staged | resolution=direct_image | verification=CONFIRMADO | manual_open_to_claim_ms=42720 | open_ms=20 | prep_ms=40 | ocr_ms=1070 | parse_ms=1 | manual_open_to_ingest_ms=43862
[SINK] committed | file_id=1d167067804185dc6a24caf2eb1c95936121034c | msg=- | talker=- | create_time=0 | sheet=Página1 | row=73 | ingest_to_commit_ms=705 | manual_open_to_commit_ms=44567
[OK] c57c201e216a77e03b656fa3c42f2fee.dat | cliente=1 | banco=AMD | valor=1300.0 | data=22/07/2026 14:42 | sink=staged | resolution=direct_image | verification=CONFIRMADO | manual_open_to_claim_ms=1962 | open_ms=10 | prep_ms=1 | ocr_ms=1255 | parse_ms=1 | manual_open_to_ingest_ms=3232
[SINK] committed | file_id=430d110b17db7d5582f1a1dee68916a461591f45 | msg=- | talker=- | create_time=0 | sheet=Página1 | row=74 | ingest_to_commit_ms=859 | manual_open_to_commit_ms=4091
[OK] 285aefa8f7b49c9ea94f8aacb561a56f.dat | cliente=1 | banco=AMD | valor=2018.51 | data=22/07/2026 12:34 | sink=staged | resolution=direct_image | verification=CONFIRMADO | manual_open_to_claim_ms=42784 | open_ms=14 | prep_ms=37 | ocr_ms=4439 | parse_ms=1 | manual_open_to_ingest_ms=47283
[SINK] committed | file_id=6273e9a51201d2b52ef55f4ea96aa52a964c6500 | msg=- | talker=- | create_time=0 | sheet=Página1 | row=75 | ingest_to_commit_ms=733 | manual_open_to_commit_ms=48015
[OK] 44a15a3c67bf5db15e5567f8a94bb0a1.dat | cliente=1 | banco=AMD | valor=1096.6 | data=22/07/2026 11:56 | sink=staged | resolution=direct_image | verification=CONFIRMADO | manual_open_to_claim_ms=44225 | open_ms=14 | prep_ms=39 | ocr_ms=2061 | parse_ms=2 | manual_open_to_ingest_ms=46355
[SINK] committed | file_id=33559df406c26a67634ae1bb2bd0a2a6d6494d0d | msg=- | talker=- | create_time=0 | sheet=Página1 | row=76 | ingest_to_commit_ms=872 | manual_open_to_commit_ms=47227
[OK] a08ab7683d8838a68bbdfb42defca57b.dat | cliente=1 | banco=AMD | valor=350.0 | data=22/07/2026 13:02 | sink=staged | resolution=direct_image | verification=CONFIRMADO | manual_open_to_claim_ms=37880 | open_ms=7 | prep_ms=1 | ocr_ms=1782 | parse_ms=1 | manual_open_to_ingest_ms=39675
[SINK] committed | file_id=f1f5be880b54befd8c8fc189e0ae47cd2b031c8f | msg=- | talker=- | create_time=0 | sheet=Página1 | row=77 | ingest_to_commit_ms=742 | manual_open_to_commit_ms=40416
[OK] 6442e5836761d57715af74d6918a1a60.dat | cliente=1 | banco=AMD | valor=4382.1 | data=22/07/2026 12:44 | sink=staged | resolution=direct_image | verification=CONFIRMADO | manual_open_to_claim_ms=40270 | open_ms=13 | prep_ms=2 | ocr_ms=2766 | parse_ms=1 | manual_open_to_ingest_ms=43064
[SINK] committed | file_id=a9304e7bea93939937cb6b85e01bb582f564cf3a | msg=- | talker=- | create_time=0 | sheet=Página1 | row=78 | ingest_to_commit_ms=1162 | manual_open_to_commit_ms=44227
[OK] 376137c8d3fd9ce421b8b7c19587ae01.dat | cliente=1 | banco=AMD | valor=200.0 | data=22/07/2026 16:46 | sink=staged | resolution=direct_image | verification=CONFIRMADO | manual_open_to_claim_ms=1877 | open_ms=4 | prep_ms=0 | ocr_ms=4400 | parse_ms=3 | manual_open_to_ingest_ms=6288
[SINK] committed | file_id=868f16345ba4117054821873f8f113480a948ea1 | msg=- | talker=- | create_time=0 | sheet=Página1 | row=79 | ingest_to_commit_ms=722 | manual_open_to_commit_ms=7010
[OK] b96a2664a3ca8ed9862aeeb178366263.dat | cliente=1 | banco=AMD | valor=1996.0 | data=21/07/2026 17:45 | sink=staged | resolution=direct_image | verification=CONFIRMADO | manual_open_to_claim_ms=1301 | open_ms=11 | prep_ms=1 | ocr_ms=3891 | parse_ms=3 | manual_open_to_ingest_ms=5210
[SINK] committed | file_id=459a6327f77bfede021e9f628edd6682adcdd22d | msg=- | talker=- | create_time=0 | sheet=Página1 | row=80 | ingest_to_commit_ms=734 | manual_open_to_commit_ms=5944
[OK] 4d3f059aba35d2431ca777f4ef2edfc0.dat | cliente=1 | banco=AMD | valor=1476.0 | data=22/07/2026 13:21 | sink=staged | resolution=direct_image | verification=CONFIRMADO | manual_open_to_claim_ms=51514 | open_ms=20 | prep_ms=42 | ocr_ms=2059 | parse_ms=1 | manual_open_to_ingest_ms=53644
[SINK] committed | file_id=58a241c1d454c210cb2c5c4b1761582e02b120ed | msg=- | talker=- | create_time=0 | sheet=Página1 | row=81 | ingest_to_commit_ms=709 | manual_open_to_commit_ms=54353
[OK] d9c2d2392fd7bd310630e6aab4ec7ccf.dat | cliente=1 | banco=AMD | valor=2238.4 | data=22/07/2026 14:29 | sink=staged | resolution=direct_image | verification=CONFIRMADO | manual_open_to_claim_ms=51719 | open_ms=5 | prep_ms=1 | ocr_ms=3758 | parse_ms=2 | manual_open_to_ingest_ms=55488
[SINK] committed | file_id=8996fb145252dbfe5c35b0ca22d2ee85d38a733d | msg=- | talker=- | create_time=0 | sheet=Página1 | row=82 | ingest_to_commit_ms=740 | manual_open_to_commit_ms=56227
[SCAN] reconcile complete | queued_or_refreshed=47
[OK] 6229313422d4c41a8586e3c8ff2e9f62.dat | cliente=1 | banco=AMD | valor=867.4 | data=22/07/2026 14:09 | sink=staged | resolution=direct_image | verification=CONFIRMADO | manual_open_to_claim_ms=56835 | open_ms=4 | prep_ms=0 | ocr_ms=4201 | parse_ms=1 | manual_open_to_ingest_ms=61045
[SINK] committed | file_id=821e1f3d59d769a5c042249ab2e3d504d0836748 | msg=- | talker=- | create_time=0 | sheet=Página1 | row=83 | ingest_to_commit_ms=716 | manual_open_to_commit_ms=61761
[OK] 103d5ff212371c5450b208b8c097dc7d.dat | cliente=1 | banco=AMD | valor=2573.92 | data=22/07/2026 08:58 | sink=staged | resolution=direct_image | verification=CONFIRMADO | manual_open_to_claim_ms=1998 | open_ms=3 | prep_ms=0 | ocr_ms=1987 | parse_ms=1 | manual_open_to_ingest_ms=3993
[SINK] committed | file_id=1fedc8bd90b2e764d5a9d33fd6629f82431ee13e | msg=- | talker=- | create_time=0 | sheet=Página1 | row=84 | ingest_to_commit_ms=816 | manual_open_to_commit_ms=4809
[OK] b7e162da8aef9a77bfc42663ad4f5f00.dat | cliente=1 | banco=AMD | valor=1988.0 | data=22/07/2026 08:42 | sink=staged | resolution=direct_image | verification=CONFIRMADO | manual_open_to_claim_ms=1950 | open_ms=3 | prep_ms=0 | ocr_ms=2125 | parse_ms=1 | manual_open_to_ingest_ms=4084
[SINK] committed | file_id=83d0e31dd8180183ce3a6697d8dce81cc2e89e87 | msg=- | talker=- | create_time=0 | sheet=Página1 | row=85 | ingest_to_commit_ms=706 | manual_open_to_commit_ms=4790
[OK] ffbf4e962d2607e1cb2ceff8f253de5b.dat | cliente=1 | banco=AMD | valor=1225.0 | data=22/07/2026 14:30 | sink=staged | resolution=direct_image | verification=CONFIRMADO | manual_open_to_claim_ms=64674 | open_ms=17 | prep_ms=38 | ocr_ms=2618 | parse_ms=1 | manual_open_to_ingest_ms=67358
[SINK] committed | file_id=8803b338fc74096671e7e1812c3fbd05eb990dc7 | msg=- | talker=- | create_time=0 | sheet=Página1 | row=86 | ingest_to_commit_ms=782 | manual_open_to_commit_ms=68140
[OK] 5c987be57042cf5bb639cf7eb86b3f67.dat | cliente=1 | banco=AMD | valor=1991.6 | data=21/07/2026 08:34 | sink=staged | resolution=direct_image | verification=CONFIRMADO | manual_open_to_claim_ms=2630 | open_ms=15 | prep_ms=1 | ocr_ms=3352 | parse_ms=3 | manual_open_to_ingest_ms=6005
[SINK] committed | file_id=d19ad52f1bf3552c552c9837f92a620ef536238b | msg=- | talker=- | create_time=0 | sheet=Página1 | row=87 | ingest_to_commit_ms=795 | manual_open_to_commit_ms=6800
[OK] 37b731ab9b7559d7cb942062df26bca4.dat | cliente=1 | banco=AMD | valor=105.0 | data=22/07/2026 14:52 | sink=staged | resolution=direct_image | verification=CONFIRMADO | manual_open_to_claim_ms=66731 | open_ms=17 | prep_ms=40 | ocr_ms=1475 | parse_ms=1 | manual_open_to_ingest_ms=68273
[SINK] committed | file_id=8b7f0191686ee535340653019ba9c92d850e54a1 | msg=- | talker=- | create_time=0 | sheet=Página1 | row=88 | ingest_to_commit_ms=775 | manual_open_to_commit_ms=69048
[OK] 9200280e6be03ccb54907f1410f5b896.dat | cliente=1 | banco=AMD | valor=7165.12 | data=22/07/2026 14:09 | sink=staged | resolution=direct_image | verification=CONFIRMADO | manual_open_to_claim_ms=66172 | open_ms=22 | prep_ms=40 | ocr_ms=4996 | parse_ms=3 | manual_open_to_ingest_ms=71244
[SINK] committed | file_id=a3d6a65a8411b073a19271ba3de3302a57533cac | msg=- | talker=- | create_time=0 | sheet=Página1 | row=89 | ingest_to_commit_ms=853 | manual_open_to_commit_ms=72097
[OK] c2ab51441f2b784ddebd69f82b643cd2.dat | cliente=1 | banco=AMD | valor=2900.0 | data=22/07/2026 15:05 | sink=staged | resolution=direct_image | verification=CONFIRMADO | manual_open_to_claim_ms=69474 | open_ms=16 | prep_ms=39 | ocr_ms=1726 | parse_ms=1 | manual_open_to_ingest_ms=71266
[SINK] committed | file_id=e2517270abc3a8c0a5b5ec1e17d2175ffe5f63bc | msg=- | talker=- | create_time=0 | sheet=Página1 | row=90 | ingest_to_commit_ms=764 | manual_open_to_commit_ms=72030
[OK] 962d034d30b130202815308dd4535b70.dat | cliente=1 | banco=CLEEND | valor=810.0 | data=22/07/2026 15:16 | sink=staged | resolution=direct_image | verification=CONFIRMADO | manual_open_to_claim_ms=66358 | open_ms=6 | prep_ms=1 | ocr_ms=1206 | parse_ms=1 | manual_open_to_ingest_ms=67577
[SINK] committed | file_id=9ad8dca5212d1ee751d0b267f67520246856a745 | msg=- | talker=- | create_time=0 | sheet=Página1 | row=91 | ingest_to_commit_ms=737 | manual_open_to_commit_ms=68314
[OK] d17de62192b3ff1624595701eebc43d5.dat | cliente=1 | banco=CLEEND | valor=3477.85 | data=22/07/2026 13:49 | sink=staged | resolution=direct_image | verification=CONFIRMADO | manual_open_to_claim_ms=65465 | open_ms=4 | prep_ms=1 | ocr_ms=3147 | parse_ms=2 | manual_open_to_ingest_ms=68624
[SINK] committed | file_id=97549bf1e0594debd1eb58d9a07f99d7a5d3e158 | msg=- | talker=- | create_time=0 | sheet=Página1 | row=92 | ingest_to_commit_ms=798 | manual_open_to_commit_ms=69422
[OK] 39be895eaa59c7cca35496f556b466ca.dat | cliente=1 | banco=CLEEND | valor=9000.0 | data=22/07/2026 13:52 | sink=staged | resolution=direct_image | verification=CONFIRMADO | manual_open_to_claim_ms=66633 | open_ms=4 | prep_ms=0 | ocr_ms=3154 | parse_ms=2 | manual_open_to_ingest_ms=69796
[SINK] committed | file_id=065cddb70d68a2df8209d36204a0c3c31fd23b68 | msg=- | talker=- | create_time=0 | sheet=Página1 | row=93 | ingest_to_commit_ms=793 | manual_open_to_commit_ms=70589
[OK] adb0d23451a5a7bdb33f2dffe9a716ce.dat | cliente=1 | banco=AMD | valor=1012.4 | data=21/07/2026 16:31 | sink=staged | resolution=direct_image | verification=CONFIRMADO | manual_open_to_claim_ms=2140 | open_ms=18 | prep_ms=1 | ocr_ms=2184 | parse_ms=1 | manual_open_to_ingest_ms=4345
[SINK] committed | file_id=95db16dbffddee3792e5c08ee64d537e74aaec85 | msg=- | talker=- | create_time=0 | sheet=Página1 | row=94 | ingest_to_commit_ms=761 | manual_open_to_commit_ms=5107
[OK] 98f7250ea8623880f3a8a4c1d0f0cb7b.dat | cliente=1 | banco=AMD | valor=2223.44 | data=21/07/2026 16:47 | sink=staged | resolution=direct_image | verification=CONFIRMADO | manual_open_to_claim_ms=2382 | open_ms=19 | prep_ms=1 | ocr_ms=5078 | parse_ms=2 | manual_open_to_ingest_ms=7488
[SINK] committed | file_id=4413d06955d0484c6dd17ce7be95221b14f8edac | msg=- | talker=- | create_time=0 | sheet=Página1 | row=95 | ingest_to_commit_ms=715 | manual_open_to_commit_ms=8203
[OK] 5b451f16456e0f9038e2fdb42970d609.dat | cliente=1 | banco=AMD | valor=1413.53 | data=21/07/2026 21:49 | sink=staged | resolution=direct_image | verification=CONFIRMADO | manual_open_to_claim_ms=2503 | open_ms=8 | prep_ms=1 | ocr_ms=3356 | parse_ms=2 | manual_open_to_ingest_ms=5877
[SINK] committed | file_id=2536c41663c430c46ed57d38d2dee1392b630007 | msg=- | talker=- | create_time=0 | sheet=Página1 | row=96 | ingest_to_commit_ms=717 | manual_open_to_commit_ms=6594
[OK] 67984de525605c1cc711190debcf47b7.dat | cliente=1 | banco=AMD | valor=2659.61 | data=22/07/2026 12:49 | sink=staged | resolution=direct_image | verification=CONFIRMADO | manual_open_to_claim_ms=80747 | open_ms=5 | prep_ms=1 | ocr_ms=4247 | parse_ms=1 | manual_open_to_ingest_ms=85003
[SINK] committed | file_id=1865cc4023e88240a84aa78e9ce26f42a3d7b27c | msg=- | talker=- | create_time=0 | sheet=Página1 | row=97 | ingest_to_commit_ms=753 | manual_open_to_commit_ms=85755
[OK] 331e9b480da7e930d72c34d3684051b8.dat | cliente=1 | banco=AMD | valor=600.0 | data=22/07/2026 16:47 | sink=staged | resolution=direct_image | verification=CONFIRMADO | manual_open_to_claim_ms=83088 | open_ms=6 | prep_ms=1 | ocr_ms=2808 | parse_ms=2 | manual_open_to_ingest_ms=85912
[SINK] committed | file_id=7220c7e8aa1a1ecde929fa805ea21626ade8683c | msg=- | talker=- | create_time=0 | sheet=Página1 | row=98 | ingest_to_commit_ms=729 | manual_open_to_commit_ms=86640
[OK] ca9f50765c23312eb6cbb53c4be7389c.dat | cliente=1 | banco=AMD | valor=432.0 | data=22/07/2026 11:11 | sink=staged | resolution=direct_image | verification=CONFIRMADO | manual_open_to_claim_ms=1016 | open_ms=17 | prep_ms=43 | ocr_ms=1561 | parse_ms=1 | manual_open_to_ingest_ms=2650
[SINK] committed | file_id=2f397303bead7aecb28e47cf9b6e1dc4d0cd4880 | msg=- | talker=- | create_time=0 | sheet=Página1 | row=99 | ingest_to_commit_ms=698 | manual_open_to_commit_ms=3347
[OK] 2d6215389df7d820fd116b699fe3c5af.dat | cliente=1 | banco=AMD | valor=659.0 | data=22/07/2026 15:49 | sink=staged | resolution=direct_image | verification=CONFIRMADO | manual_open_to_claim_ms=83309 | open_ms=7 | prep_ms=1 | ocr_ms=2926 | parse_ms=2 | manual_open_to_ingest_ms=86252
[SINK] committed | file_id=e85930f8ba84b455070f027eb32e67631607b44b | msg=- | talker=- | create_time=0 | sheet=Página1 | row=100 | ingest_to_commit_ms=729 | manual_open_to_commit_ms=86982
[OK] d5a256b028b3e9f5a83ebe948e880661.dat | cliente=1 | banco=AMD | valor=265.0 | data=22/07/2026 13:07 | sink=staged | resolution=direct_image | verification=CONFIRMADO | manual_open_to_claim_ms=1388 | open_ms=18 | prep_ms=43 | ocr_ms=1789 | parse_ms=1 | manual_open_to_ingest_ms=3253
[SINK] committed | file_id=6ec24ba6dd09a82f1f36bf6db1f81fa8ccbd6c53 | msg=- | talker=- | create_time=0 | sheet=Página1 | row=101 | ingest_to_commit_ms=704 | manual_open_to_commit_ms=3957
[OK] 413b3be18ffeee0e92a42da26d71acda.dat | cliente=1 | banco=AMD | valor=258.0 | data=22/07/2026 14:48 | sink=staged | resolution=direct_image | verification=CONFIRMADO | manual_open_to_claim_ms=1281 | open_ms=18 | prep_ms=43 | ocr_ms=2792 | parse_ms=1 | manual_open_to_ingest_ms=4146
[SINK] committed | file_id=b09f7d8b8ae4e899c3e652f5ec88ed718854e012 | msg=- | talker=- | create_time=0 | sheet=Página1 | row=102 | ingest_to_commit_ms=727 | manual_open_to_commit_ms=4873
[OK] 31a5308707b623d27e94d8e5f3f3fa80.dat | cliente=1 | banco=AMD | valor=5183.12 | data=21/07/2026 16:14 | sink=staged | resolution=direct_image | verification=CONFIRMADO | manual_open_to_claim_ms=87673 | open_ms=4 | prep_ms=0 | ocr_ms=2306 | parse_ms=2 | manual_open_to_ingest_ms=89989
[SINK] committed | file_id=0742fb47fd0e50fb767aada6a4dcaef8f3603437 | msg=- | talker=- | create_time=0 | sheet=Página1 | row=103 | ingest_to_commit_ms=755 | manual_open_to_commit_ms=90744
[OK] 0be7c832dc11b4cf0372bc54722f93ba.dat | cliente=1 | banco=AMD | valor=7595.0 | data=22/07/2026 - | sink=staged | resolution=direct_image | verification=CONFIRMADO | manual_open_to_claim_ms=2278 | open_ms=18 | prep_ms=41 | ocr_ms=2756 | parse_ms=1 | manual_open_to_ingest_ms=5104
[SINK] committed | file_id=7d695715e83a87337b07e69cfa9059efe9bbb3a6 | msg=- | talker=- | create_time=0 | sheet=Página1 | row=104 | ingest_to_commit_ms=741 | manual_open_to_commit_ms=5845
[OK] 567820de9b783c9d83b75439393389f4.dat | cliente=1 | banco=AMD | valor=1576.79 | data=21/07/2026 16:16 | sink=staged | resolution=direct_image | verification=CONFIRMADO | manual_open_to_claim_ms=91601 | open_ms=15 | prep_ms=1 | ocr_ms=1870 | parse_ms=1 | manual_open_to_ingest_ms=93492
[SINK] committed | file_id=89f2f88bf0ae998042cef6c9a230eec299456e3c | msg=- | talker=- | create_time=0 | sheet=Página1 | row=105 | ingest_to_commit_ms=711 | manual_open_to_commit_ms=94204
[OK] 62a7889a4a82290c5797fe710675431e.dat | cliente=1 | banco=AMD | valor=1888.86 | data=22/07/2026 08:51 | sink=staged | resolution=direct_image | verification=CONFIRMADO | manual_open_to_claim_ms=91263 | open_ms=20 | prep_ms=1 | ocr_ms=3764 | parse_ms=2 | manual_open_to_ingest_ms=95056
[SINK] committed | file_id=f6a948cce2103322000583ca7c562f077eb1b6a1 | msg=- | talker=- | create_time=0 | sheet=Página1 | row=106 | ingest_to_commit_ms=725 | manual_open_to_commit_ms=95780
[SCAN] reconcile complete | queued_or_refreshed=54
[OK] ef55ebd8c23b12d07e7379edb1f98366.dat | cliente=1 | banco=AMD | valor=4482.96 | data=22/07/2026 08:44 | sink=staged | resolution=direct_image | verification=CONFIRMADO | manual_open_to_claim_ms=96718 | open_ms=4 | prep_ms=0 | ocr_ms=2235 | parse_ms=1 | manual_open_to_ingest_ms=98962
[SINK] committed | file_id=43829bcc83dbfc15d92d3299bfc002a17f459ff4 | msg=- | talker=- | create_time=0 | sheet=Página1 | row=107 | ingest_to_commit_ms=695 | manual_open_to_commit_ms=99657
[OK] 5583e07986b999d79b394f1fd5929364.dat | cliente=1 | banco=AMD | valor=800.0 | data=21/07/2026 22:21 | sink=staged | resolution=direct_image | verification=CONFIRMADO | manual_open_to_claim_ms=1603 | open_ms=13 | prep_ms=21 | ocr_ms=1308 | parse_ms=1 | manual_open_to_ingest_ms=2952
[SINK] committed | file_id=6c7a192a2973578fbd54a5305a5f880c94275b91 | msg=- | talker=- | create_time=0 | sheet=Página1 | row=108 | ingest_to_commit_ms=703 | manual_open_to_commit_ms=3655
[OK] 72e56be4a0f4078becc2c93f59aba71d.dat | cliente=1 | banco=AMD | valor=3758.61 | data=22/07/2026 08:56 | sink=staged | resolution=direct_image | verification=CONFIRMADO | manual_open_to_claim_ms=99012 | open_ms=84 | prep_ms=50 | ocr_ms=5214 | parse_ms=2 | manual_open_to_ingest_ms=104373
[SINK] committed | file_id=ec72c2adb3cdc38109469920da2302632c76c575 | msg=- | talker=- | create_time=0 | sheet=Página1 | row=109 | ingest_to_commit_ms=721 | manual_open_to_commit_ms=105094
[OK] 0c67e88f2eb27d7bd2d6b7d14139d1bf.dat | cliente=1 | banco=AMD | valor=2621.0 | data=22/07/2026 13:22 | sink=staged | resolution=direct_image | verification=CONFIRMADO | manual_open_to_claim_ms=2061 | open_ms=5 | prep_ms=0 | ocr_ms=3774 | parse_ms=1 | manual_open_to_ingest_ms=5845
[SINK] committed | file_id=018e8e53f68c97c553db685db86109c14a3b4cd5 | msg=- | talker=- | create_time=0 | sheet=Página1 | row=110 | ingest_to_commit_ms=716 | manual_open_to_commit_ms=6561
[OK] 4c8306e154d840dad3fedaded41b465f.dat | cliente=1 | banco=AMD | valor=3126.0 | data=21/07/2026 19:18 | sink=staged | resolution=direct_image | verification=CONFIRMADO | manual_open_to_claim_ms=106848 | open_ms=18 | prep_ms=0 | ocr_ms=4004 | parse_ms=2 | manual_open_to_ingest_ms=110878
[SINK] committed | file_id=100601c27d4feba12c6c37bb4fdf9f572d104a9f | msg=- | talker=- | create_time=0 | sheet=Página1 | row=111 | ingest_to_commit_ms=693 | manual_open_to_commit_ms=111571
[OK] d5a3b0f67da505e7b80399bbd3999256.dat | cliente=1 | banco=AMD | valor=2897.4 | data=21/07/2026 16:42 | sink=staged | resolution=direct_image | verification=CONFIRMADO | manual_open_to_claim_ms=103155 | open_ms=8 | prep_ms=1 | ocr_ms=1748 | parse_ms=1 | manual_open_to_ingest_ms=104916
[SINK] committed | file_id=b4810a265d76ced974055880683f3f0f92ba198b | msg=- | talker=- | create_time=0 | sheet=Página1 | row=112 | ingest_to_commit_ms=680 | manual_open_to_commit_ms=105596
[OK] 53dc665a9ad071b6ddd208a9238985d7.dat | cliente=1 | banco=AMD | valor=2050.0 | data=21/07/2026 09:07 | sink=staged | resolution=direct_image | verification=CONFIRMADO | manual_open_to_claim_ms=99923 | open_ms=19 | prep_ms=2 | ocr_ms=1989 | parse_ms=1 | manual_open_to_ingest_ms=101938
[SINK] committed | file_id=7a854991ee19c543c840cd450b629b515a37bea5 | msg=- | talker=- | create_time=0 | sheet=Página1 | row=113 | ingest_to_commit_ms=705 | manual_open_to_commit_ms=102642
[OK] 0cc9a63df11e484620f703fef9adf9dc.dat | cliente=1 | banco=AMD | valor=260.0 | data=22/07/2026 12:42 | sink=staged | resolution=direct_image | verification=CONFIRMADO | manual_open_to_claim_ms=2023 | open_ms=6 | prep_ms=0 | ocr_ms=3642 | parse_ms=2 | manual_open_to_ingest_ms=5675
[SINK] committed | file_id=9fefd73cf86c17ffc5d80e12213dc04b53f041f1 | msg=- | talker=- | create_time=0 | sheet=Página1 | row=114 | ingest_to_commit_ms=698 | manual_open_to_commit_ms=6373
[OK] 905864f8e86a6ae131e3c83a0caf2d8d.dat | cliente=1 | banco=AMD | valor=1062.0 | data=22/07/2026 14:37 | sink=staged | resolution=direct_image | verification=CONFIRMADO | manual_open_to_claim_ms=2364 | open_ms=19 | prep_ms=38 | ocr_ms=2695 | parse_ms=2 | manual_open_to_ingest_ms=5129
[SINK] committed | file_id=328a299a6a6ad04acad944509dd55301ec864e5d | msg=- | talker=- | create_time=0 | sheet=Página1 | row=115 | ingest_to_commit_ms=712 | manual_open_to_commit_ms=5840
[OK] 6297b02cb74f796d22d68a67b52eea75.dat | cliente=1 | banco=AMD | valor=2636.93 | data=21/07/2026 11:42 | sink=staged | resolution=direct_image | verification=CONFIRMADO | manual_open_to_claim_ms=107782 | open_ms=8 | prep_ms=1 | ocr_ms=1858 | parse_ms=1 | manual_open_to_ingest_ms=109652
[SINK] committed | file_id=244cef481d3c975bcc30550aecc7d779daafada8 | msg=- | talker=- | create_time=0 | sheet=Página1 | row=116 | ingest_to_commit_ms=745 | manual_open_to_commit_ms=110397
[OK] 3220d8b4db2187f91559d4e9c13c512d.dat | cliente=1 | banco=AMD | valor=1053.07 | data=21/07/2026 11:40 | sink=staged | resolution=direct_image | verification=CONFIRMADO | manual_open_to_claim_ms=107635 | open_ms=11 | prep_ms=1 | ocr_ms=2067 | parse_ms=1 | manual_open_to_ingest_ms=109718
[SINK] committed | file_id=456a17a1a8619d3315d5149bc599f1c5d669952f | msg=- | talker=- | create_time=0 | sheet=Página1 | row=117 | ingest_to_commit_ms=714 | manual_open_to_commit_ms=110432
[OK] c74a0bab1e018421ad224045217f5090.dat | cliente=1 | banco=AMD | valor=4980.0 | data=21/07/2026 15:36 | sink=staged | resolution=direct_image | verification=CONFIRMADO | manual_open_to_claim_ms=107626 | open_ms=5 | prep_ms=1 | ocr_ms=4155 | parse_ms=1 | manual_open_to_ingest_ms=111789
[SINK] committed | file_id=ecf90a99f5057424d4bfbf2f2e6060d33ec74b18 | msg=- | talker=- | create_time=0 | sheet=Página1 | row=118 | ingest_to_commit_ms=686 | manual_open_to_commit_ms=112475
[OK] 79f227679527149f286ee271e974b84e.dat | cliente=1 | banco=AMD | valor=1500.0 | data=21/07/2026 21:30 | sink=staged | resolution=direct_image | verification=CONFIRMADO | manual_open_to_claim_ms=2005 | open_ms=8 | prep_ms=0 | ocr_ms=2499 | parse_ms=1 | manual_open_to_ingest_ms=4518
[SINK] committed | file_id=805a61fbd69cd070e1624cb6a3fc76d065e7e22b | msg=- | talker=- | create_time=0 | sheet=Página1 | row=119 | ingest_to_commit_ms=709 | manual_open_to_commit_ms=5227
[OK] 2e3c3e7d80514d038e8d6aa38d7d6c6f.dat | cliente=1 | banco=AMD | valor=11998.0 | data=22/07/2026 14:01 | sink=staged | resolution=direct_image | verification=CONFIRMADO | manual_open_to_claim_ms=2347 | open_ms=17 | prep_ms=42 | ocr_ms=2916 | parse_ms=2 | manual_open_to_ingest_ms=5336
[SINK] committed | file_id=a8188381cc9edec76166672ec0cb87b327ff9006 | msg=- | talker=- | create_time=0 | sheet=Página1 | row=120 | ingest_to_commit_ms=831 | manual_open_to_commit_ms=6167
[OK] 30326fa21202c4fb9c11ef0cd588a3e2.dat | cliente=1 | banco=AMD | valor=1760.2 | data=22/07/2026 08:55 | sink=staged | resolution=direct_image | verification=CONFIRMADO | manual_open_to_claim_ms=116783 | open_ms=11 | prep_ms=0 | ocr_ms=1934 | parse_ms=2 | manual_open_to_ingest_ms=118735
[SINK] committed | file_id=bda5b3f8c489c4c618de6b27fcd04f298bb6be81 | msg=- | talker=- | create_time=0 | sheet=Página1 | row=121 | ingest_to_commit_ms=712 | manual_open_to_commit_ms=119447
[OK] cd16e1e96f844cafb595a55bfe4b82cd.dat | cliente=1 | banco=AMD | valor=3735.0 | data=21/07/2026 17:09 | sink=staged | resolution=direct_image | verification=CONFIRMADO | manual_open_to_claim_ms=116662 | open_ms=5 | prep_ms=0 | ocr_ms=1689 | parse_ms=1 | manual_open_to_ingest_ms=118360
[SINK] committed | file_id=f593d7ea93644617d613f4ce05aab7ccc7917031 | msg=- | talker=- | create_time=0 | sheet=Página1 | row=122 | ingest_to_commit_ms=739 | manual_open_to_commit_ms=119099
[OK] 233a159fe67c3c8590a91d3d6b4c93ee.dat | cliente=1 | banco=AMD | valor=18250.0 | data=22/07/2026 14:59 | sink=staged | resolution=direct_image | verification=CONFIRMADO | manual_open_to_claim_ms=2997 | open_ms=9 | prep_ms=0 | ocr_ms=4072 | parse_ms=2 | manual_open_to_ingest_ms=7084
[SINK] committed | file_id=85275e6b01c2bf83b00c7def234bb132beb93a5f | msg=- | talker=- | create_time=0 | sheet=Página1 | row=123 | ingest_to_commit_ms=775 | manual_open_to_commit_ms=7859
[OK] dec49baa828861a1522f29cfcb6d2949.dat | cliente=1 | banco=AMD | valor=1386.92 | data=21/07/2026 10:26 | sink=staged | resolution=direct_image | verification=CONFIRMADO | manual_open_to_claim_ms=121275 | open_ms=21 | prep_ms=1 | ocr_ms=4605 | parse_ms=2 | manual_open_to_ingest_ms=125910
[SINK] committed | file_id=7aacdc06ecb9bd38ac6cc5e6a0d3efa7fa5b8e27 | msg=- | talker=- | create_time=0 | sheet=Página1 | row=124 | ingest_to_commit_ms=773 | manual_open_to_commit_ms=126683
[OK] 0602a341e62674d87c9125e0a637a7b8.dat | cliente=1 | banco=AMD | valor=1222.05 | data=21/07/2026 09:18 | sink=staged | resolution=direct_image | verification=CONFIRMADO | manual_open_to_claim_ms=123842 | open_ms=6 | prep_ms=1 | ocr_ms=1842 | parse_ms=1 | manual_open_to_ingest_ms=125697
[SINK] committed | file_id=ee54159446e802eb0434134bcbde4eb9abaf8e8a | msg=- | talker=- | create_time=0 | sheet=Página1 | row=125 | ingest_to_commit_ms=702 | manual_open_to_commit_ms=126399
[OK] 2cb070999ead2f61f728b273952766cb.dat | cliente=1 | banco=AMD | valor=1660.63 | data=21/07/2026 17:31 | sink=staged | resolution=direct_image | verification=CONFIRMADO | manual_open_to_claim_ms=117849 | open_ms=4 | prep_ms=0 | ocr_ms=1432 | parse_ms=1 | manual_open_to_ingest_ms=119290
[SINK] committed | file_id=47ede24c3bc60f63bb4ae47ff72a9d10f5737ac2 | msg=- | talker=- | create_time=0 | sheet=Página1 | row=126 | ingest_to_commit_ms=787 | manual_open_to_commit_ms=120077
[OK] 20971d881962c1e7a53095dcaf0b0f59.dat | cliente=1 | banco=AMD | valor=5555.0 | data=22/07/2026 10:57 | sink=staged | resolution=direct_image | verification=CONFIRMADO | manual_open_to_claim_ms=114317 | open_ms=7 | prep_ms=1 | ocr_ms=1467 | parse_ms=1 | manual_open_to_ingest_ms=115802
[SINK] committed | file_id=8de07b3111726311caea419502c78e3c7c65c2da | msg=- | talker=- | create_time=0 | sheet=Página1 | row=127 | ingest_to_commit_ms=707 | manual_open_to_commit_ms=116509
[OK] 517664a0ffc5d5036ce54b15d13891ea.dat | cliente=1 | banco=AMD | valor=35.0 | data=22/07/2026 09:42 | sink=staged | resolution=direct_image | verification=CONFIRMADO | manual_open_to_claim_ms=113783 | open_ms=15 | prep_ms=41 | ocr_ms=1421 | parse_ms=1 | manual_open_to_ingest_ms=115272
[SINK] committed | file_id=0190adfb212f0cb76d7fc1f6e9e4d9c51aa30c76 | msg=- | talker=- | create_time=0 | sheet=Página1 | row=128 | ingest_to_commit_ms=729 | manual_open_to_commit_ms=116001
[OK] 60d1efb9a7c15e7c5d85d0c133b8412e.dat | cliente=1 | banco=AMD | valor=689.0 | data=22/07/2026 10:02 | sink=staged | resolution=direct_image | verification=CONFIRMADO | manual_open_to_claim_ms=113195 | open_ms=14 | prep_ms=40 | ocr_ms=1168 | parse_ms=1 | manual_open_to_ingest_ms=114432
[SINK] committed | file_id=4bd5cb170e4b4aedf2c00908b9e603a56bcfe509 | msg=- | talker=- | create_time=0 | sheet=Página1 | row=129 | ingest_to_commit_ms=702 | manual_open_to_commit_ms=115134
[OK] cd5995e06b874f71637f43edcd5ea00b.dat | cliente=1 | banco=AMD | valor=50.0 | data=22/07/2026 11:08 | sink=staged | resolution=direct_image | verification=CONFIRMADO | manual_open_to_claim_ms=112349 | open_ms=18 | prep_ms=41 | ocr_ms=1626 | parse_ms=2 | manual_open_to_ingest_ms=114048
[SINK] committed | file_id=3d0f1e269572d6bc215778c6fb686e68b5fe61b3 | msg=- | talker=- | create_time=0 | sheet=Página1 | row=130 | ingest_to_commit_ms=716 | manual_open_to_commit_ms=114764
[OK] f1fdbcddcd0da708708ec1518119d40c.dat | cliente=1 | banco=AMD | valor=8.0 | data=22/07/2026 11:48 | sink=staged | resolution=direct_image | verification=CONFIRMADO | manual_open_to_claim_ms=109097 | open_ms=17 | prep_ms=42 | ocr_ms=1329 | parse_ms=1 | manual_open_to_ingest_ms=110498
[SINK] committed | file_id=831ace57d19e00c74ed513316686fa00df3a0b1b | msg=- | talker=- | create_time=0 | sheet=Página1 | row=131 | ingest_to_commit_ms=867 | manual_open_to_commit_ms=111365
[OK] b583fd02fa4eb57cbfcc803c02927722.dat | cliente=1 | banco=AMD | valor=1509.0 | data=22/07/2026 15:58 | sink=staged | resolution=direct_image | verification=CONFIRMADO | manual_open_to_claim_ms=102747 | open_ms=17 | prep_ms=48 | ocr_ms=2755 | parse_ms=3 | manual_open_to_ingest_ms=105584
[SINK] committed | file_id=b8c7ca97c70ad709f1c459e985ebebd8741b72d7 | msg=- | talker=- | create_time=0 | sheet=Página1 | row=132 | ingest_to_commit_ms=731 | manual_open_to_commit_ms=106314
[SCAN] reconcile complete | queued_or_refreshed=39
[OK] d67e287b5acb38714395ac71584e0c16.dat | cliente=1 | banco=None | valor=4983.0 | data=22/07/2026 12:40 | sink=staged | resolution=direct_image | verification=CONFIRMADO | manual_open_to_claim_ms=104355 | open_ms=18 | prep_ms=33 | ocr_ms=1926 | parse_ms=1 | manual_open_to_ingest_ms=106344
[SINK] committed | file_id=6143d29f407b53aba18d74794c6afa9980a79ebc | msg=- | talker=- | create_time=0 | sheet=Página1 | row=133 | ingest_to_commit_ms=740 | manual_open_to_commit_ms=107084
[OK] d0c4157c17109d5adc0c7a7d7f639b77.dat | cliente=1 | banco=AMD | valor=1300.0 | data=22/07/2026 11:38 | sink=staged | resolution=direct_image | verification=CONFIRMADO | manual_open_to_claim_ms=104383 | open_ms=6 | prep_ms=1 | ocr_ms=2419 | parse_ms=1 | manual_open_to_ingest_ms=106814
[SINK] committed | file_id=d79705acb3441d41a8721f73b83e69943d707e93 | msg=- | talker=- | create_time=0 | sheet=Página1 | row=134 | ingest_to_commit_ms=727 | manual_open_to_commit_ms=107541
[OK] 477ddcb2bab76ee07b12eb90f75f141c.dat | cliente=1 | banco=AMD | valor=67.74 | data=22/07/2026 14:32 | sink=staged | resolution=direct_image | verification=CONFIRMADO | manual_open_to_claim_ms=104775 | open_ms=10 | prep_ms=1 | ocr_ms=1833 | parse_ms=1 | manual_open_to_ingest_ms=106626
[SINK] committed | file_id=79e617b23a719668e76593cde5d594cc0f9461e0 | msg=- | talker=- | create_time=0 | sheet=Página1 | row=135 | ingest_to_commit_ms=728 | manual_open_to_commit_ms=107354
[OK] e9e9f57fe2be1a6e05090627faac08c1.dat | cliente=1 | banco=AMD | valor=6800.0 | data=22/07/2026 14:49 | sink=staged | resolution=direct_image | verification=CONFIRMADO | manual_open_to_claim_ms=104430 | open_ms=22 | prep_ms=46 | ocr_ms=2832 | parse_ms=1 | manual_open_to_ingest_ms=107346
[SINK] committed | file_id=9f2c5b45f30f6122e9d27c1c1d327bbde1dfa156 | msg=- | talker=- | create_time=0 | sheet=Página1 | row=136 | ingest_to_commit_ms=752 | manual_open_to_commit_ms=108099
[OK] b05168052589e25c59d0ad7bc94af1d1.dat | cliente=1 | banco=AMD | valor=3000.0 | data=21/07/2026 20:51 | sink=staged | resolution=direct_image | verification=CONFIRMADO | manual_open_to_claim_ms=105379 | open_ms=6 | prep_ms=1 | ocr_ms=1918 | parse_ms=1 | manual_open_to_ingest_ms=107309
[SINK] committed | file_id=2f4cd7499f9f2c3e967b54d843bf2b4226fcd1cb | msg=- | talker=- | create_time=0 | sheet=Página1 | row=137 | ingest_to_commit_ms=718 | manual_open_to_commit_ms=108027
[OK] 1335849b4749997905c8572d2b202d53.dat | cliente=1 | banco=AMD | valor=250.0 | data=21/07/2026 22:15 | sink=staged | resolution=direct_image | verification=CONFIRMADO | manual_open_to_claim_ms=100348 | open_ms=5 | prep_ms=0 | ocr_ms=3326 | parse_ms=2 | manual_open_to_ingest_ms=103685
[SINK] committed | file_id=a0e265ada644a4ec986f6cddb65e79178517e624 | msg=- | talker=- | create_time=0 | sheet=Página1 | row=138 | ingest_to_commit_ms=714 | manual_open_to_commit_ms=104399
[OK] 0b7df9287b024c8b083dd85e7415b929.dat | cliente=1 | banco=AMD | valor=2000.0 | data=22/07/2026 12:54 | sink=staged | resolution=direct_image | verification=CONFIRMADO | manual_open_to_claim_ms=97050 | open_ms=5 | prep_ms=1 | ocr_ms=2586 | parse_ms=2 | manual_open_to_ingest_ms=99647
[SINK] committed | file_id=c567502c07dd079bad74a762b6467ccf201b0cbb | msg=- | talker=- | create_time=0 | sheet=Página1 | row=139 | ingest_to_commit_ms=749 | manual_open_to_commit_ms=100396
[OK] 95bc37bb28cc234d7680770b12c03816.dat | cliente=1 | banco=AMD | valor=279.0 | data=22/07/2026 13:28 | sink=staged | resolution=direct_image | verification=CONFIRMADO | manual_open_to_claim_ms=96488 | open_ms=17 | prep_ms=36 | ocr_ms=1876 | parse_ms=2 | manual_open_to_ingest_ms=98430
[SINK] committed | file_id=1524890034f78f256c8ae7374f0f0c966be2bd47 | msg=- | talker=- | create_time=0 | sheet=Página1 | row=140 | ingest_to_commit_ms=796 | manual_open_to_commit_ms=99225
[OK] ba517038582adda8884d676b56f16ede.dat | cliente=1 | banco=AMD | valor=200.0 | data=22/07/2026 13:32 | sink=staged | resolution=direct_image | verification=CONFIRMADO | manual_open_to_claim_ms=95435 | open_ms=11 | prep_ms=1 | ocr_ms=2501 | parse_ms=1 | manual_open_to_ingest_ms=97957
[SINK] committed | file_id=0a453abaaf87ae2564a1f477581ce86fe71c7b63 | msg=- | talker=- | create_time=0 | sheet=Página1 | row=141 | ingest_to_commit_ms=733 | manual_open_to_commit_ms=98689
[OK] fc572481efe2972d4bd6e22b694a21d5.dat | cliente=1 | banco=AMD | valor=4400.0 | data=22/07/2026 15:24 | sink=staged | resolution=direct_image | verification=CONFIRMADO | manual_open_to_claim_ms=88060 | open_ms=16 | prep_ms=30 | ocr_ms=1717 | parse_ms=1 | manual_open_to_ingest_ms=89832
[SINK] committed | file_id=8aad36f943b598ea8ed87532336065c4a7bba273 | msg=- | talker=- | create_time=0 | sheet=Página1 | row=142 | ingest_to_commit_ms=929 | manual_open_to_commit_ms=90760
[SKIP] 84a748ad7080bbc78ed85d99dda26d96.dat | not_receipt=TABULAR_TRANSFER_LIST
[OK] b82cca72be7818a07f437acbd0a245ce.dat | cliente=1 | banco=AMD | valor=83.74 | data=22/07/2026 15:55 | sink=staged | resolution=direct_image | verification=CONFIRMADO | manual_open_to_claim_ms=88068 | open_ms=8 | prep_ms=1 | ocr_ms=1941 | parse_ms=1 | manual_open_to_ingest_ms=90026
[SINK] committed | file_id=00fde03962dfe51a3d228cc0bb16ecb16a90050d | msg=- | talker=- | create_time=0 | sheet=Página1 | row=143 | ingest_to_commit_ms=779 | manual_open_to_commit_ms=90804
[OK] 52c9f62adbbe318f3e3c86f79223c19a.dat | cliente=1 | banco=AMD | valor=689.0 | data=22/07/2026 16:46 | sink=staged | resolution=direct_image | verification=CONFIRMADO | manual_open_to_claim_ms=87972 | open_ms=14 | prep_ms=32 | ocr_ms=1433 | parse_ms=1 | manual_open_to_ingest_ms=89459
[SINK] committed | file_id=4d24e9da170cc2788baec22dbefb6fe8e1f403c7 | msg=- | talker=- | create_time=0 | sheet=Página1 | row=144 | ingest_to_commit_ms=719 | manual_open_to_commit_ms=90179
[OK] 5dc47018de8a03f395853ff1e58d32be.dat | cliente=1 | banco=AMD | valor=2000.0 | data=22/07/2026 12:18 | sink=staged | resolution=direct_image | verification=CONFIRMADO | manual_open_to_claim_ms=81630 | open_ms=6 | prep_ms=0 | ocr_ms=3307 | parse_ms=2 | manual_open_to_ingest_ms=84951
[SINK] committed | file_id=452c6940f3eceb9f1875838ab1bb5bdba11272cc | msg=- | talker=- | create_time=0 | sheet=Página1 | row=145 | ingest_to_commit_ms=821 | manual_open_to_commit_ms=85772
[OK] dc7ac5d30ed7b242142452b33a9fc0c8.dat | cliente=1 | banco=AMD | valor=18250.0 | data=22/07/2026 14:50 | sink=staged | resolution=direct_image | verification=CONFIRMADO | manual_open_to_claim_ms=83026 | open_ms=13 | prep_ms=1 | ocr_ms=2553 | parse_ms=2 | manual_open_to_ingest_ms=85603
[SINK] committed | file_id=f8fb3a7340d101f76a32fa5fa8a96743dde9627a | msg=- | talker=- | create_time=0 | sheet=Página1 | row=146 | ingest_to_commit_ms=737 | manual_open_to_commit_ms=86340
[SKIP] 6ba3d6925c0dc1c002e9c4b578122098_.jpg | temp_file_disappeared_after_3_attempts
[RETRY] d66da97ddcbeb773ea11b6a610fef2a4_.jpg | attempt=2 | err=FileNotFoundError: Resolved file disappeared: C:\Users\Felipe\Documents\WeChat Files\wxid_xd3703k0ih2p22\FileStorage\Temp\d66da97ddcbeb773ea11b6a610fef2a4_.jpg
[RETRY] 8c4f90ea9d082ae4b46e234a11d076bc_.jpg | attempt=2 | err=FileNotFoundError: Resolved file disappeared: C:\Users\Felipe\Documents\WeChat Files\wxid_xd3703k0ih2p22\FileStorage\Temp\8c4f90ea9d082ae4b46e234a11d076bc_.jpg
[RETRY] 5547b8c4dcd1c87246f203c708dccfa1_.jpg | attempt=2 | err=FileNotFoundError: Resolved file disappeared: C:\Users\Felipe\Documents\WeChat Files\wxid_xd3703k0ih2p22\FileStorage\Temp\5547b8c4dcd1c87246f203c708dccfa1_.jpg
[RETRY] 7b1b987cb7e0b7d495dc1fdc338a0c06_.jpg | attempt=2 | err=FileNotFoundError: Resolved file disappeared: C:\Users\Felipe\Documents\WeChat Files\wxid_xd3703k0ih2p22\FileStorage\Temp\7b1b987cb7e0b7d495dc1fdc338a0c06_.jpg
[RETRY] 3b15efc68d6117d49cb81fd93cc858f8_.jpg | attempt=2 | err=FileNotFoundError: Resolved file disappeared: C:\Users\Felipe\Documents\WeChat Files\wxid_xd3703k0ih2p22\FileStorage\Temp\3b15efc68d6117d49cb81fd93cc858f8_.jpg
[RETRY] 6de8332677d487385fb6a4534abd4165_.jpg | attempt=1 | err=FileNotFoundError: Resolved file disappeared: C:\Users\Felipe\Documents\WeChat Files\wxid_xd3703k0ih2p22\FileStorage\Temp\6de8332677d487385fb6a4534abd4165_.jpg
[RETRY] 209f95e0f9a3424f89d694e56fab3d27_.jpg | attempt=1 | err=FileNotFoundError: Resolved file disappeared: C:\Users\Felipe\Documents\WeChat Files\wxid_xd3703k0ih2p22\FileStorage\Temp\209f95e0f9a3424f89d694e56fab3d27_.jpg
[RETRY] c69b2d12c2e2bf9c3c2c7c9dbc34b8c0_.jpg | attempt=1 | err=FileNotFoundError: Resolved file disappeared: C:\Users\Felipe\Documents\WeChat Files\wxid_xd3703k0ih2p22\FileStorage\Temp\c69b2d12c2e2bf9c3c2c7c9dbc34b8c0_.jpg
[RETRY] ab9a3956ecacd5189f65dbdbc1e18cf6_.jpg | attempt=1 | err=FileNotFoundError: Resolved file disappeared: C:\Users\Felipe\Documents\WeChat Files\wxid_xd3703k0ih2p22\FileStorage\Temp\ab9a3956ecacd5189f65dbdbc1e18cf6_.jpg
[RETRY] 723603be04f97459258667b484966768_.jpg | attempt=1 | err=FileNotFoundError: Resolved file disappeared: C:\Users\Felipe\Documents\WeChat Files\wxid_xd3703k0ih2p22\FileStorage\Temp\723603be04f97459258667b484966768_.jpg
[RETRY] 0f9c876ac36e9d3ae9e3de14b4b35b9a_.jpg | attempt=1 | err=FileNotFoundError: Resolved file disappeared: C:\Users\Felipe\Documents\WeChat Files\wxid_xd3703k0ih2p22\FileStorage\Temp\0f9c876ac36e9d3ae9e3de14b4b35b9a_.jpg
[RETRY] 98f7e5c0f2c3afe30a10809cd783bc84_.jpg | attempt=1 | err=FileNotFoundError: Resolved file disappeared: C:\Users\Felipe\Documents\WeChat Files\wxid_xd3703k0ih2p22\FileStorage\Temp\98f7e5c0f2c3afe30a10809cd783bc84_.jpg
[RETRY] 88ebd4c3353e58d87fe6f80191daebd1_.jpg | attempt=1 | err=FileNotFoundError: Resolved file disappeared: C:\Users\Felipe\Documents\WeChat Files\wxid_xd3703k0ih2p22\FileStorage\Temp\88ebd4c3353e58d87fe6f80191daebd1_.jpg
[RETRY] 671198a1d783341955fd483c2c831b8b_.jpg | attempt=1 | err=FileNotFoundError: Resolved file disappeared: C:\Users\Felipe\Documents\WeChat Files\wxid_xd3703k0ih2p22\FileStorage\Temp\671198a1d783341955fd483c2c831b8b_.jpg
[RETRY] 9024a2e4ec47efdf4ee1753824aafa69_.jpg | attempt=1 | err=FileNotFoundError: Resolved file disappeared: C:\Users\Felipe\Documents\WeChat Files\wxid_xd3703k0ih2p22\FileStorage\Temp\9024a2e4ec47efdf4ee1753824aafa69_.jpg
[RETRY] 820afa6a7757a6cc94ab826de7758809_.jpg | attempt=1 | err=FileNotFoundError: Resolved file disappeared: C:\Users\Felipe\Documents\WeChat Files\wxid_xd3703k0ih2p22\FileStorage\Temp\820afa6a7757a6cc94ab826de7758809_.jpg
[RETRY] 523013da4762138a1abe4e071a9f7833_.jpg | attempt=1 | err=FileNotFoundError: Resolved file disappeared: C:\Users\Felipe\Documents\WeChat Files\wxid_xd3703k0ih2p22\FileStorage\Temp\523013da4762138a1abe4e071a9f7833_.jpg
[RETRY] 99d22469d2457f2ecf09be1d1ceabcf3_.jpg | attempt=1 | err=FileNotFoundError: Resolved file disappeared: C:\Users\Felipe\Documents\WeChat Files\wxid_xd3703k0ih2p22\FileStorage\Temp\99d22469d2457f2ecf09be1d1ceabcf3_.jpg
[RETRY] 9fd12d18bd2942e3b85ac38b928beb08_.jpg | attempt=1 | err=FileNotFoundError: Resolved file disappeared: C:\Users\Felipe\Documents\WeChat Files\wxid_xd3703k0ih2p22\FileStorage\Temp\9fd12d18bd2942e3b85ac38b928beb08_.jpg
[RETRY] ba56978b38ec5efa47222d87868e078d_.jpg | attempt=1 | err=FileNotFoundError: Resolved file disappeared: C:\Users\Felipe\Documents\WeChat Files\wxid_xd3703k0ih2p22\FileStorage\Temp\ba56978b38ec5efa47222d87868e078d_.jpg
[RETRY] f96ab124b80580886f4ef793a19b9500_.jpg | attempt=1 | err=FileNotFoundError: Resolved file disappeared: C:\Users\Felipe\Documents\WeChat Files\wxid_xd3703k0ih2p22\FileStorage\Temp\f96ab124b80580886f4ef793a19b9500_.jpg
[RETRY] 641f3e3d097d8da3e98a8d6962fb0904_.jpg | attempt=1 | err=FileNotFoundError: Resolved file disappeared: C:\Users\Felipe\Documents\WeChat Files\wxid_xd3703k0ih2p22\FileStorage\Temp\641f3e3d097d8da3e98a8d6962fb0904_.jpg
[RETRY] 8fae34b45647c16effabbd059e0529e1_.jpg | attempt=1 | err=FileNotFoundError: Resolved file disappeared: C:\Users\Felipe\Documents\WeChat Files\wxid_xd3703k0ih2p22\FileStorage\Temp\8fae34b45647c16effabbd059e0529e1_.jpg
[RETRY] 97f96879312f7334b989620401712e39_.jpg | attempt=1 | err=FileNotFoundError: Resolved file disappeared: C:\Users\Felipe\Documents\WeChat Files\wxid_xd3703k0ih2p22\FileStorage\Temp\97f96879312f7334b989620401712e39_.jpg
[RETRY] c32632bacaf8cab5a94c5bd886b45841_.jpg | attempt=1 | err=FileNotFoundError: Resolved file disappeared: C:\Users\Felipe\Documents\WeChat Files\wxid_xd3703k0ih2p22\FileStorage\Temp\c32632bacaf8cab5a94c5bd886b45841_.jpg
[RETRY] 4e806354fa7b5e3ffd5ec2303682f9d0_.jpg | attempt=1 | err=FileNotFoundError: Resolved file disappeared: C:\Users\Felipe\Documents\WeChat Files\wxid_xd3703k0ih2p22\FileStorage\Temp\4e806354fa7b5e3ffd5ec2303682f9d0_.jpg
[RETRY] c11f8e06772c86880c92ba50a794ca72_.jpg | attempt=1 | err=FileNotFoundError: Resolved file disappeared: C:\Users\Felipe\Documents\WeChat Files\wxid_xd3703k0ih2p22\FileStorage\Temp\c11f8e06772c86880c92ba50a794ca72_.jpg
[RETRY] 98045ef43f8954ca21b29ef8464cecae_.jpg | attempt=1 | err=FileNotFoundError: Resolved file disappeared: C:\Users\Felipe\Documents\WeChat Files\wxid_xd3703k0ih2p22\FileStorage\Temp\98045ef43f8954ca21b29ef8464cecae_.jpg
[RETRY] 562f2fd08367811d6843c66009a8265b_.jpg | attempt=1 | err=FileNotFoundError: Resolved file disappeared: C:\Users\Felipe\Documents\WeChat Files\wxid_xd3703k0ih2p22\FileStorage\Temp\562f2fd08367811d6843c66009a8265b_.jpg
[RETRY] 775020444522da5017572923b71f01ea_.jpg | attempt=1 | err=FileNotFoundError: Resolved file disappeared: C:\Users\Felipe\Documents\WeChat Files\wxid_xd3703k0ih2p22\FileStorage\Temp\775020444522da5017572923b71f01ea_.jpg
[RETRY] f6f8363120e7713ca4e8e87b456be97f_.jpg | attempt=1 | err=FileNotFoundError: Resolved file disappeared: C:\Users\Felipe\Documents\WeChat Files\wxid_xd3703k0ih2p22\FileStorage\Temp\f6f8363120e7713ca4e8e87b456be97f_.jpg
[RETRY] 98d09b9470c88ab5ed462c687edffdef_.jpg | attempt=1 | err=FileNotFoundError: Resolved file disappeared: C:\Users\Felipe\Documents\WeChat Files\wxid_xd3703k0ih2p22\FileStorage\Temp\98d09b9470c88ab5ed462c687edffdef_.jpg
[RETRY] e40280c4d0a166a99cffe03b2aea89fe_.jpg | attempt=1 | err=FileNotFoundError: Resolved file disappeared: C:\Users\Felipe\Documents\WeChat Files\wxid_xd3703k0ih2p22\FileStorage\Temp\e40280c4d0a166a99cffe03b2aea89fe_.jpg
[RETRY] 72dee364e3c566aa2994313d53942522_.jpg | attempt=1 | err=FileNotFoundError: Resolved file disappeared: C:\Users\Felipe\Documents\WeChat Files\wxid_xd3703k0ih2p22\FileStorage\Temp\72dee364e3c566aa2994313d53942522_.jpg
[RETRY] 0bd5558a0132ef301b70fe9b2fbe3ee8_.jpg | attempt=1 | err=FileNotFoundError: Resolved file disappeared: C:\Users\Felipe\Documents\WeChat Files\wxid_xd3703k0ih2p22\FileStorage\Temp\0bd5558a0132ef301b70fe9b2fbe3ee8_.jpg
[RETRY] 7fbc7ccea149f3523bf70c52e7a1b538_.jpg | attempt=1 | err=FileNotFoundError: Resolved file disappeared: C:\Users\Felipe\Documents\WeChat Files\wxid_xd3703k0ih2p22\FileStorage\Temp\7fbc7ccea149f3523bf70c52e7a1b538_.jpg
[RETRY] bd74f4a511b7ba3709aa937e25e0ae75_.jpg | attempt=1 | err=FileNotFoundError: Resolved file disappeared: C:\Users\Felipe\Documents\WeChat Files\wxid_xd3703k0ih2p22\FileStorage\Temp\bd74f4a511b7ba3709aa937e25e0ae75_.jpg
[RETRY] 663f2e9b58f2b99babfb2fb3e835909b_.jpg | attempt=1 | err=FileNotFoundError: Resolved file disappeared: C:\Users\Felipe\Documents\WeChat Files\wxid_xd3703k0ih2p22\FileStorage\Temp\663f2e9b58f2b99babfb2fb3e835909b_.jpg
[RETRY] 7cea9dce35cc128902084be3413a7400_.jpg | attempt=1 | err=FileNotFoundError: Resolved file disappeared: C:\Users\Felipe\Documents\WeChat Files\wxid_xd3703k0ih2p22\FileStorage\Temp\7cea9dce35cc128902084be3413a7400_.jpg
[RETRY] 313eab6435249bacc6d30e58b81f833f_.jpg | attempt=1 | err=FileNotFoundError: Resolved file disappeared: C:\Users\Felipe\Documents\WeChat Files\wxid_xd3703k0ih2p22\FileStorage\Temp\313eab6435249bacc6d30e58b81f833f_.jpg
[RETRY] bc16911ce90e29466302cc2b80055091_.jpg | attempt=1 | err=FileNotFoundError: Resolved file disappeared: C:\Users\Felipe\Documents\WeChat Files\wxid_xd3703k0ih2p22\FileStorage\Temp\bc16911ce90e29466302cc2b80055091_.jpg
[RETRY] d288703f564611cd22fd867c32afdbf2_.jpg | attempt=1 | err=FileNotFoundError: Resolved file disappeared: C:\Users\Felipe\Documents\WeChat Files\wxid_xd3703k0ih2p22\FileStorage\Temp\d288703f564611cd22fd867c32afdbf2_.jpg
[RETRY] 0f9dbef5e36ecb71ceeadd061cfd4cd2_.jpg | attempt=1 | err=FileNotFoundError: Resolved file disappeared: C:\Users\Felipe\Documents\WeChat Files\wxid_xd3703k0ih2p22\FileStorage\Temp\0f9dbef5e36ecb71ceeadd061cfd4cd2_.jpg
[RETRY] eadb4d2806720a4693b7de90bcdb73e1_.jpg | attempt=1 | err=FileNotFoundError: Resolved file disappeared: C:\Users\Felipe\Documents\WeChat Files\wxid_xd3703k0ih2p22\FileStorage\Temp\eadb4d2806720a4693b7de90bcdb73e1_.jpg
[RETRY] 506c65a7ef2db99f04a0ad0651009084_.jpg | attempt=1 | err=FileNotFoundError: Resolved file disappeared: C:\Users\Felipe\Documents\WeChat Files\wxid_xd3703k0ih2p22\FileStorage\Temp\506c65a7ef2db99f04a0ad0651009084_.jpg
[RETRY] e9740a060002a365ab749649797e180a_.jpg | attempt=1 | err=FileNotFoundError: Resolved file disappeared: C:\Users\Felipe\Documents\WeChat Files\wxid_xd3703k0ih2p22\FileStorage\Temp\e9740a060002a365ab749649797e180a_.jpg
[RETRY] a8024b411362d88b147d200b9ae59c56_.jpg | attempt=1 | err=FileNotFoundError: Resolved file disappeared: C:\Users\Felipe\Documents\WeChat Files\wxid_xd3703k0ih2p22\FileStorage\Temp\a8024b411362d88b147d200b9ae59c56_.jpg
[RETRY] 4d9414a812fd856d57fcb1c7b558a0db_.jpg | attempt=1 | err=FileNotFoundError: Resolved file disappeared: C:\Users\Felipe\Documents\WeChat Files\wxid_xd3703k0ih2p22\FileStorage\Temp\4d9414a812fd856d57fcb1c7b558a0db_.jpg
[RETRY] af627c97a8816dec0250c019c5f6b961_.jpg | attempt=1 | err=FileNotFoundError: Resolved file disappeared: C:\Users\Felipe\Documents\WeChat Files\wxid_xd3703k0ih2p22\FileStorage\Temp\af627c97a8816dec0250c019c5f6b961_.jpg
[RETRY] 04f53081c49c6903d1eea6a7d420ec6b_.jpg | attempt=1 | err=FileNotFoundError: Resolved file disappeared: C:\Users\Felipe\Documents\WeChat Files\wxid_xd3703k0ih2p22\FileStorage\Temp\04f53081c49c6903d1eea6a7d420ec6b_.jpg
[RETRY] 0ab8d1191cc055668a563d38d4ed40fc_.jpg | attempt=1 | err=FileNotFoundError: Resolved file disappeared: C:\Users\Felipe\Documents\WeChat Files\wxid_xd3703k0ih2p22\FileStorage\Temp\0ab8d1191cc055668a563d38d4ed40fc_.jpg
[RETRY] d9abefad9b9266837ab0e2bab39856ef_.jpg | attempt=1 | err=FileNotFoundError: Resolved file disappeared: C:\Users\Felipe\Documents\WeChat Files\wxid_xd3703k0ih2p22\FileStorage\Temp\d9abefad9b9266837ab0e2bab39856ef_.jpg
[RETRY] 4ddab7578c12417c78e0b6b06fc37118_.jpg | attempt=1 | err=FileNotFoundError: Resolved file disappeared: C:\Users\Felipe\Documents\WeChat Files\wxid_xd3703k0ih2p22\FileStorage\Temp\4ddab7578c12417c78e0b6b06fc37118_.jpg
[RETRY] a2e1fbac40b3570573afb8dceafe999e_.jpg | attempt=1 | err=FileNotFoundError: Resolved file disappeared: C:\Users\Felipe\Documents\WeChat Files\wxid_xd3703k0ih2p22\FileStorage\Temp\a2e1fbac40b3570573afb8dceafe999e_.jpg
[RETRY] 9204d82bc1456c9fe50737ad32edb0af_.jpg | attempt=1 | err=FileNotFoundError: Resolved file disappeared: C:\Users\Felipe\Documents\WeChat Files\wxid_xd3703k0ih2p22\FileStorage\Temp\9204d82bc1456c9fe50737ad32edb0af_.jpg
[RETRY] ae7ff85c512002159bcd03c62864313a_.jpg | attempt=1 | err=FileNotFoundError: Resolved file disappeared: C:\Users\Felipe\Documents\WeChat Files\wxid_xd3703k0ih2p22\FileStorage\Temp\ae7ff85c512002159bcd03c62864313a_.jpg
[RETRY] a57031a08ac9749aa463ff3a1ca140d3_.jpg | attempt=1 | err=FileNotFoundError: Resolved file disappeared: C:\Users\Felipe\Documents\WeChat Files\wxid_xd3703k0ih2p22\FileStorage\Temp\a57031a08ac9749aa463ff3a1ca140d3_.jpg
[RETRY] 419d544b41b279d841bf54b33956a611_.jpg | attempt=1 | err=FileNotFoundError: Resolved file disappeared: C:\Users\Felipe\Documents\WeChat Files\wxid_xd3703k0ih2p22\FileStorage\Temp\419d544b41b279d841bf54b33956a611_.jpg
[RETRY] 0013519140442437f7f4268bb684a574_.jpg | attempt=1 | err=FileNotFoundError: Resolved file disappeared: C:\Users\Felipe\Documents\WeChat Files\wxid_xd3703k0ih2p22\FileStorage\Temp\0013519140442437f7f4268bb684a574_.jpg
[RETRY] e6a5ca9c94efa7cf367eb2e4b62cf831_.jpg | attempt=1 | err=FileNotFoundError: Resolved file disappeared: C:\Users\Felipe\Documents\WeChat Files\wxid_xd3703k0ih2p22\FileStorage\Temp\e6a5ca9c94efa7cf367eb2e4b62cf831_.jpg
[RETRY] 9858cfe4d2aa9d69f3c5f89169ef0d42_.jpg | attempt=1 | err=FileNotFoundError: Resolved file disappeared: C:\Users\Felipe\Documents\WeChat Files\wxid_xd3703k0ih2p22\FileStorage\Temp\9858cfe4d2aa9d69f3c5f89169ef0d42_.jpg
[RETRY] 1ba40841fccdfb14f38b5ae54f84a20b_.jpg | attempt=1 | err=FileNotFoundError: Resolved file disappeared: C:\Users\Felipe\Documents\WeChat Files\wxid_xd3703k0ih2p22\FileStorage\Temp\1ba40841fccdfb14f38b5ae54f84a20b_.jpg
[RETRY] fbbf96fa50acd410273d226ab911f8e7_.jpg | attempt=1 | err=FileNotFoundError: Resolved file disappeared: C:\Users\Felipe\Documents\WeChat Files\wxid_xd3703k0ih2p22\FileStorage\Temp\fbbf96fa50acd410273d226ab911f8e7_.jpg
[RETRY] eab009070a041c899297f961dbc6ec4c_.jpg | attempt=1 | err=FileNotFoundError: Resolved file disappeared: C:\Users\Felipe\Documents\WeChat Files\wxid_xd3703k0ih2p22\FileStorage\Temp\eab009070a041c899297f961dbc6ec4c_.jpg
[RETRY] 15958570f687f8b712fbf88db4791792_.jpg | attempt=1 | err=FileNotFoundError: Resolved file disappeared: C:\Users\Felipe\Documents\WeChat Files\wxid_xd3703k0ih2p22\FileStorage\Temp\15958570f687f8b712fbf88db4791792_.jpg
[RETRY] 4f25cc35d2af72b004be41fba7b4e0b4_.jpg | attempt=1 | err=FileNotFoundError: Resolved file disappeared: C:\Users\Felipe\Documents\WeChat Files\wxid_xd3703k0ih2p22\FileStorage\Temp\4f25cc35d2af72b004be41fba7b4e0b4_.jpg
[RETRY] dd83704845879abcfb822e58cb050e7f_.jpg | attempt=1 | err=FileNotFoundError: Resolved file disappeared: C:\Users\Felipe\Documents\WeChat Files\wxid_xd3703k0ih2p22\FileStorage\Temp\dd83704845879abcfb822e58cb050e7f_.jpg
[RETRY] 33739e66dba1d65a1420ef2c558c8b4e_.jpg | attempt=1 | err=FileNotFoundError: Resolved file disappeared: C:\Users\Felipe\Documents\WeChat Files\wxid_xd3703k0ih2p22\FileStorage\Temp\33739e66dba1d65a1420ef2c558c8b4e_.jpg
[RETRY] 991eddfcb40a3902728c38dc34622dee_.jpg | attempt=1 | err=FileNotFoundError: Resolved file disappeared: C:\Users\Felipe\Documents\WeChat Files\wxid_xd3703k0ih2p22\FileStorage\Temp\991eddfcb40a3902728c38dc34622dee_.jpg
[RETRY] dc64e5035c34f4a02dd9f75c9d8076a2_.jpg | attempt=1 | err=FileNotFoundError: Resolved file disappeared: C:\Users\Felipe\Documents\WeChat Files\wxid_xd3703k0ih2p22\FileStorage\Temp\dc64e5035c34f4a02dd9f75c9d8076a2_.jpg
[RETRY] f88f664817ed9adaa8a2a50761e29e82_.jpg | attempt=1 | err=FileNotFoundError: Resolved file disappeared: C:\Users\Felipe\Documents\WeChat Files\wxid_xd3703k0ih2p22\FileStorage\Temp\f88f664817ed9adaa8a2a50761e29e82_.jpg
[RETRY] bc814fc16e49087056a74f0d30ae154e_.jpg | attempt=1 | err=FileNotFoundError: Resolved file disappeared: C:\Users\Felipe\Documents\WeChat Files\wxid_xd3703k0ih2p22\FileStorage\Temp\bc814fc16e49087056a74f0d30ae154e_.jpg
[RETRY] 41c37a73707a2e03b6b474e54e2a21cd_.jpg | attempt=1 | err=FileNotFoundError: Resolved file disappeared: C:\Users\Felipe\Documents\WeChat Files\wxid_xd3703k0ih2p22\FileStorage\Temp\41c37a73707a2e03b6b474e54e2a21cd_.jpg
[RETRY] ac17e620c938a009ab05aab030d4ef73_.jpg | attempt=1 | err=FileNotFoundError: Resolved file disappeared: C:\Users\Felipe\Documents\WeChat Files\wxid_xd3703k0ih2p22\FileStorage\Temp\ac17e620c938a009ab05aab030d4ef73_.jpg
[RETRY] a43588f773cf635b11796fcc53519cc4_.jpg | attempt=1 | err=FileNotFoundError: Resolved file disappeared: C:\Users\Felipe\Documents\WeChat Files\wxid_xd3703k0ih2p22\FileStorage\Temp\a43588f773cf635b11796fcc53519cc4_.jpg
[RETRY] f2dc820bc3008c7a42fe55c80b1998f1_.jpg | attempt=1 | err=FileNotFoundError: Resolved file disappeared: C:\Users\Felipe\Documents\WeChat Files\wxid_xd3703k0ih2p22\FileStorage\Temp\f2dc820bc3008c7a42fe55c80b1998f1_.jpg
[RETRY] 7c9fb46db3762825650d23e17d5c6cf8_.jpg | attempt=1 | err=FileNotFoundError: Resolved file disappeared: C:\Users\Felipe\Documents\WeChat Files\wxid_xd3703k0ih2p22\FileStorage\Temp\7c9fb46db3762825650d23e17d5c6cf8_.jpg
[RETRY] b1aef2e3e1e3ad0921fcfbbf755e03e5_.jpg | attempt=1 | err=FileNotFoundError: Resolved file disappeared: C:\Users\Felipe\Documents\WeChat Files\wxid_xd3703k0ih2p22\FileStorage\Temp\b1aef2e3e1e3ad0921fcfbbf755e03e5_.jpg
[RETRY] 89909380656cf02fb4cf325a0d5e16e4_.jpg | attempt=1 | err=FileNotFoundError: Resolved file disappeared: C:\Users\Felipe\Documents\WeChat Files\wxid_xd3703k0ih2p22\FileStorage\Temp\89909380656cf02fb4cf325a0d5e16e4_.jpg
[RETRY] 2e4680f8d2dca8109f5fc1e2c8fdd132_.jpg | attempt=1 | err=FileNotFoundError: Resolved file disappeared: C:\Users\Felipe\Documents\WeChat Files\wxid_xd3703k0ih2p22\FileStorage\Temp\2e4680f8d2dca8109f5fc1e2c8fdd132_.jpg
[RETRY] 6f1d60e8cf8b16b757709bd825ea8f87_.jpg | attempt=1 | err=FileNotFoundError: Resolved file disappeared: C:\Users\Felipe\Documents\WeChat Files\wxid_xd3703k0ih2p22\FileStorage\Temp\6f1d60e8cf8b16b757709bd825ea8f87_.jpg
[RETRY] 23a30bc7b1bde85bf1d110586a4ac728_.jpg | attempt=1 | err=FileNotFoundError: Resolved file disappeared: C:\Users\Felipe\Documents\WeChat Files\wxid_xd3703k0ih2p22\FileStorage\Temp\23a30bc7b1bde85bf1d110586a4ac728_.jpg
[RETRY] 004d652f1718ac003e8593e8abeac630_.jpg | attempt=1 | err=FileNotFoundError: Resolved file disappeared: C:\Users\Felipe\Documents\WeChat Files\wxid_xd3703k0ih2p22\FileStorage\Temp\004d652f1718ac003e8593e8abeac630_.jpg
[RETRY] 09502f7c95578981bf9be6605af64ed9_.jpg | attempt=1 | err=FileNotFoundError: Resolved file disappeared: C:\Users\Felipe\Documents\WeChat Files\wxid_xd3703k0ih2p22\FileStorage\Temp\09502f7c95578981bf9be6605af64ed9_.jpg
[RETRY] 7e7289cf815db255858b7d6bcb7b73c3_.jpg | attempt=1 | err=FileNotFoundError: Resolved file disappeared: C:\Users\Felipe\Documents\WeChat Files\wxid_xd3703k0ih2p22\FileStorage\Temp\7e7289cf815db255858b7d6bcb7b73c3_.jpg
[RETRY] 6100fd748c20627cd7550ac2a6b9e36d_.jpg | attempt=1 | err=FileNotFoundError: Resolved file disappeared: C:\Users\Felipe\Documents\WeChat Files\wxid_xd3703k0ih2p22\FileStorage\Temp\6100fd748c20627cd7550ac2a6b9e36d_.jpg
[RETRY] 86d2b3c1681571448e3a7aef20c1f88d_.jpg | attempt=1 | err=FileNotFoundError: Resolved file disappeared: C:\Users\Felipe\Documents\WeChat Files\wxid_xd3703k0ih2p22\FileStorage\Temp\86d2b3c1681571448e3a7aef20c1f88d_.jpg
[RETRY] c409eb3b1010c192ef712d8782ffa8f7_.jpg | attempt=1 | err=FileNotFoundError: Resolved file disappeared: C:\Users\Felipe\Documents\WeChat Files\wxid_xd3703k0ih2p22\FileStorage\Temp\c409eb3b1010c192ef712d8782ffa8f7_.jpg
[RETRY] 2f793293205bbc703f368d264177d0b1_.jpg | attempt=1 | err=FileNotFoundError: Resolved file disappeared: C:\Users\Felipe\Documents\WeChat Files\wxid_xd3703k0ih2p22\FileStorage\Temp\2f793293205bbc703f368d264177d0b1_.jpg
[RETRY] c562946efc72d25502e2c91a8dd66033_.jpg | attempt=1 | err=FileNotFoundError: Resolved file disappeared: C:\Users\Felipe\Documents\WeChat Files\wxid_xd3703k0ih2p22\FileStorage\Temp\c562946efc72d25502e2c91a8dd66033_.jpg
[RETRY] 3c520fd680e2d307baaef81c3d2cb2da_.jpg | attempt=1 | err=FileNotFoundError: Resolved file disappeared: C:\Users\Felipe\Documents\WeChat Files\wxid_xd3703k0ih2p22\FileStorage\Temp\3c520fd680e2d307baaef81c3d2cb2da_.jpg
[RETRY] a4eb6dc3336ed629096218884ca52cf9_.jpg | attempt=1 | err=FileNotFoundError: Resolved file disappeared: C:\Users\Felipe\Documents\WeChat Files\wxid_xd3703k0ih2p22\FileStorage\Temp\a4eb6dc3336ed629096218884ca52cf9_.jpg
[RETRY] 29642d7fb8cb7b939e7c3cca333082c9_.jpg | attempt=1 | err=FileNotFoundError: Resolved file disappeared: C:\Users\Felipe\Documents\WeChat Files\wxid_xd3703k0ih2p22\FileStorage\Temp\29642d7fb8cb7b939e7c3cca333082c9_.jpg
[RETRY] fdee5db5374410d1812635dad7c73e4c_.jpg | attempt=1 | err=FileNotFoundError: Resolved file disappeared: C:\Users\Felipe\Documents\WeChat Files\wxid_xd3703k0ih2p22\FileStorage\Temp\fdee5db5374410d1812635dad7c73e4c_.jpg
[RETRY] cc99937f170b205dd37a8f546f53aecd_.jpg | attempt=1 | err=FileNotFoundError: Resolved file disappeared: C:\Users\Felipe\Documents\WeChat Files\wxid_xd3703k0ih2p22\FileStorage\Temp\cc99937f170b205dd37a8f546f53aecd_.jpg
[RETRY] a4eeb882bd6d81e4802c61c6c32446e2_.jpg | attempt=1 | err=FileNotFoundError: Resolved file disappeared: C:\Users\Felipe\Documents\WeChat Files\wxid_xd3703k0ih2p22\FileStorage\Temp\a4eeb882bd6d81e4802c61c6c32446e2_.jpg
[RETRY] 9962a01277b20e94a16aa7a238fecf83_.jpg | attempt=1 | err=FileNotFoundError: Resolved file disappeared: C:\Users\Felipe\Documents\WeChat Files\wxid_xd3703k0ih2p22\FileStorage\Temp\9962a01277b20e94a16aa7a238fecf83_.jpg
[RETRY] ab0cf36895665c34bdc359c738821a76_.jpg | attempt=1 | err=FileNotFoundError: Resolved file disappeared: C:\Users\Felipe\Documents\WeChat Files\wxid_xd3703k0ih2p22\FileStorage\Temp\ab0cf36895665c34bdc359c738821a76_.jpg
[RETRY] a0f5d822815147b5cf934dc3594be347_.jpg | attempt=1 | err=FileNotFoundError: Resolved file disappeared: C:\Users\Felipe\Documents\WeChat Files\wxid_xd3703k0ih2p22\FileStorage\Temp\a0f5d822815147b5cf934dc3594be347_.jpg
[RETRY] bb73af6eceb447a98f282798676e84e8_.jpg | attempt=1 | err=FileNotFoundError: Resolved file disappeared: C:\Users\Felipe\Documents\WeChat Files\wxid_xd3703k0ih2p22\FileStorage\Temp\bb73af6eceb447a98f282798676e84e8_.jpg
[RETRY] 703d5ff87c883693d65f5676e9ef3a05_.jpg | attempt=1 | err=FileNotFoundError: Resolved file disappeared: C:\Users\Felipe\Documents\WeChat Files\wxid_xd3703k0ih2p22\FileStorage\Temp\703d5ff87c883693d65f5676e9ef3a05_.jpg
[RETRY] 5e7ecf10858f51884e7f54136b0ee841_.jpg | attempt=1 | err=FileNotFoundError: Resolved file disappeared: C:\Users\Felipe\Documents\WeChat Files\wxid_xd3703k0ih2p22\FileStorage\Temp\5e7ecf10858f51884e7f54136b0ee841_.jpg
[RETRY] a4f26f11846f84942a72bd4fe3059eb2_.jpg | attempt=1 | err=FileNotFoundError: Resolved file disappeared: C:\Users\Felipe\Documents\WeChat Files\wxid_xd3703k0ih2p22\FileStorage\Temp\a4f26f11846f84942a72bd4fe3059eb2_.jpg
[RETRY] 2dead766d1656bbc0753afea889186fd_.jpg | attempt=1 | err=FileNotFoundError: Resolved file disappeared: C:\Users\Felipe\Documents\WeChat Files\wxid_xd3703k0ih2p22\FileStorage\Temp\2dead766d1656bbc0753afea889186fd_.jpg
[RETRY] c6f187f2bd0000c3d39ac7d233d36498_.jpg | attempt=1 | err=FileNotFoundError: Resolved file disappeared: C:\Users\Felipe\Documents\WeChat Files\wxid_xd3703k0ih2p22\FileStorage\Temp\c6f187f2bd0000c3d39ac7d233d36498_.jpg
[RETRY] 1bc0bd1c0c6e01ef6f2c6f03749ebaee_.jpg | attempt=1 | err=FileNotFoundError: Resolved file disappeared: C:\Users\Felipe\Documents\WeChat Files\wxid_xd3703k0ih2p22\FileStorage\Temp\1bc0bd1c0c6e01ef6f2c6f03749ebaee_.jpg
[RETRY] 6236ffa78b51684743873d9330fdc743_.jpg | attempt=1 | err=FileNotFoundError: Resolved file disappeared: C:\Users\Felipe\Documents\WeChat Files\wxid_xd3703k0ih2p22\FileStorage\Temp\6236ffa78b51684743873d9330fdc743_.jpg
[RETRY] 416e96fdb3ef9e0e520297f270a8e6e9_.jpg | attempt=1 | err=FileNotFoundError: Resolved file disappeared: C:\Users\Felipe\Documents\WeChat Files\wxid_xd3703k0ih2p22\FileStorage\Temp\416e96fdb3ef9e0e520297f270a8e6e9_.jpg
[RETRY] c5fc1cc52b1714227101069e4db4ba69_.jpg | attempt=1 | err=FileNotFoundError: Resolved file disappeared: C:\Users\Felipe\Documents\WeChat Files\wxid_xd3703k0ih2p22\FileStorage\Temp\c5fc1cc52b1714227101069e4db4ba69_.jpg
[RETRY] a82c243c3f6ad839af69a15f4479fc92_.jpg | attempt=1 | err=FileNotFoundError: Resolved file disappeared: C:\Users\Felipe\Documents\WeChat Files\wxid_xd3703k0ih2p22\FileStorage\Temp\a82c243c3f6ad839af69a15f4479fc92_.jpg
[RETRY] 2d98fa9b9c5a162c2177351a7de6dde9_.jpg | attempt=1 | err=FileNotFoundError: Resolved file disappeared: C:\Users\Felipe\Documents\WeChat Files\wxid_xd3703k0ih2p22\FileStorage\Temp\2d98fa9b9c5a162c2177351a7de6dde9_.jpg
[RETRY] 949c4ca9268a9c29c0bea55d56c69219_.jpg | attempt=1 | err=FileNotFoundError: Resolved file disappeared: C:\Users\Felipe\Documents\WeChat Files\wxid_xd3703k0ih2p22\FileStorage\Temp\949c4ca9268a9c29c0bea55d56c69219_.jpg
[RETRY] 076f9409e44c82a383faa3b0a882fc70_.jpg | attempt=1 | err=FileNotFoundError: Resolved file disappeared: C:\Users\Felipe\Documents\WeChat Files\wxid_xd3703k0ih2p22\FileStorage\Temp\076f9409e44c82a383faa3b0a882fc70_.jpg
[RETRY] 39c72ebe48a79f631dfb225c4c12b6dc_.jpg | attempt=1 | err=FileNotFoundError: Resolved file disappeared: C:\Users\Felipe\Documents\WeChat Files\wxid_xd3703k0ih2p22\FileStorage\Temp\39c72ebe48a79f631dfb225c4c12b6dc_.jpg
[RETRY] 02a0f1c86e67eb492019785df80059e0_.jpg | attempt=1 | err=FileNotFoundError: Resolved file disappeared: C:\Users\Felipe\Documents\WeChat Files\wxid_xd3703k0ih2p22\FileStorage\Temp\02a0f1c86e67eb492019785df80059e0_.jpg
[RETRY] acb5df62f0199d386bea9c2a08a6262f_.jpg | attempt=1 | err=FileNotFoundError: Resolved file disappeared: C:\Users\Felipe\Documents\WeChat Files\wxid_xd3703k0ih2p22\FileStorage\Temp\acb5df62f0199d386bea9c2a08a6262f_.jpg
[RETRY] 69ea2d9cb91ff4ca6054156236ef3ccb_.jpg | attempt=1 | err=FileNotFoundError: Resolved file disappeared: C:\Users\Felipe\Documents\WeChat Files\wxid_xd3703k0ih2p22\FileStorage\Temp\69ea2d9cb91ff4ca6054156236ef3ccb_.jpg
[RETRY] ec7e673252d89e5dd4831e921a97b135_.jpg | attempt=1 | err=FileNotFoundError: Resolved file disappeared: C:\Users\Felipe\Documents\WeChat Files\wxid_xd3703k0ih2p22\FileStorage\Temp\ec7e673252d89e5dd4831e921a97b135_.jpg
[RETRY] d7fce7b43262a72808adda2cc5fa4790_.jpg | attempt=1 | err=FileNotFoundError: Resolved file disappeared: C:\Users\Felipe\Documents\WeChat Files\wxid_xd3703k0ih2p22\FileStorage\Temp\d7fce7b43262a72808adda2cc5fa4790_.jpg
[RETRY] 5679c92e828022141feadfc111cad69c_.jpg | attempt=1 | err=FileNotFoundError: Resolved file disappeared: C:\Users\Felipe\Documents\WeChat Files\wxid_xd3703k0ih2p22\FileStorage\Temp\5679c92e828022141feadfc111cad69c_.jpg
[RETRY] 7d587adabfe75dcd344f06aed0e44739_.jpg | attempt=1 | err=FileNotFoundError: Resolved file disappeared: C:\Users\Felipe\Documents\WeChat Files\wxid_xd3703k0ih2p22\FileStorage\Temp\7d587adabfe75dcd344f06aed0e44739_.jpg
[RETRY] 01bfa88ce6ab995f61c29318427e03c0_.jpg | attempt=1 | err=FileNotFoundError: Resolved file disappeared: C:\Users\Felipe\Documents\WeChat Files\wxid_xd3703k0ih2p22\FileStorage\Temp\01bfa88ce6ab995f61c29318427e03c0_.jpg
[RETRY] 0558c79fc99347faa9723dd45c499d4e_.jpg | attempt=1 | err=FileNotFoundError: Resolved file disappeared: C:\Users\Felipe\Documents\WeChat Files\wxid_xd3703k0ih2p22\FileStorage\Temp\0558c79fc99347faa9723dd45c499d4e_.jpg
[RETRY] fde300788f14d62fca6bd94b451caeb1_.jpg | attempt=1 | err=FileNotFoundError: Resolved file disappeared: C:\Users\Felipe\Documents\WeChat Files\wxid_xd3703k0ih2p22\FileStorage\Temp\fde300788f14d62fca6bd94b451caeb1_.jpg
[RETRY] e08bb7938653a9e2a3955d21f92964ed_.jpg | attempt=1 | err=FileNotFoundError: Resolved file disappeared: C:\Users\Felipe\Documents\WeChat Files\wxid_xd3703k0ih2p22\FileStorage\Temp\e08bb7938653a9e2a3955d21f92964ed_.jpg
[RETRY] 789206d7f321de13e4f0b1c9c6977c72_.jpg | attempt=1 | err=FileNotFoundError: Resolved file disappeared: C:\Users\Felipe\Documents\WeChat Files\wxid_xd3703k0ih2p22\FileStorage\Temp\789206d7f321de13e4f0b1c9c6977c72_.jpg
[RETRY] 710ae06214a556e1f5a5fdbfd069b56c_.jpg | attempt=1 | err=FileNotFoundError: Resolved file disappeared: C:\Users\Felipe\Documents\WeChat Files\wxid_xd3703k0ih2p22\FileStorage\Temp\710ae06214a556e1f5a5fdbfd069b56c_.jpg
[RETRY] c39f455b2a467be97147ca45d359811c_.jpg | attempt=1 | err=FileNotFoundError: Resolved file disappeared: C:\Users\Felipe\Documents\WeChat Files\wxid_xd3703k0ih2p22\FileStorage\Temp\c39f455b2a467be97147ca45d359811c_.jpg
[RETRY] efcadc2ac68113baddabe269f504ce43_.jpg | attempt=1 | err=FileNotFoundError: Resolved file disappeared: C:\Users\Felipe\Documents\WeChat Files\wxid_xd3703k0ih2p22\FileStorage\Temp\efcadc2ac68113baddabe269f504ce43_.jpg
[RETRY] 4d7913a215575e8388f32afb61a22497_.jpg | attempt=1 | err=FileNotFoundError: Resolved file disappeared: C:\Users\Felipe\Documents\WeChat Files\wxid_xd3703k0ih2p22\FileStorage\Temp\4d7913a215575e8388f32afb61a22497_.jpg
[RETRY] e704aff2a61dce066f8001b9771b179d_.jpg | attempt=1 | err=FileNotFoundError: Resolved file disappeared: C:\Users\Felipe\Documents\WeChat Files\wxid_xd3703k0ih2p22\FileStorage\Temp\e704aff2a61dce066f8001b9771b179d_.jpg
[RETRY] 79c43915c10fcce747d669c4f890b5fc_.jpg | attempt=1 | err=FileNotFoundError: Resolved file disappeared: C:\Users\Felipe\Documents\WeChat Files\wxid_xd3703k0ih2p22\FileStorage\Temp\79c43915c10fcce747d669c4f890b5fc_.jpg
[RETRY] 0909137ec5e54c624a7c42c4c8c9bd31_.jpg | attempt=1 | err=FileNotFoundError: Resolved file disappeared: C:\Users\Felipe\Documents\WeChat Files\wxid_xd3703k0ih2p22\FileStorage\Temp\0909137ec5e54c624a7c42c4c8c9bd31_.jpg
[RETRY] 395b1a2813e727de17255f0313603f16_.jpg | attempt=1 | err=FileNotFoundError: Resolved file disappeared: C:\Users\Felipe\Documents\WeChat Files\wxid_xd3703k0ih2p22\FileStorage\Temp\395b1a2813e727de17255f0313603f16_.jpg
[RETRY] d88509e0171834e527fdb2e3041911cb_.jpg | attempt=1 | err=FileNotFoundError: Resolved file disappeared: C:\Users\Felipe\Documents\WeChat Files\wxid_xd3703k0ih2p22\FileStorage\Temp\d88509e0171834e527fdb2e3041911cb_.jpg
[RETRY] c58a11a1ca3512303e03c27167911f33_.jpg | attempt=1 | err=FileNotFoundError: Resolved file disappeared: C:\Users\Felipe\Documents\WeChat Files\wxid_xd3703k0ih2p22\FileStorage\Temp\c58a11a1ca3512303e03c27167911f33_.jpg
[RETRY] ae9e0492051f3cb17ada4547812ae261_.jpg | attempt=1 | err=FileNotFoundError: Resolved file disappeared: C:\Users\Felipe\Documents\WeChat Files\wxid_xd3703k0ih2p22\FileStorage\Temp\ae9e0492051f3cb17ada4547812ae261_.jpg
[RETRY] cec76e0c20e7f185452f9ad8fd2b1a2e_.jpg | attempt=1 | err=FileNotFoundError: Resolved file disappeared: C:\Users\Felipe\Documents\WeChat Files\wxid_xd3703k0ih2p22\FileStorage\Temp\cec76e0c20e7f185452f9ad8fd2b1a2e_.jpg
[RETRY] 84f5a65ca9543d252f7278e8c712cb4b_.jpg | attempt=1 | err=FileNotFoundError: Resolved file disappeared: C:\Users\Felipe\Documents\WeChat Files\wxid_xd3703k0ih2p22\FileStorage\Temp\84f5a65ca9543d252f7278e8c712cb4b_.jpg
[RETRY] 10621728c971bcdd1988e7d60237efba_.jpg | attempt=1 | err=FileNotFoundError: Resolved file disappeared: C:\Users\Felipe\Documents\WeChat Files\wxid_xd3703k0ih2p22\FileStorage\Temp\10621728c971bcdd1988e7d60237efba_.jpg
[RETRY] d0f2523c5cff23f8a5ecb3789e427df4_.jpg | attempt=1 | err=FileNotFoundError: Resolved file disappeared: C:\Users\Felipe\Documents\WeChat Files\wxid_xd3703k0ih2p22\FileStorage\Temp\d0f2523c5cff23f8a5ecb3789e427df4_.jpg
[RETRY] 09fa2994d8aef76c0bb1f2df0c7d011c_.jpg | attempt=1 | err=FileNotFoundError: Resolved file disappeared: C:\Users\Felipe\Documents\WeChat Files\wxid_xd3703k0ih2p22\FileStorage\Temp\09fa2994d8aef76c0bb1f2df0c7d011c_.jpg
[RETRY] 2335a807bc8b6c9613314e14eedc8f38_.jpg | attempt=1 | err=FileNotFoundError: Resolved file disappeared: C:\Users\Felipe\Documents\WeChat Files\wxid_xd3703k0ih2p22\FileStorage\Temp\2335a807bc8b6c9613314e14eedc8f38_.jpg
[RETRY] bc2c7a7be98c7be19339a17ad24e2cb9_.jpg | attempt=1 | err=FileNotFoundError: Resolved file disappeared: C:\Users\Felipe\Documents\WeChat Files\wxid_xd3703k0ih2p22\FileStorage\Temp\bc2c7a7be98c7be19339a17ad24e2cb9_.jpg
[RETRY] 26a1a6490507626c3be909f9b91a051c_.jpg | attempt=1 | err=FileNotFoundError: Resolved file disappeared: C:\Users\Felipe\Documents\WeChat Files\wxid_xd3703k0ih2p22\FileStorage\Temp\26a1a6490507626c3be909f9b91a051c_.jpg
[RETRY] 6de8332677d487385fb6a4534abd4165_.jpg | attempt=2 | err=FileNotFoundError: Resolved file disappeared: C:\Users\Felipe\Documents\WeChat Files\wxid_xd3703k0ih2p22\FileStorage\Temp\6de8332677d487385fb6a4534abd4165_.jpg
[RETRY] 209f95e0f9a3424f89d694e56fab3d27_.jpg | attempt=2 | err=FileNotFoundError: Resolved file disappeared: C:\Users\Felipe\Documents\WeChat Files\wxid_xd3703k0ih2p22\FileStorage\Temp\209f95e0f9a3424f89d694e56fab3d27_.jpg
[RETRY] c69b2d12c2e2bf9c3c2c7c9dbc34b8c0_.jpg | attempt=2 | err=FileNotFoundError: Resolved file disappeared: C:\Users\Felipe\Documents\WeChat Files\wxid_xd3703k0ih2p22\FileStorage\Temp\c69b2d12c2e2bf9c3c2c7c9dbc34b8c0_.jpg
[RETRY] ab9a3956ecacd5189f65dbdbc1e18cf6_.jpg | attempt=2 | err=FileNotFoundError: Resolved file disappeared: C:\Users\Felipe\Documents\WeChat Files\wxid_xd3703k0ih2p22\FileStorage\Temp\ab9a3956ecacd5189f65dbdbc1e18cf6_.jpg
[RETRY] 723603be04f97459258667b484966768_.jpg | attempt=2 | err=FileNotFoundError: Resolved file disappeared: C:\Users\Felipe\Documents\WeChat Files\wxid_xd3703k0ih2p22\FileStorage\Temp\723603be04f97459258667b484966768_.jpg
[RETRY] 0f9c876ac36e9d3ae9e3de14b4b35b9a_.jpg | attempt=2 | err=FileNotFoundError: Resolved file disappeared: C:\Users\Felipe\Documents\WeChat Files\wxid_xd3703k0ih2p22\FileStorage\Temp\0f9c876ac36e9d3ae9e3de14b4b35b9a_.jpg
[RETRY] 98f7e5c0f2c3afe30a10809cd783bc84_.jpg | attempt=2 | err=FileNotFoundError: Resolved file disappeared: C:\Users\Felipe\Documents\WeChat Files\wxid_xd3703k0ih2p22\FileStorage\Temp\98f7e5c0f2c3afe30a10809cd783bc84_.jpg
[RETRY] 88ebd4c3353e58d87fe6f80191daebd1_.jpg | attempt=2 | err=FileNotFoundError: Resolved file disappeared: C:\Users\Felipe\Documents\WeChat Files\wxid_xd3703k0ih2p22\FileStorage\Temp\88ebd4c3353e58d87fe6f80191daebd1_.jpg
[RETRY] 671198a1d783341955fd483c2c831b8b_.jpg | attempt=2 | err=FileNotFoundError: Resolved file disappeared: C:\Users\Felipe\Documents\WeChat Files\wxid_xd3703k0ih2p22\FileStorage\Temp\671198a1d783341955fd483c2c831b8b_.jpg
[RETRY] 9024a2e4ec47efdf4ee1753824aafa69_.jpg | attempt=2 | err=FileNotFoundError: Resolved file disappeared: C:\Users\Felipe\Documents\WeChat Files\wxid_xd3703k0ih2p22\FileStorage\Temp\9024a2e4ec47efdf4ee1753824aafa69_.jpg
[RETRY] 820afa6a7757a6cc94ab826de7758809_.jpg | attempt=2 | err=FileNotFoundError: Resolved file disappeared: C:\Users\Felipe\Documents\WeChat Files\wxid_xd3703k0ih2p22\FileStorage\Temp\820afa6a7757a6cc94ab826de7758809_.jpg
[RETRY] 523013da4762138a1abe4e071a9f7833_.jpg | attempt=2 | err=FileNotFoundError: Resolved file disappeared: C:\Users\Felipe\Documents\WeChat Files\wxid_xd3703k0ih2p22\FileStorage\Temp\523013da4762138a1abe4e071a9f7833_.jpg
[RETRY] 99d22469d2457f2ecf09be1d1ceabcf3_.jpg | attempt=2 | err=FileNotFoundError: Resolved file disappeared: C:\Users\Felipe\Documents\WeChat Files\wxid_xd3703k0ih2p22\FileStorage\Temp\99d22469d2457f2ecf09be1d1ceabcf3_.jpg
[RETRY] 9fd12d18bd2942e3b85ac38b928beb08_.jpg | attempt=2 | err=FileNotFoundError: Resolved file disappeared: C:\Users\Felipe\Documents\WeChat Files\wxid_xd3703k0ih2p22\FileStorage\Temp\9fd12d18bd2942e3b85ac38b928beb08_.jpg
[RETRY] ba56978b38ec5efa47222d87868e078d_.jpg | attempt=2 | err=FileNotFoundError: Resolved file disappeared: C:\Users\Felipe\Documents\WeChat Files\wxid_xd3703k0ih2p22\FileStorage\Temp\ba56978b38ec5efa47222d87868e078d_.jpg
[RETRY] f96ab124b80580886f4ef793a19b9500_.jpg | attempt=2 | err=FileNotFoundError: Resolved file disappeared: C:\Users\Felipe\Documents\WeChat Files\wxid_xd3703k0ih2p22\FileStorage\Temp\f96ab124b80580886f4ef793a19b9500_.jpg
[RETRY] 641f3e3d097d8da3e98a8d6962fb0904_.jpg | attempt=2 | err=FileNotFoundError: Resolved file disappeared: C:\Users\Felipe\Documents\WeChat Files\wxid_xd3703k0ih2p22\FileStorage\Temp\641f3e3d097d8da3e98a8d6962fb0904_.jpg
[RETRY] 8fae34b45647c16effabbd059e0529e1_.jpg | attempt=2 | err=FileNotFoundError: Resolved file disappeared: C:\Users\Felipe\Documents\WeChat Files\wxid_xd3703k0ih2p22\FileStorage\Temp\8fae34b45647c16effabbd059e0529e1_.jpg
[RETRY] 97f96879312f7334b989620401712e39_.jpg | attempt=2 | err=FileNotFoundError: Resolved file disappeared: C:\Users\Felipe\Documents\WeChat Files\wxid_xd3703k0ih2p22\FileStorage\Temp\97f96879312f7334b989620401712e39_.jpg
[RETRY] c32632bacaf8cab5a94c5bd886b45841_.jpg | attempt=2 | err=FileNotFoundError: Resolved file disappeared: C:\Users\Felipe\Documents\WeChat Files\wxid_xd3703k0ih2p22\FileStorage\Temp\c32632bacaf8cab5a94c5bd886b45841_.jpg
[RETRY] 4e806354fa7b5e3ffd5ec2303682f9d0_.jpg | attempt=2 | err=FileNotFoundError: Resolved file disappeared: C:\Users\Felipe\Documents\WeChat Files\wxid_xd3703k0ih2p22\FileStorage\Temp\4e806354fa7b5e3ffd5ec2303682f9d0_.jpg
[RETRY] c11f8e06772c86880c92ba50a794ca72_.jpg | attempt=2 | err=FileNotFoundError: Resolved file disappeared: C:\Users\Felipe\Documents\WeChat Files\wxid_xd3703k0ih2p22\FileStorage\Temp\c11f8e06772c86880c92ba50a794ca72_.jpg
[RETRY] 98045ef43f8954ca21b29ef8464cecae_.jpg | attempt=2 | err=FileNotFoundError: Resolved file disappeared: C:\Users\Felipe\Documents\WeChat Files\wxid_xd3703k0ih2p22\FileStorage\Temp\98045ef43f8954ca21b29ef8464cecae_.jpg
[RETRY] 562f2fd08367811d6843c66009a8265b_.jpg | attempt=2 | err=FileNotFoundError: Resolved file disappeared: C:\Users\Felipe\Documents\WeChat Files\wxid_xd3703k0ih2p22\FileStorage\Temp\562f2fd08367811d6843c66009a8265b_.jpg
[RETRY] 775020444522da5017572923b71f01ea_.jpg | attempt=2 | err=FileNotFoundError: Resolved file disappeared: C:\Users\Felipe\Documents\WeChat Files\wxid_xd3703k0ih2p22\FileStorage\Temp\775020444522da5017572923b71f01ea_.jpg
[RETRY] f6f8363120e7713ca4e8e87b456be97f_.jpg | attempt=2 | err=FileNotFoundError: Resolved file disappeared: C:\Users\Felipe\Documents\WeChat Files\wxid_xd3703k0ih2p22\FileStorage\Temp\f6f8363120e7713ca4e8e87b456be97f_.jpg
[RETRY] 98d09b9470c88ab5ed462c687edffdef_.jpg | attempt=2 | err=FileNotFoundError: Resolved file disappeared: C:\Users\Felipe\Documents\WeChat Files\wxid_xd3703k0ih2p22\FileStorage\Temp\98d09b9470c88ab5ed462c687edffdef_.jpg
[RETRY] e40280c4d0a166a99cffe03b2aea89fe_.jpg | attempt=2 | err=FileNotFoundError: Resolved file disappeared: C:\Users\Felipe\Documents\WeChat Files\wxid_xd3703k0ih2p22\FileStorage\Temp\e40280c4d0a166a99cffe03b2aea89fe_.jpg
[RETRY] 72dee364e3c566aa2994313d53942522_.jpg | attempt=2 | err=FileNotFoundError: Resolved file disappeared: C:\Users\Felipe\Documents\WeChat Files\wxid_xd3703k0ih2p22\FileStorage\Temp\72dee364e3c566aa2994313d53942522_.jpg
[RETRY] 0bd5558a0132ef301b70fe9b2fbe3ee8_.jpg | attempt=2 | err=FileNotFoundError: Resolved file disappeared: C:\Users\Felipe\Documents\WeChat Files\wxid_xd3703k0ih2p22\FileStorage\Temp\0bd5558a0132ef301b70fe9b2fbe3ee8_.jpg
[RETRY] 7fbc7ccea149f3523bf70c52e7a1b538_.jpg | attempt=2 | err=FileNotFoundError: Resolved file disappeared: C:\Users\Felipe\Documents\WeChat Files\wxid_xd3703k0ih2p22\FileStorage\Temp\7fbc7ccea149f3523bf70c52e7a1b538_.jpg
[RETRY] bd74f4a511b7ba3709aa937e25e0ae75_.jpg | attempt=2 | err=FileNotFoundError: Resolved file disappeared: C:\Users\Felipe\Documents\WeChat Files\wxid_xd3703k0ih2p22\FileStorage\Temp\bd74f4a511b7ba3709aa937e25e0ae75_.jpg
[RETRY] 663f2e9b58f2b99babfb2fb3e835909b_.jpg | attempt=2 | err=FileNotFoundError: Resolved file disappeared: C:\Users\Felipe\Documents\WeChat Files\wxid_xd3703k0ih2p22\FileStorage\Temp\663f2e9b58f2b99babfb2fb3e835909b_.jpg
[RETRY] 7cea9dce35cc128902084be3413a7400_.jpg | attempt=2 | err=FileNotFoundError: Resolved file disappeared: C:\Users\Felipe\Documents\WeChat Files\wxid_xd3703k0ih2p22\FileStorage\Temp\7cea9dce35cc128902084be3413a7400_.jpg
[RETRY] 313eab6435249bacc6d30e58b81f833f_.jpg | attempt=2 | err=FileNotFoundError: Resolved file disappeared: C:\Users\Felipe\Documents\WeChat Files\wxid_xd3703k0ih2p22\FileStorage\Temp\313eab6435249bacc6d30e58b81f833f_.jpg
[RETRY] bc16911ce90e29466302cc2b80055091_.jpg | attempt=2 | err=FileNotFoundError: Resolved file disappeared: C:\Users\Felipe\Documents\WeChat Files\wxid_xd3703k0ih2p22\FileStorage\Temp\bc16911ce90e29466302cc2b80055091_.jpg
[RETRY] d288703f564611cd22fd867c32afdbf2_.jpg | attempt=2 | err=FileNotFoundError: Resolved file disappeared: C:\Users\Felipe\Documents\WeChat Files\wxid_xd3703k0ih2p22\FileStorage\Temp\d288703f564611cd22fd867c32afdbf2_.jpg
[RETRY] 0f9dbef5e36ecb71ceeadd061cfd4cd2_.jpg | attempt=2 | err=FileNotFoundError: Resolved file disappeared: C:\Users\Felipe\Documents\WeChat Files\wxid_xd3703k0ih2p22\FileStorage\Temp\0f9dbef5e36ecb71ceeadd061cfd4cd2_.jpg
[RETRY] eadb4d2806720a4693b7de90bcdb73e1_.jpg | attempt=2 | err=FileNotFoundError: Resolved file disappeared: C:\Users\Felipe\Documents\WeChat Files\wxid_xd3703k0ih2p22\FileStorage\Temp\eadb4d2806720a4693b7de90bcdb73e1_.jpg
[RETRY] 506c65a7ef2db99f04a0ad0651009084_.jpg | attempt=2 | err=FileNotFoundError: Resolved file disappeared: C:\Users\Felipe\Documents\WeChat Files\wxid_xd3703k0ih2p22\FileStorage\Temp\506c65a7ef2db99f04a0ad0651009084_.jpg
[RETRY] e9740a060002a365ab749649797e180a_.jpg | attempt=2 | err=FileNotFoundError: Resolved file disappeared: C:\Users\Felipe\Documents\WeChat Files\wxid_xd3703k0ih2p22\FileStorage\Temp\e9740a060002a365ab749649797e180a_.jpg
[RETRY] a8024b411362d88b147d200b9ae59c56_.jpg | attempt=2 | err=FileNotFoundError: Resolved file disappeared: C:\Users\Felipe\Documents\WeChat Files\wxid_xd3703k0ih2p22\FileStorage\Temp\a8024b411362d88b147d200b9ae59c56_.jpg
[RETRY] 4d9414a812fd856d57fcb1c7b558a0db_.jpg | attempt=2 | err=FileNotFoundError: Resolved file disappeared: C:\Users\Felipe\Documents\WeChat Files\wxid_xd3703k0ih2p22\FileStorage\Temp\4d9414a812fd856d57fcb1c7b558a0db_.jpg
[RETRY] af627c97a8816dec0250c019c5f6b961_.jpg | attempt=2 | err=FileNotFoundError: Resolved file disappeared: C:\Users\Felipe\Documents\WeChat Files\wxid_xd3703k0ih2p22\FileStorage\Temp\af627c97a8816dec0250c019c5f6b961_.jpg
[RETRY] 04f53081c49c6903d1eea6a7d420ec6b_.jpg | attempt=2 | err=FileNotFoundError: Resolved file disappeared: C:\Users\Felipe\Documents\WeChat Files\wxid_xd3703k0ih2p22\FileStorage\Temp\04f53081c49c6903d1eea6a7d420ec6b_.jpg
[RETRY] 0ab8d1191cc055668a563d38d4ed40fc_.jpg | attempt=2 | err=FileNotFoundError: Resolved file disappeared: C:\Users\Felipe\Documents\WeChat Files\wxid_xd3703k0ih2p22\FileStorage\Temp\0ab8d1191cc055668a563d38d4ed40fc_.jpg
[RETRY] d9abefad9b9266837ab0e2bab39856ef_.jpg | attempt=2 | err=FileNotFoundError: Resolved file disappeared: C:\Users\Felipe\Documents\WeChat Files\wxid_xd3703k0ih2p22\FileStorage\Temp\d9abefad9b9266837ab0e2bab39856ef_.jpg
[RETRY] 4ddab7578c12417c78e0b6b06fc37118_.jpg | attempt=2 | err=FileNotFoundError: Resolved file disappeared: C:\Users\Felipe\Documents\WeChat Files\wxid_xd3703k0ih2p22\FileStorage\Temp\4ddab7578c12417c78e0b6b06fc37118_.jpg
[RETRY] a2e1fbac40b3570573afb8dceafe999e_.jpg | attempt=2 | err=FileNotFoundError: Resolved file disappeared: C:\Users\Felipe\Documents\WeChat Files\wxid_xd3703k0ih2p22\FileStorage\Temp\a2e1fbac40b3570573afb8dceafe999e_.jpg
[RETRY] 9204d82bc1456c9fe50737ad32edb0af_.jpg | attempt=2 | err=FileNotFoundError: Resolved file disappeared: C:\Users\Felipe\Documents\WeChat Files\wxid_xd3703k0ih2p22\FileStorage\Temp\9204d82bc1456c9fe50737ad32edb0af_.jpg
[RETRY] ae7ff85c512002159bcd03c62864313a_.jpg | attempt=2 | err=FileNotFoundError: Resolved file disappeared: C:\Users\Felipe\Documents\WeChat Files\wxid_xd3703k0ih2p22\FileStorage\Temp\ae7ff85c512002159bcd03c62864313a_.jpg
[RETRY] a57031a08ac9749aa463ff3a1ca140d3_.jpg | attempt=2 | err=FileNotFoundError: Resolved file disappeared: C:\Users\Felipe\Documents\WeChat Files\wxid_xd3703k0ih2p22\FileStorage\Temp\a57031a08ac9749aa463ff3a1ca140d3_.jpg
[RETRY] 419d544b41b279d841bf54b33956a611_.jpg | attempt=2 | err=FileNotFoundError: Resolved file disappeared: C:\Users\Felipe\Documents\WeChat Files\wxid_xd3703k0ih2p22\FileStorage\Temp\419d544b41b279d841bf54b33956a611_.jpg
[RETRY] 0013519140442437f7f4268bb684a574_.jpg | attempt=2 | err=FileNotFoundError: Resolved file disappeared: C:\Users\Felipe\Documents\WeChat Files\wxid_xd3703k0ih2p22\FileStorage\Temp\0013519140442437f7f4268bb684a574_.jpg
[RETRY] e6a5ca9c94efa7cf367eb2e4b62cf831_.jpg | attempt=2 | err=FileNotFoundError: Resolved file disappeared: C:\Users\Felipe\Documents\WeChat Files\wxid_xd3703k0ih2p22\FileStorage\Temp\e6a5ca9c94efa7cf367eb2e4b62cf831_.jpg
[OK] 88daae299d5db7b5b834c9f0c50d72c4.dat | cliente=6 | banco=CLEEND | valor=134.0 | data=22/07/2026 16:06 | sink=staged | resolution=direct_image | verification=CONFIRMADO | manual_open_to_claim_ms=1054 | open_ms=3 | prep_ms=0 | ocr_ms=1366 | parse_ms=1 | manual_open_to_ingest_ms=2427
[SINK] committed | file_id=c397b69a871e9876d709852c857121965f954d66 | msg=- | talker=- | create_time=0 | sheet=Página1 | row=147 | ingest_to_commit_ms=753 | manual_open_to_commit_ms=3180
[RETRY] 9858cfe4d2aa9d69f3c5f89169ef0d42_.jpg | attempt=2 | err=FileNotFoundError: Resolved file disappeared: C:\Users\Felipe\Documents\WeChat Files\wxid_xd3703k0ih2p22\FileStorage\Temp\9858cfe4d2aa9d69f3c5f89169ef0d42_.jpg
[RETRY] 1ba40841fccdfb14f38b5ae54f84a20b_.jpg | attempt=2 | err=FileNotFoundError: Resolved file disappeared: C:\Users\Felipe\Documents\WeChat Files\wxid_xd3703k0ih2p22\FileStorage\Temp\1ba40841fccdfb14f38b5ae54f84a20b_.jpg
[RETRY] fbbf96fa50acd410273d226ab911f8e7_.jpg | attempt=2 | err=FileNotFoundError: Resolved file disappeared: C:\Users\Felipe\Documents\WeChat Files\wxid_xd3703k0ih2p22\FileStorage\Temp\fbbf96fa50acd410273d226ab911f8e7_.jpg
[RETRY] eab009070a041c899297f961dbc6ec4c_.jpg | attempt=2 | err=FileNotFoundError: Resolved file disappeared: C:\Users\Felipe\Documents\WeChat Files\wxid_xd3703k0ih2p22\FileStorage\Temp\eab009070a041c899297f961dbc6ec4c_.jpg
[RETRY] 15958570f687f8b712fbf88db4791792_.jpg | attempt=2 | err=FileNotFoundError: Resolved file disappeared: C:\Users\Felipe\Documents\WeChat Files\wxid_xd3703k0ih2p22\FileStorage\Temp\15958570f687f8b712fbf88db4791792_.jpg
[RETRY] 4f25cc35d2af72b004be41fba7b4e0b4_.jpg | attempt=2 | err=FileNotFoundError: Resolved file disappeared: C:\Users\Felipe\Documents\WeChat Files\wxid_xd3703k0ih2p22\FileStorage\Temp\4f25cc35d2af72b004be41fba7b4e0b4_.jpg
[RETRY] dd83704845879abcfb822e58cb050e7f_.jpg | attempt=2 | err=FileNotFoundError: Resolved file disappeared: C:\Users\Felipe\Documents\WeChat Files\wxid_xd3703k0ih2p22\FileStorage\Temp\dd83704845879abcfb822e58cb050e7f_.jpg
[OK] b3ef8320723b9875e13bb36cebed76e8.dat | cliente=6 | banco=CLEEND | valor=240.01 | data=22/07/2026 16:09 | sink=staged | resolution=direct_image | verification=CONFIRMADO | manual_open_to_claim_ms=1021 | open_ms=13 | prep_ms=1 | ocr_ms=2932 | parse_ms=2 | manual_open_to_ingest_ms=3974
[SINK] committed | file_id=bfc41896125c9c1651d0301ffa54f0b118a2b6bf | msg=- | talker=- | create_time=0 | sheet=Página1 | row=148 | ingest_to_commit_ms=768 | manual_open_to_commit_ms=4742
[SCAN] reconcile complete | queued_or_refreshed=22
[OK] 1798baff44ca5d4728c595f21e83bd3d.dat | cliente=6 | banco=CLEEND | valor=4785.84 | data=21/07/2026 08:59 | sink=staged | resolution=direct_image | verification=CONFIRMADO | manual_open_to_claim_ms=5258 | open_ms=13 | prep_ms=0 | ocr_ms=2361 | parse_ms=2 | manual_open_to_ingest_ms=7639
[SINK] committed | file_id=8875aa2dfa008a7752fc8fd8520c8a9b0d0362c1 | msg=- | talker=- | create_time=0 | sheet=Página1 | row=149 | ingest_to_commit_ms=733 | manual_open_to_commit_ms=8372
[OK] 460851f860bf4c826085ec5b947b66a8.dat | cliente=6 | banco=CLEEND | valor=3559.0 | data=20/07/2026 13:45 | sink=staged | resolution=direct_image | verification=CONFIRMADO | manual_open_to_claim_ms=5789 | open_ms=5 | prep_ms=1 | ocr_ms=1787 | parse_ms=1 | manual_open_to_ingest_ms=7587
[SINK] committed | file_id=398f5f0c75dd45b176014b051b1b6910972731fe | msg=- | talker=- | create_time=0 | sheet=Página1 | row=150 | ingest_to_commit_ms=753 | manual_open_to_commit_ms=8340
[OK] ac4a9687a47f1f8fca187c6d410730d6.dat | cliente=6 | banco=CLEEND | valor=194.6 | data=22/07/2026 16:48 | sink=staged | resolution=direct_image | verification=CONFIRMADO | manual_open_to_claim_ms=5452 | open_ms=4 | prep_ms=0 | ocr_ms=1859 | parse_ms=1 | manual_open_to_ingest_ms=7317
[SINK] committed | file_id=e681ce278c287a6f7978b3a43e65a5e1c8270d5d | msg=- | talker=- | create_time=0 | sheet=Página1 | row=151 | ingest_to_commit_ms=722 | manual_open_to_commit_ms=8039
[OK] 47ab59bd2b6a954b320886bce76de8e3.dat | cliente=6 | banco=CLEEND | valor=2524.0 | data=22/07/2026 16:50 | sink=staged | resolution=direct_image | verification=CONFIRMADO | manual_open_to_claim_ms=5338 | open_ms=14 | prep_ms=0 | ocr_ms=5789 | parse_ms=2 | manual_open_to_ingest_ms=11148
[SINK] committed | file_id=9b7670769f3a14babfa651d3be851301df20dd8e | msg=- | talker=- | create_time=0 | sheet=Página1 | row=152 | ingest_to_commit_ms=802 | manual_open_to_commit_ms=11950
[OK] 7e5334be8e112d7e9b84bfcb12737ca2.dat | cliente=6 | banco=CLEEND | valor=3000.0 | data=22/07/2026 16:49 | sink=staged | resolution=direct_image | verification=CONFIRMADO | manual_open_to_claim_ms=9019 | open_ms=12 | prep_ms=0 | ocr_ms=3940 | parse_ms=2 | manual_open_to_ingest_ms=12979
[SINK] committed | file_id=852169fb399719c72bd9c48196fe114f0e31d012 | msg=- | talker=- | create_time=0 | sheet=Página1 | row=153 | ingest_to_commit_ms=728 | manual_open_to_commit_ms=13707
[SKIP] d66da97ddcbeb773ea11b6a610fef2a4_.jpg | temp_file_disappeared_after_3_attempts
[SKIP] 8c4f90ea9d082ae4b46e234a11d076bc_.jpg | temp_file_disappeared_after_3_attempts
[SKIP] 5547b8c4dcd1c87246f203c708dccfa1_.jpg | temp_file_disappeared_after_3_attempts
[SKIP] 7b1b987cb7e0b7d495dc1fdc338a0c06_.jpg | temp_file_disappeared_after_3_attempts
[SKIP] 3b15efc68d6117d49cb81fd93cc858f8_.jpg | temp_file_disappeared_after_3_attempts
[RETRY] 33739e66dba1d65a1420ef2c558c8b4e_.jpg | attempt=2 | err=FileNotFoundError: Resolved file disappeared: C:\Users\Felipe\Documents\WeChat Files\wxid_xd3703k0ih2p22\FileStorage\Temp\33739e66dba1d65a1420ef2c558c8b4e_.jpg
[RETRY] 991eddfcb40a3902728c38dc34622dee_.jpg | attempt=2 | err=FileNotFoundError: Resolved file disappeared: C:\Users\Felipe\Documents\WeChat Files\wxid_xd3703k0ih2p22\FileStorage\Temp\991eddfcb40a3902728c38dc34622dee_.jpg
[RETRY] dc64e5035c34f4a02dd9f75c9d8076a2_.jpg | attempt=2 | err=FileNotFoundError: Resolved file disappeared: C:\Users\Felipe\Documents\WeChat Files\wxid_xd3703k0ih2p22\FileStorage\Temp\dc64e5035c34f4a02dd9f75c9d8076a2_.jpg
[RETRY] f88f664817ed9adaa8a2a50761e29e82_.jpg | attempt=2 | err=FileNotFoundError: Resolved file disappeared: C:\Users\Felipe\Documents\WeChat Files\wxid_xd3703k0ih2p22\FileStorage\Temp\f88f664817ed9adaa8a2a50761e29e82_.jpg
[RETRY] bc814fc16e49087056a74f0d30ae154e_.jpg | attempt=2 | err=FileNotFoundError: Resolved file disappeared: C:\Users\Felipe\Documents\WeChat Files\wxid_xd3703k0ih2p22\FileStorage\Temp\bc814fc16e49087056a74f0d30ae154e_.jpg
[RETRY] 41c37a73707a2e03b6b474e54e2a21cd_.jpg | attempt=2 | err=FileNotFoundError: Resolved file disappeared: C:\Users\Felipe\Documents\WeChat Files\wxid_xd3703k0ih2p22\FileStorage\Temp\41c37a73707a2e03b6b474e54e2a21cd_.jpg
[RETRY] ac17e620c938a009ab05aab030d4ef73_.jpg | attempt=2 | err=FileNotFoundError: Resolved file disappeared: C:\Users\Felipe\Documents\WeChat Files\wxid_xd3703k0ih2p22\FileStorage\Temp\ac17e620c938a009ab05aab030d4ef73_.jpg
[RETRY] a43588f773cf635b11796fcc53519cc4_.jpg | attempt=2 | err=FileNotFoundError: Resolved file disappeared: C:\Users\Felipe\Documents\WeChat Files\wxid_xd3703k0ih2p22\FileStorage\Temp\a43588f773cf635b11796fcc53519cc4_.jpg
[RETRY] f2dc820bc3008c7a42fe55c80b1998f1_.jpg | attempt=2 | err=FileNotFoundError: Resolved file disappeared: C:\Users\Felipe\Documents\WeChat Files\wxid_xd3703k0ih2p22\FileStorage\Temp\f2dc820bc3008c7a42fe55c80b1998f1_.jpg
[RETRY] 7c9fb46db3762825650d23e17d5c6cf8_.jpg | attempt=2 | err=FileNotFoundError: Resolved file disappeared: C:\Users\Felipe\Documents\WeChat Files\wxid_xd3703k0ih2p22\FileStorage\Temp\7c9fb46db3762825650d23e17d5c6cf8_.jpg
[RETRY] b1aef2e3e1e3ad0921fcfbbf755e03e5_.jpg | attempt=2 | err=FileNotFoundError: Resolved file disappeared: C:\Users\Felipe\Documents\WeChat Files\wxid_xd3703k0ih2p22\FileStorage\Temp\b1aef2e3e1e3ad0921fcfbbf755e03e5_.jpg
[RETRY] 89909380656cf02fb4cf325a0d5e16e4_.jpg | attempt=2 | err=FileNotFoundError: Resolved file disappeared: C:\Users\Felipe\Documents\WeChat Files\wxid_xd3703k0ih2p22\FileStorage\Temp\89909380656cf02fb4cf325a0d5e16e4_.jpg
[RETRY] 2e4680f8d2dca8109f5fc1e2c8fdd132_.jpg | attempt=2 | err=FileNotFoundError: Resolved file disappeared: C:\Users\Felipe\Documents\WeChat Files\wxid_xd3703k0ih2p22\FileStorage\Temp\2e4680f8d2dca8109f5fc1e2c8fdd132_.jpg
[RETRY] 6f1d60e8cf8b16b757709bd825ea8f87_.jpg | attempt=2 | err=FileNotFoundError: Resolved file disappeared: C:\Users\Felipe\Documents\WeChat Files\wxid_xd3703k0ih2p22\FileStorage\Temp\6f1d60e8cf8b16b757709bd825ea8f87_.jpg
[RETRY] 23a30bc7b1bde85bf1d110586a4ac728_.jpg | attempt=2 | err=FileNotFoundError: Resolved file disappeared: C:\Users\Felipe\Documents\WeChat Files\wxid_xd3703k0ih2p22\FileStorage\Temp\23a30bc7b1bde85bf1d110586a4ac728_.jpg
[RETRY] 004d652f1718ac003e8593e8abeac630_.jpg | attempt=2 | err=FileNotFoundError: Resolved file disappeared: C:\Users\Felipe\Documents\WeChat Files\wxid_xd3703k0ih2p22\FileStorage\Temp\004d652f1718ac003e8593e8abeac630_.jpg
[RETRY] 09502f7c95578981bf9be6605af64ed9_.jpg | attempt=2 | err=FileNotFoundError: Resolved file disappeared: C:\Users\Felipe\Documents\WeChat Files\wxid_xd3703k0ih2p22\FileStorage\Temp\09502f7c95578981bf9be6605af64ed9_.jpg
[RETRY] 7e7289cf815db255858b7d6bcb7b73c3_.jpg | attempt=2 | err=FileNotFoundError: Resolved file disappeared: C:\Users\Felipe\Documents\WeChat Files\wxid_xd3703k0ih2p22\FileStorage\Temp\7e7289cf815db255858b7d6bcb7b73c3_.jpg
[RETRY] 6100fd748c20627cd7550ac2a6b9e36d_.jpg | attempt=2 | err=FileNotFoundError: Resolved file disappeared: C:\Users\Felipe\Documents\WeChat Files\wxid_xd3703k0ih2p22\FileStorage\Temp\6100fd748c20627cd7550ac2a6b9e36d_.jpg
[RETRY] 86d2b3c1681571448e3a7aef20c1f88d_.jpg | attempt=2 | err=FileNotFoundError: Resolved file disappeared: C:\Users\Felipe\Documents\WeChat Files\wxid_xd3703k0ih2p22\FileStorage\Temp\86d2b3c1681571448e3a7aef20c1f88d_.jpg
[RETRY] c409eb3b1010c192ef712d8782ffa8f7_.jpg | attempt=2 | err=FileNotFoundError: Resolved file disappeared: C:\Users\Felipe\Documents\WeChat Files\wxid_xd3703k0ih2p22\FileStorage\Temp\c409eb3b1010c192ef712d8782ffa8f7_.jpg
[RETRY] 2f793293205bbc703f368d264177d0b1_.jpg | attempt=2 | err=FileNotFoundError: Resolved file disappeared: C:\Users\Felipe\Documents\WeChat Files\wxid_xd3703k0ih2p22\FileStorage\Temp\2f793293205bbc703f368d264177d0b1_.jpg
[RETRY] c562946efc72d25502e2c91a8dd66033_.jpg | attempt=2 | err=FileNotFoundError: Resolved file disappeared: C:\Users\Felipe\Documents\WeChat Files\wxid_xd3703k0ih2p22\FileStorage\Temp\c562946efc72d25502e2c91a8dd66033_.jpg
[RETRY] 3c520fd680e2d307baaef81c3d2cb2da_.jpg | attempt=2 | err=FileNotFoundError: Resolved file disappeared: C:\Users\Felipe\Documents\WeChat Files\wxid_xd3703k0ih2p22\FileStorage\Temp\3c520fd680e2d307baaef81c3d2cb2da_.jpg
[RETRY] a4eb6dc3336ed629096218884ca52cf9_.jpg | attempt=2 | err=FileNotFoundError: Resolved file disappeared: C:\Users\Felipe\Documents\WeChat Files\wxid_xd3703k0ih2p22\FileStorage\Temp\a4eb6dc3336ed629096218884ca52cf9_.jpg
[RETRY] 29642d7fb8cb7b939e7c3cca333082c9_.jpg | attempt=2 | err=FileNotFoundError: Resolved file disappeared: C:\Users\Felipe\Documents\WeChat Files\wxid_xd3703k0ih2p22\FileStorage\Temp\29642d7fb8cb7b939e7c3cca333082c9_.jpg
[RETRY] fdee5db5374410d1812635dad7c73e4c_.jpg | attempt=2 | err=FileNotFoundError: Resolved file disappeared: C:\Users\Felipe\Documents\WeChat Files\wxid_xd3703k0ih2p22\FileStorage\Temp\fdee5db5374410d1812635dad7c73e4c_.jpg
[RETRY] cc99937f170b205dd37a8f546f53aecd_.jpg | attempt=2 | err=FileNotFoundError: Resolved file disappeared: C:\Users\Felipe\Documents\WeChat Files\wxid_xd3703k0ih2p22\FileStorage\Temp\cc99937f170b205dd37a8f546f53aecd_.jpg
[RETRY] a4eeb882bd6d81e4802c61c6c32446e2_.jpg | attempt=2 | err=FileNotFoundError: Resolved file disappeared: C:\Users\Felipe\Documents\WeChat Files\wxid_xd3703k0ih2p22\FileStorage\Temp\a4eeb882bd6d81e4802c61c6c32446e2_.jpg
[RETRY] 9962a01277b20e94a16aa7a238fecf83_.jpg | attempt=2 | err=FileNotFoundError: Resolved file disappeared: C:\Users\Felipe\Documents\WeChat Files\wxid_xd3703k0ih2p22\FileStorage\Temp\9962a01277b20e94a16aa7a238fecf83_.jpg
[RETRY] ab0cf36895665c34bdc359c738821a76_.jpg | attempt=2 | err=FileNotFoundError: Resolved file disappeared: C:\Users\Felipe\Documents\WeChat Files\wxid_xd3703k0ih2p22\FileStorage\Temp\ab0cf36895665c34bdc359c738821a76_.jpg
[RETRY] a0f5d822815147b5cf934dc3594be347_.jpg | attempt=2 | err=FileNotFoundError: Resolved file disappeared: C:\Users\Felipe\Documents\WeChat Files\wxid_xd3703k0ih2p22\FileStorage\Temp\a0f5d822815147b5cf934dc3594be347_.jpg
[RETRY] bb73af6eceb447a98f282798676e84e8_.jpg | attempt=2 | err=FileNotFoundError: Resolved file disappeared: C:\Users\Felipe\Documents\WeChat Files\wxid_xd3703k0ih2p22\FileStorage\Temp\bb73af6eceb447a98f282798676e84e8_.jpg
[RETRY] 703d5ff87c883693d65f5676e9ef3a05_.jpg | attempt=2 | err=FileNotFoundError: Resolved file disappeared: C:\Users\Felipe\Documents\WeChat Files\wxid_xd3703k0ih2p22\FileStorage\Temp\703d5ff87c883693d65f5676e9ef3a05_.jpg
[RETRY] 5e7ecf10858f51884e7f54136b0ee841_.jpg | attempt=2 | err=FileNotFoundError: Resolved file disappeared: C:\Users\Felipe\Documents\WeChat Files\wxid_xd3703k0ih2p22\FileStorage\Temp\5e7ecf10858f51884e7f54136b0ee841_.jpg
[RETRY] a4f26f11846f84942a72bd4fe3059eb2_.jpg | attempt=2 | err=FileNotFoundError: Resolved file disappeared: C:\Users\Felipe\Documents\WeChat Files\wxid_xd3703k0ih2p22\FileStorage\Temp\a4f26f11846f84942a72bd4fe3059eb2_.jpg
[RETRY] 2dead766d1656bbc0753afea889186fd_.jpg | attempt=2 | err=FileNotFoundError: Resolved file disappeared: C:\Users\Felipe\Documents\WeChat Files\wxid_xd3703k0ih2p22\FileStorage\Temp\2dead766d1656bbc0753afea889186fd_.jpg
[RETRY] c6f187f2bd0000c3d39ac7d233d36498_.jpg | attempt=2 | err=FileNotFoundError: Resolved file disappeared: C:\Users\Felipe\Documents\WeChat Files\wxid_xd3703k0ih2p22\FileStorage\Temp\c6f187f2bd0000c3d39ac7d233d36498_.jpg
[RETRY] 1bc0bd1c0c6e01ef6f2c6f03749ebaee_.jpg | attempt=2 | err=FileNotFoundError: Resolved file disappeared: C:\Users\Felipe\Documents\WeChat Files\wxid_xd3703k0ih2p22\FileStorage\Temp\1bc0bd1c0c6e01ef6f2c6f03749ebaee_.jpg
[RETRY] 6236ffa78b51684743873d9330fdc743_.jpg | attempt=2 | err=FileNotFoundError: Resolved file disappeared: C:\Users\Felipe\Documents\WeChat Files\wxid_xd3703k0ih2p22\FileStorage\Temp\6236ffa78b51684743873d9330fdc743_.jpg
[RETRY] 416e96fdb3ef9e0e520297f270a8e6e9_.jpg | attempt=2 | err=FileNotFoundError: Resolved file disappeared: C:\Users\Felipe\Documents\WeChat Files\wxid_xd3703k0ih2p22\FileStorage\Temp\416e96fdb3ef9e0e520297f270a8e6e9_.jpg
[RETRY] c5fc1cc52b1714227101069e4db4ba69_.jpg | attempt=2 | err=FileNotFoundError: Resolved file disappeared: C:\Users\Felipe\Documents\WeChat Files\wxid_xd3703k0ih2p22\FileStorage\Temp\c5fc1cc52b1714227101069e4db4ba69_.jpg
[RETRY] a82c243c3f6ad839af69a15f4479fc92_.jpg | attempt=2 | err=FileNotFoundError: Resolved file disappeared: C:\Users\Felipe\Documents\WeChat Files\wxid_xd3703k0ih2p22\FileStorage\Temp\a82c243c3f6ad839af69a15f4479fc92_.jpg
[RETRY] 2d98fa9b9c5a162c2177351a7de6dde9_.jpg | attempt=2 | err=FileNotFoundError: Resolved file disappeared: C:\Users\Felipe\Documents\WeChat Files\wxid_xd3703k0ih2p22\FileStorage\Temp\2d98fa9b9c5a162c2177351a7de6dde9_.jpg
[RETRY] 949c4ca9268a9c29c0bea55d56c69219_.jpg | attempt=2 | err=FileNotFoundError: Resolved file disappeared: C:\Users\Felipe\Documents\WeChat Files\wxid_xd3703k0ih2p22\FileStorage\Temp\949c4ca9268a9c29c0bea55d56c69219_.jpg
[RETRY] 076f9409e44c82a383faa3b0a882fc70_.jpg | attempt=2 | err=FileNotFoundError: Resolved file disappeared: C:\Users\Felipe\Documents\WeChat Files\wxid_xd3703k0ih2p22\FileStorage\Temp\076f9409e44c82a383faa3b0a882fc70_.jpg
[RETRY] 39c72ebe48a79f631dfb225c4c12b6dc_.jpg | attempt=2 | err=FileNotFoundError: Resolved file disappeared: C:\Users\Felipe\Documents\WeChat Files\wxid_xd3703k0ih2p22\FileStorage\Temp\39c72ebe48a79f631dfb225c4c12b6dc_.jpg
[RETRY] 02a0f1c86e67eb492019785df80059e0_.jpg | attempt=2 | err=FileNotFoundError: Resolved file disappeared: C:\Users\Felipe\Documents\WeChat Files\wxid_xd3703k0ih2p22\FileStorage\Temp\02a0f1c86e67eb492019785df80059e0_.jpg
[RETRY] acb5df62f0199d386bea9c2a08a6262f_.jpg | attempt=2 | err=FileNotFoundError: Resolved file disappeared: C:\Users\Felipe\Documents\WeChat Files\wxid_xd3703k0ih2p22\FileStorage\Temp\acb5df62f0199d386bea9c2a08a6262f_.jpg
[RETRY] 69ea2d9cb91ff4ca6054156236ef3ccb_.jpg | attempt=2 | err=FileNotFoundError: Resolved file disappeared: C:\Users\Felipe\Documents\WeChat Files\wxid_xd3703k0ih2p22\FileStorage\Temp\69ea2d9cb91ff4ca6054156236ef3ccb_.jpg
[RETRY] ec7e673252d89e5dd4831e921a97b135_.jpg | attempt=2 | err=FileNotFoundError: Resolved file disappeared: C:\Users\Felipe\Documents\WeChat Files\wxid_xd3703k0ih2p22\FileStorage\Temp\ec7e673252d89e5dd4831e921a97b135_.jpg
[RETRY] d7fce7b43262a72808adda2cc5fa4790_.jpg | attempt=2 | err=FileNotFoundError: Resolved file disappeared: C:\Users\Felipe\Documents\WeChat Files\wxid_xd3703k0ih2p22\FileStorage\Temp\d7fce7b43262a72808adda2cc5fa4790_.jpg
[RETRY] 5679c92e828022141feadfc111cad69c_.jpg | attempt=2 | err=FileNotFoundError: Resolved file disappeared: C:\Users\Felipe\Documents\WeChat Files\wxid_xd3703k0ih2p22\FileStorage\Temp\5679c92e828022141feadfc111cad69c_.jpg
[RETRY] 7d587adabfe75dcd344f06aed0e44739_.jpg | attempt=2 | err=FileNotFoundError: Resolved file disappeared: C:\Users\Felipe\Documents\WeChat Files\wxid_xd3703k0ih2p22\FileStorage\Temp\7d587adabfe75dcd344f06aed0e44739_.jpg
[RETRY] 01bfa88ce6ab995f61c29318427e03c0_.jpg | attempt=2 | err=FileNotFoundError: Resolved file disappeared: C:\Users\Felipe\Documents\WeChat Files\wxid_xd3703k0ih2p22\FileStorage\Temp\01bfa88ce6ab995f61c29318427e03c0_.jpg
[RETRY] 0558c79fc99347faa9723dd45c499d4e_.jpg | attempt=2 | err=FileNotFoundError: Resolved file disappeared: C:\Users\Felipe\Documents\WeChat Files\wxid_xd3703k0ih2p22\FileStorage\Temp\0558c79fc99347faa9723dd45c499d4e_.jpg
[RETRY] fde300788f14d62fca6bd94b451caeb1_.jpg | attempt=2 | err=FileNotFoundError: Resolved file disappeared: C:\Users\Felipe\Documents\WeChat Files\wxid_xd3703k0ih2p22\FileStorage\Temp\fde300788f14d62fca6bd94b451caeb1_.jpg
[RETRY] e08bb7938653a9e2a3955d21f92964ed_.jpg | attempt=2 | err=FileNotFoundError: Resolved file disappeared: C:\Users\Felipe\Documents\WeChat Files\wxid_xd3703k0ih2p22\FileStorage\Temp\e08bb7938653a9e2a3955d21f92964ed_.jpg
[RETRY] 789206d7f321de13e4f0b1c9c6977c72_.jpg | attempt=2 | err=FileNotFoundError: Resolved file disappeared: C:\Users\Felipe\Documents\WeChat Files\wxid_xd3703k0ih2p22\FileStorage\Temp\789206d7f321de13e4f0b1c9c6977c72_.jpg
[RETRY] 710ae06214a556e1f5a5fdbfd069b56c_.jpg | attempt=2 | err=FileNotFoundError: Resolved file disappeared: C:\Users\Felipe\Documents\WeChat Files\wxid_xd3703k0ih2p22\FileStorage\Temp\710ae06214a556e1f5a5fdbfd069b56c_.jpg
[RETRY] c39f455b2a467be97147ca45d359811c_.jpg | attempt=2 | err=FileNotFoundError: Resolved file disappeared: C:\Users\Felipe\Documents\WeChat Files\wxid_xd3703k0ih2p22\FileStorage\Temp\c39f455b2a467be97147ca45d359811c_.jpg
[RETRY] efcadc2ac68113baddabe269f504ce43_.jpg | attempt=2 | err=FileNotFoundError: Resolved file disappeared: C:\Users\Felipe\Documents\WeChat Files\wxid_xd3703k0ih2p22\FileStorage\Temp\efcadc2ac68113baddabe269f504ce43_.jpg
[RETRY] 4d7913a215575e8388f32afb61a22497_.jpg | attempt=2 | err=FileNotFoundError: Resolved file disappeared: C:\Users\Felipe\Documents\WeChat Files\wxid_xd3703k0ih2p22\FileStorage\Temp\4d7913a215575e8388f32afb61a22497_.jpg
[RETRY] e704aff2a61dce066f8001b9771b179d_.jpg | attempt=2 | err=FileNotFoundError: Resolved file disappeared: C:\Users\Felipe\Documents\WeChat Files\wxid_xd3703k0ih2p22\FileStorage\Temp\e704aff2a61dce066f8001b9771b179d_.jpg
[RETRY] 79c43915c10fcce747d669c4f890b5fc_.jpg | attempt=2 | err=FileNotFoundError: Resolved file disappeared: C:\Users\Felipe\Documents\WeChat Files\wxid_xd3703k0ih2p22\FileStorage\Temp\79c43915c10fcce747d669c4f890b5fc_.jpg
[RETRY] 0909137ec5e54c624a7c42c4c8c9bd31_.jpg | attempt=2 | err=FileNotFoundError: Resolved file disappeared: C:\Users\Felipe\Documents\WeChat Files\wxid_xd3703k0ih2p22\FileStorage\Temp\0909137ec5e54c624a7c42c4c8c9bd31_.jpg
[RETRY] 395b1a2813e727de17255f0313603f16_.jpg | attempt=2 | err=FileNotFoundError: Resolved file disappeared: C:\Users\Felipe\Documents\WeChat Files\wxid_xd3703k0ih2p22\FileStorage\Temp\395b1a2813e727de17255f0313603f16_.jpg
[RETRY] d88509e0171834e527fdb2e3041911cb_.jpg | attempt=2 | err=FileNotFoundError: Resolved file disappeared: C:\Users\Felipe\Documents\WeChat Files\wxid_xd3703k0ih2p22\FileStorage\Temp\d88509e0171834e527fdb2e3041911cb_.jpg
[RETRY] c58a11a1ca3512303e03c27167911f33_.jpg | attempt=2 | err=FileNotFoundError: Resolved file disappeared: C:\Users\Felipe\Documents\WeChat Files\wxid_xd3703k0ih2p22\FileStorage\Temp\c58a11a1ca3512303e03c27167911f33_.jpg
[RETRY] ae9e0492051f3cb17ada4547812ae261_.jpg | attempt=2 | err=FileNotFoundError: Resolved file disappeared: C:\Users\Felipe\Documents\WeChat Files\wxid_xd3703k0ih2p22\FileStorage\Temp\ae9e0492051f3cb17ada4547812ae261_.jpg
[RETRY] cec76e0c20e7f185452f9ad8fd2b1a2e_.jpg | attempt=2 | err=FileNotFoundError: Resolved file disappeared: C:\Users\Felipe\Documents\WeChat Files\wxid_xd3703k0ih2p22\FileStorage\Temp\cec76e0c20e7f185452f9ad8fd2b1a2e_.jpg
[RETRY] 84f5a65ca9543d252f7278e8c712cb4b_.jpg | attempt=2 | err=FileNotFoundError: Resolved file disappeared: C:\Users\Felipe\Documents\WeChat Files\wxid_xd3703k0ih2p22\FileStorage\Temp\84f5a65ca9543d252f7278e8c712cb4b_.jpg
[RETRY] 10621728c971bcdd1988e7d60237efba_.jpg | attempt=2 | err=FileNotFoundError: Resolved file disappeared: C:\Users\Felipe\Documents\WeChat Files\wxid_xd3703k0ih2p22\FileStorage\Temp\10621728c971bcdd1988e7d60237efba_.jpg
[RETRY] d0f2523c5cff23f8a5ecb3789e427df4_.jpg | attempt=2 | err=FileNotFoundError: Resolved file disappeared: C:\Users\Felipe\Documents\WeChat Files\wxid_xd3703k0ih2p22\FileStorage\Temp\d0f2523c5cff23f8a5ecb3789e427df4_.jpg
[RETRY] 09fa2994d8aef76c0bb1f2df0c7d011c_.jpg | attempt=2 | err=FileNotFoundError: Resolved file disappeared: C:\Users\Felipe\Documents\WeChat Files\wxid_xd3703k0ih2p22\FileStorage\Temp\09fa2994d8aef76c0bb1f2df0c7d011c_.jpg
[RETRY] 2335a807bc8b6c9613314e14eedc8f38_.jpg | attempt=2 | err=FileNotFoundError: Resolved file disappeared: C:\Users\Felipe\Documents\WeChat Files\wxid_xd3703k0ih2p22\FileStorage\Temp\2335a807bc8b6c9613314e14eedc8f38_.jpg
[RETRY] bc2c7a7be98c7be19339a17ad24e2cb9_.jpg | attempt=2 | err=FileNotFoundError: Resolved file disappeared: C:\Users\Felipe\Documents\WeChat Files\wxid_xd3703k0ih2p22\FileStorage\Temp\bc2c7a7be98c7be19339a17ad24e2cb9_.jpg
[RETRY] 26a1a6490507626c3be909f9b91a051c_.jpg | attempt=2 | err=FileNotFoundError: Resolved file disappeared: C:\Users\Felipe\Documents\WeChat Files\wxid_xd3703k0ih2p22\FileStorage\Temp\26a1a6490507626c3be909f9b91a051c_.jpg
[RETRY] e23145c1961d44c3d9919bc598c21c60_.jpg | attempt=1 | err=FileNotFoundError: Resolved file disappeared: C:\Users\Felipe\Documents\WeChat Files\wxid_xd3703k0ih2p22\FileStorage\Temp\e23145c1961d44c3d9919bc598c21c60_.jpg
[RETRY] 2fc8ec2e3e8de643b5139ee30593b07c_.jpg | attempt=1 | err=FileNotFoundError: Resolved file disappeared: C:\Users\Felipe\Documents\WeChat Files\wxid_xd3703k0ih2p22\FileStorage\Temp\2fc8ec2e3e8de643b5139ee30593b07c_.jpg
[RETRY] 96a81b854823fe2f0a003f297940a5a5_.jpg | attempt=1 | err=FileNotFoundError: Resolved file disappeared: C:\Users\Felipe\Documents\WeChat Files\wxid_xd3703k0ih2p22\FileStorage\Temp\96a81b854823fe2f0a003f297940a5a5_.jpg
[RETRY] 8f88b581f8ff78e6e887a058b7c7fd23_.jpg | attempt=1 | err=FileNotFoundError: Resolved file disappeared: C:\Users\Felipe\Documents\WeChat Files\wxid_xd3703k0ih2p22\FileStorage\Temp\8f88b581f8ff78e6e887a058b7c7fd23_.jpg
[RETRY] 304f89903d7cb97919ba22f591e1ef0a_.jpg | attempt=1 | err=FileNotFoundError: Resolved file disappeared: C:\Users\Felipe\Documents\WeChat Files\wxid_xd3703k0ih2p22\FileStorage\Temp\304f89903d7cb97919ba22f591e1ef0a_.jpg
[RETRY] bc5342f3352763056a0f2344e9e3fd94_.jpg | attempt=1 | err=FileNotFoundError: Resolved file disappeared: C:\Users\Felipe\Documents\WeChat Files\wxid_xd3703k0ih2p22\FileStorage\Temp\bc5342f3352763056a0f2344e9e3fd94_.jpg
[RETRY] 829d0ee6e1938a948f49da11488bfb83_.jpg | attempt=1 | err=FileNotFoundError: Resolved file disappeared: C:\Users\Felipe\Documents\WeChat Files\wxid_xd3703k0ih2p22\FileStorage\Temp\829d0ee6e1938a948f49da11488bfb83_.jpg
[OK] dcb04eb631f8b725af361dfa1b7b7708.dat | cliente=15 | banco=AMD | valor=1830.0 | data=22/07/2026 14:39 | sink=staged | resolution=direct_image | verification=CONFIRMADO | manual_open_to_claim_ms=1436 | open_ms=6 | prep_ms=1 | ocr_ms=5040 | parse_ms=2 | manual_open_to_ingest_ms=6490
[SINK] committed | file_id=8812801c3b6b03f295847aca2d33521e62760763 | msg=- | talker=- | create_time=0 | sheet=Página1 | row=154 | ingest_to_commit_ms=759 | manual_open_to_commit_ms=7248
[SKIP] 3d85eff1a0d959c5306b440c48e977b8_.jpg | temp_without_unique_context
[SKIP] 6de8332677d487385fb6a4534abd4165_.jpg | temp_file_disappeared_after_3_attempts
[SKIP] 209f95e0f9a3424f89d694e56fab3d27_.jpg | temp_file_disappeared_after_3_attempts
[SKIP] c69b2d12c2e2bf9c3c2c7c9dbc34b8c0_.jpg | temp_file_disappeared_after_3_attempts
[SKIP] ab9a3956ecacd5189f65dbdbc1e18cf6_.jpg | temp_file_disappeared_after_3_attempts
[SKIP] 723603be04f97459258667b484966768_.jpg | temp_file_disappeared_after_3_attempts
[SKIP] 0f9c876ac36e9d3ae9e3de14b4b35b9a_.jpg | temp_file_disappeared_after_3_attempts
[SKIP] 98f7e5c0f2c3afe30a10809cd783bc84_.jpg | temp_file_disappeared_after_3_attempts
[SKIP] 88ebd4c3353e58d87fe6f80191daebd1_.jpg | temp_file_disappeared_after_3_attempts
[SKIP] 671198a1d783341955fd483c2c831b8b_.jpg | temp_file_disappeared_after_3_attempts
[SKIP] 9024a2e4ec47efdf4ee1753824aafa69_.jpg | temp_file_disappeared_after_3_attempts
[SKIP] 820afa6a7757a6cc94ab826de7758809_.jpg | temp_file_disappeared_after_3_attempts
[SKIP] 523013da4762138a1abe4e071a9f7833_.jpg | temp_file_disappeared_after_3_attempts
[SKIP] 99d22469d2457f2ecf09be1d1ceabcf3_.jpg | temp_file_disappeared_after_3_attempts
[SKIP] 9fd12d18bd2942e3b85ac38b928beb08_.jpg | temp_file_disappeared_after_3_attempts
[SKIP] ba56978b38ec5efa47222d87868e078d_.jpg | temp_file_disappeared_after_3_attempts
[SKIP] f96ab124b80580886f4ef793a19b9500_.jpg | temp_file_disappeared_after_3_attempts
[SKIP] 641f3e3d097d8da3e98a8d6962fb0904_.jpg | temp_file_disappeared_after_3_attempts
[SKIP] 8fae34b45647c16effabbd059e0529e1_.jpg | temp_file_disappeared_after_3_attempts
[SKIP] 97f96879312f7334b989620401712e39_.jpg | temp_file_disappeared_after_3_attempts
[SKIP] c32632bacaf8cab5a94c5bd886b45841_.jpg | temp_file_disappeared_after_3_attempts
[SKIP] 4e806354fa7b5e3ffd5ec2303682f9d0_.jpg | temp_file_disappeared_after_3_attempts
[SKIP] c11f8e06772c86880c92ba50a794ca72_.jpg | temp_file_disappeared_after_3_attempts
[SKIP] 98045ef43f8954ca21b29ef8464cecae_.jpg | temp_file_disappeared_after_3_attempts
[SKIP] 562f2fd08367811d6843c66009a8265b_.jpg | temp_file_disappeared_after_3_attempts
[SKIP] 775020444522da5017572923b71f01ea_.jpg | temp_file_disappeared_after_3_attempts
[SKIP] f6f8363120e7713ca4e8e87b456be97f_.jpg | temp_file_disappeared_after_3_attempts
[SKIP] 98d09b9470c88ab5ed462c687edffdef_.jpg | temp_file_disappeared_after_3_attempts
[SKIP] e40280c4d0a166a99cffe03b2aea89fe_.jpg | temp_file_disappeared_after_3_attempts
[SKIP] 72dee364e3c566aa2994313d53942522_.jpg | temp_file_disappeared_after_3_attempts
[SKIP] 0bd5558a0132ef301b70fe9b2fbe3ee8_.jpg | temp_file_disappeared_after_3_attempts
[SKIP] 7fbc7ccea149f3523bf70c52e7a1b538_.jpg | temp_file_disappeared_after_3_attempts
[SKIP] bd74f4a511b7ba3709aa937e25e0ae75_.jpg | temp_file_disappeared_after_3_attempts
[SKIP] 663f2e9b58f2b99babfb2fb3e835909b_.jpg | temp_file_disappeared_after_3_attempts
[SKIP] 7cea9dce35cc128902084be3413a7400_.jpg | temp_file_disappeared_after_3_attempts
[SKIP] 313eab6435249bacc6d30e58b81f833f_.jpg | temp_file_disappeared_after_3_attempts
[SKIP] bc16911ce90e29466302cc2b80055091_.jpg | temp_file_disappeared_after_3_attempts
[SKIP] d288703f564611cd22fd867c32afdbf2_.jpg | temp_file_disappeared_after_3_attempts
[SKIP] 0f9dbef5e36ecb71ceeadd061cfd4cd2_.jpg | temp_file_disappeared_after_3_attempts
[SKIP] eadb4d2806720a4693b7de90bcdb73e1_.jpg | temp_file_disappeared_after_3_attempts
[SKIP] 506c65a7ef2db99f04a0ad0651009084_.jpg | temp_file_disappeared_after_3_attempts
[SKIP] e9740a060002a365ab749649797e180a_.jpg | temp_file_disappeared_after_3_attempts
[SKIP] a8024b411362d88b147d200b9ae59c56_.jpg | temp_file_disappeared_after_3_attempts
[SKIP] 4d9414a812fd856d57fcb1c7b558a0db_.jpg | temp_file_disappeared_after_3_attempts
[SKIP] af627c97a8816dec0250c019c5f6b961_.jpg | temp_file_disappeared_after_3_attempts
[SKIP] 04f53081c49c6903d1eea6a7d420ec6b_.jpg | temp_file_disappeared_after_3_attempts
[SKIP] 0ab8d1191cc055668a563d38d4ed40fc_.jpg | temp_file_disappeared_after_3_attempts
[SKIP] d9abefad9b9266837ab0e2bab39856ef_.jpg | temp_file_disappeared_after_3_attempts
[SKIP] 4ddab7578c12417c78e0b6b06fc37118_.jpg | temp_file_disappeared_after_3_attempts
[SKIP] a2e1fbac40b3570573afb8dceafe999e_.jpg | temp_file_disappeared_after_3_attempts
[SKIP] 9204d82bc1456c9fe50737ad32edb0af_.jpg | temp_file_disappeared_after_3_attempts
[SKIP] ae7ff85c512002159bcd03c62864313a_.jpg | temp_file_disappeared_after_3_attempts
[SKIP] a57031a08ac9749aa463ff3a1ca140d3_.jpg | temp_file_disappeared_after_3_attempts
[SKIP] 419d544b41b279d841bf54b33956a611_.jpg | temp_file_disappeared_after_3_attempts
[SKIP] 0013519140442437f7f4268bb684a574_.jpg | temp_file_disappeared_after_3_attempts
[SKIP] e6a5ca9c94efa7cf367eb2e4b62cf831_.jpg | temp_file_disappeared_after_3_attempts
[SKIP] 9858cfe4d2aa9d69f3c5f89169ef0d42_.jpg | temp_file_disappeared_after_3_attempts
[SKIP] 1ba40841fccdfb14f38b5ae54f84a20b_.jpg | temp_file_disappeared_after_3_attempts
[SKIP] fbbf96fa50acd410273d226ab911f8e7_.jpg | temp_file_disappeared_after_3_attempts
[SKIP] eab009070a041c899297f961dbc6ec4c_.jpg | temp_file_disappeared_after_3_attempts
[SKIP] 15958570f687f8b712fbf88db4791792_.jpg | temp_file_disappeared_after_3_attempts
[SKIP] 4f25cc35d2af72b004be41fba7b4e0b4_.jpg | temp_file_disappeared_after_3_attempts
[SKIP] dd83704845879abcfb822e58cb050e7f_.jpg | temp_file_disappeared_after_3_attempts
[RETRY] e23145c1961d44c3d9919bc598c21c60_.jpg | attempt=2 | err=FileNotFoundError: Resolved file disappeared: C:\Users\Felipe\Documents\WeChat Files\wxid_xd3703k0ih2p22\FileStorage\Temp\e23145c1961d44c3d9919bc598c21c60_.jpg
[RETRY] 2fc8ec2e3e8de643b5139ee30593b07c_.jpg | attempt=2 | err=FileNotFoundError: Resolved file disappeared: C:\Users\Felipe\Documents\WeChat Files\wxid_xd3703k0ih2p22\FileStorage\Temp\2fc8ec2e3e8de643b5139ee30593b07c_.jpg
[RETRY] 96a81b854823fe2f0a003f297940a5a5_.jpg | attempt=2 | err=FileNotFoundError: Resolved file disappeared: C:\Users\Felipe\Documents\WeChat Files\wxid_xd3703k0ih2p22\FileStorage\Temp\96a81b854823fe2f0a003f297940a5a5_.jpg
[RETRY] 8f88b581f8ff78e6e887a058b7c7fd23_.jpg | attempt=2 | err=FileNotFoundError: Resolved file disappeared: C:\Users\Felipe\Documents\WeChat Files\wxid_xd3703k0ih2p22\FileStorage\Temp\8f88b581f8ff78e6e887a058b7c7fd23_.jpg
[RETRY] 304f89903d7cb97919ba22f591e1ef0a_.jpg | attempt=2 | err=FileNotFoundError: Resolved file disappeared: C:\Users\Felipe\Documents\WeChat Files\wxid_xd3703k0ih2p22\FileStorage\Temp\304f89903d7cb97919ba22f591e1ef0a_.jpg
[RETRY] bc5342f3352763056a0f2344e9e3fd94_.jpg | attempt=2 | err=FileNotFoundError: Resolved file disappeared: C:\Users\Felipe\Documents\WeChat Files\wxid_xd3703k0ih2p22\FileStorage\Temp\bc5342f3352763056a0f2344e9e3fd94_.jpg
[RETRY] 829d0ee6e1938a948f49da11488bfb83_.jpg | attempt=2 | err=FileNotFoundError: Resolved file disappeared: C:\Users\Felipe\Documents\WeChat Files\wxid_xd3703k0ih2p22\FileStorage\Temp\829d0ee6e1938a948f49da11488bfb83_.jpg
[OK] 9c14bb4203bcf09dcc730bb676d80f8c.dat | cliente=58 | banco=AMD | valor=492.0 | data=22/07/2026 16:08 | sink=staged | resolution=direct_image | verification=CONFIRMADO | manual_open_to_claim_ms=2238 | open_ms=7 | prep_ms=1 | ocr_ms=4688 | parse_ms=2 | manual_open_to_ingest_ms=6940
[SINK] committed | file_id=a09a299e781cebc7a5e15362de247e3f6527e73b | msg=- | talker=- | create_time=0 | sheet=Página1 | row=155 | ingest_to_commit_ms=759 | manual_open_to_commit_ms=7699
[OK] 633c776442bb788c8b96de09b1d024bb.dat | cliente=58 | banco=AMD | valor=492.0 | data=22/07/2026 16:07 | sink=staged | resolution=direct_image | verification=CONFIRMADO | manual_open_to_claim_ms=3911 | open_ms=9 | prep_ms=1 | ocr_ms=5493 | parse_ms=2 | manual_open_to_ingest_ms=9420
[SINK] committed | file_id=3272b80f8ae52d698c1bdfca4804a2c0fd3793bc | msg=- | talker=- | create_time=0 | sheet=Página1 | row=156 | ingest_to_commit_ms=731 | manual_open_to_commit_ms=10151
[OK] d41d893ed91de78831656a0ec4f204d8.dat | cliente=58 | banco=AMD | valor=492.0 | data=22/07/2026 16:04 | sink=staged | resolution=direct_image | verification=CONFIRMADO | manual_open_to_claim_ms=2095 | open_ms=10 | prep_ms=1 | ocr_ms=4787 | parse_ms=2 | manual_open_to_ingest_ms=6899
[SINK] committed | file_id=29b22b71431a1f2ad44eabef7c07cdaa680873b4 | msg=- | talker=- | create_time=0 | sheet=Página1 | row=157 | ingest_to_commit_ms=723 | manual_open_to_commit_ms=7622
[OK] 3738197e88a66b2ec8cc7a7f10ba3c2e.dat | cliente=58 | banco=AMD | valor=492.0 | data=22/07/2026 16:05 | sink=staged | resolution=direct_image | verification=CONFIRMADO | manual_open_to_claim_ms=11437 | open_ms=6 | prep_ms=0 | ocr_ms=5099 | parse_ms=1 | manual_open_to_ingest_ms=16549
[SINK] committed | file_id=996c8c7f1c68b52570355dee19022cd0bbf29b3c | msg=- | talker=- | create_time=0 | sheet=Página1 | row=158 | ingest_to_commit_ms=728 | manual_open_to_commit_ms=17277
[SCAN] reconcile complete | queued_or_refreshed=15
[OK] 91c4d70a49309c10478d5a268326c202.dat | cliente=58 | banco=AMD | valor=1900.0 | data=22/07/2026 18:16 | sink=staged | resolution=direct_image | verification=CONFIRMADO | manual_open_to_claim_ms=1715 | open_ms=7 | prep_ms=1 | ocr_ms=1056 | parse_ms=1 | manual_open_to_ingest_ms=2784
[SINK] committed | file_id=0da1d7786274261f965bf3954c99dec1e734bd04 | msg=- | talker=- | create_time=0 | sheet=Página1 | row=159 | ingest_to_commit_ms=738 | manual_open_to_commit_ms=3522
[OK] ea02fa9df2a23e84ac0c10cb56eff6c3.dat | cliente=58 | banco=AMD | valor=492.0 | data=22/07/2026 16:09 | sink=staged | resolution=direct_image | verification=CONFIRMADO | manual_open_to_claim_ms=14574 | open_ms=6 | prep_ms=0 | ocr_ms=2687 | parse_ms=2 | manual_open_to_ingest_ms=17272
[SINK] committed | file_id=dca29755078b3b7098301411468722c6e2c2643d | msg=- | talker=- | create_time=0 | sheet=Página1 | row=160 | ingest_to_commit_ms=716 | manual_open_to_commit_ms=17988
[OK] c65f0cfed492055bb84a6ba17277540d.dat | cliente=58 | banco=AMD | valor=2000.0 | data=22/07/2026 18:18 | sink=staged | resolution=direct_image | verification=CONFIRMADO | manual_open_to_claim_ms=14354 | open_ms=6 | prep_ms=1 | ocr_ms=1025 | parse_ms=0 | manual_open_to_ingest_ms=15391
[SINK] committed | file_id=8581c73a0127351d196a0df8a5fea875d28a5267 | msg=- | talker=- | create_time=0 | sheet=Página1 | row=161 | ingest_to_commit_ms=729 | manual_open_to_commit_ms=16120
[OK] 58587381ddba061c02752bcbb3b0590e.dat | cliente=58 | banco=AMD | valor=2000.0 | data=22/07/2026 18:19 | sink=staged | resolution=direct_image | verification=CONFIRMADO | manual_open_to_claim_ms=12448 | open_ms=7 | prep_ms=1 | ocr_ms=1331 | parse_ms=0 | manual_open_to_ingest_ms=13791
[SINK] committed | file_id=8370f901fb8f6b37f95e7ce3e8e83e6a2b463ad3 | msg=- | talker=- | create_time=0 | sheet=Página1 | row=162 | ingest_to_commit_ms=866 | manual_open_to_commit_ms=14657
[SKIP] 33739e66dba1d65a1420ef2c558c8b4e_.jpg | temp_file_disappeared_after_3_attempts
[SKIP] 991eddfcb40a3902728c38dc34622dee_.jpg | temp_file_disappeared_after_3_attempts
[SKIP] dc64e5035c34f4a02dd9f75c9d8076a2_.jpg | temp_file_disappeared_after_3_attempts
[SKIP] f88f664817ed9adaa8a2a50761e29e82_.jpg | temp_file_disappeared_after_3_attempts
[SKIP] bc814fc16e49087056a74f0d30ae154e_.jpg | temp_file_disappeared_after_3_attempts
[SKIP] 41c37a73707a2e03b6b474e54e2a21cd_.jpg | temp_file_disappeared_after_3_attempts
[SKIP] ac17e620c938a009ab05aab030d4ef73_.jpg | temp_file_disappeared_after_3_attempts
[SKIP] a43588f773cf635b11796fcc53519cc4_.jpg | temp_file_disappeared_after_3_attempts
[SKIP] f2dc820bc3008c7a42fe55c80b1998f1_.jpg | temp_file_disappeared_after_3_attempts
[SKIP] 7c9fb46db3762825650d23e17d5c6cf8_.jpg | temp_file_disappeared_after_3_attempts
[SKIP] b1aef2e3e1e3ad0921fcfbbf755e03e5_.jpg | temp_file_disappeared_after_3_attempts
[SKIP] 89909380656cf02fb4cf325a0d5e16e4_.jpg | temp_file_disappeared_after_3_attempts
[SKIP] 2e4680f8d2dca8109f5fc1e2c8fdd132_.jpg | temp_file_disappeared_after_3_attempts
[SKIP] 6f1d60e8cf8b16b757709bd825ea8f87_.jpg | temp_file_disappeared_after_3_attempts
[SKIP] 23a30bc7b1bde85bf1d110586a4ac728_.jpg | temp_file_disappeared_after_3_attempts
[SKIP] 004d652f1718ac003e8593e8abeac630_.jpg | temp_file_disappeared_after_3_attempts
[SKIP] 09502f7c95578981bf9be6605af64ed9_.jpg | temp_file_disappeared_after_3_attempts
[SKIP] 7e7289cf815db255858b7d6bcb7b73c3_.jpg | temp_file_disappeared_after_3_attempts
[SKIP] 6100fd748c20627cd7550ac2a6b9e36d_.jpg | temp_file_disappeared_after_3_attempts
[SKIP] 86d2b3c1681571448e3a7aef20c1f88d_.jpg | temp_file_disappeared_after_3_attempts
[SKIP] c409eb3b1010c192ef712d8782ffa8f7_.jpg | temp_file_disappeared_after_3_attempts
[SKIP] 2f793293205bbc703f368d264177d0b1_.jpg | temp_file_disappeared_after_3_attempts
[SKIP] c562946efc72d25502e2c91a8dd66033_.jpg | temp_file_disappeared_after_3_attempts
[SKIP] 3c520fd680e2d307baaef81c3d2cb2da_.jpg | temp_file_disappeared_after_3_attempts
[SKIP] a4eb6dc3336ed629096218884ca52cf9_.jpg | temp_file_disappeared_after_3_attempts
[SKIP] 29642d7fb8cb7b939e7c3cca333082c9_.jpg | temp_file_disappeared_after_3_attempts
[SKIP] fdee5db5374410d1812635dad7c73e4c_.jpg | temp_file_disappeared_after_3_attempts
[SKIP] cc99937f170b205dd37a8f546f53aecd_.jpg | temp_file_disappeared_after_3_attempts
[SKIP] a4eeb882bd6d81e4802c61c6c32446e2_.jpg | temp_file_disappeared_after_3_attempts
[SKIP] 9962a01277b20e94a16aa7a238fecf83_.jpg | temp_file_disappeared_after_3_attempts
[SKIP] ab0cf36895665c34bdc359c738821a76_.jpg | temp_file_disappeared_after_3_attempts
[SKIP] a0f5d822815147b5cf934dc3594be347_.jpg | temp_file_disappeared_after_3_attempts
[SKIP] bb73af6eceb447a98f282798676e84e8_.jpg | temp_file_disappeared_after_3_attempts
[SKIP] 703d5ff87c883693d65f5676e9ef3a05_.jpg | temp_file_disappeared_after_3_attempts
[SKIP] 5e7ecf10858f51884e7f54136b0ee841_.jpg | temp_file_disappeared_after_3_attempts
[SKIP] a4f26f11846f84942a72bd4fe3059eb2_.jpg | temp_file_disappeared_after_3_attempts
[SKIP] 2dead766d1656bbc0753afea889186fd_.jpg | temp_file_disappeared_after_3_attempts
[SKIP] c6f187f2bd0000c3d39ac7d233d36498_.jpg | temp_file_disappeared_after_3_attempts
[SKIP] 1bc0bd1c0c6e01ef6f2c6f03749ebaee_.jpg | temp_file_disappeared_after_3_attempts
[SKIP] 6236ffa78b51684743873d9330fdc743_.jpg | temp_file_disappeared_after_3_attempts
[SKIP] 416e96fdb3ef9e0e520297f270a8e6e9_.jpg | temp_file_disappeared_after_3_attempts
[SKIP] c5fc1cc52b1714227101069e4db4ba69_.jpg | temp_file_disappeared_after_3_attempts
[SKIP] a82c243c3f6ad839af69a15f4479fc92_.jpg | temp_file_disappeared_after_3_attempts
[SKIP] 2d98fa9b9c5a162c2177351a7de6dde9_.jpg | temp_file_disappeared_after_3_attempts
[SKIP] 949c4ca9268a9c29c0bea55d56c69219_.jpg | temp_file_disappeared_after_3_attempts
[SKIP] 076f9409e44c82a383faa3b0a882fc70_.jpg | temp_file_disappeared_after_3_attempts
[SKIP] 39c72ebe48a79f631dfb225c4c12b6dc_.jpg | temp_file_disappeared_after_3_attempts
[SKIP] 02a0f1c86e67eb492019785df80059e0_.jpg | temp_file_disappeared_after_3_attempts
[SKIP] acb5df62f0199d386bea9c2a08a6262f_.jpg | temp_file_disappeared_after_3_attempts
[SKIP] 69ea2d9cb91ff4ca6054156236ef3ccb_.jpg | temp_file_disappeared_after_3_attempts
[SKIP] ec7e673252d89e5dd4831e921a97b135_.jpg | temp_file_disappeared_after_3_attempts
[SKIP] d7fce7b43262a72808adda2cc5fa4790_.jpg | temp_file_disappeared_after_3_attempts
[SKIP] 5679c92e828022141feadfc111cad69c_.jpg | temp_file_disappeared_after_3_attempts
[SKIP] 7d587adabfe75dcd344f06aed0e44739_.jpg | temp_file_disappeared_after_3_attempts
[SKIP] 01bfa88ce6ab995f61c29318427e03c0_.jpg | temp_file_disappeared_after_3_attempts
[SKIP] 0558c79fc99347faa9723dd45c499d4e_.jpg | temp_file_disappeared_after_3_attempts
[SKIP] fde300788f14d62fca6bd94b451caeb1_.jpg | temp_file_disappeared_after_3_attempts
[SKIP] e08bb7938653a9e2a3955d21f92964ed_.jpg | temp_file_disappeared_after_3_attempts
[SKIP] 789206d7f321de13e4f0b1c9c6977c72_.jpg | temp_file_disappeared_after_3_attempts
[SKIP] 710ae06214a556e1f5a5fdbfd069b56c_.jpg | temp_file_disappeared_after_3_attempts
[SKIP] c39f455b2a467be97147ca45d359811c_.jpg | temp_file_disappeared_after_3_attempts
[SKIP] efcadc2ac68113baddabe269f504ce43_.jpg | temp_file_disappeared_after_3_attempts
[SKIP] 4d7913a215575e8388f32afb61a22497_.jpg | temp_file_disappeared_after_3_attempts
[SKIP] e704aff2a61dce066f8001b9771b179d_.jpg | temp_file_disappeared_after_3_attempts
[SKIP] 79c43915c10fcce747d669c4f890b5fc_.jpg | temp_file_disappeared_after_3_attempts
[SKIP] 0909137ec5e54c624a7c42c4c8c9bd31_.jpg | temp_file_disappeared_after_3_attempts
[SKIP] 395b1a2813e727de17255f0313603f16_.jpg | temp_file_disappeared_after_3_attempts
[SKIP] d88509e0171834e527fdb2e3041911cb_.jpg | temp_file_disappeared_after_3_attempts
[SKIP] c58a11a1ca3512303e03c27167911f33_.jpg | temp_file_disappeared_after_3_attempts
[SKIP] ae9e0492051f3cb17ada4547812ae261_.jpg | temp_file_disappeared_after_3_attempts
[SKIP] cec76e0c20e7f185452f9ad8fd2b1a2e_.jpg | temp_file_disappeared_after_3_attempts
[SKIP] 84f5a65ca9543d252f7278e8c712cb4b_.jpg | temp_file_disappeared_after_3_attempts
[SKIP] 10621728c971bcdd1988e7d60237efba_.jpg | temp_file_disappeared_after_3_attempts
[SKIP] d0f2523c5cff23f8a5ecb3789e427df4_.jpg | temp_file_disappeared_after_3_attempts
[SKIP] 09fa2994d8aef76c0bb1f2df0c7d011c_.jpg | temp_file_disappeared_after_3_attempts
[SKIP] 2335a807bc8b6c9613314e14eedc8f38_.jpg | temp_file_disappeared_after_3_attempts
[SKIP] bc2c7a7be98c7be19339a17ad24e2cb9_.jpg | temp_file_disappeared_after_3_attempts
[SKIP] 26a1a6490507626c3be909f9b91a051c_.jpg | temp_file_disappeared_after_3_attempts
[SKIP] ed11f8ca09e8b1ce7785fc37290b2400_.jpg | temp_without_unique_context
[RETRY] 814e24a62297e03f21e9446ed550b492_.jpg | attempt=1 | err=FileNotFoundError: Resolved file disappeared: C:\Users\Felipe\Documents\WeChat Files\wxid_xd3703k0ih2p22\FileStorage\Temp\814e24a62297e03f21e9446ed550b492_.jpg
[RETRY] 25abd87a7680778dc9e9d7808dbd6352_.jpg | attempt=1 | err=FileNotFoundError: Resolved file disappeared: C:\Users\Felipe\Documents\WeChat Files\wxid_xd3703k0ih2p22\FileStorage\Temp\25abd87a7680778dc9e9d7808dbd6352_.jpg
[RETRY] 1f9c22f8a28f8ded728978ed8c37b002_.jpg | attempt=1 | err=FileNotFoundError: Resolved file disappeared: C:\Users\Felipe\Documents\WeChat Files\wxid_xd3703k0ih2p22\FileStorage\Temp\1f9c22f8a28f8ded728978ed8c37b002_.jpg
[RETRY] 421429ba0ed72ac93a2f93587128d6c7_.jpg | attempt=1 | err=FileNotFoundError: Resolved file disappeared: C:\Users\Felipe\Documents\WeChat Files\wxid_xd3703k0ih2p22\FileStorage\Temp\421429ba0ed72ac93a2f93587128d6c7_.jpg
[RETRY] 036b3b35bb36b9caf73349f00a78c47c_.jpg | attempt=1 | err=FileNotFoundError: Resolved file disappeared: C:\Users\Felipe\Documents\WeChat Files\wxid_xd3703k0ih2p22\FileStorage\Temp\036b3b35bb36b9caf73349f00a78c47c_.jpg
[RETRY] 8706d5766187ca317be3f0173232d074_.jpg | attempt=1 | err=FileNotFoundError: Resolved file disappeared: C:\Users\Felipe\Documents\WeChat Files\wxid_xd3703k0ih2p22\FileStorage\Temp\8706d5766187ca317be3f0173232d074_.jpg
[RETRY] 7e57bdb89985475de7b538ddc2fec9da_.jpg | attempt=1 | err=FileNotFoundError: Resolved file disappeared: C:\Users\Felipe\Documents\WeChat Files\wxid_xd3703k0ih2p22\FileStorage\Temp\7e57bdb89985475de7b538ddc2fec9da_.jpg
[SKIP] e23145c1961d44c3d9919bc598c21c60_.jpg | temp_file_disappeared_after_3_attempts
[SKIP] 2fc8ec2e3e8de643b5139ee30593b07c_.jpg | temp_file_disappeared_after_3_attempts
[SKIP] 96a81b854823fe2f0a003f297940a5a5_.jpg | temp_file_disappeared_after_3_attempts
[SKIP] 8f88b581f8ff78e6e887a058b7c7fd23_.jpg | temp_file_disappeared_after_3_attempts
[SKIP] 304f89903d7cb97919ba22f591e1ef0a_.jpg | temp_file_disappeared_after_3_attempts
[SKIP] bc5342f3352763056a0f2344e9e3fd94_.jpg | temp_file_disappeared_after_3_attempts
[SKIP] 829d0ee6e1938a948f49da11488bfb83_.jpg | temp_file_disappeared_after_3_attempts
[RETRY] 814e24a62297e03f21e9446ed550b492_.jpg | attempt=2 | err=FileNotFoundError: Resolved file disappeared: C:\Users\Felipe\Documents\WeChat Files\wxid_xd3703k0ih2p22\FileStorage\Temp\814e24a62297e03f21e9446ed550b492_.jpg
[RETRY] 25abd87a7680778dc9e9d7808dbd6352_.jpg | attempt=2 | err=FileNotFoundError: Resolved file disappeared: C:\Users\Felipe\Documents\WeChat Files\wxid_xd3703k0ih2p22\FileStorage\Temp\25abd87a7680778dc9e9d7808dbd6352_.jpg
[RETRY] 1f9c22f8a28f8ded728978ed8c37b002_.jpg | attempt=2 | err=FileNotFoundError: Resolved file disappeared: C:\Users\Felipe\Documents\WeChat Files\wxid_xd3703k0ih2p22\FileStorage\Temp\1f9c22f8a28f8ded728978ed8c37b002_.jpg
[RETRY] 421429ba0ed72ac93a2f93587128d6c7_.jpg | attempt=2 | err=FileNotFoundError: Resolved file disappeared: C:\Users\Felipe\Documents\WeChat Files\wxid_xd3703k0ih2p22\FileStorage\Temp\421429ba0ed72ac93a2f93587128d6c7_.jpg
[RETRY] 036b3b35bb36b9caf73349f00a78c47c_.jpg | attempt=2 | err=FileNotFoundError: Resolved file disappeared: C:\Users\Felipe\Documents\WeChat Files\wxid_xd3703k0ih2p22\FileStorage\Temp\036b3b35bb36b9caf73349f00a78c47c_.jpg
[RETRY] 8706d5766187ca317be3f0173232d074_.jpg | attempt=2 | err=FileNotFoundError: Resolved file disappeared: C:\Users\Felipe\Documents\WeChat Files\wxid_xd3703k0ih2p22\FileStorage\Temp\8706d5766187ca317be3f0173232d074_.jpg
[RETRY] 7e57bdb89985475de7b538ddc2fec9da_.jpg | attempt=2 | err=FileNotFoundError: Resolved file disappeared: C:\Users\Felipe\Documents\WeChat Files\wxid_xd3703k0ih2p22\FileStorage\Temp\7e57bdb89985475de7b538ddc2fec9da_.jpg
[SCAN] reconcile complete | queued_or_refreshed=9
[SKIP] 814e24a62297e03f21e9446ed550b492_.jpg | temp_file_disappeared_after_3_attempts
[SKIP] 25abd87a7680778dc9e9d7808dbd6352_.jpg | temp_file_disappeared_after_3_attempts
[SKIP] 1f9c22f8a28f8ded728978ed8c37b002_.jpg | temp_file_disappeared_after_3_attempts
[SKIP] 421429ba0ed72ac93a2f93587128d6c7_.jpg | temp_file_disappeared_after_3_attempts
[SKIP] 036b3b35bb36b9caf73349f00a78c47c_.jpg | temp_file_disappeared_after_3_attempts
[SKIP] 8706d5766187ca317be3f0173232d074_.jpg | temp_file_disappeared_after_3_attempts
[SKIP] 7e57bdb89985475de7b538ddc2fec9da_.jpg | temp_file_disappeared_after_3_attempts
[SCAN] reconcile complete | queued_or_refreshed=8
[SCAN] reconcile complete | queued_or_refreshed=0
[OK] 2c00bb5c6bfb597fb19a597c026cb385.dat | cliente=16 | banco=AMD | valor=7900.0 | data=22/07/2026 03:32 | sink=staged | resolution=direct_image | verification=CONFIRMADO | manual_open_to_claim_ms=2024 | open_ms=19 | prep_ms=30 | ocr_ms=2789 | parse_ms=1 | manual_open_to_ingest_ms=4871
[SINK] committed | file_id=2d2e35382ca683be34359f70533b590d4abe0c73 | msg=- | talker=- | create_time=0 | sheet=Página1 | row=163 | ingest_to_commit_ms=1131 | manual_open_to_commit_ms=6002
[OK] 2251cf187a950a5433ae6d7be4f9770e.dat | cliente=16 | banco=AMD | valor=4000.0 | data=22/07/2026 14:39 | sink=staged | resolution=direct_image | verification=CONFIRMADO | manual_open_to_claim_ms=2961 | open_ms=16 | prep_ms=30 | ocr_ms=1465 | parse_ms=1 | manual_open_to_ingest_ms=4481
[SINK] committed | file_id=2f573b64ddd3a6011ec29e92f95a9ce227dbe691 | msg=- | talker=- | create_time=0 | sheet=Página1 | row=164 | ingest_to_commit_ms=757 | manual_open_to_commit_ms=5238
[OK] af4445b0cfa39b1f5980006afde4565f.dat | cliente=16 | banco=AMD | valor=260.0 | data=22/07/2026 14:23 | sink=staged | resolution=direct_image | verification=CONFIRMADO | manual_open_to_claim_ms=2651 | open_ms=13 | prep_ms=30 | ocr_ms=1129 | parse_ms=1 | manual_open_to_ingest_ms=3829
[SINK] committed | file_id=dfbf6a14eff97c88cc8a010ecda1b3526bfe46e6 | msg=- | talker=- | create_time=0 | sheet=Página1 | row=165 | ingest_to_commit_ms=726 | manual_open_to_commit_ms=4555
[RETRY] bd612b89679ea8c31d90c6e051e923fd_.jpg | attempt=1 | err=FileNotFoundError: Resolved file disappeared: C:\Users\Felipe\Documents\WeChat Files\wxid_xd3703k0ih2p22\FileStorage\Temp\bd612b89679ea8c31d90c6e051e923fd_.jpg
[RETRY] a2923b2721ab38d799958d10ccf72ba9_.jpg | attempt=1 | err=FileNotFoundError: Resolved file disappeared: C:\Users\Felipe\Documents\WeChat Files\wxid_xd3703k0ih2p22\FileStorage\Temp\a2923b2721ab38d799958d10ccf72ba9_.jpg
[RETRY] 14bc98e9c6ea8756546eb9dc83772494_.jpg | attempt=1 | err=FileNotFoundError: Resolved file disappeared: C:\Users\Felipe\Documents\WeChat Files\wxid_xd3703k0ih2p22\FileStorage\Temp\14bc98e9c6ea8756546eb9dc83772494_.jpg
[RETRY] bd612b89679ea8c31d90c6e051e923fd_.jpg | attempt=2 | err=FileNotFoundError: Resolved file disappeared: C:\Users\Felipe\Documents\WeChat Files\wxid_xd3703k0ih2p22\FileStorage\Temp\bd612b89679ea8c31d90c6e051e923fd_.jpg
[RETRY] a2923b2721ab38d799958d10ccf72ba9_.jpg | attempt=2 | err=FileNotFoundError: Resolved file disappeared: C:\Users\Felipe\Documents\WeChat Files\wxid_xd3703k0ih2p22\FileStorage\Temp\a2923b2721ab38d799958d10ccf72ba9_.jpg
[RETRY] 14bc98e9c6ea8756546eb9dc83772494_.jpg | attempt=2 | err=FileNotFoundError: Resolved file disappeared: C:\Users\Felipe\Documents\WeChat Files\wxid_xd3703k0ih2p22\FileStorage\Temp\14bc98e9c6ea8756546eb9dc83772494_.jpg
[SCAN] reconcile complete | queued_or_refreshed=3
[SKIP] bd612b89679ea8c31d90c6e051e923fd_.jpg | temp_file_disappeared_after_3_attempts
[SKIP] a2923b2721ab38d799958d10ccf72ba9_.jpg | temp_file_disappeared_after_3_attempts
[SKIP] 14bc98e9c6ea8756546eb9dc83772494_.jpg | temp_file_disappeared_after_3_attempts
[SCAN] reconcile complete | queued_or_refreshed=3
[SCAN] reconcile complete | queued_or_refreshed=0
[SCAN] reconcile complete | queued_or_refreshed=0
[SCAN] reconcile complete | queued_or_refreshed=0
[SCAN] reconcile complete | queued_or_refreshed=0
[SCAN] reconcile complete | queued_or_refreshed=0
[SCAN] reconcile complete | queued_or_refreshed=0
[SCAN] reconcile complete | queued_or_refreshed=0
[INFO] ace1d0e6eeea12034ee99caf6da6473c.dat | grupo_sem_mapa=9e20f478899dc29eb19741386f9343c8 mas prosseguindo (abertura manual/file_transfer)
[OK] ace1d0e6eeea12034ee99caf6da6473c.dat | cliente=- | banco=None | valor=327.0 | data=22/07/2026 04:28 | sink=staged | resolution=direct_image | verification=CONFIRMADO | manual_open_to_claim_ms=1951 | open_ms=3 | prep_ms=0 | ocr_ms=2395 | parse_ms=1 | manual_open_to_ingest_ms=4352
[SINK] committed | file_id=07d87b2d3a098aabeab7edc83134def918e11c08 | msg=- | talker=- | create_time=0 | sheet=Página1 | row=166 | ingest_to_commit_ms=1793 | manual_open_to_commit_ms=6145
[INFO] 1784767331616.jpg | grupo_sem_mapa=9e20f478899dc29eb19741386f9343c8 mas prosseguindo (abertura manual/file_transfer)
[OK] 1784767331616.jpg | cliente=- | banco=None | valor=327.0 | data=22/07/2026 04:28 | sink=staged | resolution=temp_preview | verification=TEMP_PREVIEW | manual_open_to_claim_ms=7082 | open_ms=1 | prep_ms=0 | ocr_ms=1364 | parse_ms=1 | manual_open_to_ingest_ms=8464
[SINK] committed | file_id=a8f02d303c1b90972e392f4f7d50ef36cb792e26 | msg=- | talker=- | create_time=0 | sheet=Página1 | row=167 | ingest_to_commit_ms=737 | manual_open_to_commit_ms=9202
[INFO] 1784767331620.jpg | grupo_sem_mapa=9e20f478899dc29eb19741386f9343c8 mas prosseguindo (abertura manual/file_transfer)
[OK] 1784767331620.jpg | cliente=- | banco=None | valor=327.0 | data=22/07/2026 04:28 | sink=staged | resolution=temp_preview | verification=TEMP_PREVIEW | manual_open_to_claim_ms=9245 | open_ms=1 | prep_ms=0 | ocr_ms=1360 | parse_ms=1 | manual_open_to_ingest_ms=10619
[SINK] committed | file_id=5e8204dd9b1c58af26e300847d2f8a64f47fd3c9 | msg=- | talker=- | create_time=0 | sheet=Página1 | row=168 | ingest_to_commit_ms=735 | manual_open_to_commit_ms=11354
[SCAN] reconcile complete | queued_or_refreshed=3
[SCAN] reconcile complete | queued_or_refreshed=3
[SCAN] reconcile complete | queued_or_refreshed=0
[SCAN] reconcile complete | queued_or_refreshed=0
[SCAN] reconcile complete | queued_or_refreshed=0
[SCAN] reconcile complete | queued_or_refreshed=0
[SCAN] reconcile complete | queued_or_refreshed=0
[SCAN] reconcile complete | queued_or_refreshed=0
[SCAN] reconcile complete | queued_or_refreshed=0
[SCAN] reconcile complete | queued_or_refreshed=0
[SCAN] reconcile complete | queued_or_refreshed=0
[SCAN] reconcile complete | queued_or_refreshed=0
[SCAN] reconcile complete | queued_or_refreshed=0
[SCAN] reconcile complete | queued_or_refreshed=0
[SCAN] reconcile complete | queued_or_refreshed=0
[SCAN] reconcile complete | queued_or_refreshed=0
[SCAN] reconcile complete | queued_or_refreshed=0
[SCAN] reconcile complete | queued_or_refreshed=0
[SCAN] reconcile complete | queued_or_refreshed=0
[SCAN] reconcile complete | queued_or_refreshed=0
[SCAN] reconcile complete | queued_or_refreshed=0
[SCAN] reconcile complete | queued_or_refreshed=0
[SCAN] reconcile complete | queued_or_refreshed=0
[SCAN] reconcile complete | queued_or_refreshed=0
[SCAN] reconcile complete | queued_or_refreshed=0
[SCAN] reconcile complete | queued_or_refreshed=0
[SCAN] reconcile complete | queued_or_refreshed=0
[SCAN] reconcile complete | queued_or_refreshed=0
[SCAN] reconcile complete | queued_or_refreshed=0
[SCAN] reconcile complete | queued_or_refreshed=0
[SCAN] reconcile complete | queued_or_refreshed=0
[SCAN] reconcile complete | queued_or_refreshed=0
[SCAN] reconcile complete | queued_or_refreshed=0
[SCAN] reconcile complete | queued_or_refreshed=0
[SCAN] reconcile complete | queued_or_refreshed=0
[SCAN] reconcile complete | queued_or_refreshed=0
[SCAN] reconcile complete | queued_or_refreshed=0
[SCAN] reconcile complete | queued_or_refreshed=0
[SCAN] reconcile complete | queued_or_refreshed=0
[SCAN] reconcile complete | queued_or_refreshed=0
[SCAN] reconcile complete | queued_or_refreshed=0
[SCAN] reconcile complete | queued_or_refreshed=0
[SCAN] reconcile complete | queued_or_refreshed=0
[SCAN] reconcile complete | queued_or_refreshed=0
[SCAN] reconcile complete | queued_or_refreshed=0
[SCAN] reconcile complete | queued_or_refreshed=0
[SCAN] reconcile complete | queued_or_refreshed=0
[SCAN] reconcile complete | queued_or_refreshed=0
[SCAN] reconcile complete | queued_or_refreshed=0
[SCAN] reconcile complete | queued_or_refreshed=0
[SCAN] reconcile complete | queued_or_refreshed=0
[SCAN] reconcile complete | queued_or_refreshed=0
[SCAN] reconcile complete | queued_or_refreshed=0
[SCAN] reconcile complete | queued_or_refreshed=0
[SCAN] reconcile complete | queued_or_refreshed=0
[SCAN] reconcile complete | queued_or_refreshed=0
[SCAN] reconcile complete | queued_or_refreshed=0
[SCAN] reconcile complete | queued_or_refreshed=0
[SCAN] reconcile complete | queued_or_refreshed=0
[SCAN] reconcile complete | queued_or_refreshed=0
[SCAN] reconcile complete | queued_or_refreshed=0
[SCAN] reconcile complete | queued_or_refreshed=0
[SCAN] reconcile complete | queued_or_refreshed=0
[SCAN] reconcile complete | queued_or_refreshed=0
[SCAN] reconcile complete | queued_or_refreshed=0
[SCAN] reconcile complete | queued_or_refreshed=0
[SCAN] reconcile complete | queued_or_refreshed=0
[SCAN] reconcile complete | queued_or_refreshed=0
[SCAN] reconcile complete | queued_or_refreshed=0
[SCAN] reconcile complete | queued_or_refreshed=0
[SCAN] reconcile complete | queued_or_refreshed=0
[SCAN] reconcile complete | queued_or_refreshed=0
[SCAN] reconcile complete | queued_or_refreshed=0
[SCAN] reconcile complete | queued_or_refreshed=0
[SCAN] reconcile complete | queued_or_refreshed=0
[SCAN] reconcile complete | queued_or_refreshed=0
[SCAN] reconcile complete | queued_or_refreshed=0
[SCAN] reconcile complete | queued_or_refreshed=0
[SCAN] reconcile complete | queued_or_refreshed=0
[SCAN] reconcile complete | queued_or_refreshed=0
[SCAN] reconcile complete | queued_or_refreshed=0
[SCAN] reconcile complete | queued_or_refreshed=0
[SCAN] reconcile complete | queued_or_refreshed=0
[SCAN] reconcile complete | queued_or_refreshed=0
[SCAN] reconcile complete | queued_or_refreshed=0
[SCAN] reconcile complete | queued_or_refreshed=0
[SCAN] reconcile complete | queued_or_refreshed=0
[SCAN] reconcile complete | queued_or_refreshed=0
[SCAN] reconcile complete | queued_or_refreshed=0
[SCAN] reconcile complete | queued_or_refreshed=0
[SCAN] reconcile complete | queued_or_refreshed=0
[SCAN] reconcile complete | queued_or_refreshed=0
[SCAN] reconcile complete | queued_or_refreshed=0
[SCAN] reconcile complete | queued_or_refreshed=0
[SCAN] reconcile complete | queued_or_refreshed=0
[SCAN] reconcile complete | queued_or_refreshed=0
[SCAN] reconcile complete | queued_or_refreshed=0
[SCAN] reconcile complete | queued_or_refreshed=0
[SCAN] reconcile complete | queued_or_refreshed=0
[SCAN] reconcile complete | queued_or_refreshed=0
[SCAN] reconcile complete | queued_or_refreshed=0
[SCAN] reconcile complete | queued_or_refreshed=0
[SCAN] reconcile complete | queued_or_refreshed=0
[SCAN] reconcile complete | queued_or_refreshed=0
[SCAN] reconcile complete | queued_or_refreshed=0
[INFO] 9a40c8698a190c3f58918a1ec95b8860.dat | grupo_sem_mapa=9e20f478899dc29eb19741386f9343c8 mas prosseguindo (abertura manual/file_transfer)
[EXCEPTION] 9a40c8698a190c3f58918a1ec95b8860.dat | missing_core_fields | verification=CONFIRMADO
[INFO] 1784776838635.jpg | grupo_sem_mapa=9e20f478899dc29eb19741386f9343c8 mas prosseguindo (abertura manual/file_transfer)
[EXCEPTION] 1784776838635.jpg | missing_core_fields | verification=TEMP_PREVIEW
[INFO] 1784776838659.jpg | grupo_sem_mapa=9e20f478899dc29eb19741386f9343c8 mas prosseguindo (abertura manual/file_transfer)
[EXCEPTION] 1784776838659.jpg | missing_core_fields | verification=TEMP_PREVIEW
[SCAN] reconcile complete | queued_or_refreshed=3
[SCAN] reconcile complete | queued_or_refreshed=3
[SCAN] reconcile complete | queued_or_refreshed=0
[SCAN] reconcile complete | queued_or_refreshed=0
[SCAN] reconcile complete | queued_or_refreshed=0
[SCAN] reconcile complete | queued_or_refreshed=0
[SCAN] reconcile complete | queued_or_refreshed=0
[SCAN] reconcile complete | queued_or_refreshed=0
[SCAN] reconcile complete | queued_or_refreshed=0
[SCAN] reconcile complete | queued_or_refreshed=0
[SCAN] reconcile complete | queued_or_refreshed=0
[SCAN] reconcile complete | queued_or_refreshed=0
[SCAN] reconcile complete | queued_or_refreshed=0
[SCAN] reconcile complete | queued_or_refreshed=0
[SCAN] reconcile complete | queued_or_refreshed=0
[SCAN] reconcile complete | queued_or_refreshed=0
[SCAN] reconcile complete | queued_or_refreshed=0
[SCAN] reconcile complete | queued_or_refreshed=0
[SCAN] reconcile complete | queued_or_refreshed=0
[SCAN] reconcile complete | queued_or_refreshed=0
[SCAN] reconcile complete | queued_or_refreshed=0
[SCAN] reconcile complete | queued_or_refreshed=0
[SCAN] reconcile complete | queued_or_refreshed=0
[SCAN] reconcile complete | queued_or_refreshed=0
[SCAN] reconcile complete | queued_or_refreshed=0
[SCAN] reconcile complete | queued_or_refreshed=0
[SCAN] reconcile complete | queued_or_refreshed=0
[SCAN] reconcile complete | queued_or_refreshed=0
[SCAN] reconcile complete | queued_or_refreshed=0
[SCAN] reconcile complete | queued_or_refreshed=0
[SCAN] reconcile complete | queued_or_refreshed=0
[SCAN] reconcile complete | queued_or_refreshed=0
[SCAN] reconcile complete | queued_or_refreshed=0
[SCAN] reconcile complete | queued_or_refreshed=0
[SCAN] reconcile complete | queued_or_refreshed=0
[SCAN] reconcile complete | queued_or_refreshed=0
[SCAN] reconcile complete | queued_or_refreshed=0
[SCAN] reconcile complete | queued_or_refreshed=0
[SCAN] reconcile complete | queued_or_refreshed=0
[SCAN] reconcile complete | queued_or_refreshed=0
[SCAN] reconcile complete | queued_or_refreshed=0
[SCAN] reconcile complete | queued_or_refreshed=0
[SCAN] reconcile complete | queued_or_refreshed=0
[SCAN] reconcile complete | queued_or_refreshed=0
[SCAN] reconcile complete | queued_or_refreshed=0
[SCAN] reconcile complete | queued_or_refreshed=0
[SCAN] reconcile complete | queued_or_refreshed=0
[SCAN] reconcile complete | queued_or_refreshed=0
[SCAN] reconcile complete | queued_or_refreshed=0
[SCAN] reconcile complete | queued_or_refreshed=0
[SCAN] reconcile complete | queued_or_refreshed=0
[SCAN] reconcile complete | queued_or_refreshed=0
[SCAN] reconcile complete | queued_or_refreshed=0
[SCAN] reconcile complete | queued_or_refreshed=0
[SCAN] reconcile complete | queued_or_refreshed=0
[SCAN] reconcile complete | queued_or_refreshed=0
[SCAN] reconcile complete | queued_or_refreshed=0
[SCAN] reconcile complete | queued_or_refreshed=0
[SCAN] reconcile complete | queued_or_refreshed=0
[SCAN] reconcile complete | queued_or_refreshed=0
[SCAN] reconcile complete | queued_or_refreshed=0
[SCAN] reconcile complete | queued_or_refreshed=0
[SCAN] reconcile complete | queued_or_refreshed=0
[SCAN] reconcile complete | queued_or_refreshed=0
[SCAN] reconcile complete | queued_or_refreshed=0
[SCAN] reconcile complete | queued_or_refreshed=0
[SCAN] reconcile complete | queued_or_refreshed=0
[SCAN] reconcile complete | queued_or_refreshed=0
[SCAN] reconcile complete | queued_or_refreshed=0
[SCAN] reconcile complete | queued_or_refreshed=0
[SCAN] reconcile complete | queued_or_refreshed=0
[SCAN] reconcile complete | queued_or_refreshed=0
[SCAN] reconcile complete | queued_or_refreshed=0
[SCAN] reconcile complete | queued_or_refreshed=0
[SCAN] reconcile complete | queued_or_refreshed=0
[SCAN] reconcile complete | queued_or_refreshed=0
[SCAN] reconcile complete | queued_or_refreshed=0
[SCAN] reconcile complete | queued_or_refreshed=0
[SCAN] reconcile complete | queued_or_refreshed=0
[SCAN] reconcile complete | queued_or_refreshed=0
[SCAN] reconcile complete | queued_or_refreshed=0
[SCAN] reconcile complete | queued_or_refreshed=0
[SCAN] reconcile complete | queued_or_refreshed=0
[SCAN] reconcile complete | queued_or_refreshed=0
[SCAN] reconcile complete | queued_or_refreshed=0
[SCAN] reconcile complete | queued_or_refreshed=0
[SCAN] reconcile complete | queued_or_refreshed=0
[SCAN] reconcile complete | queued_or_refreshed=0
[SCAN] reconcile complete | queued_or_refreshed=0
[SCAN] reconcile complete | queued_or_refreshed=0
[SCAN] reconcile complete | queued_or_refreshed=0
[SCAN] reconcile complete | queued_or_refreshed=0
[SCAN] reconcile complete | queued_or_refreshed=0
[SCAN] reconcile complete | queued_or_refreshed=0
[SCAN] reconcile complete | queued_or_refreshed=0
[SCAN] reconcile complete | queued_or_refreshed=0
[SCAN] reconcile complete | queued_or_refreshed=0
[SCAN] reconcile complete | queued_or_refreshed=0
[SCAN] reconcile complete | queued_or_refreshed=0
[SCAN] reconcile complete | queued_or_refreshed=0
[SCAN] reconcile complete | queued_or_refreshed=0
[SCAN] reconcile complete | queued_or_refreshed=0
[SCAN] reconcile complete | queued_or_refreshed=0
[SCAN] reconcile complete | queued_or_refreshed=0
[SCAN] reconcile complete | queued_or_refreshed=0
[SCAN] reconcile complete | queued_or_refreshed=0
[SCAN] reconcile complete | queued_or_refreshed=0
[SCAN] reconcile complete | queued_or_refreshed=0
[SCAN] reconcile complete | queued_or_refreshed=0
[SCAN] reconcile complete | queued_or_refreshed=0
[SCAN] reconcile complete | queued_or_refreshed=0
[SCAN] reconcile complete | queued_or_refreshed=0
[SCAN] reconcile complete | queued_or_refreshed=0
[SCAN] reconcile complete | queued_or_refreshed=0
[SCAN] reconcile complete | queued_or_refreshed=0
[SCAN] reconcile complete | queued_or_refreshed=0
[SCAN] reconcile complete | queued_or_refreshed=0
[SCAN] reconcile complete | queued_or_refreshed=0
[SCAN] reconcile complete | queued_or_refreshed=0
[SCAN] reconcile complete | queued_or_refreshed=0
[SCAN] reconcile complete | queued_or_refreshed=0
[SCAN] reconcile complete | queued_or_refreshed=0
[SCAN] reconcile complete | queued_or_refreshed=0
[SCAN] reconcile complete | queued_or_refreshed=0
[SCAN] reconcile complete | queued_or_refreshed=0
[SCAN] reconcile complete | queued_or_refreshed=0
[SCAN] reconcile complete | queued_or_refreshed=0
[SCAN] reconcile complete | queued_or_refreshed=0
[SCAN] reconcile complete | queued_or_refreshed=0
[SCAN] reconcile complete | queued_or_refreshed=0
[SCAN] reconcile complete | queued_or_refreshed=0
[SCAN] reconcile complete | queued_or_refreshed=0
[SCAN] reconcile complete | queued_or_refreshed=0
[SCAN] reconcile complete | queued_or_refreshed=0
[SCAN] reconcile complete | queued_or_refreshed=0
[SCAN] reconcile complete | queued_or_refreshed=0
[SCAN] reconcile complete | queued_or_refreshed=0
[SCAN] reconcile complete | queued_or_refreshed=0
[SCAN] reconcile complete | queued_or_refreshed=0
[SCAN] reconcile complete | queued_or_refreshed=0
[SCAN] reconcile complete | queued_or_refreshed=0
[SCAN] reconcile complete | queued_or_refreshed=0
[SCAN] reconcile complete | queued_or_refreshed=0
[SCAN] reconcile complete | queued_or_refreshed=0
[SCAN] reconcile complete | queued_or_refreshed=0
[SCAN] reconcile complete | queued_or_refreshed=0
[SCAN] reconcile complete | queued_or_refreshed=0
[SCAN] reconcile complete | queued_or_refreshed=0
[SCAN] reconcile complete | queued_or_refreshed=0
[SCAN] reconcile complete | queued_or_refreshed=0
[SCAN] reconcile complete | queued_or_refreshed=0
[SCAN] reconcile complete | queued_or_refreshed=0
[SCAN] reconcile complete | queued_or_refreshed=0
[SCAN] reconcile complete | queued_or_refreshed=0
[SCAN] reconcile complete | queued_or_refreshed=0
[SCAN] reconcile complete | queued_or_refreshed=0
[SCAN] reconcile complete | queued_or_refreshed=0
[SCAN] reconcile complete | queued_or_refreshed=0
[SCAN] reconcile complete | queued_or_refreshed=0
[SCAN] reconcile complete | queued_or_refreshed=0
[SCAN] reconcile complete | queued_or_refreshed=0
[SCAN] reconcile complete | queued_or_refreshed=0
[SCAN] reconcile complete | queued_or_refreshed=0
[SCAN] reconcile complete | queued_or_refreshed=0
[SCAN] reconcile complete | queued_or_refreshed=0
[SCAN] reconcile complete | queued_or_refreshed=0
[SCAN] reconcile complete | queued_or_refreshed=0
[SCAN] reconcile complete | queued_or_refreshed=0
[SCAN] reconcile complete | queued_or_refreshed=0
[SCAN] reconcile complete | queued_or_refreshed=0
[SCAN] reconcile complete | queued_or_refreshed=0
[SCAN] reconcile complete | queued_or_refreshed=0
[SCAN] reconcile complete | queued_or_refreshed=0
[SCAN] reconcile complete | queued_or_refreshed=0
[SCAN] reconcile complete | queued_or_refreshed=0
[SCAN] reconcile complete | queued_or_refreshed=0
[SCAN] reconcile complete | queued_or_refreshed=0
[SCAN] reconcile complete | queued_or_refreshed=0
[SCAN] reconcile complete | queued_or_refreshed=0
[SCAN] reconcile complete | queued_or_refreshed=0
[SCAN] reconcile complete | queued_or_refreshed=0
[SCAN] reconcile complete | queued_or_refreshed=0
[SCAN] reconcile complete | queued_or_refreshed=0
[SCAN] reconcile complete | queued_or_refreshed=0
[SCAN] reconcile complete | queued_or_refreshed=0
[SCAN] reconcile complete | queued_or_refreshed=0
[SCAN] reconcile complete | queued_or_refreshed=0
[SCAN] reconcile complete | queued_or_refreshed=0
[SCAN] reconcile complete | queued_or_refreshed=0
[SCAN] reconcile complete | queued_or_refreshed=0
[SCAN] reconcile complete | queued_or_refreshed=0
[SCAN] reconcile complete | queued_or_refreshed=0
[SCAN] reconcile complete | queued_or_refreshed=0
[SCAN] reconcile complete | queued_or_refreshed=0
[SCAN] reconcile complete | queued_or_refreshed=0
[SCAN] reconcile complete | queued_or_refreshed=0
[SCAN] reconcile complete | queued_or_refreshed=0
[SCAN] reconcile complete | queued_or_refreshed=0
[SCAN] reconcile complete | queued_or_refreshed=0
[SCAN] reconcile complete | queued_or_refreshed=0
[SCAN] reconcile complete | queued_or_refreshed=0
[SCAN] reconcile complete | queued_or_refreshed=0
[SCAN] reconcile complete | queued_or_refreshed=0
[SCAN] reconcile complete | queued_or_refreshed=0
[SCAN] reconcile complete | queued_or_refreshed=0
[SCAN] reconcile complete | queued_or_refreshed=0
[SCAN] reconcile complete | queued_or_refreshed=0
[SCAN] reconcile complete | queued_or_refreshed=0
[SCAN] reconcile complete | queued_or_refreshed=0
[SCAN] reconcile complete | queued_or_refreshed=0
[SCAN] reconcile complete | queued_or_refreshed=0
[SCAN] reconcile complete | queued_or_refreshed=0
[SCAN] reconcile complete | queued_or_refreshed=0
[SCAN] reconcile complete | queued_or_refreshed=0
[SCAN] reconcile complete | queued_or_refreshed=0
[SCAN] reconcile complete | queued_or_refreshed=0
[SCAN] reconcile complete | queued_or_refreshed=0
[SCAN] reconcile complete | queued_or_refreshed=0
[SCAN] reconcile complete | queued_or_refreshed=0
[SCAN] reconcile complete | queued_or_refreshed=0
[SCAN] reconcile complete | queued_or_refreshed=0
[SCAN] reconcile complete | queued_or_refreshed=0
[SCAN] reconcile complete | queued_or_refreshed=0
[SCAN] reconcile complete | queued_or_refreshed=0
[SCAN] reconcile complete | queued_or_refreshed=0
[SCAN] reconcile complete | queued_or_refreshed=0
[SCAN] reconcile complete | queued_or_refreshed=0
[SCAN] reconcile complete | queued_or_refreshed=0
[SCAN] reconcile complete | queued_or_refreshed=0
[SCAN] reconcile complete | queued_or_refreshed=0
[SCAN] reconcile complete | queued_or_refreshed=0
[SCAN] reconcile complete | queued_or_refreshed=0
[SCAN] reconcile complete | queued_or_refreshed=0
[SCAN] reconcile complete | queued_or_refreshed=0
[SCAN] reconcile complete | queued_or_refreshed=0
[SCAN] reconcile complete | queued_or_refreshed=0
[SCAN] reconcile complete | queued_or_refreshed=0
[SCAN] reconcile complete | queued_or_refreshed=0
[SCAN] reconcile complete | queued_or_refreshed=0
[SCAN] reconcile complete | queued_or_refreshed=0
[SCAN] reconcile complete | queued_or_refreshed=0
[SCAN] reconcile complete | queued_or_refreshed=0
[SCAN] reconcile complete | queued_or_refreshed=0
[SCAN] reconcile complete | queued_or_refreshed=0
[SCAN] reconcile complete | queued_or_refreshed=0
[SCAN] reconcile complete | queued_or_refreshed=0
[SCAN] reconcile complete | queued_or_refreshed=0
[SCAN] reconcile complete | queued_or_refreshed=0
[SCAN] reconcile complete | queued_or_refreshed=0
[SCAN] reconcile complete | queued_or_refreshed=0
[SCAN] reconcile complete | queued_or_refreshed=0
[SCAN] reconcile complete | queued_or_refreshed=0
[SCAN] reconcile complete | queued_or_refreshed=0
[SCAN] reconcile complete | queued_or_refreshed=0
[SCAN] reconcile complete | queued_or_refreshed=0
[SCAN] reconcile complete | queued_or_refreshed=0
[SCAN] reconcile complete | queued_or_refreshed=0
[SCAN] reconcile complete | queued_or_refreshed=0
[SCAN] reconcile complete | queued_or_refreshed=0
[SCAN] reconcile complete | queued_or_refreshed=0
[SCAN] reconcile complete | queued_or_refreshed=0
[SCAN] reconcile complete | queued_or_refreshed=0
[SCAN] reconcile complete | queued_or_refreshed=0
[SCAN] reconcile complete | queued_or_refreshed=0
[SCAN] reconcile complete | queued_or_refreshed=0
[SCAN] reconcile complete | queued_or_refreshed=0
[SCAN] reconcile complete | queued_or_refreshed=0
[SCAN] reconcile complete | queued_or_refreshed=0
[SCAN] reconcile complete | queued_or_refreshed=0
[SCAN] reconcile complete | queued_or_refreshed=0
[SCAN] reconcile complete | queued_or_refreshed=0
[SCAN] reconcile complete | queued_or_refreshed=0
[SCAN] reconcile complete | queued_or_refreshed=0
[SCAN] reconcile complete | queued_or_refreshed=0
[SCAN] reconcile complete | queued_or_refreshed=0
[SCAN] reconcile complete | queued_or_refreshed=0
[SCAN] reconcile complete | queued_or_refreshed=0
[SCAN] reconcile complete | queued_or_refreshed=0
[SCAN] reconcile complete | queued_or_refreshed=0
[SCAN] reconcile complete | queued_or_refreshed=0
[SCAN] reconcile complete | queued_or_refreshed=0
[SCAN] reconcile complete | queued_or_refreshed=0
[SCAN] reconcile complete | queued_or_refreshed=0
[SCAN] reconcile complete | queued_or_refreshed=0
[SCAN] reconcile complete | queued_or_refreshed=0
[SCAN] reconcile complete | queued_or_refreshed=0
[SCAN] reconcile complete | queued_or_refreshed=0
[SCAN] reconcile complete | queued_or_refreshed=0
[SCAN] reconcile complete | queued_or_refreshed=0
[SCAN] reconcile complete | queued_or_refreshed=0
[SCAN] reconcile complete | queued_or_refreshed=0
[SCAN] reconcile complete | queued_or_refreshed=0
[SCAN] reconcile complete | queued_or_refreshed=0
[SCAN] reconcile complete | queued_or_refreshed=0
[SCAN] reconcile complete | queued_or_refreshed=0
[SCAN] reconcile complete | queued_or_refreshed=0
[SCAN] reconcile complete | queued_or_refreshed=0
[SCAN] reconcile complete | queued_or_refreshed=0
[SCAN] reconcile complete | queued_or_refreshed=0
[SCAN] reconcile complete | queued_or_refreshed=0
[SCAN] reconcile complete | queued_or_refreshed=0
[SCAN] reconcile complete | queued_or_refreshed=0
[SCAN] reconcile complete | queued_or_refreshed=0
[SCAN] reconcile complete | queued_or_refreshed=0
[SCAN] reconcile complete | queued_or_refreshed=0
[SCAN] reconcile complete | queued_or_refreshed=0
[SCAN] reconcile complete | queued_or_refreshed=0
[SCAN] reconcile complete | queued_or_refreshed=0
[SCAN] reconcile complete | queued_or_refreshed=0
[SCAN] reconcile complete | queued_or_refreshed=0
[SCAN] reconcile complete | queued_or_refreshed=0
[SCAN] reconcile complete | queued_or_refreshed=0
[SCAN] reconcile complete | queued_or_refreshed=0
[SCAN] reconcile complete | queued_or_refreshed=0
[SCAN] reconcile complete | queued_or_refreshed=0
[SCAN] reconcile complete | queued_or_refreshed=0
[SCAN] reconcile complete | queued_or_refreshed=0
[SCAN] reconcile complete | queued_or_refreshed=0
[SCAN] reconcile complete | queued_or_refreshed=0
[SCAN] reconcile complete | queued_or_refreshed=0
[SCAN] reconcile complete | queued_or_refreshed=0
[SCAN] reconcile complete | queued_or_refreshed=0
[SCAN] reconcile complete | queued_or_refreshed=0
[SCAN] reconcile complete | queued_or_refreshed=0
[SCAN] reconcile complete | queued_or_refreshed=0
[SCAN] reconcile complete | queued_or_refreshed=0
[SCAN] reconcile complete | queued_or_refreshed=0
[SCAN] reconcile complete | queued_or_refreshed=0
[SCAN] reconcile complete | queued_or_refreshed=0
[SCAN] reconcile complete | queued_or_refreshed=0
[SCAN] reconcile complete | queued_or_refreshed=0
[SCAN] reconcile complete | queued_or_refreshed=0
[SCAN] reconcile complete | queued_or_refreshed=0
[SCAN] reconcile complete | queued_or_refreshed=0
[SCAN] reconcile complete | queued_or_refreshed=0
[SCAN] reconcile complete | queued_or_refreshed=0
[SCAN] reconcile complete | queued_or_refreshed=0
[SCAN] reconcile complete | queued_or_refreshed=0
[SCAN] reconcile complete | queued_or_refreshed=0
[SCAN] reconcile complete | queued_or_refreshed=0
[SCAN] reconcile complete | queued_or_refreshed=0
[SCAN] reconcile complete | queued_or_refreshed=0
[SCAN] reconcile complete | queued_or_refreshed=0
[SCAN] reconcile complete | queued_or_refreshed=0
[SCAN] reconcile complete | queued_or_refreshed=0
[SCAN] reconcile complete | queued_or_refreshed=0
[SCAN] reconcile complete | queued_or_refreshed=0
[SCAN] reconcile complete | queued_or_refreshed=0
[SCAN] reconcile complete | queued_or_refreshed=0
[SCAN] reconcile complete | queued_or_refreshed=0
[SCAN] reconcile complete | queued_or_refreshed=0
[SCAN] reconcile complete | queued_or_refreshed=0
[SCAN] reconcile complete | queued_or_refreshed=0
[SCAN] reconcile complete | queued_or_refreshed=0
[SCAN] reconcile complete | queued_or_refreshed=0
[SCAN] reconcile complete | queued_or_refreshed=0
[SCAN] reconcile complete | queued_or_refreshed=0
[SCAN] reconcile complete | queued_or_refreshed=0
[SCAN] reconcile complete | queued_or_refreshed=0
[SCAN] reconcile complete | queued_or_refreshed=0
[SCAN] reconcile complete | queued_or_refreshed=0
[SCAN] reconcile complete | queued_or_refreshed=0
[SCAN] reconcile complete | queued_or_refreshed=0
[SCAN] reconcile complete | queued_or_refreshed=0
[SCAN] reconcile complete | queued_or_refreshed=0
[SCAN] reconcile complete | queued_or_refreshed=0
[SCAN] reconcile complete | queued_or_refreshed=0
[SCAN] reconcile complete | queued_or_refreshed=0
[SCAN] reconcile complete | queued_or_refreshed=0
[SCAN] reconcile complete | queued_or_refreshed=0
[SCAN] reconcile complete | queued_or_refreshed=0
[SCAN] reconcile complete | queued_or_refreshed=0
[SCAN] reconcile complete | queued_or_refreshed=0
[SCAN] reconcile complete | queued_or_refreshed=0
[SCAN] reconcile complete | queued_or_refreshed=0
[SCAN] reconcile complete | queued_or_refreshed=0
[OK] d8a0d16f7f5c5fad4b445bcbe8d76329.dat | cliente=65 | banco=CLEEND | valor=100.0 | data=22/07/2026 10:56 | sink=staged | resolution=direct_image | verification=CONFIRMADO | manual_open_to_claim_ms=1600 | open_ms=37 | prep_ms=33 | ocr_ms=2115 | parse_ms=1 | manual_open_to_ingest_ms=3807
[SINK] committed | file_id=e46563f765344e065ed553adcaa33a74b698600a | msg=- | talker=- | create_time=0 | sheet=Página1 | row=166 | ingest_to_commit_ms=2333 | manual_open_to_commit_ms=6139
[RETRY] e29c8b696b3576b48ce088097fbfc41e_.jpg | attempt=1 | err=FileNotFoundError: Resolved file disappeared: C:\Users\Felipe\Documents\WeChat Files\wxid_xd3703k0ih2p22\FileStorage\Temp\e29c8b696b3576b48ce088097fbfc41e_.jpg
[OK] f01c5990cf1d5b021dfacbf4187cfcaf.dat | cliente=65 | banco=CLEEND | valor=612.0 | data=21/07/2026 16:48 | sink=staged | resolution=direct_image | verification=CONFIRMADO | manual_open_to_claim_ms=1826 | open_ms=14 | prep_ms=31 | ocr_ms=1432 | parse_ms=1 | manual_open_to_ingest_ms=3314
[SINK] committed | file_id=1b807df5fa300ad0e9ed659f1afe55ba5b317c16 | msg=- | talker=- | create_time=0 | sheet=Página1 | row=167 | ingest_to_commit_ms=999 | manual_open_to_commit_ms=4313
[OK] f24b04bafaeef1f0599fbe00c13ff719.dat | cliente=65 | banco=CLEEND | valor=840.0 | data=22/07/2026 20:01 | sink=staged | resolution=direct_image | verification=CONFIRMADO | manual_open_to_claim_ms=1374 | open_ms=17 | prep_ms=37 | ocr_ms=1545 | parse_ms=2 | manual_open_to_ingest_ms=2992
[SINK] committed | file_id=4da837dc1482f13cfefea0fcc9b52bfe5e3cb479 | msg=- | talker=- | create_time=0 | sheet=Página1 | row=168 | ingest_to_commit_ms=1062 | manual_open_to_commit_ms=4053
[OK] 890d3722809594b61631d744af8531dc.dat | cliente=65 | banco=AMD | valor=500.0 | data=23/07/2026 07:35 | sink=staged | resolution=direct_image | verification=CONFIRMADO | manual_open_to_claim_ms=1261 | open_ms=11 | prep_ms=31 | ocr_ms=2459 | parse_ms=1 | manual_open_to_ingest_ms=3770
[SINK] committed | file_id=e5f7f0af66c372d4ead332bb10a20c13d26231f0 | msg=- | talker=- | create_time=0 | sheet=Página1 | row=169 | ingest_to_commit_ms=1098 | manual_open_to_commit_ms=4868
[OK] a754f2cd25cf6cfa4b360c6704c5fe6e.dat | cliente=65 | banco=AMD | valor=115.6 | data=22/07/2026 07:24 | sink=staged | resolution=direct_image | verification=CONFIRMADO | manual_open_to_claim_ms=2102 | open_ms=11 | prep_ms=30 | ocr_ms=2084 | parse_ms=1 | manual_open_to_ingest_ms=4235
[SINK] committed | file_id=50a860569ea7d0774a7d738df85721bb3f5a8bb9 | msg=- | talker=- | create_time=0 | sheet=Página1 | row=170 | ingest_to_commit_ms=1096 | manual_open_to_commit_ms=5332
[OK] 31121bde4d55a30411ba5a494781587e.dat | cliente=65 | banco=AMD | valor=36.6 | data=22/07/2026 07:40 | sink=staged | resolution=direct_image | verification=CONFIRMADO | manual_open_to_claim_ms=2597 | open_ms=10 | prep_ms=30 | ocr_ms=1802 | parse_ms=1 | manual_open_to_ingest_ms=4448
[SINK] committed | file_id=1203edd1d4c69b4e576f31a87d8924a2df4a6abc | msg=- | talker=- | create_time=0 | sheet=Página1 | row=171 | ingest_to_commit_ms=959 | manual_open_to_commit_ms=5407
[OK] 479b47cf75ebe13adf3811588ba95b24.dat | cliente=65 | banco=AMD | valor=125.3 | data=23/07/2026 - | sink=staged | resolution=direct_image | verification=CONFIRMADO | manual_open_to_claim_ms=2462 | open_ms=10 | prep_ms=30 | ocr_ms=2369 | parse_ms=1 | manual_open_to_ingest_ms=4883
[SINK] committed | file_id=39d5ad7a124b886115f205ebb5df989232fbf304 | msg=- | talker=- | create_time=0 | sheet=Página1 | row=172 | ingest_to_commit_ms=927 | manual_open_to_commit_ms=5810
[OK] 49a0737523d1cbfd296f1f7f60ee0d99.dat | cliente=65 | banco=AMD | valor=266.3 | data=23/07/2026 07:48 | sink=staged | resolution=direct_image | verification=CONFIRMADO | manual_open_to_claim_ms=3063 | open_ms=12 | prep_ms=33 | ocr_ms=1193 | parse_ms=1 | manual_open_to_ingest_ms=4312
[SINK] committed | file_id=fe1bfe90aa5b3c5df3d509599271a641bfb797e6 | msg=- | talker=- | create_time=0 | sheet=Página1 | row=173 | ingest_to_commit_ms=936 | manual_open_to_commit_ms=5248
[OK] 4f06133d16ec739e58f220b3b27c0450.dat | cliente=65 | banco=AMD | valor=120.0 | data=22/07/2026 09:37 | sink=staged | resolution=direct_image | verification=CONFIRMADO | manual_open_to_claim_ms=2568 | open_ms=11 | prep_ms=34 | ocr_ms=2041 | parse_ms=2 | manual_open_to_ingest_ms=4665
[SINK] committed | file_id=f272b4f78d335ec0b63de182d305ed4e97854a36 | msg=- | talker=- | create_time=0 | sheet=Página1 | row=174 | ingest_to_commit_ms=1084 | manual_open_to_commit_ms=5749
[OK] 52e856483a6793ede429766a9f5f3716.dat | cliente=65 | banco=AMD | valor=258.48 | data=22/07/2026 09:54 | sink=staged | resolution=direct_image | verification=CONFIRMADO | manual_open_to_claim_ms=2866 | open_ms=15 | prep_ms=36 | ocr_ms=1872 | parse_ms=1 | manual_open_to_ingest_ms=4801
[SINK] committed | file_id=6b97dac7c8f9bffbeb640fb284e5260e88aaab05 | msg=- | talker=- | create_time=0 | sheet=Página1 | row=175 | ingest_to_commit_ms=897 | manual_open_to_commit_ms=5698
[OK] 0430d51ca90ac9ea2ef887d64ccb46fb.dat | cliente=65 | banco=AMD | valor=13.5 | data=22/07/2026 09:51 | sink=staged | resolution=direct_image | verification=CONFIRMADO | manual_open_to_claim_ms=3028 | open_ms=16 | prep_ms=39 | ocr_ms=2814 | parse_ms=3 | manual_open_to_ingest_ms=5911
[SINK] committed | file_id=7ede82c9a97f69a59330a7be8aee6cf185938ec2 | msg=- | talker=- | create_time=0 | sheet=Página1 | row=176 | ingest_to_commit_ms=1013 | manual_open_to_commit_ms=6924
[OK] ed5b8d19e3398f05a1881dd52c05a59c.dat | cliente=65 | banco=AMD | valor=127.79 | data=21/07/2026 09:47 | sink=staged | resolution=direct_image | verification=CONFIRMADO | manual_open_to_claim_ms=1218 | open_ms=14 | prep_ms=31 | ocr_ms=1329 | parse_ms=1 | manual_open_to_ingest_ms=2601
[SINK] committed | file_id=608591d42be30f898fd348c13fb5ab2a6150f976 | msg=- | talker=- | create_time=0 | sheet=Página1 | row=177 | ingest_to_commit_ms=982 | manual_open_to_commit_ms=3583
[OK] faa5517240a20452c1b0be8c8970d44c.dat | cliente=65 | banco=AMD | valor=294.0 | data=22/07/2026 08:33 | sink=staged | resolution=direct_image | verification=CONFIRMADO | manual_open_to_claim_ms=6540 | open_ms=11 | prep_ms=31 | ocr_ms=2232 | parse_ms=1 | manual_open_to_ingest_ms=8824
[SINK] committed | file_id=6277c8cdf251e46a5c3fc35dab7d2a7c37784dd0 | msg=- | talker=- | create_time=0 | sheet=Página1 | row=178 | ingest_to_commit_ms=920 | manual_open_to_commit_ms=9744
[OK] 8a42dc4c32c0bea91ed677e328b89674.dat | cliente=65 | banco=AMD | valor=55.1 | data=21/07/2026 14:57 | sink=staged | resolution=direct_image | verification=CONFIRMADO | manual_open_to_claim_ms=1179 | open_ms=12 | prep_ms=36 | ocr_ms=2113 | parse_ms=2 | manual_open_to_ingest_ms=3353
[SINK] committed | file_id=bd70774aae174459cb34078cc4adffd7f79f41cd | msg=- | talker=- | create_time=0 | sheet=Página1 | row=179 | ingest_to_commit_ms=995 | manual_open_to_commit_ms=4348
[SCAN] reconcile complete | queued_or_refreshed=17
[OK] f016ee220a9a38c18141b47ce5d56013.dat | cliente=65 | banco=AMD | valor=87.2 | data=22/07/2026 10:45 | sink=staged | resolution=direct_image | verification=CONFIRMADO | manual_open_to_claim_ms=1395 | open_ms=10 | prep_ms=31 | ocr_ms=1722 | parse_ms=1 | manual_open_to_ingest_ms=3168
[SINK] committed | file_id=bb5e062af9f96dd180cacb0ddf1c7b6dac8dad69 | msg=- | talker=- | create_time=0 | sheet=Página1 | row=180 | ingest_to_commit_ms=915 | manual_open_to_commit_ms=4083
[OK] 1c0d06effa66093a6415194f6d58f7bb.dat | cliente=65 | banco=AMD | valor=36.45 | data=21/07/2026 17:26 | sink=staged | resolution=direct_image | verification=CONFIRMADO | manual_open_to_claim_ms=15501 | open_ms=11 | prep_ms=32 | ocr_ms=1421 | parse_ms=1 | manual_open_to_ingest_ms=16974
[SINK] committed | file_id=9226bc65a01e4bf9cfe6d0d3c303f82b893c3615 | msg=- | talker=- | create_time=0 | sheet=Página1 | row=181 | ingest_to_commit_ms=958 | manual_open_to_commit_ms=17931
[OK] 4262b1ae8cf15fa1e6078517f637790b.dat | cliente=65 | banco=AMD | valor=42.7 | data=21/07/2026 07:12 | sink=staged | resolution=direct_image | verification=CONFIRMADO | manual_open_to_claim_ms=12207 | open_ms=11 | prep_ms=31 | ocr_ms=1887 | parse_ms=1 | manual_open_to_ingest_ms=14146
[SINK] committed | file_id=fb14f65d168c2ceea0fe386870fc73282324fa28 | msg=- | talker=- | create_time=0 | sheet=Página1 | row=182 | ingest_to_commit_ms=898 | manual_open_to_commit_ms=15044
[OK] 13376233e11c08d7ef8d7f3f39744a1a.dat | cliente=65 | banco=AMD | valor=52.63 | data=23/07/2026 - | sink=staged | resolution=direct_image | verification=CONFIRMADO | manual_open_to_claim_ms=12311 | open_ms=12 | prep_ms=32 | ocr_ms=1458 | parse_ms=1 | manual_open_to_ingest_ms=13822
[SINK] committed | file_id=1867400a4ff01d4c793b50d4326f269ca2ddc0c5 | msg=- | talker=- | create_time=0 | sheet=Página1 | row=183 | ingest_to_commit_ms=953 | manual_open_to_commit_ms=14775
[OK] 2188635ca807650af15b36eb10ea30b2.dat | cliente=65 | banco=AMD | valor=26.41 | data=22/07/2026 10:49 | sink=staged | resolution=direct_image | verification=CONFIRMADO | manual_open_to_claim_ms=9098 | open_ms=12 | prep_ms=31 | ocr_ms=1340 | parse_ms=1 | manual_open_to_ingest_ms=10490
[SINK] committed | file_id=f01eb28340818694243996b4fd477c4801dbb5db | msg=- | talker=- | create_time=0 | sheet=Página1 | row=184 | ingest_to_commit_ms=944 | manual_open_to_commit_ms=11434
[OK] c82cccfa0c8bc67c6585f77c14ca4690.dat | cliente=65 | banco=AMD | valor=2026.1 | data=23/07/2026 10:48 | sink=staged | resolution=direct_image | verification=CONFIRMADO | manual_open_to_claim_ms=8729 | open_ms=16 | prep_ms=34 | ocr_ms=2295 | parse_ms=1 | manual_open_to_ingest_ms=11083
[SINK] committed | file_id=94e034f2cb7f1f8fef505f3e7014f37e68976ed0 | msg=- | talker=- | create_time=0 | sheet=Página1 | row=185 | ingest_to_commit_ms=1171 | manual_open_to_commit_ms=12254
[OK] ce61f1c2839ee05d92894d90f946466d.dat | cliente=65 | banco=AMD | valor=89.6 | data=22/07/2026 10:37 | sink=staged | resolution=direct_image | verification=CONFIRMADO | manual_open_to_claim_ms=9424 | open_ms=13 | prep_ms=31 | ocr_ms=1704 | parse_ms=1 | manual_open_to_ingest_ms=11181
[SINK] committed | file_id=e75109b06624c4a52ca63126accaab00406afbe5 | msg=- | talker=- | create_time=0 | sheet=Página1 | row=186 | ingest_to_commit_ms=845 | manual_open_to_commit_ms=12026
[OK] 31a315735f6dd1c3f2c0d711d89bac99.dat | cliente=65 | banco=AMD | valor=95.8 | data=23/07/2026 09:32 | sink=staged | resolution=direct_image | verification=CONFIRMADO | manual_open_to_claim_ms=9242 | open_ms=12 | prep_ms=32 | ocr_ms=1685 | parse_ms=2 | manual_open_to_ingest_ms=10981
[SINK] committed | file_id=3f8048916bf76d410491b03be9a02e936a02b34a | msg=- | talker=- | create_time=0 | sheet=Página1 | row=187 | ingest_to_commit_ms=882 | manual_open_to_commit_ms=11864
[OK] 30120be0d147868a1960130762b9031f.dat | cliente=65 | banco=AMD | valor=59.71 | data=22/07/2026 12:18 | sink=staged | resolution=direct_image | verification=CONFIRMADO | manual_open_to_claim_ms=9021 | open_ms=12 | prep_ms=31 | ocr_ms=1368 | parse_ms=1 | manual_open_to_ingest_ms=10443
[SINK] committed | file_id=0acd3f2e78127c0b4b0496559848230bbf779a82 | msg=- | talker=- | create_time=0 | sheet=Página1 | row=188 | ingest_to_commit_ms=873 | manual_open_to_commit_ms=11317
[OK] ec7708c3618ee025e0645b5a3ee03d42.dat | cliente=65 | banco=AMD | valor=19.52 | data=22/07/2026 12:28 | sink=staged | resolution=direct_image | verification=CONFIRMADO | manual_open_to_claim_ms=8544 | open_ms=12 | prep_ms=34 | ocr_ms=1893 | parse_ms=1 | manual_open_to_ingest_ms=10493
[SINK] committed | file_id=5108a777c36aefe7486d7a19b37b6be0e0e6e9c6 | msg=- | talker=- | create_time=0 | sheet=Página1 | row=189 | ingest_to_commit_ms=878 | manual_open_to_commit_ms=11370
[OK] 02d31f27a45dd13b46c9b35901471fe6.dat | cliente=65 | banco=AMD | valor=255.36 | data=23/07/2026 13:08 | sink=staged | resolution=direct_image | verification=CONFIRMADO | manual_open_to_claim_ms=8538 | open_ms=11 | prep_ms=36 | ocr_ms=1835 | parse_ms=2 | manual_open_to_ingest_ms=10430
[SINK] committed | file_id=5d0a275f65cea5d59af36ce2dd526f579d62dd7d | msg=- | talker=- | create_time=0 | sheet=Página1 | row=190 | ingest_to_commit_ms=877 | manual_open_to_commit_ms=11307
[OK] 8674fec6515e357d5c3b898e75025175.dat | cliente=65 | banco=AMD | valor=250.0 | data=22/07/2026 13:57 | sink=staged | resolution=direct_image | verification=CONFIRMADO | manual_open_to_claim_ms=8495 | open_ms=11 | prep_ms=33 | ocr_ms=2582 | parse_ms=1 | manual_open_to_ingest_ms=11131
[SINK] committed | file_id=14903ab04b0eb57d448d612bfbfdbe7accfc511d | msg=- | talker=- | create_time=0 | sheet=Página1 | row=191 | ingest_to_commit_ms=921 | manual_open_to_commit_ms=12052
[OK] 0f5b568c506940989bafc0bda7cc4336.dat | cliente=65 | banco=AMD | valor=6.74 | data=22/07/2026 14:03 | sink=staged | resolution=direct_image | verification=CONFIRMADO | manual_open_to_claim_ms=9291 | open_ms=14 | prep_ms=32 | ocr_ms=2239 | parse_ms=1 | manual_open_to_ingest_ms=11585
[SINK] committed | file_id=564c5418224d40bb9f50cc73c89dcc5019d66c20 | msg=- | talker=- | create_time=0 | sheet=Página1 | row=192 | ingest_to_commit_ms=1391 | manual_open_to_commit_ms=12976
[OK] 9bff66dd4a2eabd77a915db16cb080c2.dat | cliente=65 | banco=AMD | valor=8.99 | data=22/07/2026 14:34 | sink=staged | resolution=direct_image | verification=CONFIRMADO | manual_open_to_claim_ms=4451 | open_ms=14 | prep_ms=31 | ocr_ms=1714 | parse_ms=2 | manual_open_to_ingest_ms=6223
[SINK] committed | file_id=b0479d648b8b0fc2eeeed5ec3537476fd1eca978 | msg=- | talker=- | create_time=0 | sheet=Página1 | row=193 | ingest_to_commit_ms=891 | manual_open_to_commit_ms=7113
[OK] abb876177ba042790e18599e4f151a0d.dat | cliente=65 | banco=AMD | valor=120.0 | data=22/07/2026 14:07 | sink=staged | resolution=direct_image | verification=CONFIRMADO | manual_open_to_claim_ms=12876 | open_ms=13 | prep_ms=31 | ocr_ms=1730 | parse_ms=1 | manual_open_to_ingest_ms=14658
[SINK] committed | file_id=e98c12bde5c00757305efd55b83cd40d51ededa1 | msg=- | talker=- | create_time=0 | sheet=Página1 | row=194 | ingest_to_commit_ms=980 | manual_open_to_commit_ms=15639
[OK] 7f26b253a911e8ead5c019234bca7ce1.dat | cliente=65 | banco=AMD | valor=29.71 | data=22/07/2026 13:53 | sink=staged | resolution=direct_image | verification=CONFIRMADO | manual_open_to_claim_ms=12854 | open_ms=12 | prep_ms=33 | ocr_ms=2499 | parse_ms=1 | manual_open_to_ingest_ms=15408
[SINK] committed | file_id=bc2fb895ce76c1b135a8421ce79306e2e9f6baa3 | msg=- | talker=- | create_time=0 | sheet=Página1 | row=195 | ingest_to_commit_ms=927 | manual_open_to_commit_ms=16335
[RETRY] e29c8b696b3576b48ce088097fbfc41e_.jpg | attempt=2 | err=FileNotFoundError: Resolved file disappeared: C:\Users\Felipe\Documents\WeChat Files\wxid_xd3703k0ih2p22\FileStorage\Temp\e29c8b696b3576b48ce088097fbfc41e_.jpg
[RETRY] 43c7a56eb2637c9d24321e3f61890086_.jpg | attempt=1 | err=FileNotFoundError: Resolved file disappeared: C:\Users\Felipe\Documents\WeChat Files\wxid_xd3703k0ih2p22\FileStorage\Temp\43c7a56eb2637c9d24321e3f61890086_.jpg
[RETRY] 9fcb185d8623d4f1d994d4821f410266_.jpg | attempt=1 | err=FileNotFoundError: Resolved file disappeared: C:\Users\Felipe\Documents\WeChat Files\wxid_xd3703k0ih2p22\FileStorage\Temp\9fcb185d8623d4f1d994d4821f410266_.jpg
[RETRY] e31fd12ce928679680e43fca1ba61fdc_.jpg | attempt=1 | err=FileNotFoundError: Resolved file disappeared: C:\Users\Felipe\Documents\WeChat Files\wxid_xd3703k0ih2p22\FileStorage\Temp\e31fd12ce928679680e43fca1ba61fdc_.jpg
[RETRY] 74e07acc157d5bf75492df8490e24708_.jpg | attempt=1 | err=FileNotFoundError: Resolved file disappeared: C:\Users\Felipe\Documents\WeChat Files\wxid_xd3703k0ih2p22\FileStorage\Temp\74e07acc157d5bf75492df8490e24708_.jpg
[RETRY] ebc07f54e214c1a150e94a0f1ab8a719_.jpg | attempt=1 | err=FileNotFoundError: Resolved file disappeared: C:\Users\Felipe\Documents\WeChat Files\wxid_xd3703k0ih2p22\FileStorage\Temp\ebc07f54e214c1a150e94a0f1ab8a719_.jpg
[RETRY] 2b8f706b1818359e56f9b8491119dddb_.jpg | attempt=1 | err=FileNotFoundError: Resolved file disappeared: C:\Users\Felipe\Documents\WeChat Files\wxid_xd3703k0ih2p22\FileStorage\Temp\2b8f706b1818359e56f9b8491119dddb_.jpg
[RETRY] 111487f43ade1a37395fd0dc8b13904d_.jpg | attempt=1 | err=FileNotFoundError: Resolved file disappeared: C:\Users\Felipe\Documents\WeChat Files\wxid_xd3703k0ih2p22\FileStorage\Temp\111487f43ade1a37395fd0dc8b13904d_.jpg
[RETRY] cf8f69962d455323424122a1ae180f69_.jpg | attempt=1 | err=FileNotFoundError: Resolved file disappeared: C:\Users\Felipe\Documents\WeChat Files\wxid_xd3703k0ih2p22\FileStorage\Temp\cf8f69962d455323424122a1ae180f69_.jpg
[RETRY] 6ebb89df9304b647ad944d8c06b75bde_.jpg | attempt=1 | err=FileNotFoundError: Resolved file disappeared: C:\Users\Felipe\Documents\WeChat Files\wxid_xd3703k0ih2p22\FileStorage\Temp\6ebb89df9304b647ad944d8c06b75bde_.jpg
[RETRY] 20815e7d81cb0186c1d6965e8be301ff_.jpg | attempt=1 | err=FileNotFoundError: Resolved file disappeared: C:\Users\Felipe\Documents\WeChat Files\wxid_xd3703k0ih2p22\FileStorage\Temp\20815e7d81cb0186c1d6965e8be301ff_.jpg
[RETRY] fd17d6f9cda20c8f5cedfee7ce80eb09_.jpg | attempt=1 | err=FileNotFoundError: Resolved file disappeared: C:\Users\Felipe\Documents\WeChat Files\wxid_xd3703k0ih2p22\FileStorage\Temp\fd17d6f9cda20c8f5cedfee7ce80eb09_.jpg
[RETRY] 0257c57c845dc1562f81c7524fd777f1_.jpg | attempt=1 | err=FileNotFoundError: Resolved file disappeared: C:\Users\Felipe\Documents\WeChat Files\wxid_xd3703k0ih2p22\FileStorage\Temp\0257c57c845dc1562f81c7524fd777f1_.jpg
[RETRY] adbd05f69dca7f0de123a1683be16cc8_.jpg | attempt=1 | err=FileNotFoundError: Resolved file disappeared: C:\Users\Felipe\Documents\WeChat Files\wxid_xd3703k0ih2p22\FileStorage\Temp\adbd05f69dca7f0de123a1683be16cc8_.jpg
[RETRY] d961be461783dd5ee5321cfff5abe76e_.jpg | attempt=1 | err=FileNotFoundError: Resolved file disappeared: C:\Users\Felipe\Documents\WeChat Files\wxid_xd3703k0ih2p22\FileStorage\Temp\d961be461783dd5ee5321cfff5abe76e_.jpg
[RETRY] e0d9fe782f7ee9ec92a61d5fecb991f9_.jpg | attempt=1 | err=FileNotFoundError: Resolved file disappeared: C:\Users\Felipe\Documents\WeChat Files\wxid_xd3703k0ih2p22\FileStorage\Temp\e0d9fe782f7ee9ec92a61d5fecb991f9_.jpg
[RETRY] 75bc0afd84027296b9bb9cefd7b32848_.jpg | attempt=1 | err=FileNotFoundError: Resolved file disappeared: C:\Users\Felipe\Documents\WeChat Files\wxid_xd3703k0ih2p22\FileStorage\Temp\75bc0afd84027296b9bb9cefd7b32848_.jpg
[RETRY] 57d6de94c1063ca3a9ee55b168444057_.jpg | attempt=1 | err=FileNotFoundError: Resolved file disappeared: C:\Users\Felipe\Documents\WeChat Files\wxid_xd3703k0ih2p22\FileStorage\Temp\57d6de94c1063ca3a9ee55b168444057_.jpg
[RETRY] 6824f459e09d9c6a2a1d19011622ae74_.jpg | attempt=1 | err=FileNotFoundError: Resolved file disappeared: C:\Users\Felipe\Documents\WeChat Files\wxid_xd3703k0ih2p22\FileStorage\Temp\6824f459e09d9c6a2a1d19011622ae74_.jpg
[RETRY] 5aeaea6aa2ea1e7b848e22b4d104b00b_.jpg | attempt=1 | err=FileNotFoundError: Resolved file disappeared: C:\Users\Felipe\Documents\WeChat Files\wxid_xd3703k0ih2p22\FileStorage\Temp\5aeaea6aa2ea1e7b848e22b4d104b00b_.jpg
[RETRY] 43cb54a177aac32df83ef825d8fc9b0d_.jpg | attempt=1 | err=FileNotFoundError: Resolved file disappeared: C:\Users\Felipe\Documents\WeChat Files\wxid_xd3703k0ih2p22\FileStorage\Temp\43cb54a177aac32df83ef825d8fc9b0d_.jpg
[RETRY] 8b7c5a7ff07b717b69244d80bfc66db9_.jpg | attempt=1 | err=FileNotFoundError: Resolved file disappeared: C:\Users\Felipe\Documents\WeChat Files\wxid_xd3703k0ih2p22\FileStorage\Temp\8b7c5a7ff07b717b69244d80bfc66db9_.jpg
[RETRY] 1452c830856f648ad74a634f3fc92135_.jpg | attempt=1 | err=FileNotFoundError: Resolved file disappeared: C:\Users\Felipe\Documents\WeChat Files\wxid_xd3703k0ih2p22\FileStorage\Temp\1452c830856f648ad74a634f3fc92135_.jpg
[RETRY] 645d28816540ba3e18fe650b30b57474_.jpg | attempt=1 | err=FileNotFoundError: Resolved file disappeared: C:\Users\Felipe\Documents\WeChat Files\wxid_xd3703k0ih2p22\FileStorage\Temp\645d28816540ba3e18fe650b30b57474_.jpg
[RETRY] c3b2d7dcf0c9a3bf2ef26e7b7f511506_.jpg | attempt=1 | err=FileNotFoundError: Resolved file disappeared: C:\Users\Felipe\Documents\WeChat Files\wxid_xd3703k0ih2p22\FileStorage\Temp\c3b2d7dcf0c9a3bf2ef26e7b7f511506_.jpg
[RETRY] 9aabea556b914e15ca988ef2f7a45b2f_.jpg | attempt=1 | err=FileNotFoundError: Resolved file disappeared: C:\Users\Felipe\Documents\WeChat Files\wxid_xd3703k0ih2p22\FileStorage\Temp\9aabea556b914e15ca988ef2f7a45b2f_.jpg
[RETRY] 9b0f7d655eb20c8c74c47a7882694398_.jpg | attempt=1 | err=FileNotFoundError: Resolved file disappeared: C:\Users\Felipe\Documents\WeChat Files\wxid_xd3703k0ih2p22\FileStorage\Temp\9b0f7d655eb20c8c74c47a7882694398_.jpg
[RETRY] 8dae573b1a15972f281b3cf0aaa54735_.jpg | attempt=1 | err=FileNotFoundError: Resolved file disappeared: C:\Users\Felipe\Documents\WeChat Files\wxid_xd3703k0ih2p22\FileStorage\Temp\8dae573b1a15972f281b3cf0aaa54735_.jpg
[RETRY] e9019cb6fea7c5d38c6b7d20a30331ba_.jpg | attempt=1 | err=FileNotFoundError: Resolved file disappeared: C:\Users\Felipe\Documents\WeChat Files\wxid_xd3703k0ih2p22\FileStorage\Temp\e9019cb6fea7c5d38c6b7d20a30331ba_.jpg
[RETRY] db020418a6fe5018b7b28f55c1b28236_.jpg | attempt=1 | err=FileNotFoundError: Resolved file disappeared: C:\Users\Felipe\Documents\WeChat Files\wxid_xd3703k0ih2p22\FileStorage\Temp\db020418a6fe5018b7b28f55c1b28236_.jpg
[RETRY] 43c7a56eb2637c9d24321e3f61890086_.jpg | attempt=2 | err=FileNotFoundError: Resolved file disappeared: C:\Users\Felipe\Documents\WeChat Files\wxid_xd3703k0ih2p22\FileStorage\Temp\43c7a56eb2637c9d24321e3f61890086_.jpg
[RETRY] 9fcb185d8623d4f1d994d4821f410266_.jpg | attempt=2 | err=FileNotFoundError: Resolved file disappeared: C:\Users\Felipe\Documents\WeChat Files\wxid_xd3703k0ih2p22\FileStorage\Temp\9fcb185d8623d4f1d994d4821f410266_.jpg
[RETRY] e31fd12ce928679680e43fca1ba61fdc_.jpg | attempt=2 | err=FileNotFoundError: Resolved file disappeared: C:\Users\Felipe\Documents\WeChat Files\wxid_xd3703k0ih2p22\FileStorage\Temp\e31fd12ce928679680e43fca1ba61fdc_.jpg
[RETRY] 74e07acc157d5bf75492df8490e24708_.jpg | attempt=2 | err=FileNotFoundError: Resolved file disappeared: C:\Users\Felipe\Documents\WeChat Files\wxid_xd3703k0ih2p22\FileStorage\Temp\74e07acc157d5bf75492df8490e24708_.jpg
[RETRY] ebc07f54e214c1a150e94a0f1ab8a719_.jpg | attempt=2 | err=FileNotFoundError: Resolved file disappeared: C:\Users\Felipe\Documents\WeChat Files\wxid_xd3703k0ih2p22\FileStorage\Temp\ebc07f54e214c1a150e94a0f1ab8a719_.jpg
[RETRY] 2b8f706b1818359e56f9b8491119dddb_.jpg | attempt=2 | err=FileNotFoundError: Resolved file disappeared: C:\Users\Felipe\Documents\WeChat Files\wxid_xd3703k0ih2p22\FileStorage\Temp\2b8f706b1818359e56f9b8491119dddb_.jpg
[RETRY] 111487f43ade1a37395fd0dc8b13904d_.jpg | attempt=2 | err=FileNotFoundError: Resolved file disappeared: C:\Users\Felipe\Documents\WeChat Files\wxid_xd3703k0ih2p22\FileStorage\Temp\111487f43ade1a37395fd0dc8b13904d_.jpg
[RETRY] cf8f69962d455323424122a1ae180f69_.jpg | attempt=2 | err=FileNotFoundError: Resolved file disappeared: C:\Users\Felipe\Documents\WeChat Files\wxid_xd3703k0ih2p22\FileStorage\Temp\cf8f69962d455323424122a1ae180f69_.jpg
[RETRY] 6ebb89df9304b647ad944d8c06b75bde_.jpg | attempt=2 | err=FileNotFoundError: Resolved file disappeared: C:\Users\Felipe\Documents\WeChat Files\wxid_xd3703k0ih2p22\FileStorage\Temp\6ebb89df9304b647ad944d8c06b75bde_.jpg
[RETRY] 20815e7d81cb0186c1d6965e8be301ff_.jpg | attempt=2 | err=FileNotFoundError: Resolved file disappeared: C:\Users\Felipe\Documents\WeChat Files\wxid_xd3703k0ih2p22\FileStorage\Temp\20815e7d81cb0186c1d6965e8be301ff_.jpg
[RETRY] fd17d6f9cda20c8f5cedfee7ce80eb09_.jpg | attempt=2 | err=FileNotFoundError: Resolved file disappeared: C:\Users\Felipe\Documents\WeChat Files\wxid_xd3703k0ih2p22\FileStorage\Temp\fd17d6f9cda20c8f5cedfee7ce80eb09_.jpg
[RETRY] 0257c57c845dc1562f81c7524fd777f1_.jpg | attempt=2 | err=FileNotFoundError: Resolved file disappeared: C:\Users\Felipe\Documents\WeChat Files\wxid_xd3703k0ih2p22\FileStorage\Temp\0257c57c845dc1562f81c7524fd777f1_.jpg
[RETRY] adbd05f69dca7f0de123a1683be16cc8_.jpg | attempt=2 | err=FileNotFoundError: Resolved file disappeared: C:\Users\Felipe\Documents\WeChat Files\wxid_xd3703k0ih2p22\FileStorage\Temp\adbd05f69dca7f0de123a1683be16cc8_.jpg
[RETRY] d961be461783dd5ee5321cfff5abe76e_.jpg | attempt=2 | err=FileNotFoundError: Resolved file disappeared: C:\Users\Felipe\Documents\WeChat Files\wxid_xd3703k0ih2p22\FileStorage\Temp\d961be461783dd5ee5321cfff5abe76e_.jpg
[RETRY] e0d9fe782f7ee9ec92a61d5fecb991f9_.jpg | attempt=2 | err=FileNotFoundError: Resolved file disappeared: C:\Users\Felipe\Documents\WeChat Files\wxid_xd3703k0ih2p22\FileStorage\Temp\e0d9fe782f7ee9ec92a61d5fecb991f9_.jpg
[RETRY] 75bc0afd84027296b9bb9cefd7b32848_.jpg | attempt=2 | err=FileNotFoundError: Resolved file disappeared: C:\Users\Felipe\Documents\WeChat Files\wxid_xd3703k0ih2p22\FileStorage\Temp\75bc0afd84027296b9bb9cefd7b32848_.jpg
[RETRY] 57d6de94c1063ca3a9ee55b168444057_.jpg | attempt=2 | err=FileNotFoundError: Resolved file disappeared: C:\Users\Felipe\Documents\WeChat Files\wxid_xd3703k0ih2p22\FileStorage\Temp\57d6de94c1063ca3a9ee55b168444057_.jpg
[RETRY] 6824f459e09d9c6a2a1d19011622ae74_.jpg | attempt=2 | err=FileNotFoundError: Resolved file disappeared: C:\Users\Felipe\Documents\WeChat Files\wxid_xd3703k0ih2p22\FileStorage\Temp\6824f459e09d9c6a2a1d19011622ae74_.jpg
[RETRY] 5aeaea6aa2ea1e7b848e22b4d104b00b_.jpg | attempt=2 | err=FileNotFoundError: Resolved file disappeared: C:\Users\Felipe\Documents\WeChat Files\wxid_xd3703k0ih2p22\FileStorage\Temp\5aeaea6aa2ea1e7b848e22b4d104b00b_.jpg
[RETRY] 43cb54a177aac32df83ef825d8fc9b0d_.jpg | attempt=2 | err=FileNotFoundError: Resolved file disappeared: C:\Users\Felipe\Documents\WeChat Files\wxid_xd3703k0ih2p22\FileStorage\Temp\43cb54a177aac32df83ef825d8fc9b0d_.jpg
[RETRY] 8b7c5a7ff07b717b69244d80bfc66db9_.jpg | attempt=2 | err=FileNotFoundError: Resolved file disappeared: C:\Users\Felipe\Documents\WeChat Files\wxid_xd3703k0ih2p22\FileStorage\Temp\8b7c5a7ff07b717b69244d80bfc66db9_.jpg
[RETRY] 1452c830856f648ad74a634f3fc92135_.jpg | attempt=2 | err=FileNotFoundError: Resolved file disappeared: C:\Users\Felipe\Documents\WeChat Files\wxid_xd3703k0ih2p22\FileStorage\Temp\1452c830856f648ad74a634f3fc92135_.jpg
[RETRY] 645d28816540ba3e18fe650b30b57474_.jpg | attempt=2 | err=FileNotFoundError: Resolved file disappeared: C:\Users\Felipe\Documents\WeChat Files\wxid_xd3703k0ih2p22\FileStorage\Temp\645d28816540ba3e18fe650b30b57474_.jpg
[RETRY] c3b2d7dcf0c9a3bf2ef26e7b7f511506_.jpg | attempt=2 | err=FileNotFoundError: Resolved file disappeared: C:\Users\Felipe\Documents\WeChat Files\wxid_xd3703k0ih2p22\FileStorage\Temp\c3b2d7dcf0c9a3bf2ef26e7b7f511506_.jpg
[RETRY] 9aabea556b914e15ca988ef2f7a45b2f_.jpg | attempt=2 | err=FileNotFoundError: Resolved file disappeared: C:\Users\Felipe\Documents\WeChat Files\wxid_xd3703k0ih2p22\FileStorage\Temp\9aabea556b914e15ca988ef2f7a45b2f_.jpg
[RETRY] 9b0f7d655eb20c8c74c47a7882694398_.jpg | attempt=2 | err=FileNotFoundError: Resolved file disappeared: C:\Users\Felipe\Documents\WeChat Files\wxid_xd3703k0ih2p22\FileStorage\Temp\9b0f7d655eb20c8c74c47a7882694398_.jpg
[RETRY] 8dae573b1a15972f281b3cf0aaa54735_.jpg | attempt=2 | err=FileNotFoundError: Resolved file disappeared: C:\Users\Felipe\Documents\WeChat Files\wxid_xd3703k0ih2p22\FileStorage\Temp\8dae573b1a15972f281b3cf0aaa54735_.jpg
[RETRY] e9019cb6fea7c5d38c6b7d20a30331ba_.jpg | attempt=2 | err=FileNotFoundError: Resolved file disappeared: C:\Users\Felipe\Documents\WeChat Files\wxid_xd3703k0ih2p22\FileStorage\Temp\e9019cb6fea7c5d38c6b7d20a30331ba_.jpg
[RETRY] db020418a6fe5018b7b28f55c1b28236_.jpg | attempt=2 | err=FileNotFoundError: Resolved file disappeared: C:\Users\Felipe\Documents\WeChat Files\wxid_xd3703k0ih2p22\FileStorage\Temp\db020418a6fe5018b7b28f55c1b28236_.jpg
[SCAN] reconcile complete | queued_or_refreshed=30
[SKIP] e29c8b696b3576b48ce088097fbfc41e_.jpg | temp_file_disappeared_after_3_attempts
[SKIP] 43c7a56eb2637c9d24321e3f61890086_.jpg | temp_file_disappeared_after_3_attempts
[SKIP] 9fcb185d8623d4f1d994d4821f410266_.jpg | temp_file_disappeared_after_3_attempts
[SKIP] e31fd12ce928679680e43fca1ba61fdc_.jpg | temp_file_disappeared_after_3_attempts
[SKIP] 74e07acc157d5bf75492df8490e24708_.jpg | temp_file_disappeared_after_3_attempts
[SKIP] ebc07f54e214c1a150e94a0f1ab8a719_.jpg | temp_file_disappeared_after_3_attempts
[SKIP] 2b8f706b1818359e56f9b8491119dddb_.jpg | temp_file_disappeared_after_3_attempts
[SKIP] 111487f43ade1a37395fd0dc8b13904d_.jpg | temp_file_disappeared_after_3_attempts
[SKIP] cf8f69962d455323424122a1ae180f69_.jpg | temp_file_disappeared_after_3_attempts
[SKIP] 6ebb89df9304b647ad944d8c06b75bde_.jpg | temp_file_disappeared_after_3_attempts
[SKIP] 20815e7d81cb0186c1d6965e8be301ff_.jpg | temp_file_disappeared_after_3_attempts
[SKIP] fd17d6f9cda20c8f5cedfee7ce80eb09_.jpg | temp_file_disappeared_after_3_attempts
[SKIP] 0257c57c845dc1562f81c7524fd777f1_.jpg | temp_file_disappeared_after_3_attempts
[SKIP] adbd05f69dca7f0de123a1683be16cc8_.jpg | temp_file_disappeared_after_3_attempts
[SKIP] d961be461783dd5ee5321cfff5abe76e_.jpg | temp_file_disappeared_after_3_attempts
[SKIP] e0d9fe782f7ee9ec92a61d5fecb991f9_.jpg | temp_file_disappeared_after_3_attempts
[SKIP] 75bc0afd84027296b9bb9cefd7b32848_.jpg | temp_file_disappeared_after_3_attempts
[SKIP] 57d6de94c1063ca3a9ee55b168444057_.jpg | temp_file_disappeared_after_3_attempts
[SKIP] 6824f459e09d9c6a2a1d19011622ae74_.jpg | temp_file_disappeared_after_3_attempts
[SKIP] 5aeaea6aa2ea1e7b848e22b4d104b00b_.jpg | temp_file_disappeared_after_3_attempts
[SKIP] 43cb54a177aac32df83ef825d8fc9b0d_.jpg | temp_file_disappeared_after_3_attempts
[SKIP] 8b7c5a7ff07b717b69244d80bfc66db9_.jpg | temp_file_disappeared_after_3_attempts
[SKIP] 1452c830856f648ad74a634f3fc92135_.jpg | temp_file_disappeared_after_3_attempts
[SKIP] 645d28816540ba3e18fe650b30b57474_.jpg | temp_file_disappeared_after_3_attempts
[SKIP] c3b2d7dcf0c9a3bf2ef26e7b7f511506_.jpg | temp_file_disappeared_after_3_attempts
[SKIP] 9aabea556b914e15ca988ef2f7a45b2f_.jpg | temp_file_disappeared_after_3_attempts
[SKIP] 9b0f7d655eb20c8c74c47a7882694398_.jpg | temp_file_disappeared_after_3_attempts
[SKIP] 8dae573b1a15972f281b3cf0aaa54735_.jpg | temp_file_disappeared_after_3_attempts
[SKIP] e9019cb6fea7c5d38c6b7d20a30331ba_.jpg | temp_file_disappeared_after_3_attempts
[SKIP] db020418a6fe5018b7b28f55c1b28236_.jpg | temp_file_disappeared_after_3_attempts
[SCAN] reconcile complete | queued_or_refreshed=22
[OK] f0ee5688ffe4b1da87d12253c674d983.dat | cliente=66 | banco=DIAMOND | valor=357.5 | data=22/07/2026 12:51 | sink=staged | resolution=direct_image | verification=CONFIRMADO | manual_open_to_claim_ms=2136 | open_ms=14 | prep_ms=32 | ocr_ms=1296 | parse_ms=1 | manual_open_to_ingest_ms=3488
[SINK] committed | file_id=1eb6807c8202ac19bdad8f6b8c0788aa20194f38 | msg=- | talker=- | create_time=0 | sheet=Página1 | row=197 | ingest_to_commit_ms=1028 | manual_open_to_commit_ms=4516
[RETRY] e7835f90dc750e21006f5747e333ed0f_.jpg | attempt=1 | err=FileNotFoundError: Resolved file disappeared: C:\Users\Felipe\Documents\WeChat Files\wxid_xd3703k0ih2p22\FileStorage\Temp\e7835f90dc750e21006f5747e333ed0f_.jpg
[OK] 19b659c620441cd400ac433bf58b27f4.dat | cliente=66 | banco=DIAMOND | valor=260.0 | data=22/07/2026 12:52 | sink=staged | resolution=direct_image | verification=CONFIRMADO | manual_open_to_claim_ms=1281 | open_ms=15 | prep_ms=33 | ocr_ms=1572 | parse_ms=1 | manual_open_to_ingest_ms=2911
[SINK] committed | file_id=dee9ca9650979bf42ab1ddd7029831ca3b9a4210 | msg=- | talker=- | create_time=0 | sheet=Página1 | row=198 | ingest_to_commit_ms=923 | manual_open_to_commit_ms=3834
[RETRY] da5bf8413157f9b97ba5fb3deb20e0b6_.jpg | attempt=1 | err=FileNotFoundError: Resolved file disappeared: C:\Users\Felipe\Documents\WeChat Files\wxid_xd3703k0ih2p22\FileStorage\Temp\da5bf8413157f9b97ba5fb3deb20e0b6_.jpg
[OK] 13cf5357aeb2a371f45991f5e372795c.dat | cliente=66 | banco=DIAMOND | valor=288.0 | data=23/07/2026 13:23 | sink=staged | resolution=direct_image | verification=CONFIRMADO | manual_open_to_claim_ms=1058 | open_ms=14 | prep_ms=31 | ocr_ms=2049 | parse_ms=1 | manual_open_to_ingest_ms=3160
[SINK] committed | file_id=5e5edef09901e38a0e33e8e78c0f3a47703ec6aa | msg=- | talker=- | create_time=0 | sheet=Página1 | row=199 | ingest_to_commit_ms=1211 | manual_open_to_commit_ms=4371
[RETRY] b9129f71a84c763dc966e6e1806aab73_.jpg | attempt=1 | err=FileNotFoundError: Resolved file disappeared: C:\Users\Felipe\Documents\WeChat Files\wxid_xd3703k0ih2p22\FileStorage\Temp\b9129f71a84c763dc966e6e1806aab73_.jpg
[RETRY] 9779f7ae8d148bf74ea36df484b40c25_.jpg | attempt=1 | err=FileNotFoundError: Resolved file disappeared: C:\Users\Felipe\Documents\WeChat Files\wxid_xd3703k0ih2p22\FileStorage\Temp\9779f7ae8d148bf74ea36df484b40c25_.jpg
[OK] d3d15dc108dad155a67a20b9758385e2.dat | cliente=66 | banco=DIAMOND | valor=216.0 | data=22/07/2026 13:30 | sink=staged | resolution=direct_image | verification=CONFIRMADO | manual_open_to_claim_ms=1084 | open_ms=15 | prep_ms=31 | ocr_ms=1177 | parse_ms=1 | manual_open_to_ingest_ms=2315
[SINK] committed | file_id=17a395ff9780ccd1dd518ae37033b00e52939247 | msg=- | talker=- | create_time=0 | sheet=Página1 | row=200 | ingest_to_commit_ms=877 | manual_open_to_commit_ms=3192
[RETRY] f058c764961b2e3cd286fffde9ca7e1e_.jpg | attempt=1 | err=FileNotFoundError: Resolved file disappeared: C:\Users\Felipe\Documents\WeChat Files\wxid_xd3703k0ih2p22\FileStorage\Temp\f058c764961b2e3cd286fffde9ca7e1e_.jpg
[OCR] Attempting raw image fallback for f5e39f4300697322daa7b8e0bf24f871.dat (is_receipt=True, has_amount=False)
[OK] f5e39f4300697322daa7b8e0bf24f871.dat | cliente=66 | banco=None | valor=None | data=23/07/2026 13:30 | sink=staged | resolution=direct_image | verification=CONFIRMADO | manual_open_to_claim_ms=1392 | open_ms=28 | prep_ms=45 | ocr_ms=1665 | parse_ms=1 | manual_open_to_ingest_ms=5599
[SINK] committed | file_id=f198f0ab19f1f5cf9c4c6bb69796876d3c1525af | msg=- | talker=- | create_time=0 | sheet=Página1 | row=201 | ingest_to_commit_ms=856 | manual_open_to_commit_ms=6455
[OK] 50deed0e272257a6a1621be98bed94e8.dat | cliente=66 | banco=DIAMOND | valor=3018.0 | data=22/07/2026 13:37 | sink=staged | resolution=direct_image | verification=CONFIRMADO | manual_open_to_claim_ms=5277 | open_ms=13 | prep_ms=30 | ocr_ms=1102 | parse_ms=1 | manual_open_to_ingest_ms=6432
[SINK] committed | file_id=0b9fbf63490b118d7e2500cd96db3a6d017c6c1f | msg=- | talker=- | create_time=0 | sheet=Página1 | row=202 | ingest_to_commit_ms=848 | manual_open_to_commit_ms=7280
[OK] 70cade27343dea57c75966de16dbc788.dat | cliente=66 | banco=DIAMOND | valor=1250.0 | data=22/07/2026 13:46 | sink=staged | resolution=direct_image | verification=CONFIRMADO | manual_open_to_claim_ms=4928 | open_ms=13 | prep_ms=31 | ocr_ms=1839 | parse_ms=1 | manual_open_to_ingest_ms=6820
[SINK] committed | file_id=ef62de0cc16bdbe07a451e40119e5d9af4cf0032 | msg=- | talker=- | create_time=0 | sheet=Página1 | row=203 | ingest_to_commit_ms=922 | manual_open_to_commit_ms=7743
[OK] c743c297e8517c6bae7e866b7a5d2aa0.dat | cliente=66 | banco=DIAMOND | valor=244.0 | data=22/07/2613 - | sink=staged | resolution=direct_image | verification=CONFIRMADO | manual_open_to_claim_ms=3153 | open_ms=14 | prep_ms=30 | ocr_ms=1224 | parse_ms=2 | manual_open_to_ingest_ms=4431
[SINK] committed | file_id=80f2901e36599e651aa9486c1e610593dd20933a | msg=- | talker=- | create_time=0 | sheet=Página1 | row=204 | ingest_to_commit_ms=936 | manual_open_to_commit_ms=5367
[RETRY] 3fb412cc869a7b870b1c0fc01d2a2eeb_.jpg | attempt=1 | err=FileNotFoundError: Resolved file disappeared: C:\Users\Felipe\Documents\WeChat Files\wxid_xd3703k0ih2p22\FileStorage\Temp\3fb412cc869a7b870b1c0fc01d2a2eeb_.jpg
[RETRY] 0eb1836ce926341be5965fa06f6c2f8c_.jpg | attempt=1 | err=FileNotFoundError: Resolved file disappeared: C:\Users\Felipe\Documents\WeChat Files\wxid_xd3703k0ih2p22\FileStorage\Temp\0eb1836ce926341be5965fa06f6c2f8c_.jpg
[RETRY] 36b232f857f000353c791e4c791bb926_.jpg | attempt=1 | err=FileNotFoundError: Resolved file disappeared: C:\Users\Felipe\Documents\WeChat Files\wxid_xd3703k0ih2p22\FileStorage\Temp\36b232f857f000353c791e4c791bb926_.jpg
[RETRY] a7179efc9651bab8dc4d4ab27192a2de_.jpg | attempt=1 | err=FileNotFoundError: Resolved file disappeared: C:\Users\Felipe\Documents\WeChat Files\wxid_xd3703k0ih2p22\FileStorage\Temp\a7179efc9651bab8dc4d4ab27192a2de_.jpg
[OK] edc41c8f05e2e21917a936d12c5eb76e.dat | cliente=66 | banco=None | valor=378.0 | data=22/07/2026 13:47 | sink=staged | resolution=direct_image | verification=CONFIRMADO | manual_open_to_claim_ms=1227 | open_ms=21 | prep_ms=32 | ocr_ms=1452 | parse_ms=1 | manual_open_to_ingest_ms=2737
[SINK] committed | file_id=77a957d247e16e9a46834d377b476ac8bd5a7562 | msg=- | talker=- | create_time=0 | sheet=Página1 | row=205 | ingest_to_commit_ms=913 | manual_open_to_commit_ms=3650
[OCR] Attempting raw image fallback for 4dff3b4d3ff68cafba115ab3e6b4d033.dat (is_receipt=True, has_amount=False)
[OK] 4dff3b4d3ff68cafba115ab3e6b4d033.dat | cliente=66 | banco=DIAMOND | valor=None | data=23/07/2026 - | sink=staged | resolution=direct_image | verification=CONFIRMADO | manual_open_to_claim_ms=2770 | open_ms=19 | prep_ms=31 | ocr_ms=1393 | parse_ms=1 | manual_open_to_ingest_ms=6010
[SINK] committed | file_id=10e98c5a99f72ccf4ee99262c80ee7c14732d8c6 | msg=- | talker=- | create_time=0 | sheet=Página1 | row=206 | ingest_to_commit_ms=1000 | manual_open_to_commit_ms=7011
[OK] 7165cc76e6291825e0e16c688bf160dc.dat | cliente=66 | banco=DIAMOND | valor=545.9 | data=22/07/2026 14:31 | sink=staged | resolution=direct_image | verification=CONFIRMADO | manual_open_to_claim_ms=1302 | open_ms=12 | prep_ms=30 | ocr_ms=1697 | parse_ms=2 | manual_open_to_ingest_ms=3051
[SINK] committed | file_id=f9931f75f45c840d21079b2bbe0d2f7cc0a713d7 | msg=- | talker=- | create_time=0 | sheet=Página1 | row=207 | ingest_to_commit_ms=1401 | manual_open_to_commit_ms=4453
[OK] 720ffc6d2f36e0ab0212d85725c3724b.dat | cliente=66 | banco=DIAMOND | valor=360.0 | data=22/07/2026 14:04 | sink=staged | resolution=direct_image | verification=CONFIRMADO | manual_open_to_claim_ms=7396 | open_ms=13 | prep_ms=30 | ocr_ms=2098 | parse_ms=1 | manual_open_to_ingest_ms=9545
[SINK] committed | file_id=9afc5e94f1db32e8906850e6ff7178dd40762324 | msg=- | talker=- | create_time=0 | sheet=Página1 | row=208 | ingest_to_commit_ms=902 | manual_open_to_commit_ms=10447
[OK] befb9a6b0991bb24d3ab03ad73e8378a.dat | cliente=66 | banco=DIAMOND | valor=1009.0 | data=22/07/2026 14:34 | sink=staged | resolution=direct_image | verification=CONFIRMADO | manual_open_to_claim_ms=4727 | open_ms=15 | prep_ms=31 | ocr_ms=1510 | parse_ms=1 | manual_open_to_ingest_ms=6291
[SINK] committed | file_id=aeca6f06a55e4863f3c9ebbcf6e1ae8c0ca6b31b | msg=- | talker=- | create_time=0 | sheet=Página1 | row=209 | ingest_to_commit_ms=934 | manual_open_to_commit_ms=7224
[OK] ff877fc34a139ed032d0c565dfba83f3.dat | cliente=66 | banco=None | valor=258.8 | data=22/07/2026 14:36 | sink=staged | resolution=direct_image | verification=CONFIRMADO | manual_open_to_claim_ms=4489 | open_ms=14 | prep_ms=32 | ocr_ms=1745 | parse_ms=1 | manual_open_to_ingest_ms=6291
[SINK] committed | file_id=353797c2291b7957da9fa3765d37d101ffa5d838 | msg=- | talker=- | create_time=0 | sheet=Página1 | row=210 | ingest_to_commit_ms=907 | manual_open_to_commit_ms=7198
[OK] a39af021d8754efcc2b4a6b63dc75089.dat | cliente=66 | banco=DIAMOND | valor=906.0 | data=22/07/2026 14:37 | sink=staged | resolution=direct_image | verification=CONFIRMADO | manual_open_to_claim_ms=1522 | open_ms=16 | prep_ms=32 | ocr_ms=1331 | parse_ms=1 | manual_open_to_ingest_ms=2913
[SINK] committed | file_id=e3ac9535cea3ec4d83419542c49290ff76cf746c | msg=- | talker=- | create_time=0 | sheet=Página1 | row=211 | ingest_to_commit_ms=976 | manual_open_to_commit_ms=3890
[OCR] Attempting raw image fallback for a8c5aab8a9c3997592a245537c933c81.dat (is_receipt=True, has_amount=False)
[OK] a8c5aab8a9c3997592a245537c933c81.dat | cliente=66 | banco=DIAMOND | valor=None | data=23/07/2026 - | sink=staged | resolution=direct_image | verification=CONFIRMADO | manual_open_to_claim_ms=6658 | open_ms=15 | prep_ms=31 | ocr_ms=2819 | parse_ms=2 | manual_open_to_ingest_ms=11887
[SINK] committed | file_id=c1c2dc42b832063b01f3b5b4f5fbe13a94b5af59 | msg=- | talker=- | create_time=0 | sheet=Página1 | row=212 | ingest_to_commit_ms=1171 | manual_open_to_commit_ms=13058
[OK] 14cb9bec64e312e6d58b2f4dc2aace99.dat | cliente=66 | banco=DIAMOND | valor=310.0 | data=22/07/2026 14:41 | sink=staged | resolution=direct_image | verification=CONFIRMADO | manual_open_to_claim_ms=7344 | open_ms=18 | prep_ms=31 | ocr_ms=2649 | parse_ms=1 | manual_open_to_ingest_ms=10051
[SINK] committed | file_id=510307d66f0508e77b52b3205d5363adabcffddc | msg=- | talker=- | create_time=0 | sheet=Página1 | row=213 | ingest_to_commit_ms=912 | manual_open_to_commit_ms=10963
[OK] d8ef42ac00ce472913bde96fa1066f6b.dat | cliente=66 | banco=DIAMOND | valor=666.5 | data=22/07/2026 14:52 | sink=staged | resolution=direct_image | verification=CONFIRMADO | manual_open_to_claim_ms=8401 | open_ms=15 | prep_ms=33 | ocr_ms=1735 | parse_ms=1 | manual_open_to_ingest_ms=10193
[SINK] committed | file_id=4781cd6ffb4ed9afefa81edf30429ae8ceb1b14e | msg=- | talker=- | create_time=0 | sheet=Página1 | row=214 | ingest_to_commit_ms=946 | manual_open_to_commit_ms=11139
[OK] 5a73488c89ded36565cd2d9c4b52306e.dat | cliente=66 | banco=DIAMOND | valor=315.0 | data=22/07/2026 14:55 | sink=staged | resolution=direct_image | verification=CONFIRMADO | manual_open_to_claim_ms=8357 | open_ms=22 | prep_ms=36 | ocr_ms=1072 | parse_ms=1 | manual_open_to_ingest_ms=9497
[SINK] committed | file_id=b0f193d635de496f5792fcf4e6c652e837e880f6 | msg=- | talker=- | create_time=0 | sheet=Página1 | row=215 | ingest_to_commit_ms=872 | manual_open_to_commit_ms=10369
[OK] a4b8f018d4abd6ce158ce3d25baa5c37.dat | cliente=66 | banco=DIAMOND | valor=17000.0 | data=22/07/2026 14:50 | sink=staged | resolution=direct_image | verification=CONFIRMADO | manual_open_to_claim_ms=2311 | open_ms=4 | prep_ms=0 | ocr_ms=1173 | parse_ms=1 | manual_open_to_ingest_ms=3490
[SINK] committed | file_id=be23526e7192350b531e342d1f3024e1a45d78f6 | msg=- | talker=- | create_time=0 | sheet=Página1 | row=216 | ingest_to_commit_ms=922 | manual_open_to_commit_ms=4412
[OK] 822f5a285e37ef5e33252eaa3e2068db.dat | cliente=66 | banco=DIAMOND | valor=5941.0 | data=22/07/2026 11:30 | sink=staged | resolution=direct_image | verification=CONFIRMADO | manual_open_to_claim_ms=9821 | open_ms=5 | prep_ms=0 | ocr_ms=3290 | parse_ms=1 | manual_open_to_ingest_ms=13123
[SINK] committed | file_id=b38e0e97f6bcb5347f32c043a752fe417e57cacc | msg=- | talker=- | create_time=0 | sheet=Página1 | row=217 | ingest_to_commit_ms=1028 | manual_open_to_commit_ms=14151
[OK] 38fbc08f08e03a8dd10b9af6da62b8ff.dat | cliente=66 | banco=DIAMOND | valor=15000.0 | data=22/07/2026 14:47 | sink=staged | resolution=direct_image | verification=CONFIRMADO | manual_open_to_claim_ms=5217 | open_ms=3 | prep_ms=0 | ocr_ms=1368 | parse_ms=1 | manual_open_to_ingest_ms=6591
[SINK] committed | file_id=2bef02fdd7eb70c5dfc4649cf2bea0a37bd487ca | msg=- | talker=- | create_time=0 | sheet=Página1 | row=218 | ingest_to_commit_ms=935 | manual_open_to_commit_ms=7526
[OK] 9c1cde729b22924bdb4687cabc9292eb.dat | cliente=66 | banco=DIAMOND | valor=6852.0 | data=22/07/2026 15:27 | sink=staged | resolution=direct_image | verification=CONFIRMADO | manual_open_to_claim_ms=13716 | open_ms=6 | prep_ms=1 | ocr_ms=2720 | parse_ms=1 | manual_open_to_ingest_ms=16449
[SINK] committed | file_id=199bafc38b6dde506f7ae0c676438c396d11d137 | msg=- | talker=- | create_time=0 | sheet=Página1 | row=219 | ingest_to_commit_ms=850 | manual_open_to_commit_ms=17299
[SCAN] reconcile complete | queued_or_refreshed=23
[RETRY] e7835f90dc750e21006f5747e333ed0f_.jpg | attempt=2 | err=FileNotFoundError: Resolved file disappeared: C:\Users\Felipe\Documents\WeChat Files\wxid_xd3703k0ih2p22\FileStorage\Temp\e7835f90dc750e21006f5747e333ed0f_.jpg
[RETRY] da5bf8413157f9b97ba5fb3deb20e0b6_.jpg | attempt=2 | err=FileNotFoundError: Resolved file disappeared: C:\Users\Felipe\Documents\WeChat Files\wxid_xd3703k0ih2p22\FileStorage\Temp\da5bf8413157f9b97ba5fb3deb20e0b6_.jpg
[RETRY] b9129f71a84c763dc966e6e1806aab73_.jpg | attempt=2 | err=FileNotFoundError: Resolved file disappeared: C:\Users\Felipe\Documents\WeChat Files\wxid_xd3703k0ih2p22\FileStorage\Temp\b9129f71a84c763dc966e6e1806aab73_.jpg
[RETRY] 9779f7ae8d148bf74ea36df484b40c25_.jpg | attempt=2 | err=FileNotFoundError: Resolved file disappeared: C:\Users\Felipe\Documents\WeChat Files\wxid_xd3703k0ih2p22\FileStorage\Temp\9779f7ae8d148bf74ea36df484b40c25_.jpg
[RETRY] f058c764961b2e3cd286fffde9ca7e1e_.jpg | attempt=2 | err=FileNotFoundError: Resolved file disappeared: C:\Users\Felipe\Documents\WeChat Files\wxid_xd3703k0ih2p22\FileStorage\Temp\f058c764961b2e3cd286fffde9ca7e1e_.jpg
[RETRY] 3fb412cc869a7b870b1c0fc01d2a2eeb_.jpg | attempt=2 | err=FileNotFoundError: Resolved file disappeared: C:\Users\Felipe\Documents\WeChat Files\wxid_xd3703k0ih2p22\FileStorage\Temp\3fb412cc869a7b870b1c0fc01d2a2eeb_.jpg
[RETRY] 0eb1836ce926341be5965fa06f6c2f8c_.jpg | attempt=2 | err=FileNotFoundError: Resolved file disappeared: C:\Users\Felipe\Documents\WeChat Files\wxid_xd3703k0ih2p22\FileStorage\Temp\0eb1836ce926341be5965fa06f6c2f8c_.jpg
[RETRY] 36b232f857f000353c791e4c791bb926_.jpg | attempt=2 | err=FileNotFoundError: Resolved file disappeared: C:\Users\Felipe\Documents\WeChat Files\wxid_xd3703k0ih2p22\FileStorage\Temp\36b232f857f000353c791e4c791bb926_.jpg
[RETRY] a7179efc9651bab8dc4d4ab27192a2de_.jpg | attempt=2 | err=FileNotFoundError: Resolved file disappeared: C:\Users\Felipe\Documents\WeChat Files\wxid_xd3703k0ih2p22\FileStorage\Temp\a7179efc9651bab8dc4d4ab27192a2de_.jpg
[RETRY] 6408fd1b5be4c4279040461cf0373a2d_.jpg | attempt=1 | err=FileNotFoundError: Resolved file disappeared: C:\Users\Felipe\Documents\WeChat Files\wxid_xd3703k0ih2p22\FileStorage\Temp\6408fd1b5be4c4279040461cf0373a2d_.jpg
[RETRY] 1db2adfdb0801c841cc02fc6c9c355df_.jpg | attempt=1 | err=FileNotFoundError: Resolved file disappeared: C:\Users\Felipe\Documents\WeChat Files\wxid_xd3703k0ih2p22\FileStorage\Temp\1db2adfdb0801c841cc02fc6c9c355df_.jpg
[RETRY] e286dba43e119c190d1d52e23dde601d_.jpg | attempt=1 | err=FileNotFoundError: Resolved file disappeared: C:\Users\Felipe\Documents\WeChat Files\wxid_xd3703k0ih2p22\FileStorage\Temp\e286dba43e119c190d1d52e23dde601d_.jpg
[RETRY] 267ad95e322f547f6a60a1969acd9710_.jpg | attempt=1 | err=FileNotFoundError: Resolved file disappeared: C:\Users\Felipe\Documents\WeChat Files\wxid_xd3703k0ih2p22\FileStorage\Temp\267ad95e322f547f6a60a1969acd9710_.jpg
[RETRY] ebe0c5c724d5cb2d5033ec655a4c416b_.jpg | attempt=1 | err=FileNotFoundError: Resolved file disappeared: C:\Users\Felipe\Documents\WeChat Files\wxid_xd3703k0ih2p22\FileStorage\Temp\ebe0c5c724d5cb2d5033ec655a4c416b_.jpg
[RETRY] 1968b07081ff186484e6a5325163b253_.jpg | attempt=1 | err=FileNotFoundError: Resolved file disappeared: C:\Users\Felipe\Documents\WeChat Files\wxid_xd3703k0ih2p22\FileStorage\Temp\1968b07081ff186484e6a5325163b253_.jpg
[RETRY] a27d04dd836db2aba374ba77507e3963_.jpg | attempt=1 | err=FileNotFoundError: Resolved file disappeared: C:\Users\Felipe\Documents\WeChat Files\wxid_xd3703k0ih2p22\FileStorage\Temp\a27d04dd836db2aba374ba77507e3963_.jpg
[RETRY] 161545bc05593f110d773f510a9510f6_.jpg | attempt=1 | err=FileNotFoundError: Resolved file disappeared: C:\Users\Felipe\Documents\WeChat Files\wxid_xd3703k0ih2p22\FileStorage\Temp\161545bc05593f110d773f510a9510f6_.jpg
[RETRY] 2120e9270afaa7f0c76203d21158d341_.jpg | attempt=1 | err=FileNotFoundError: Resolved file disappeared: C:\Users\Felipe\Documents\WeChat Files\wxid_xd3703k0ih2p22\FileStorage\Temp\2120e9270afaa7f0c76203d21158d341_.jpg
[RETRY] 7f826af85d60438b1cbbe8e9c5a81ca1_.jpg | attempt=1 | err=FileNotFoundError: Resolved file disappeared: C:\Users\Felipe\Documents\WeChat Files\wxid_xd3703k0ih2p22\FileStorage\Temp\7f826af85d60438b1cbbe8e9c5a81ca1_.jpg
[RETRY] b5dee49f6bc078dc88eebf40b45b3944_.jpg | attempt=1 | err=FileNotFoundError: Resolved file disappeared: C:\Users\Felipe\Documents\WeChat Files\wxid_xd3703k0ih2p22\FileStorage\Temp\b5dee49f6bc078dc88eebf40b45b3944_.jpg
[RETRY] 47072d19893d58f76d12a2a314e6d7bf_.jpg | attempt=1 | err=FileNotFoundError: Resolved file disappeared: C:\Users\Felipe\Documents\WeChat Files\wxid_xd3703k0ih2p22\FileStorage\Temp\47072d19893d58f76d12a2a314e6d7bf_.jpg
[RETRY] 39a4143e54309ef14f49f88ae6c940a2_.jpg | attempt=1 | err=FileNotFoundError: Resolved file disappeared: C:\Users\Felipe\Documents\WeChat Files\wxid_xd3703k0ih2p22\FileStorage\Temp\39a4143e54309ef14f49f88ae6c940a2_.jpg
[RETRY] 219f79ada0eda813fe198ee9fe6051df_.jpg | attempt=1 | err=FileNotFoundError: Resolved file disappeared: C:\Users\Felipe\Documents\WeChat Files\wxid_xd3703k0ih2p22\FileStorage\Temp\219f79ada0eda813fe198ee9fe6051df_.jpg
[RETRY] 6408fd1b5be4c4279040461cf0373a2d_.jpg | attempt=2 | err=FileNotFoundError: Resolved file disappeared: C:\Users\Felipe\Documents\WeChat Files\wxid_xd3703k0ih2p22\FileStorage\Temp\6408fd1b5be4c4279040461cf0373a2d_.jpg
[RETRY] 1db2adfdb0801c841cc02fc6c9c355df_.jpg | attempt=2 | err=FileNotFoundError: Resolved file disappeared: C:\Users\Felipe\Documents\WeChat Files\wxid_xd3703k0ih2p22\FileStorage\Temp\1db2adfdb0801c841cc02fc6c9c355df_.jpg
[RETRY] e286dba43e119c190d1d52e23dde601d_.jpg | attempt=2 | err=FileNotFoundError: Resolved file disappeared: C:\Users\Felipe\Documents\WeChat Files\wxid_xd3703k0ih2p22\FileStorage\Temp\e286dba43e119c190d1d52e23dde601d_.jpg
[RETRY] 267ad95e322f547f6a60a1969acd9710_.jpg | attempt=2 | err=FileNotFoundError: Resolved file disappeared: C:\Users\Felipe\Documents\WeChat Files\wxid_xd3703k0ih2p22\FileStorage\Temp\267ad95e322f547f6a60a1969acd9710_.jpg
[RETRY] ebe0c5c724d5cb2d5033ec655a4c416b_.jpg | attempt=2 | err=FileNotFoundError: Resolved file disappeared: C:\Users\Felipe\Documents\WeChat Files\wxid_xd3703k0ih2p22\FileStorage\Temp\ebe0c5c724d5cb2d5033ec655a4c416b_.jpg
[RETRY] 1968b07081ff186484e6a5325163b253_.jpg | attempt=2 | err=FileNotFoundError: Resolved file disappeared: C:\Users\Felipe\Documents\WeChat Files\wxid_xd3703k0ih2p22\FileStorage\Temp\1968b07081ff186484e6a5325163b253_.jpg
[RETRY] a27d04dd836db2aba374ba77507e3963_.jpg | attempt=2 | err=FileNotFoundError: Resolved file disappeared: C:\Users\Felipe\Documents\WeChat Files\wxid_xd3703k0ih2p22\FileStorage\Temp\a27d04dd836db2aba374ba77507e3963_.jpg
[RETRY] 161545bc05593f110d773f510a9510f6_.jpg | attempt=2 | err=FileNotFoundError: Resolved file disappeared: C:\Users\Felipe\Documents\WeChat Files\wxid_xd3703k0ih2p22\FileStorage\Temp\161545bc05593f110d773f510a9510f6_.jpg
[RETRY] 2120e9270afaa7f0c76203d21158d341_.jpg | attempt=2 | err=FileNotFoundError: Resolved file disappeared: C:\Users\Felipe\Documents\WeChat Files\wxid_xd3703k0ih2p22\FileStorage\Temp\2120e9270afaa7f0c76203d21158d341_.jpg
[RETRY] 7f826af85d60438b1cbbe8e9c5a81ca1_.jpg | attempt=2 | err=FileNotFoundError: Resolved file disappeared: C:\Users\Felipe\Documents\WeChat Files\wxid_xd3703k0ih2p22\FileStorage\Temp\7f826af85d60438b1cbbe8e9c5a81ca1_.jpg
[RETRY] b5dee49f6bc078dc88eebf40b45b3944_.jpg | attempt=2 | err=FileNotFoundError: Resolved file disappeared: C:\Users\Felipe\Documents\WeChat Files\wxid_xd3703k0ih2p22\FileStorage\Temp\b5dee49f6bc078dc88eebf40b45b3944_.jpg
[RETRY] 47072d19893d58f76d12a2a314e6d7bf_.jpg | attempt=2 | err=FileNotFoundError: Resolved file disappeared: C:\Users\Felipe\Documents\WeChat Files\wxid_xd3703k0ih2p22\FileStorage\Temp\47072d19893d58f76d12a2a314e6d7bf_.jpg
[RETRY] 39a4143e54309ef14f49f88ae6c940a2_.jpg | attempt=2 | err=FileNotFoundError: Resolved file disappeared: C:\Users\Felipe\Documents\WeChat Files\wxid_xd3703k0ih2p22\FileStorage\Temp\39a4143e54309ef14f49f88ae6c940a2_.jpg
[RETRY] 219f79ada0eda813fe198ee9fe6051df_.jpg | attempt=2 | err=FileNotFoundError: Resolved file disappeared: C:\Users\Felipe\Documents\WeChat Files\wxid_xd3703k0ih2p22\FileStorage\Temp\219f79ada0eda813fe198ee9fe6051df_.jpg
[SKIP] e7835f90dc750e21006f5747e333ed0f_.jpg | temp_file_disappeared_after_3_attempts
[SKIP] da5bf8413157f9b97ba5fb3deb20e0b6_.jpg | temp_file_disappeared_after_3_attempts
[SKIP] b9129f71a84c763dc966e6e1806aab73_.jpg | temp_file_disappeared_after_3_attempts
[SKIP] 9779f7ae8d148bf74ea36df484b40c25_.jpg | temp_file_disappeared_after_3_attempts
[SKIP] f058c764961b2e3cd286fffde9ca7e1e_.jpg | temp_file_disappeared_after_3_attempts
[SKIP] 3fb412cc869a7b870b1c0fc01d2a2eeb_.jpg | temp_file_disappeared_after_3_attempts
[SKIP] 0eb1836ce926341be5965fa06f6c2f8c_.jpg | temp_file_disappeared_after_3_attempts
[SKIP] 36b232f857f000353c791e4c791bb926_.jpg | temp_file_disappeared_after_3_attempts
[SKIP] a7179efc9651bab8dc4d4ab27192a2de_.jpg | temp_file_disappeared_after_3_attempts
[SCAN] reconcile complete | queued_or_refreshed=20
[SKIP] 6408fd1b5be4c4279040461cf0373a2d_.jpg | temp_file_disappeared_after_3_attempts
[SKIP] 1db2adfdb0801c841cc02fc6c9c355df_.jpg | temp_file_disappeared_after_3_attempts
[SKIP] e286dba43e119c190d1d52e23dde601d_.jpg | temp_file_disappeared_after_3_attempts
[SKIP] 267ad95e322f547f6a60a1969acd9710_.jpg | temp_file_disappeared_after_3_attempts
[SKIP] ebe0c5c724d5cb2d5033ec655a4c416b_.jpg | temp_file_disappeared_after_3_attempts
[SKIP] 1968b07081ff186484e6a5325163b253_.jpg | temp_file_disappeared_after_3_attempts
[SKIP] a27d04dd836db2aba374ba77507e3963_.jpg | temp_file_disappeared_after_3_attempts
[SKIP] 161545bc05593f110d773f510a9510f6_.jpg | temp_file_disappeared_after_3_attempts
[SKIP] 2120e9270afaa7f0c76203d21158d341_.jpg | temp_file_disappeared_after_3_attempts
[SKIP] 7f826af85d60438b1cbbe8e9c5a81ca1_.jpg | temp_file_disappeared_after_3_attempts
[SKIP] b5dee49f6bc078dc88eebf40b45b3944_.jpg | temp_file_disappeared_after_3_attempts
[SKIP] 47072d19893d58f76d12a2a314e6d7bf_.jpg | temp_file_disappeared_after_3_attempts
[SKIP] 39a4143e54309ef14f49f88ae6c940a2_.jpg | temp_file_disappeared_after_3_attempts
[SKIP] 219f79ada0eda813fe198ee9fe6051df_.jpg | temp_file_disappeared_after_3_attempts
[SCAN] reconcile complete | queued_or_refreshed=7
[SCAN] reconcile complete | queued_or_refreshed=0
[SCAN] reconcile complete | queued_or_refreshed=0
[SCAN] reconcile complete | queued_or_refreshed=0
[SCAN] reconcile complete | queued_or_refreshed=0
[SCAN] reconcile complete | queued_or_refreshed=0
[SCAN] reconcile complete | queued_or_refreshed=0
[SCAN] reconcile complete | queued_or_refreshed=0
[SCAN] reconcile complete | queued_or_refreshed=0
[SCAN] reconcile complete | queued_or_refreshed=0
[SCAN] reconcile complete | queued_or_refreshed=0
[SCAN] reconcile complete | queued_or_refreshed=0
[SCAN] reconcile complete | queued_or_refreshed=0
[SCAN] reconcile complete | queued_or_refreshed=0
[SCAN] reconcile complete | queued_or_refreshed=0
[SCAN] reconcile complete | queued_or_refreshed=0
[SCAN] reconcile complete | queued_or_refreshed=0
[SCAN] reconcile complete | queued_or_refreshed=0
[SCAN] reconcile complete | queued_or_refreshed=0
[SCAN] reconcile complete | queued_or_refreshed=0
[SCAN] reconcile complete | queued_or_refreshed=0
[SCAN] reconcile complete | queued_or_refreshed=0
[SCAN] reconcile complete | queued_or_refreshed=0
[SCAN] reconcile complete | queued_or_refreshed=0
[SCAN] reconcile complete | queued_or_refreshed=0
[SCAN] reconcile complete | queued_or_refreshed=0
[SCAN] reconcile complete | queued_or_refreshed=0
[SCAN] reconcile complete | queued_or_refreshed=0
[SCAN] reconcile complete | queued_or_refreshed=0
[SCAN] reconcile complete | queued_or_refreshed=0
[OK] 0ab6544bb283e04011db18682d7bc3ce.dat | cliente=116A | banco=AMD | valor=440.0 | data=22/07/2026 16:50 | sink=staged | resolution=direct_image | verification=CONFIRMADO | manual_open_to_claim_ms=2091 | open_ms=46 | prep_ms=1 | ocr_ms=4218 | parse_ms=14 | manual_open_to_ingest_ms=6400
[SINK] committed | file_id=2d0d6663e919d313f003972c09aba36a4e77a851 | msg=- | talker=- | create_time=0 | sheet=Página1 | row=220 | ingest_to_commit_ms=1921 | manual_open_to_commit_ms=8321
[RETRY] 721a6bc8c66fb1576fce81de2fd9126f_.jpg | attempt=1 | err=FileNotFoundError: Resolved file disappeared: C:\Users\Felipe\Documents\WeChat Files\wxid_xd3703k0ih2p22\FileStorage\Temp\721a6bc8c66fb1576fce81de2fd9126f_.jpg
[OK] 9f4e32f34400b279f36e15eaa11a961e.dat | cliente=116A | banco=AMD | valor=1200.0 | data=22/07/2026 17:45 | sink=staged | resolution=direct_image | verification=CONFIRMADO | manual_open_to_claim_ms=1752 | open_ms=30 | prep_ms=56 | ocr_ms=3378 | parse_ms=2 | manual_open_to_ingest_ms=5237
[SINK] committed | file_id=42fb6d0ad97af7e16af7b457eeab5839fe2c6016 | msg=- | talker=- | create_time=0 | sheet=Página1 | row=222 | ingest_to_commit_ms=932 | manual_open_to_commit_ms=6168
[OK] eb258ca3bd6e1b887ca407f2cacfa6fa.dat | cliente=116A | banco=DIAMOND | valor=16100.0 | data=22/07/2026 19:26 | sink=staged | resolution=direct_image | verification=CONFIRMADO | manual_open_to_claim_ms=5018 | open_ms=9 | prep_ms=1 | ocr_ms=1587 | parse_ms=1 | manual_open_to_ingest_ms=6621
[SINK] committed | file_id=d287c16d68390647bacbc294f5186353750cfc2c | msg=- | talker=- | create_time=0 | sheet=Página1 | row=223 | ingest_to_commit_ms=1113 | manual_open_to_commit_ms=7734
[RETRY] 45e02680fdd7e562b9d7b091a1a1b8fd_.jpg | attempt=1 | err=FileNotFoundError: Resolved file disappeared: C:\Users\Felipe\Documents\WeChat Files\wxid_xd3703k0ih2p22\FileStorage\Temp\45e02680fdd7e562b9d7b091a1a1b8fd_.jpg
[RETRY] 8271c81ac1f6373f318d5504e7ffe3af_.jpg | attempt=1 | err=FileNotFoundError: Resolved file disappeared: C:\Users\Felipe\Documents\WeChat Files\wxid_xd3703k0ih2p22\FileStorage\Temp\8271c81ac1f6373f318d5504e7ffe3af_.jpg
[RETRY] 721a6bc8c66fb1576fce81de2fd9126f_.jpg | attempt=2 | err=FileNotFoundError: Resolved file disappeared: C:\Users\Felipe\Documents\WeChat Files\wxid_xd3703k0ih2p22\FileStorage\Temp\721a6bc8c66fb1576fce81de2fd9126f_.jpg
[OK] 43237a499ab9f1a25ce51dacfc5f1f79.dat | cliente=116A | banco=DIAMOND | valor=16200.0 | data=22/07/2026 19:27 | sink=staged | resolution=direct_image | verification=CONFIRMADO | manual_open_to_claim_ms=2076 | open_ms=19 | prep_ms=35 | ocr_ms=2865 | parse_ms=1 | manual_open_to_ingest_ms=5004
[SINK] committed | file_id=ba14ae0bebf5af6fbe3432577074db9574c9de65 | msg=- | talker=- | create_time=0 | sheet=Página1 | row=224 | ingest_to_commit_ms=971 | manual_open_to_commit_ms=5975
[RETRY] b9635c5487038ade337cdd64e2aadef8_.jpg | attempt=1 | err=FileNotFoundError: Resolved file disappeared: C:\Users\Felipe\Documents\WeChat Files\wxid_xd3703k0ih2p22\FileStorage\Temp\b9635c5487038ade337cdd64e2aadef8_.jpg
[OK] db8bb78efeec61c5b815b62fdc68838e.dat | cliente=116A | banco=DIAMOND | valor=16300.0 | data=22/07/2026 19:28 | sink=staged | resolution=direct_image | verification=CONFIRMADO | manual_open_to_claim_ms=1191 | open_ms=10 | prep_ms=1 | ocr_ms=2240 | parse_ms=1 | manual_open_to_ingest_ms=3454
[SINK] committed | file_id=af310e1f096a12baac87b22975f89a9cf1eb1a7c | msg=- | talker=- | create_time=0 | sheet=Página1 | row=225 | ingest_to_commit_ms=906 | manual_open_to_commit_ms=4360
[RETRY] b6768883d6771435c5603145f0f78d31_.jpg | attempt=1 | err=FileNotFoundError: Resolved file disappeared: C:\Users\Felipe\Documents\WeChat Files\wxid_xd3703k0ih2p22\FileStorage\Temp\b6768883d6771435c5603145f0f78d31_.jpg
[SCAN] reconcile complete | queued_or_refreshed=5
[OK] fcd1004d4ea991ac6ef6d84ec7aa4eb9.dat | cliente=116A | banco=DIAMOND | valor=16400.0 | data=22/07/2026 19:28 | sink=staged | resolution=direct_image | verification=CONFIRMADO | manual_open_to_claim_ms=4265 | open_ms=16 | prep_ms=35 | ocr_ms=2186 | parse_ms=1 | manual_open_to_ingest_ms=6512
[SINK] committed | file_id=9602d5aa72015b72350ed42bdc046be015212ea4 | msg=- | talker=- | create_time=0 | sheet=Página1 | row=226 | ingest_to_commit_ms=1134 | manual_open_to_commit_ms=7646
[RETRY] 45e02680fdd7e562b9d7b091a1a1b8fd_.jpg | attempt=2 | err=FileNotFoundError: Resolved file disappeared: C:\Users\Felipe\Documents\WeChat Files\wxid_xd3703k0ih2p22\FileStorage\Temp\45e02680fdd7e562b9d7b091a1a1b8fd_.jpg
[RETRY] 8271c81ac1f6373f318d5504e7ffe3af_.jpg | attempt=2 | err=FileNotFoundError: Resolved file disappeared: C:\Users\Felipe\Documents\WeChat Files\wxid_xd3703k0ih2p22\FileStorage\Temp\8271c81ac1f6373f318d5504e7ffe3af_.jpg
[RETRY] 561b41b5026b95e64b80b08c97832dfe_.jpg | attempt=1 | err=FileNotFoundError: Resolved file disappeared: C:\Users\Felipe\Documents\WeChat Files\wxid_xd3703k0ih2p22\FileStorage\Temp\561b41b5026b95e64b80b08c97832dfe_.jpg
[OK] 4db4ec432276b3d0990f2158bbf641d1.dat | cliente=116A | banco=DIAMOND | valor=16500.0 | data=22/07/2026 19:29 | sink=staged | resolution=direct_image | verification=CONFIRMADO | manual_open_to_claim_ms=1472 | open_ms=21 | prep_ms=37 | ocr_ms=2487 | parse_ms=2 | manual_open_to_ingest_ms=4026
[SINK] committed | file_id=37c2449666fb53202dbd82ab8a9b4706453e9ff4 | msg=- | talker=- | create_time=0 | sheet=Página1 | row=227 | ingest_to_commit_ms=927 | manual_open_to_commit_ms=4954
[RETRY] 84b245dd4ac7ba7a33c1731e23cbb1bc_.jpg | attempt=1 | err=FileNotFoundError: Resolved file disappeared: C:\Users\Felipe\Documents\WeChat Files\wxid_xd3703k0ih2p22\FileStorage\Temp\84b245dd4ac7ba7a33c1731e23cbb1bc_.jpg
[OK] 80e30b90eaa1ee9bc9c51a2c9db1dfa9.dat | cliente=116A | banco=DIAMOND | valor=17500.0 | data=22/07/2026 19:29 | sink=staged | resolution=direct_image | verification=CONFIRMADO | manual_open_to_claim_ms=1859 | open_ms=15 | prep_ms=35 | ocr_ms=1900 | parse_ms=1 | manual_open_to_ingest_ms=3817
[SINK] committed | file_id=0bc498c4887ad4835f54585242bae6e15e454e01 | msg=- | talker=- | create_time=0 | sheet=Página1 | row=228 | ingest_to_commit_ms=912 | manual_open_to_commit_ms=4730
[RETRY] b9635c5487038ade337cdd64e2aadef8_.jpg | attempt=2 | err=FileNotFoundError: Resolved file disappeared: C:\Users\Felipe\Documents\WeChat Files\wxid_xd3703k0ih2p22\FileStorage\Temp\b9635c5487038ade337cdd64e2aadef8_.jpg
[RETRY] 4aaf7e4ece8e947b01505678b30a54b8_.jpg | attempt=1 | err=FileNotFoundError: Resolved file disappeared: C:\Users\Felipe\Documents\WeChat Files\wxid_xd3703k0ih2p22\FileStorage\Temp\4aaf7e4ece8e947b01505678b30a54b8_.jpg
[RETRY] b6768883d6771435c5603145f0f78d31_.jpg | attempt=2 | err=FileNotFoundError: Resolved file disappeared: C:\Users\Felipe\Documents\WeChat Files\wxid_xd3703k0ih2p22\FileStorage\Temp\b6768883d6771435c5603145f0f78d31_.jpg
[OK] 9dfa7517b64c1cd62e266bd60fb94002.dat | cliente=116A | banco=AMD | valor=970.0 | data=22/07/2026 19:39 | sink=staged | resolution=direct_image | verification=CONFIRMADO | manual_open_to_claim_ms=2074 | open_ms=5 | prep_ms=0 | ocr_ms=2869 | parse_ms=1 | manual_open_to_ingest_ms=4953
[SINK] committed | file_id=962c27ee517bb4d659a2ec6ea01afdb0f61ffe04 | msg=- | talker=- | create_time=0 | sheet=Página1 | row=229 | ingest_to_commit_ms=1287 | manual_open_to_commit_ms=6241
[RETRY] 96de01bc33e9bdc480c574a74798b0ff_.jpg | attempt=1 | err=FileNotFoundError: Resolved file disappeared: C:\Users\Felipe\Documents\WeChat Files\wxid_xd3703k0ih2p22\FileStorage\Temp\96de01bc33e9bdc480c574a74798b0ff_.jpg
[OK] 4648c5d5974648e2ff03ca9a7a1b115f.dat | cliente=116A | banco=AMD | valor=3550.0 | data=23/07/2026 10:32 | sink=staged | resolution=direct_image | verification=CONFIRMADO | manual_open_to_claim_ms=1014 | open_ms=17 | prep_ms=40 | ocr_ms=1528 | parse_ms=1 | manual_open_to_ingest_ms=2614
[SINK] committed | file_id=be1673e09319c3ca89fa6117163dc43e09f7bb97 | msg=- | talker=- | create_time=0 | sheet=Página1 | row=230 | ingest_to_commit_ms=913 | manual_open_to_commit_ms=3527
[SKIP] 721a6bc8c66fb1576fce81de2fd9126f_.jpg | temp_file_disappeared_after_3_attempts
[RETRY] 561b41b5026b95e64b80b08c97832dfe_.jpg | attempt=2 | err=FileNotFoundError: Resolved file disappeared: C:\Users\Felipe\Documents\WeChat Files\wxid_xd3703k0ih2p22\FileStorage\Temp\561b41b5026b95e64b80b08c97832dfe_.jpg
[RETRY] 2c90a496aa1ab1c38bee3ee3a9172858_.jpg | attempt=1 | err=FileNotFoundError: Resolved file disappeared: C:\Users\Felipe\Documents\WeChat Files\wxid_xd3703k0ih2p22\FileStorage\Temp\2c90a496aa1ab1c38bee3ee3a9172858_.jpg
[RETRY] 84b245dd4ac7ba7a33c1731e23cbb1bc_.jpg | attempt=2 | err=FileNotFoundError: Resolved file disappeared: C:\Users\Felipe\Documents\WeChat Files\wxid_xd3703k0ih2p22\FileStorage\Temp\84b245dd4ac7ba7a33c1731e23cbb1bc_.jpg
[RETRY] 4aaf7e4ece8e947b01505678b30a54b8_.jpg | attempt=2 | err=FileNotFoundError: Resolved file disappeared: C:\Users\Felipe\Documents\WeChat Files\wxid_xd3703k0ih2p22\FileStorage\Temp\4aaf7e4ece8e947b01505678b30a54b8_.jpg
[RETRY] 96de01bc33e9bdc480c574a74798b0ff_.jpg | attempt=2 | err=FileNotFoundError: Resolved file disappeared: C:\Users\Felipe\Documents\WeChat Files\wxid_xd3703k0ih2p22\FileStorage\Temp\96de01bc33e9bdc480c574a74798b0ff_.jpg
[SKIP] 45e02680fdd7e562b9d7b091a1a1b8fd_.jpg | temp_file_disappeared_after_3_attempts
[SKIP] 8271c81ac1f6373f318d5504e7ffe3af_.jpg | temp_file_disappeared_after_3_attempts
[RETRY] 2c90a496aa1ab1c38bee3ee3a9172858_.jpg | attempt=2 | err=FileNotFoundError: Resolved file disappeared: C:\Users\Felipe\Documents\WeChat Files\wxid_xd3703k0ih2p22\FileStorage\Temp\2c90a496aa1ab1c38bee3ee3a9172858_.jpg
[SKIP] b9635c5487038ade337cdd64e2aadef8_.jpg | temp_file_disappeared_after_3_attempts
[SKIP] b6768883d6771435c5603145f0f78d31_.jpg | temp_file_disappeared_after_3_attempts
[SCAN] reconcile complete | queued_or_refreshed=10
[SKIP] 561b41b5026b95e64b80b08c97832dfe_.jpg | temp_file_disappeared_after_3_attempts
[SKIP] 84b245dd4ac7ba7a33c1731e23cbb1bc_.jpg | temp_file_disappeared_after_3_attempts
[SKIP] 4aaf7e4ece8e947b01505678b30a54b8_.jpg | temp_file_disappeared_after_3_attempts
[SKIP] 96de01bc33e9bdc480c574a74798b0ff_.jpg | temp_file_disappeared_after_3_attempts
[SKIP] 2c90a496aa1ab1c38bee3ee3a9172858_.jpg | temp_file_disappeared_after_3_attempts
[SCAN] reconcile complete | queued_or_refreshed=7
[SCAN] reconcile complete | queued_or_refreshed=0
[SCAN] reconcile complete | queued_or_refreshed=0
[SCAN] reconcile complete | queued_or_refreshed=0
[SCAN] reconcile complete | queued_or_refreshed=0
[SCAN] reconcile complete | queued_or_refreshed=0
[SCAN] reconcile complete | queued_or_refreshed=0
[SCAN] reconcile complete | queued_or_refreshed=0
[SCAN] reconcile complete | queued_or_refreshed=0
[SCAN] reconcile complete | queued_or_refreshed=0
[SCAN] reconcile complete | queued_or_refreshed=0
[SCAN] reconcile complete | queued_or_refreshed=0
[SCAN] reconcile complete | queued_or_refreshed=0
