Watch roots:
 - C:\Users\Felipe\Documents\WeChat Files\wxid_xd3703k0ih2p22\FileStorage
DB: C:\Users\Felipe\Desktop\Wechat Automation\OCR-wechat-3.9.12.51\wechat_receipt_state.db
Sink mode: google-sheets
Google Sheets ref: https://docs.google.com/spreadsheets/d/14_O2qiXu-TYAhz2LeG0wEmjxxaNDpyU16CQiuo0Wf8c/edit?usp=sharing
Google credentials: C:\Users\Felipe\Desktop\Wechat Automation\OCR-wechat-3.9.12.51\google_service_account.json
Client map: C:\Users\Felipe\Desktop\Wechat Automation\OCR-wechat-3.9.12.51\clientes_grupos.json
Recent files window (hours): 24
Resolution mode: db-first
DB merge path: C:\Users\Felipe\Desktop\Wechat Automation\OCR-wechat-3.9.12.51\.runtime\wechat_merge.db
Settle (seconds): 1
Original wait (seconds): 7
Temp correlation (seconds): 30
Thumb candidates enabled: False
Manual order guard: False
Manual burst gap (seconds): 2
Manual burst max (seconds): 8
Verification column: STATUS_VERIFICACAO
UI force download: False
UI force delay (seconds): 15
UI force scope: mapped-groups
UI focus policy: immediate
UI batch mode: group-sequential
UI item timeout (seconds): 5
UI retry backoff (seconds): [5, 10, 20, 40]
UI window backends: ['win32', 'uia']
UI window classes: ['WeChatMainWndForPC', 'Base_PowerMessageWindow', 'Chrome_WidgetWin_0']
Sheet order scope: per_talker
Sheet materialization order: desc
Sheet commit order: asc
Process existing files on startup: False
Google Sheets: Automação Judy | main=Página1 | review=Página1 | auth=service_account:google_service_account.json
WeChat DB resolver: enabled | wx_dir=C:\Users\Felipe\Documents\WeChat Files\wxid_xd3703k0ih2p22 | merge=C:\Users\Felipe\Desktop\Wechat Automation\OCR-wechat-3.9.12.51\.runtime\wechat_merge.db
UI force runtime enabled: False
[RECOVER] backfilled_receipt_fields=235 | sheet_updated=0 | sheet_failed=0
OCR engine: rapidocr
[OCR] warmup_complete | ms=333
Watchdog: enabled
UI force download worker: disabled
[SCAN] reconcile complete | queued_or_refreshed=0
[SCAN] reconcile complete | queued_or_refreshed=0
[SCAN] reconcile complete | queued_or_refreshed=0
[SCAN] reconcile complete | queued_or_refreshed=0
[SCAN] reconcile complete | queued_or_refreshed=0
[SCAN] reconcile complete | queued_or_refreshed=0
[SCAN] reconcile complete | queued_or_refreshed=0
[SCAN] reconcile complete | queued_or_refreshed=0
[SCAN] reconcile complete | queued_or_refreshed=0
[SCAN] reconcile complete | queued_or_refreshed=0
[SCAN] reconcile complete | queued_or_refreshed=0
[SCAN] reconcile complete | queued_or_refreshed=0
[SCAN] reconcile complete | queued_or_refreshed=0
[SCAN] reconcile complete | queued_or_refreshed=0
[SCAN] reconcile complete | queued_or_refreshed=0
[SCAN] reconcile complete | queued_or_refreshed=0
[SCAN] reconcile complete | queued_or_refreshed=0
[SCAN] reconcile complete | queued_or_refreshed=0
[SCAN] reconcile complete | queued_or_refreshed=0
[SCAN] reconcile complete | queued_or_refreshed=0
[SCAN] reconcile complete | queued_or_refreshed=0
[SCAN] reconcile complete | queued_or_refreshed=0
[SCAN] reconcile complete | queued_or_refreshed=0
[SCAN] reconcile complete | queued_or_refreshed=0
[SCAN] reconcile complete | queued_or_refreshed=0
[SCAN] reconcile complete | queued_or_refreshed=0
[SCAN] reconcile complete | queued_or_refreshed=0
[SCAN] reconcile complete | queued_or_refreshed=0
[SCAN] reconcile complete | queued_or_refreshed=0
[SCAN] reconcile complete | queued_or_refreshed=0
[SCAN] reconcile complete | queued_or_refreshed=0
[SCAN] reconcile complete | queued_or_refreshed=0
[SCAN] reconcile complete | queued_or_refreshed=0
[SCAN] reconcile complete | queued_or_refreshed=0
[SCAN] reconcile complete | queued_or_refreshed=0
[SCAN] reconcile complete | queued_or_refreshed=0
[SCAN] reconcile complete | queued_or_refreshed=0
[SCAN] reconcile complete | queued_or_refreshed=0
[SCAN] reconcile complete | queued_or_refreshed=0
[SCAN] reconcile complete | queued_or_refreshed=0
[SCAN] reconcile complete | queued_or_refreshed=0
[SCAN] reconcile complete | queued_or_refreshed=0
[SCAN] reconcile complete | queued_or_refreshed=0
[SCAN] reconcile complete | queued_or_refreshed=0
[SCAN] reconcile complete | queued_or_refreshed=0
[SCAN] reconcile complete | queued_or_refreshed=0
[SCAN] reconcile complete | queued_or_refreshed=0
[SCAN] reconcile complete | queued_or_refreshed=0
[SCAN] reconcile complete | queued_or_refreshed=0
[SCAN] reconcile complete | queued_or_refreshed=0
[SCAN] reconcile complete | queued_or_refreshed=0
[OK] Bradesco_27072026_UM 47500,00 AMD REPRES..pdf | cliente=116A | banco=AMD | valor=47500.0 | data=27/07/2026 14:05 | sink=staged | resolution=file_pdf | verification=CONFIRMADO | manual_open_to_claim_ms=2180 | open_ms=730 | prep_ms=0 | ocr_ms=0 | parse_ms=2 | manual_open_to_ingest_ms=4650
[SINK] committed | file_id=278304e73004eddf1847dde3f306c572a7273104 | msg=5921315939868889515 | talker=27108225505@chatroom | create_time=1785241558 | sheet=Página1 | row=249 | ingest_to_commit_ms=3519 | manual_open_to_commit_ms=8169
[SCAN] reconcile complete | queued_or_refreshed=0
[HOLD] Bradesco_27072026_UM 22500,00 AMD REPRES.(2).pdf | grupo_sem_mapa=SEM_GRUPO
[SCAN] reconcile complete | queued_or_refreshed=0
[OK] e8f22c59d593ed78a52a7d47a7442ea1.dat | cliente=116A | banco=AMD | valor=47500.0 | data=28/07/2026 - | sink=staged | resolution=direct_image | verification=CONFIRMADO | manual_open_to_claim_ms=2194 | open_ms=299 | prep_ms=0 | ocr_ms=2132 | parse_ms=0 | manual_open_to_ingest_ms=5010
[SINK] committed | file_id=c6c36b40cacd2ca723379ebd49f1f3d84d722231 | msg=- | talker=- | create_time=0 | sheet=Página1 | row=251 | ingest_to_commit_ms=1150 | manual_open_to_commit_ms=6160
[RETRY] 4d1e4b36ba4f3b93a26a0f183288fea9_.jpg | attempt=1 | err=OperationalError: no such table: Contact
[HOLD] Bradesco_27072026_UM 22500,00 AMD REPRES.(2).pdf | grupo_sem_mapa=SEM_GRUPO
[OK] 13530252f46bd3cd9f621883ef2bdfac.dat | cliente=116A | banco=AMD | valor=48573.6 | data=27/07/2026 16:13 | sink=staged | resolution=direct_image | verification=CONFIRMADO | manual_open_to_claim_ms=2053 | open_ms=81 | prep_ms=59 | ocr_ms=3443 | parse_ms=1 | manual_open_to_ingest_ms=5844
[SINK] committed | file_id=4c8bdc6d6eeebf362654d0ca0d136ae2920922a8 | msg=- | talker=- | create_time=0 | sheet=Página1 | row=251 | ingest_to_commit_ms=1132 | manual_open_to_commit_ms=6976
[RETRY] 1e638bd2726c96ca89fcf128fccf6988_.jpg | attempt=1 | err=OperationalError: no such table: Contact
[OK] 21abf3a93852af6bb5f97aab6c92c802.dat | cliente=116A | banco=AMD | valor=39000.0 | data=27/07/2026 16:17 | sink=staged | resolution=direct_image | verification=CONFIRMADO | manual_open_to_claim_ms=1515 | open_ms=40 | prep_ms=57 | ocr_ms=3176 | parse_ms=2 | manual_open_to_ingest_ms=5081
[SINK] committed | file_id=bab17d0164e570dbcde7f5593dc06bcad064f14c | msg=- | talker=- | create_time=0 | sheet=Página1 | row=252 | ingest_to_commit_ms=1007 | manual_open_to_commit_ms=6088
[RETRY] 4d1e4b36ba4f3b93a26a0f183288fea9_.jpg | attempt=2 | err=OperationalError: no such table: Contact
[RETRY] da9a6b04cdbb24abba54e794ddad7b8d_.jpg | attempt=1 | err=OperationalError: no such table: Contact
[OK] 4caaa149dc6485f313581e1b899475a0.dat | cliente=116A | banco=AMD | valor=38294.28 | data=27/07/2026 16:18 | sink=staged | resolution=direct_image | verification=CONFIRMADO | manual_open_to_claim_ms=1670 | open_ms=32 | prep_ms=53 | ocr_ms=2051 | parse_ms=2 | manual_open_to_ingest_ms=3972
[SINK] committed | file_id=cc2596bf73b262bdd9bdf537af67a2527a58bd5a | msg=- | talker=- | create_time=0 | sheet=Página1 | row=253 | ingest_to_commit_ms=1017 | manual_open_to_commit_ms=4989
[RETRY] 42a88b564edbfa4c96a5ee28bd15d022_.jpg | attempt=1 | err=OperationalError: no such table: Contact
[OK] 10f0e6b55574061ca238f61ddb624c7a.dat | cliente=116A | banco=AMD | valor=19328.52 | data=27/07/2026 16:20 | sink=staged | resolution=direct_image | verification=CONFIRMADO | manual_open_to_claim_ms=1576 | open_ms=26 | prep_ms=54 | ocr_ms=1585 | parse_ms=2 | manual_open_to_ingest_ms=3423
[SINK] committed | file_id=6939b1bb5d41da1504392a5a2f04ccd380ecfb33 | msg=- | talker=- | create_time=0 | sheet=Página1 | row=254 | ingest_to_commit_ms=1167 | manual_open_to_commit_ms=4590
[RETRY] 1e638bd2726c96ca89fcf128fccf6988_.jpg | attempt=2 | err=OperationalError: no such table: Contact
[RETRY] 77867e130f1d10116fb0595883902cce_.jpg | attempt=1 | err=OperationalError: no such table: Contact
[RETRY] 19d264643362f70d221c35fbc1f3fe46.dat | attempt=1 | err=OperationalError: no such table: Contact
[RETRY] 8bac4e16f613f1d7f2a27dc5d34059d6_.jpg | attempt=1 | err=OperationalError: no such table: Contact
[SCAN] reconcile complete | queued_or_refreshed=6
[RETRY] da9a6b04cdbb24abba54e794ddad7b8d_.jpg | attempt=2 | err=OperationalError: no such table: Contact
[RETRY] 42a88b564edbfa4c96a5ee28bd15d022_.jpg | attempt=2 | err=OperationalError: no such table: Contact
[RETRY] 77867e130f1d10116fb0595883902cce_.jpg | attempt=2 | err=OperationalError: no such table: Contact
[RETRY] 19d264643362f70d221c35fbc1f3fe46.dat | attempt=2 | err=OperationalError: no such table: Contact
[RETRY] 8bac4e16f613f1d7f2a27dc5d34059d6_.jpg | attempt=2 | err=OperationalError: no such table: Contact
[RETRY] 4d1e4b36ba4f3b93a26a0f183288fea9_.jpg | attempt=3 | err=OperationalError: no such table: Contact
[RETRY] 1e638bd2726c96ca89fcf128fccf6988_.jpg | attempt=3 | err=OperationalError: no such table: Contact
[RETRY] da9a6b04cdbb24abba54e794ddad7b8d_.jpg | attempt=3 | err=OperationalError: no such table: Contact
[HOLD] Bradesco_27072026_UM 22500,00 AMD REPRES.(2).pdf | grupo_sem_mapa=SEM_GRUPO
[RETRY] 42a88b564edbfa4c96a5ee28bd15d022_.jpg | attempt=3 | err=OperationalError: no such table: Contact
[RETRY] 77867e130f1d10116fb0595883902cce_.jpg | attempt=3 | err=OperationalError: no such table: Contact
[RETRY] 19d264643362f70d221c35fbc1f3fe46.dat | attempt=3 | err=OperationalError: no such table: Contact
[SCAN] reconcile complete | queued_or_refreshed=6
[RETRY] 8bac4e16f613f1d7f2a27dc5d34059d6_.jpg | attempt=3 | err=OperationalError: no such table: Contact
[RETRY] 4d1e4b36ba4f3b93a26a0f183288fea9_.jpg | attempt=4 | err=OperationalError: no such table: Contact
[RETRY] 1e638bd2726c96ca89fcf128fccf6988_.jpg | attempt=4 | err=OperationalError: no such table: Contact
[SCAN] reconcile complete | queued_or_refreshed=3
[RETRY] da9a6b04cdbb24abba54e794ddad7b8d_.jpg | attempt=4 | err=OperationalError: no such table: Contact
[HOLD] Bradesco_27072026_UM 22500,00 AMD REPRES.(2).pdf | grupo_sem_mapa=SEM_GRUPO
[RETRY] 42a88b564edbfa4c96a5ee28bd15d022_.jpg | attempt=4 | err=OperationalError: no such table: Contact
[RETRY] 77867e130f1d10116fb0595883902cce_.jpg | attempt=4 | err=OperationalError: no such table: Contact
[OK] 19d264643362f70d221c35fbc1f3fe46.dat | cliente=116A | banco=AMD | valor=1748.0 | data=28/07/2026 09:01 | sink=staged | resolution=direct_image | verification=CONFIRMADO | manual_open_to_claim_ms=214565 | open_ms=18 | prep_ms=33 | ocr_ms=2964 | parse_ms=1 | manual_open_to_ingest_ms=217597
[SINK] committed | file_id=5eaa85bb7caf7aacc689ccf22e085f2b46776b58 | msg=- | talker=- | create_time=0 | sheet=Página1 | row=255 | ingest_to_commit_ms=1287 | manual_open_to_commit_ms=218884
[SKIP] 8bac4e16f613f1d7f2a27dc5d34059d6_.jpg | temp_file_disappeared_after_4_attempts
[SCAN] reconcile complete | queued_or_refreshed=0
[INFO] Bradesco_27072026_UM 22500,00 AMD REPRES.(2).pdf | grupo_sem_mapa=SEM_GRUPO mas prosseguindo (abertura manual/file_transfer)
[OK] Bradesco_27072026_UM 22500,00 AMD REPRES.(2).pdf | cliente=- | banco=AMD | valor=22500.0 | data=27/07/2026 14:07 | sink=staged | resolution=file_pdf | verification=CONFIRMADO | manual_open_to_claim_ms=486271 | open_ms=24 | prep_ms=0 | ocr_ms=0 | parse_ms=2 | manual_open_to_ingest_ms=486301
[SINK] committed | file_id=f89afa832cae83ceed14d71b75c27daaf034c2b1 | msg=- | talker=- | create_time=0 | sheet=Página1 | row=256 | ingest_to_commit_ms=1131 | manual_open_to_commit_ms=487431
[SCAN] reconcile complete | queued_or_refreshed=0
[SKIP] 4d1e4b36ba4f3b93a26a0f183288fea9_.jpg | temp_file_disappeared_after_5_attempts
[SKIP] 1e638bd2726c96ca89fcf128fccf6988_.jpg | temp_file_disappeared_after_5_attempts
[SKIP] da9a6b04cdbb24abba54e794ddad7b8d_.jpg | temp_file_disappeared_after_5_attempts
[SKIP] 42a88b564edbfa4c96a5ee28bd15d022_.jpg | temp_file_disappeared_after_5_attempts
[SKIP] 77867e130f1d10116fb0595883902cce_.jpg | temp_file_disappeared_after_5_attempts
[SCAN] reconcile complete | queued_or_refreshed=0
[SCAN] reconcile complete | queued_or_refreshed=0
[SCAN] reconcile complete | queued_or_refreshed=0
[SCAN] reconcile complete | queued_or_refreshed=0
[SCAN] reconcile complete | queued_or_refreshed=0
[SCAN] reconcile complete | queued_or_refreshed=0
[SCAN] reconcile complete | queued_or_refreshed=0
[SCAN] reconcile complete | queued_or_refreshed=0
[SCAN] reconcile complete | queued_or_refreshed=0
[SCAN] reconcile complete | queued_or_refreshed=0
[SCAN] reconcile complete | queued_or_refreshed=0
[SCAN] reconcile complete | queued_or_refreshed=0
[SCAN] reconcile complete | queued_or_refreshed=0
[SCAN] reconcile complete | queued_or_refreshed=0
[SCAN] reconcile complete | queued_or_refreshed=0
[SKIP] 7a1fdb70e74e7cf9cea6942a67faf38f.dat | IGNORED_BY_USER
[SKIP] 1785248770556.jpg | IGNORED_BY_USER
[SKIP] 1785248770560.jpg | IGNORED_BY_USER
[SCAN] reconcile complete | queued_or_refreshed=3
[OK] a9e5b35b0be83f95f73ecbaf84bc7c8b.dat | cliente=116A | banco=AMD | valor=9480.0 | data=27/07/2026 11:37 | sink=staged | resolution=direct_image | verification=CONFIRMADO | manual_open_to_claim_ms=1506 | open_ms=56 | prep_ms=2 | ocr_ms=2550 | parse_ms=1 | manual_open_to_ingest_ms=4140
[SINK] committed | file_id=7b8c18d2dc7bcbffdceb247c40b49c3e91bdc069 | msg=- | talker=- | create_time=0 | sheet=Página1 | row=256 | ingest_to_commit_ms=1715 | manual_open_to_commit_ms=5855
[OK] 761fd1c40f4c40cc8840f03ea602f95e.dat | cliente=116A | banco=AMD | valor=3800.0 | data=27/07/2026 18:44 | sink=staged | resolution=direct_image | verification=CONFIRMADO | manual_open_to_claim_ms=4483 | open_ms=15 | prep_ms=35 | ocr_ms=2075 | parse_ms=1 | manual_open_to_ingest_ms=6618
[SINK] committed | file_id=c240525de922992a5b6f7d57ec1261a0b50f14b3 | msg=- | talker=- | create_time=0 | sheet=Página1 | row=257 | ingest_to_commit_ms=1098 | manual_open_to_commit_ms=7716
[SKIP] 32cbc9960110e2c06581fbc6a682cc44_.jpg | temp_without_unique_context
[SKIP] e7ee69cc0450028de8e716dd9fcc9df5_.jpg | temp_without_unique_context
[OK] 887ec13047b09a419b43001bfa7b0cd9.dat | cliente=116A | banco=AMD | valor=517.0 | data=28/07/2026 09:58 | sink=staged | resolution=direct_image | verification=CONFIRMADO | manual_open_to_claim_ms=1976 | open_ms=4 | prep_ms=1 | ocr_ms=2424 | parse_ms=1 | manual_open_to_ingest_ms=4414
[SINK] committed | file_id=69fb2b1a21f34ddf7d6f95e02ed4f48b14bd0d0f | msg=- | talker=- | create_time=0 | sheet=Página1 | row=258 | ingest_to_commit_ms=1035 | manual_open_to_commit_ms=5449
[RETRY] fc68215825c60b7b3c0461eec08aea94_.jpg | attempt=1 | err=FileNotFoundError: Resolved file disappeared: C:\Users\Felipe\Documents\WeChat Files\wxid_xd3703k0ih2p22\FileStorage\Temp\fc68215825c60b7b3c0461eec08aea94_.jpg
[OK] 5cd0bf3c71ff4339ab6ba1a2ca692eef.dat | cliente=116A | banco=AMD | valor=9730.0 | data=28/07/2026 11:09 | sink=staged | resolution=direct_image | verification=CONFIRMADO | manual_open_to_claim_ms=1610 | open_ms=28 | prep_ms=2 | ocr_ms=2537 | parse_ms=1 | manual_open_to_ingest_ms=4185
[SINK] committed | file_id=ae325a116f1f8e2b77e47686d8a843a304239c8c | msg=- | talker=- | create_time=0 | sheet=Página1 | row=259 | ingest_to_commit_ms=1038 | manual_open_to_commit_ms=5223
[RETRY] 3dc5ddb71f752cc9edc50fde3b43b051_.jpg | attempt=1 | err=FileNotFoundError: Resolved file disappeared: C:\Users\Felipe\Documents\WeChat Files\wxid_xd3703k0ih2p22\FileStorage\Temp\3dc5ddb71f752cc9edc50fde3b43b051_.jpg
[RETRY] fc68215825c60b7b3c0461eec08aea94_.jpg | attempt=2 | err=FileNotFoundError: Resolved file disappeared: C:\Users\Felipe\Documents\WeChat Files\wxid_xd3703k0ih2p22\FileStorage\Temp\fc68215825c60b7b3c0461eec08aea94_.jpg
[RETRY] 3dc5ddb71f752cc9edc50fde3b43b051_.jpg | attempt=2 | err=FileNotFoundError: Resolved file disappeared: C:\Users\Felipe\Documents\WeChat Files\wxid_xd3703k0ih2p22\FileStorage\Temp\3dc5ddb71f752cc9edc50fde3b43b051_.jpg
[OK] bccc06b76d5bc6f995688b6b7645713a.dat | cliente=652 | banco=AMD | valor=300.0 | data=27/07/2026 21:55 | sink=staged | resolution=direct_image | verification=CONFIRMADO | manual_open_to_claim_ms=1645 | open_ms=5 | prep_ms=1 | ocr_ms=4542 | parse_ms=2 | manual_open_to_ingest_ms=6201
[SINK] committed | file_id=7fba67202b13f5374b5a2f568c8740066fc809c1 | msg=- | talker=- | create_time=0 | sheet=Página1 | row=260 | ingest_to_commit_ms=980 | manual_open_to_commit_ms=7181
[OK] a9235353cf306fd64b7cf92c5627fd87.dat | cliente=652 | banco=AMD | valor=105.0 | data=27/07/2026 11:20 | sink=staged | resolution=direct_image | verification=CONFIRMADO | manual_open_to_claim_ms=3113 | open_ms=18 | prep_ms=1 | ocr_ms=6916 | parse_ms=4 | manual_open_to_ingest_ms=10061
[SINK] committed | file_id=90094a937ab61398f4fc5ddaab8c33ceb7e7f53d | msg=- | talker=- | create_time=0 | sheet=Página1 | row=261 | ingest_to_commit_ms=1035 | manual_open_to_commit_ms=11096
[SCAN] reconcile complete | queued_or_refreshed=10
[OK] 6ecf53e810b64e8dce6379d8660d92e3.dat | cliente=652 | banco=AMD | valor=185.0 | data=27/07/2026 11:29 | sink=staged | resolution=direct_image | verification=CONFIRMADO | manual_open_to_claim_ms=6722 | open_ms=40 | prep_ms=2 | ocr_ms=4466 | parse_ms=2 | manual_open_to_ingest_ms=11240
[SINK] committed | file_id=c314ff0e85b9d3b96f0a1293ecef7a1880e7aaf3 | msg=- | talker=- | create_time=0 | sheet=Página1 | row=262 | ingest_to_commit_ms=925 | manual_open_to_commit_ms=12165
[OK] e5ab16b1e7d9f2b98e33147fb984ba6c.dat | cliente=652 | banco=AMD | valor=185.0 | data=27/07/2026 11:52 | sink=staged | resolution=direct_image | verification=CONFIRMADO | manual_open_to_claim_ms=5672 | open_ms=11 | prep_ms=0 | ocr_ms=3854 | parse_ms=4 | manual_open_to_ingest_ms=9549
[SINK] committed | file_id=cf24b3ce0a147a43d44d8234bf7df371d9ae7bae | msg=- | talker=- | create_time=0 | sheet=Página1 | row=263 | ingest_to_commit_ms=1029 | manual_open_to_commit_ms=10578
[OK] 82b6be5ce693ada6a3e7ee63d1566fce.dat | cliente=652 | banco=AMD | valor=105.0 | data=27/07/2026 11:58 | sink=staged | resolution=direct_image | verification=CONFIRMADO | manual_open_to_claim_ms=1376 | open_ms=11 | prep_ms=0 | ocr_ms=4824 | parse_ms=2 | manual_open_to_ingest_ms=6218
[SINK] committed | file_id=84f619ced7ddba7d5156f8120f233abbcc44f726 | msg=- | talker=- | create_time=0 | sheet=Página1 | row=264 | ingest_to_commit_ms=961 | manual_open_to_commit_ms=7179
[SKIP] fc68215825c60b7b3c0461eec08aea94_.jpg | temp_file_disappeared_after_3_attempts
[RETRY] f7f0ced282730bde10b8bdc786d766c7_.jpg | attempt=1 | err=FileNotFoundError: Resolved file disappeared: C:\Users\Felipe\Documents\WeChat Files\wxid_xd3703k0ih2p22\FileStorage\Temp\f7f0ced282730bde10b8bdc786d766c7_.jpg
[RETRY] 81c49401173eb1f4439f420adbbc4716_.jpg | attempt=1 | err=FileNotFoundError: Resolved file disappeared: C:\Users\Felipe\Documents\WeChat Files\wxid_xd3703k0ih2p22\FileStorage\Temp\81c49401173eb1f4439f420adbbc4716_.jpg
[RETRY] 354e37696f5d372bb013c7e4e5b899d2_.jpg | attempt=1 | err=FileNotFoundError: Resolved file disappeared: C:\Users\Felipe\Documents\WeChat Files\wxid_xd3703k0ih2p22\FileStorage\Temp\354e37696f5d372bb013c7e4e5b899d2_.jpg
[RETRY] 24a301c07536b7e5bcb77f81add03ddd_.jpg | attempt=1 | err=FileNotFoundError: Resolved file disappeared: C:\Users\Felipe\Documents\WeChat Files\wxid_xd3703k0ih2p22\FileStorage\Temp\24a301c07536b7e5bcb77f81add03ddd_.jpg
[RETRY] 34f5b54f5bd8004fc6ce86605b58c8b4_.jpg | attempt=1 | err=FileNotFoundError: Resolved file disappeared: C:\Users\Felipe\Documents\WeChat Files\wxid_xd3703k0ih2p22\FileStorage\Temp\34f5b54f5bd8004fc6ce86605b58c8b4_.jpg
[OK] d10d0d85da9650319d43e328b0615dc9.dat | cliente=652 | banco=AMD | valor=165.0 | data=27/07/2026 14:30 | sink=staged | resolution=direct_image | verification=CONFIRMADO | manual_open_to_claim_ms=2212 | open_ms=30 | prep_ms=1 | ocr_ms=2692 | parse_ms=3 | manual_open_to_ingest_ms=4945
[SINK] committed | file_id=d1bfe3460bc2e7b6ee7046b038b8a064633f993f | msg=- | talker=- | create_time=0 | sheet=Página1 | row=265 | ingest_to_commit_ms=953 | manual_open_to_commit_ms=5898
[RETRY] 18051fb8a9341d5e5f73c794834b795f_.jpg | attempt=1 | err=FileNotFoundError: Resolved file disappeared: C:\Users\Felipe\Documents\WeChat Files\wxid_xd3703k0ih2p22\FileStorage\Temp\18051fb8a9341d5e5f73c794834b795f_.jpg
[OK] 1e5e27f41f233df3df4dfd6ca130cae9.dat | cliente=652 | banco=AMD | valor=185.0 | data=27/07/2026 12:58 | sink=staged | resolution=direct_image | verification=CONFIRMADO | manual_open_to_claim_ms=2116 | open_ms=23 | prep_ms=1 | ocr_ms=2192 | parse_ms=1 | manual_open_to_ingest_ms=4338
[SINK] committed | file_id=d6e9bcdcc8dbb25d4ac5750dde05ab8718f2b457 | msg=- | talker=- | create_time=0 | sheet=Página1 | row=266 | ingest_to_commit_ms=1232 | manual_open_to_commit_ms=5570
[RETRY] 05274991cbf0ee90401f703356e1f3b0_.jpg | attempt=1 | err=FileNotFoundError: Resolved file disappeared: C:\Users\Felipe\Documents\WeChat Files\wxid_xd3703k0ih2p22\FileStorage\Temp\05274991cbf0ee90401f703356e1f3b0_.jpg
[OK] 69fb8f1c3a32d14df12441b291fb893f.dat | cliente=652 | banco=AMD | valor=160.0 | data=27/07/2026 18:32 | sink=staged | resolution=direct_image | verification=CONFIRMADO | manual_open_to_claim_ms=1799 | open_ms=34 | prep_ms=1 | ocr_ms=1995 | parse_ms=1 | manual_open_to_ingest_ms=3834
[SINK] committed | file_id=31b40137de06fefbc474a8e9e9c1ac71e0ca65b6 | msg=- | talker=- | create_time=0 | sheet=Página1 | row=267 | ingest_to_commit_ms=939 | manual_open_to_commit_ms=4772
[SKIP] 3dc5ddb71f752cc9edc50fde3b43b051_.jpg | temp_file_disappeared_after_3_attempts
[RETRY] a0529fb0522331b9273d71f5cdb0072f_.jpg | attempt=1 | err=FileNotFoundError: Resolved file disappeared: C:\Users\Felipe\Documents\WeChat Files\wxid_xd3703k0ih2p22\FileStorage\Temp\a0529fb0522331b9273d71f5cdb0072f_.jpg
[OK] 1b3bbfa94cde1397d50aaf8f2426758a.dat | cliente=652 | banco=AMD | valor=160.0 | data=27/07/2026 18:32 | sink=staged | resolution=direct_image | verification=CONFIRMADO | manual_open_to_claim_ms=1077 | open_ms=54 | prep_ms=2 | ocr_ms=1461 | parse_ms=1 | manual_open_to_ingest_ms=2602
[SINK] committed | file_id=e4900ad747d0c43570f5e78ae2234236c459d711 | msg=- | talker=- | create_time=0 | sheet=Página1 | row=268 | ingest_to_commit_ms=974 | manual_open_to_commit_ms=3575
[RETRY] f7f0ced282730bde10b8bdc786d766c7_.jpg | attempt=2 | err=FileNotFoundError: Resolved file disappeared: C:\Users\Felipe\Documents\WeChat Files\wxid_xd3703k0ih2p22\FileStorage\Temp\f7f0ced282730bde10b8bdc786d766c7_.jpg
[RETRY] 81c49401173eb1f4439f420adbbc4716_.jpg | attempt=2 | err=FileNotFoundError: Resolved file disappeared: C:\Users\Felipe\Documents\WeChat Files\wxid_xd3703k0ih2p22\FileStorage\Temp\81c49401173eb1f4439f420adbbc4716_.jpg
[RETRY] 354e37696f5d372bb013c7e4e5b899d2_.jpg | attempt=2 | err=FileNotFoundError: Resolved file disappeared: C:\Users\Felipe\Documents\WeChat Files\wxid_xd3703k0ih2p22\FileStorage\Temp\354e37696f5d372bb013c7e4e5b899d2_.jpg
[RETRY] 24a301c07536b7e5bcb77f81add03ddd_.jpg | attempt=2 | err=FileNotFoundError: Resolved file disappeared: C:\Users\Felipe\Documents\WeChat Files\wxid_xd3703k0ih2p22\FileStorage\Temp\24a301c07536b7e5bcb77f81add03ddd_.jpg
[RETRY] 34f5b54f5bd8004fc6ce86605b58c8b4_.jpg | attempt=2 | err=FileNotFoundError: Resolved file disappeared: C:\Users\Felipe\Documents\WeChat Files\wxid_xd3703k0ih2p22\FileStorage\Temp\34f5b54f5bd8004fc6ce86605b58c8b4_.jpg
[RETRY] 32ef194d9851f6286cf8e8e6e0ddf5b4_.jpg | attempt=1 | err=FileNotFoundError: Resolved file disappeared: C:\Users\Felipe\Documents\WeChat Files\wxid_xd3703k0ih2p22\FileStorage\Temp\32ef194d9851f6286cf8e8e6e0ddf5b4_.jpg
[RETRY] 18051fb8a9341d5e5f73c794834b795f_.jpg | attempt=2 | err=FileNotFoundError: Resolved file disappeared: C:\Users\Felipe\Documents\WeChat Files\wxid_xd3703k0ih2p22\FileStorage\Temp\18051fb8a9341d5e5f73c794834b795f_.jpg
[RETRY] e2294f53e1b2f534a30dbf85de2e40aa_.jpg | attempt=1 | err=FileNotFoundError: Resolved file disappeared: C:\Users\Felipe\Documents\WeChat Files\wxid_xd3703k0ih2p22\FileStorage\Temp\e2294f53e1b2f534a30dbf85de2e40aa_.jpg
[OK] ed90da8789e27c373371facd9dd1e771.dat | cliente=652 | banco=AMD | valor=65.0 | data=27/07/2026 20:04 | sink=staged | resolution=direct_image | verification=CONFIRMADO | manual_open_to_claim_ms=2190 | open_ms=17 | prep_ms=1 | ocr_ms=2194 | parse_ms=1 | manual_open_to_ingest_ms=4409
[SINK] committed | file_id=f813d3ffd7b1281ff5d1a93cfa41712b0f8744b8 | msg=- | talker=- | create_time=0 | sheet=Página1 | row=269 | ingest_to_commit_ms=980 | manual_open_to_commit_ms=5389
[RETRY] 05274991cbf0ee90401f703356e1f3b0_.jpg | attempt=2 | err=FileNotFoundError: Resolved file disappeared: C:\Users\Felipe\Documents\WeChat Files\wxid_xd3703k0ih2p22\FileStorage\Temp\05274991cbf0ee90401f703356e1f3b0_.jpg
[OK] 258baf0bea3c43f049b79de05807f268.dat | cliente=652 | banco=AMD | valor=200.0 | data=27/07/2026 19:13 | sink=staged | resolution=direct_image | verification=CONFIRMADO | manual_open_to_claim_ms=1901 | open_ms=14 | prep_ms=1 | ocr_ms=2790 | parse_ms=2 | manual_open_to_ingest_ms=4713
[SINK] committed | file_id=f2727c7aebd2aecb327ff4c6ca93426e122dcc52 | msg=- | talker=- | create_time=0 | sheet=Página1 | row=270 | ingest_to_commit_ms=1013 | manual_open_to_commit_ms=5726
[RETRY] 8fa3abd57e6f57b7e413fd29aa5e99bc_.jpg | attempt=1 | err=FileNotFoundError: Resolved file disappeared: C:\Users\Felipe\Documents\WeChat Files\wxid_xd3703k0ih2p22\FileStorage\Temp\8fa3abd57e6f57b7e413fd29aa5e99bc_.jpg
[RETRY] a0529fb0522331b9273d71f5cdb0072f_.jpg | attempt=2 | err=FileNotFoundError: Resolved file disappeared: C:\Users\Felipe\Documents\WeChat Files\wxid_xd3703k0ih2p22\FileStorage\Temp\a0529fb0522331b9273d71f5cdb0072f_.jpg
[OK] 73707c29f1a53d4cfd40ff86931ff9d9.dat | cliente=652 | banco=AMD | valor=170.0 | data=27/07/2026 22:33 | sink=staged | resolution=direct_image | verification=CONFIRMADO | manual_open_to_claim_ms=1169 | open_ms=83 | prep_ms=3 | ocr_ms=2315 | parse_ms=1 | manual_open_to_ingest_ms=3578
[SINK] committed | file_id=3ea8b6237cf4dcc716010aa00ed27c0371f6a3ba | msg=- | talker=- | create_time=0 | sheet=Página1 | row=271 | ingest_to_commit_ms=1156 | manual_open_to_commit_ms=4734
[RETRY] 9751b84ab4afa666f66473b5db06affa_.jpg | attempt=1 | err=FileNotFoundError: Resolved file disappeared: C:\Users\Felipe\Documents\WeChat Files\wxid_xd3703k0ih2p22\FileStorage\Temp\9751b84ab4afa666f66473b5db06affa_.jpg
[RETRY] 32ef194d9851f6286cf8e8e6e0ddf5b4_.jpg | attempt=2 | err=FileNotFoundError: Resolved file disappeared: C:\Users\Felipe\Documents\WeChat Files\wxid_xd3703k0ih2p22\FileStorage\Temp\32ef194d9851f6286cf8e8e6e0ddf5b4_.jpg
[OK] f25f4e539debde79224fef5cb96651be.dat | cliente=652 | banco=AMD | valor=165.0 | data=27/07/2026 22:36 | sink=staged | resolution=direct_image | verification=CONFIRMADO | manual_open_to_claim_ms=1123 | open_ms=28 | prep_ms=1 | ocr_ms=1277 | parse_ms=1 | manual_open_to_ingest_ms=2433
[SINK] committed | file_id=d9c08aa58fdecb38d18b8ab622f787fd87e3acca | msg=- | talker=- | create_time=0 | sheet=Página1 | row=272 | ingest_to_commit_ms=1279 | manual_open_to_commit_ms=3712
[RETRY] 10d95bfa6deac6eef622892cfea5f05c_.jpg | attempt=1 | err=FileNotFoundError: Resolved file disappeared: C:\Users\Felipe\Documents\WeChat Files\wxid_xd3703k0ih2p22\FileStorage\Temp\10d95bfa6deac6eef622892cfea5f05c_.jpg
[SCAN] reconcile complete | queued_or_refreshed=14
[OK] 2bcd1f511974641136ab199f07537c5e.dat | cliente=652 | banco=AMD | valor=10.0 | data=27/07/2026 22:39 | sink=staged | resolution=direct_image | verification=CONFIRMADO | manual_open_to_claim_ms=1253 | open_ms=25 | prep_ms=0 | ocr_ms=1418 | parse_ms=1 | manual_open_to_ingest_ms=2700
[SINK] committed | file_id=fa8009bf2068c102a1abf50e9be1630c3c3745ea | msg=- | talker=- | create_time=0 | sheet=Página1 | row=273 | ingest_to_commit_ms=1752 | manual_open_to_commit_ms=4451
[RETRY] e2294f53e1b2f534a30dbf85de2e40aa_.jpg | attempt=2 | err=FileNotFoundError: Resolved file disappeared: C:\Users\Felipe\Documents\WeChat Files\wxid_xd3703k0ih2p22\FileStorage\Temp\e2294f53e1b2f534a30dbf85de2e40aa_.jpg
[RETRY] 45583bd6162cedd38fb758a5ae254ee7_.jpg | attempt=1 | err=FileNotFoundError: Resolved file disappeared: C:\Users\Felipe\Documents\WeChat Files\wxid_xd3703k0ih2p22\FileStorage\Temp\45583bd6162cedd38fb758a5ae254ee7_.jpg
[OK] a022d1223f246d533ccfff5b36dbb738.dat | cliente=652 | banco=AMD | valor=260.0 | data=27/07/2026 22:41 | sink=staged | resolution=direct_image | verification=CONFIRMADO | manual_open_to_claim_ms=1925 | open_ms=16 | prep_ms=1 | ocr_ms=1701 | parse_ms=1 | manual_open_to_ingest_ms=3650
[SINK] committed | file_id=b45ce16b3124869021c0f3f5aef79e00a6d4d6fa | msg=- | talker=- | create_time=0 | sheet=Página1 | row=274 | ingest_to_commit_ms=937 | manual_open_to_commit_ms=4587
[RETRY] 8fa3abd57e6f57b7e413fd29aa5e99bc_.jpg | attempt=2 | err=FileNotFoundError: Resolved file disappeared: C:\Users\Felipe\Documents\WeChat Files\wxid_xd3703k0ih2p22\FileStorage\Temp\8fa3abd57e6f57b7e413fd29aa5e99bc_.jpg
[RETRY] e4f4dfdc6d09ae21416bdfc000a2b819_.jpg | attempt=1 | err=FileNotFoundError: Resolved file disappeared: C:\Users\Felipe\Documents\WeChat Files\wxid_xd3703k0ih2p22\FileStorage\Temp\e4f4dfdc6d09ae21416bdfc000a2b819_.jpg
[RETRY] 9751b84ab4afa666f66473b5db06affa_.jpg | attempt=2 | err=FileNotFoundError: Resolved file disappeared: C:\Users\Felipe\Documents\WeChat Files\wxid_xd3703k0ih2p22\FileStorage\Temp\9751b84ab4afa666f66473b5db06affa_.jpg
[SKIP] f7f0ced282730bde10b8bdc786d766c7_.jpg | temp_file_disappeared_after_3_attempts
[SKIP] 81c49401173eb1f4439f420adbbc4716_.jpg | temp_file_disappeared_after_3_attempts
[SKIP] 354e37696f5d372bb013c7e4e5b899d2_.jpg | temp_file_disappeared_after_3_attempts
[SKIP] 24a301c07536b7e5bcb77f81add03ddd_.jpg | temp_file_disappeared_after_3_attempts
[OK] 3bab8adce64c26c4039eb809ba9327ab.dat | cliente=652 | banco=AMD | valor=180.0 | data=27/07/2026 22:51 | sink=staged | resolution=direct_image | verification=CONFIRMADO | manual_open_to_claim_ms=1034 | open_ms=21 | prep_ms=1 | ocr_ms=2730 | parse_ms=1 | manual_open_to_ingest_ms=3794
[SINK] committed | file_id=8e9b50aaae8ecfad8ddb1fb6e4014a0852d3b21b | msg=- | talker=- | create_time=0 | sheet=Página1 | row=275 | ingest_to_commit_ms=914 | manual_open_to_commit_ms=4707
[SKIP] 34f5b54f5bd8004fc6ce86605b58c8b4_.jpg | temp_file_disappeared_after_3_attempts
[RETRY] b8d189b8bdbe5066605b75a4e6e89438_.jpg | attempt=1 | err=FileNotFoundError: Resolved file disappeared: C:\Users\Felipe\Documents\WeChat Files\wxid_xd3703k0ih2p22\FileStorage\Temp\b8d189b8bdbe5066605b75a4e6e89438_.jpg
[SKIP] 18051fb8a9341d5e5f73c794834b795f_.jpg | temp_file_disappeared_after_3_attempts
[RETRY] 10d95bfa6deac6eef622892cfea5f05c_.jpg | attempt=2 | err=FileNotFoundError: Resolved file disappeared: C:\Users\Felipe\Documents\WeChat Files\wxid_xd3703k0ih2p22\FileStorage\Temp\10d95bfa6deac6eef622892cfea5f05c_.jpg
[OK] 9c983177ef4d4dd4a7f72c829be85b9c.dat | cliente=652 | banco=AMD | valor=18000.0 | data=28/07/2026 08:24 | sink=staged | resolution=direct_image | verification=CONFIRMADO | manual_open_to_claim_ms=1749 | open_ms=10 | prep_ms=0 | ocr_ms=3116 | parse_ms=1 | manual_open_to_ingest_ms=4880
[SINK] committed | file_id=1b9a3c582068761e3f9aaf83e40bb1f5182afb79 | msg=- | talker=- | create_time=0 | sheet=Página1 | row=276 | ingest_to_commit_ms=934 | manual_open_to_commit_ms=5814
[SKIP] 05274991cbf0ee90401f703356e1f3b0_.jpg | temp_file_disappeared_after_3_attempts
[RETRY] 45583bd6162cedd38fb758a5ae254ee7_.jpg | attempt=2 | err=FileNotFoundError: Resolved file disappeared: C:\Users\Felipe\Documents\WeChat Files\wxid_xd3703k0ih2p22\FileStorage\Temp\45583bd6162cedd38fb758a5ae254ee7_.jpg
[RETRY] c8443154fe26d1a2b8ca2813de614aa4_.jpg | attempt=1 | err=FileNotFoundError: Resolved file disappeared: C:\Users\Felipe\Documents\WeChat Files\wxid_xd3703k0ih2p22\FileStorage\Temp\c8443154fe26d1a2b8ca2813de614aa4_.jpg
[RETRY] 0e8ca91f7d3458ad8f596bdfe7f2e936_.jpg | attempt=1 | err=FileNotFoundError: Resolved file disappeared: C:\Users\Felipe\Documents\WeChat Files\wxid_xd3703k0ih2p22\FileStorage\Temp\0e8ca91f7d3458ad8f596bdfe7f2e936_.jpg
[OK] 1bd6adc03240fd4aac23920614d09efc.dat | cliente=652 | banco=AMD | valor=160.0 | data=28/07/2026 08:35 | sink=staged | resolution=direct_image | verification=CONFIRMADO | manual_open_to_claim_ms=1231 | open_ms=39 | prep_ms=1 | ocr_ms=1669 | parse_ms=1 | manual_open_to_ingest_ms=2947
[SINK] committed | file_id=96ea37dfef201941ca7ed1e142f13bb9f1433f61 | msg=- | talker=- | create_time=0 | sheet=Página1 | row=277 | ingest_to_commit_ms=1118 | manual_open_to_commit_ms=4065
[SKIP] a0529fb0522331b9273d71f5cdb0072f_.jpg | temp_file_disappeared_after_3_attempts
[RETRY] e4f4dfdc6d09ae21416bdfc000a2b819_.jpg | attempt=2 | err=FileNotFoundError: Resolved file disappeared: C:\Users\Felipe\Documents\WeChat Files\wxid_xd3703k0ih2p22\FileStorage\Temp\e4f4dfdc6d09ae21416bdfc000a2b819_.jpg
[OK] 319aa2d467949f2f743570f2e1501fe7.dat | cliente=652 | banco=AMD | valor=115.0 | data=28/07/2026 09:13 | sink=staged | resolution=direct_image | verification=CONFIRMADO | manual_open_to_claim_ms=2213 | open_ms=12 | prep_ms=1 | ocr_ms=2865 | parse_ms=2 | manual_open_to_ingest_ms=5097
[SINK] committed | file_id=21ff112f72d9df04606793ac9ae8a52bb7627306 | msg=- | talker=- | create_time=0 | sheet=Página1 | row=278 | ingest_to_commit_ms=1040 | manual_open_to_commit_ms=6137
[SKIP] 32ef194d9851f6286cf8e8e6e0ddf5b4_.jpg | temp_file_disappeared_after_3_attempts
[RETRY] a3a5c5b8a74c16bdc9a207f069328ea9_.jpg | attempt=1 | err=FileNotFoundError: Resolved file disappeared: C:\Users\Felipe\Documents\WeChat Files\wxid_xd3703k0ih2p22\FileStorage\Temp\a3a5c5b8a74c16bdc9a207f069328ea9_.jpg
[RETRY] b8d189b8bdbe5066605b75a4e6e89438_.jpg | attempt=2 | err=FileNotFoundError: Resolved file disappeared: C:\Users\Felipe\Documents\WeChat Files\wxid_xd3703k0ih2p22\FileStorage\Temp\b8d189b8bdbe5066605b75a4e6e89438_.jpg
[OK] 65158e2990145773924b006e6e38cdfc.dat | cliente=652 | banco=AMD | valor=180.0 | data=28/07/2026 09:21 | sink=staged | resolution=direct_image | verification=CONFIRMADO | manual_open_to_claim_ms=1520 | open_ms=17 | prep_ms=1 | ocr_ms=1664 | parse_ms=1 | manual_open_to_ingest_ms=3207
[SINK] committed | file_id=faea090c5aec03f2c23d53510fe553a76f70ab5f | msg=- | talker=- | create_time=0 | sheet=Página1 | row=279 | ingest_to_commit_ms=977 | manual_open_to_commit_ms=4184
[RETRY] a135d21092f39a19999c3a6a0e87126e_.jpg | attempt=1 | err=FileNotFoundError: Resolved file disappeared: C:\Users\Felipe\Documents\WeChat Files\wxid_xd3703k0ih2p22\FileStorage\Temp\a135d21092f39a19999c3a6a0e87126e_.jpg
[SKIP] e2294f53e1b2f534a30dbf85de2e40aa_.jpg | temp_file_disappeared_after_3_attempts
[RETRY] c8443154fe26d1a2b8ca2813de614aa4_.jpg | attempt=2 | err=FileNotFoundError: Resolved file disappeared: C:\Users\Felipe\Documents\WeChat Files\wxid_xd3703k0ih2p22\FileStorage\Temp\c8443154fe26d1a2b8ca2813de614aa4_.jpg
[OK] 723315bd1c2b970de0147cf91c7eac66.dat | cliente=652 | banco=AMD | valor=82.0 | data=28/07/2026 09:29 | sink=staged | resolution=direct_image | verification=CONFIRMADO | manual_open_to_claim_ms=1589 | open_ms=16 | prep_ms=1 | ocr_ms=2461 | parse_ms=1 | manual_open_to_ingest_ms=4072
[SINK] committed | file_id=cd08bd1a47b4aa02600a215b1c06bdf228962afa | msg=- | talker=- | create_time=0 | sheet=Página1 | row=280 | ingest_to_commit_ms=1074 | manual_open_to_commit_ms=5146
[RETRY] 0e8ca91f7d3458ad8f596bdfe7f2e936_.jpg | attempt=2 | err=FileNotFoundError: Resolved file disappeared: C:\Users\Felipe\Documents\WeChat Files\wxid_xd3703k0ih2p22\FileStorage\Temp\0e8ca91f7d3458ad8f596bdfe7f2e936_.jpg
[RETRY] 8ab4a490051a81f98cddc65190d18e93_.jpg | attempt=1 | err=FileNotFoundError: Resolved file disappeared: C:\Users\Felipe\Documents\WeChat Files\wxid_xd3703k0ih2p22\FileStorage\Temp\8ab4a490051a81f98cddc65190d18e93_.jpg
[SKIP] 8fa3abd57e6f57b7e413fd29aa5e99bc_.jpg | temp_file_disappeared_after_3_attempts
[OK] d486af5b68a4cd9e745f6c7ec334dd91.dat | cliente=652 | banco=AMD | valor=190.0 | data=28/07/2026 10:01 | sink=staged | resolution=direct_image | verification=CONFIRMADO | manual_open_to_claim_ms=1747 | open_ms=7 | prep_ms=0 | ocr_ms=3193 | parse_ms=1 | manual_open_to_ingest_ms=4951
[SINK] committed | file_id=c8a784b166dd6067b87e9a2ea9e9f5a28fb8ebb7 | msg=- | talker=- | create_time=0 | sheet=Página1 | row=281 | ingest_to_commit_ms=1001 | manual_open_to_commit_ms=5952
[SKIP] 9751b84ab4afa666f66473b5db06affa_.jpg | temp_file_disappeared_after_3_attempts
[RETRY] abdad78f0e9edc32dbf33c5e4c4431e8_.jpg | attempt=1 | err=FileNotFoundError: Resolved file disappeared: C:\Users\Felipe\Documents\WeChat Files\wxid_xd3703k0ih2p22\FileStorage\Temp\abdad78f0e9edc32dbf33c5e4c4431e8_.jpg
[RETRY] a3a5c5b8a74c16bdc9a207f069328ea9_.jpg | attempt=2 | err=FileNotFoundError: Resolved file disappeared: C:\Users\Felipe\Documents\WeChat Files\wxid_xd3703k0ih2p22\FileStorage\Temp\a3a5c5b8a74c16bdc9a207f069328ea9_.jpg
[OK] 28aeb86bcad61e784182d1a04254c439.dat | cliente=652 | banco=AMD | valor=160.0 | data=28/07/2026 10:12 | sink=staged | resolution=direct_image | verification=CONFIRMADO | manual_open_to_claim_ms=1730 | open_ms=15 | prep_ms=0 | ocr_ms=1923 | parse_ms=2 | manual_open_to_ingest_ms=3675
[SINK] committed | file_id=c3d6ad2016600ea496abf3ea6b2a2bde3cad20e6 | msg=- | talker=- | create_time=0 | sheet=Página1 | row=282 | ingest_to_commit_ms=1103 | manual_open_to_commit_ms=4777
[SCAN] reconcile complete | queued_or_refreshed=17
[SKIP] 10d95bfa6deac6eef622892cfea5f05c_.jpg | temp_file_disappeared_after_3_attempts
[RETRY] a135d21092f39a19999c3a6a0e87126e_.jpg | attempt=2 | err=FileNotFoundError: Resolved file disappeared: C:\Users\Felipe\Documents\WeChat Files\wxid_xd3703k0ih2p22\FileStorage\Temp\a135d21092f39a19999c3a6a0e87126e_.jpg
[RETRY] b19c83112246dd6b4d0cc816168ce670_.jpg | attempt=1 | err=FileNotFoundError: Resolved file disappeared: C:\Users\Felipe\Documents\WeChat Files\wxid_xd3703k0ih2p22\FileStorage\Temp\b19c83112246dd6b4d0cc816168ce670_.jpg
[OK] 5ae60d49bdd2bea186ffdae582e10a91.dat | cliente=652 | banco=AMD | valor=145.0 | data=28/07/2026 10:23 | sink=staged | resolution=direct_image | verification=CONFIRMADO | manual_open_to_claim_ms=1142 | open_ms=11 | prep_ms=0 | ocr_ms=2706 | parse_ms=1 | manual_open_to_ingest_ms=3863
[SINK] committed | file_id=5d4193c61278f704b34a9771b58fd5618cfa77f9 | msg=- | talker=- | create_time=0 | sheet=Página1 | row=283 | ingest_to_commit_ms=965 | manual_open_to_commit_ms=4829
[SKIP] 45583bd6162cedd38fb758a5ae254ee7_.jpg | temp_file_disappeared_after_3_attempts
[RETRY] 8d61836649166e8c7c77d856fa14c35b_.jpg | attempt=1 | err=FileNotFoundError: Resolved file disappeared: C:\Users\Felipe\Documents\WeChat Files\wxid_xd3703k0ih2p22\FileStorage\Temp\8d61836649166e8c7c77d856fa14c35b_.jpg
[RETRY] 8ab4a490051a81f98cddc65190d18e93_.jpg | attempt=2 | err=FileNotFoundError: Resolved file disappeared: C:\Users\Felipe\Documents\WeChat Files\wxid_xd3703k0ih2p22\FileStorage\Temp\8ab4a490051a81f98cddc65190d18e93_.jpg
[OK] cf44781a839b925dabf32679ec8ff10d.dat | cliente=652 | banco=AMD | valor=160.0 | data=28/07/2026 10:56 | sink=staged | resolution=direct_image | verification=CONFIRMADO | manual_open_to_claim_ms=1918 | open_ms=12 | prep_ms=0 | ocr_ms=2699 | parse_ms=1 | manual_open_to_ingest_ms=4636
[SINK] committed | file_id=593b25e49aef80ff8ff1e4a97a801738d7bc8713 | msg=- | talker=- | create_time=0 | sheet=Página1 | row=284 | ingest_to_commit_ms=962 | manual_open_to_commit_ms=5598
[SKIP] e4f4dfdc6d09ae21416bdfc000a2b819_.jpg | temp_file_disappeared_after_3_attempts
[RETRY] 10ea93ae115e43a61698af5181d8b63f_.jpg | attempt=1 | err=FileNotFoundError: Resolved file disappeared: C:\Users\Felipe\Documents\WeChat Files\wxid_xd3703k0ih2p22\FileStorage\Temp\10ea93ae115e43a61698af5181d8b63f_.jpg
[OK] 8f7eaafaa0fda62e4408fd17aeddf72a.dat | cliente=652 | banco=AMD | valor=160.0 | data=27/07/2026 11:26 | sink=staged | resolution=direct_image | verification=CONFIRMADO | manual_open_to_claim_ms=1146 | open_ms=11 | prep_ms=0 | ocr_ms=2491 | parse_ms=1 | manual_open_to_ingest_ms=3655
[SINK] committed | file_id=0621be1ec43e08bbbaf86af651066e0307929d6f | msg=- | talker=- | create_time=0 | sheet=Página1 | row=285 | ingest_to_commit_ms=993 | manual_open_to_commit_ms=4648
[SKIP] b8d189b8bdbe5066605b75a4e6e89438_.jpg | temp_file_disappeared_after_3_attempts
[RETRY] abdad78f0e9edc32dbf33c5e4c4431e8_.jpg | attempt=2 | err=FileNotFoundError: Resolved file disappeared: C:\Users\Felipe\Documents\WeChat Files\wxid_xd3703k0ih2p22\FileStorage\Temp\abdad78f0e9edc32dbf33c5e4c4431e8_.jpg
[RETRY] 33483582b13188a55506d98b85f7824d_.jpg | attempt=1 | err=FileNotFoundError: Resolved file disappeared: C:\Users\Felipe\Documents\WeChat Files\wxid_xd3703k0ih2p22\FileStorage\Temp\33483582b13188a55506d98b85f7824d_.jpg
[OK] 66420071b3d4e8d8dc3414a2bbe45a9c.dat | cliente=652 | banco=AMD | valor=170.0 | data=28/07/2026 12:02 | sink=staged | resolution=direct_image | verification=CONFIRMADO | manual_open_to_claim_ms=2155 | open_ms=19 | prep_ms=1 | ocr_ms=1910 | parse_ms=1 | manual_open_to_ingest_ms=4091
[SINK] committed | file_id=125407904cfff6f543cf2539f8b7b36a05e8c577 | msg=- | talker=- | create_time=0 | sheet=Página1 | row=286 | ingest_to_commit_ms=906 | manual_open_to_commit_ms=4998
[RETRY] b19c83112246dd6b4d0cc816168ce670_.jpg | attempt=2 | err=FileNotFoundError: Resolved file disappeared: C:\Users\Felipe\Documents\WeChat Files\wxid_xd3703k0ih2p22\FileStorage\Temp\b19c83112246dd6b4d0cc816168ce670_.jpg
[RETRY] 4bc1e4dcc92e1d20b4344f522aa09205_.jpg | attempt=1 | err=FileNotFoundError: Resolved file disappeared: C:\Users\Felipe\Documents\WeChat Files\wxid_xd3703k0ih2p22\FileStorage\Temp\4bc1e4dcc92e1d20b4344f522aa09205_.jpg
[SKIP] c8443154fe26d1a2b8ca2813de614aa4_.jpg | temp_file_disappeared_after_3_attempts
[RETRY] 8d61836649166e8c7c77d856fa14c35b_.jpg | attempt=2 | err=FileNotFoundError: Resolved file disappeared: C:\Users\Felipe\Documents\WeChat Files\wxid_xd3703k0ih2p22\FileStorage\Temp\8d61836649166e8c7c77d856fa14c35b_.jpg
[OK] 8f75f99f79f7fecebe6a052e5564d9ea.dat | cliente=652 | banco=AMD | valor=360.0 | data=27/07/2026 12:20 | sink=staged | resolution=direct_image | verification=CONFIRMADO | manual_open_to_claim_ms=1144 | open_ms=10 | prep_ms=0 | ocr_ms=2571 | parse_ms=1 | manual_open_to_ingest_ms=3729
[SINK] committed | file_id=63f8ccc0ec93c3e1b121f3e2c42db8a7fee7f10e | msg=- | talker=- | create_time=0 | sheet=Página1 | row=287 | ingest_to_commit_ms=921 | manual_open_to_commit_ms=4650
[SKIP] 0e8ca91f7d3458ad8f596bdfe7f2e936_.jpg | temp_file_disappeared_after_3_attempts
[RETRY] cd0e011669a38ee233d9ae73d844810b_.jpg | attempt=1 | err=FileNotFoundError: Resolved file disappeared: C:\Users\Felipe\Documents\WeChat Files\wxid_xd3703k0ih2p22\FileStorage\Temp\cd0e011669a38ee233d9ae73d844810b_.jpg
[RETRY] 10ea93ae115e43a61698af5181d8b63f_.jpg | attempt=2 | err=FileNotFoundError: Resolved file disappeared: C:\Users\Felipe\Documents\WeChat Files\wxid_xd3703k0ih2p22\FileStorage\Temp\10ea93ae115e43a61698af5181d8b63f_.jpg
[OK] 74f0d232ed2a8784081f01a5c60a0ef8.dat | cliente=652 | banco=AMD | valor=155.0 | data=27/07/2026 12:45 | sink=staged | resolution=direct_image | verification=CONFIRMADO | manual_open_to_claim_ms=2119 | open_ms=10 | prep_ms=1 | ocr_ms=1757 | parse_ms=1 | manual_open_to_ingest_ms=3891
[SINK] committed | file_id=bad401d9a8c96e1c404325be0b669f0ba860b8a2 | msg=- | talker=- | create_time=0 | sheet=Página1 | row=288 | ingest_to_commit_ms=2200 | manual_open_to_commit_ms=6091
[SKIP] a3a5c5b8a74c16bdc9a207f069328ea9_.jpg | temp_file_disappeared_after_3_attempts
[RETRY] 1aec44cdf73f4ca8393439c91d4770fb_.jpg | attempt=1 | err=FileNotFoundError: Resolved file disappeared: C:\Users\Felipe\Documents\WeChat Files\wxid_xd3703k0ih2p22\FileStorage\Temp\1aec44cdf73f4ca8393439c91d4770fb_.jpg
[RETRY] 33483582b13188a55506d98b85f7824d_.jpg | attempt=2 | err=FileNotFoundError: Resolved file disappeared: C:\Users\Felipe\Documents\WeChat Files\wxid_xd3703k0ih2p22\FileStorage\Temp\33483582b13188a55506d98b85f7824d_.jpg
[RETRY] 53cbe2998514846e5ccc59901dae6e81_.jpg | attempt=1 | err=FileNotFoundError: Resolved file disappeared: C:\Users\Felipe\Documents\WeChat Files\wxid_xd3703k0ih2p22\FileStorage\Temp\53cbe2998514846e5ccc59901dae6e81_.jpg
[SKIP] a135d21092f39a19999c3a6a0e87126e_.jpg | temp_file_disappeared_after_3_attempts
[OK] 3a45aaace4d886a84e88af4cce0f44db.dat | cliente=652 | banco=AMD | valor=190.0 | data=27/07/2026 12:53 | sink=staged | resolution=direct_image | verification=CONFIRMADO | manual_open_to_claim_ms=2197 | open_ms=10 | prep_ms=1 | ocr_ms=3381 | parse_ms=2 | manual_open_to_ingest_ms=5595
[SINK] committed | file_id=42cadb4c971b7b150eb9adcc7d622bb0cb5a5a78 | msg=- | talker=- | create_time=0 | sheet=Página1 | row=289 | ingest_to_commit_ms=1156 | manual_open_to_commit_ms=6750
[OK] 0d140ef2d23494ece429e8203d376202.dat | cliente=652 | banco=AMD | valor=180.0 | data=27/07/2026 13:42 | sink=staged | resolution=direct_image | verification=CONFIRMADO | manual_open_to_claim_ms=3279 | open_ms=10 | prep_ms=0 | ocr_ms=2064 | parse_ms=2 | manual_open_to_ingest_ms=5359
[SINK] committed | file_id=1d6d9c84d0db3a7b5c64699934b82429ac4c3ef2 | msg=- | talker=- | create_time=0 | sheet=Página1 | row=290 | ingest_to_commit_ms=890 | manual_open_to_commit_ms=6248
[SKIP] 8ab4a490051a81f98cddc65190d18e93_.jpg | temp_file_disappeared_after_3_attempts
[RETRY] 4bc1e4dcc92e1d20b4344f522aa09205_.jpg | attempt=2 | err=FileNotFoundError: Resolved file disappeared: C:\Users\Felipe\Documents\WeChat Files\wxid_xd3703k0ih2p22\FileStorage\Temp\4bc1e4dcc92e1d20b4344f522aa09205_.jpg
[RETRY] 169fbecfc7ad4b482c34e77063d43798_.jpg | attempt=1 | err=FileNotFoundError: Resolved file disappeared: C:\Users\Felipe\Documents\WeChat Files\wxid_xd3703k0ih2p22\FileStorage\Temp\169fbecfc7ad4b482c34e77063d43798_.jpg
[RETRY] cd0e011669a38ee233d9ae73d844810b_.jpg | attempt=2 | err=FileNotFoundError: Resolved file disappeared: C:\Users\Felipe\Documents\WeChat Files\wxid_xd3703k0ih2p22\FileStorage\Temp\cd0e011669a38ee233d9ae73d844810b_.jpg
[OK] 160309d2d5bbed64129797b04f14d170.dat | cliente=652 | banco=AMD | valor=150.0 | data=21/07/2026 13:43 | sink=staged | resolution=direct_image | verification=CONFIRMADO | manual_open_to_claim_ms=2141 | open_ms=10 | prep_ms=0 | ocr_ms=2867 | parse_ms=1 | manual_open_to_ingest_ms=5024
[SINK] committed | file_id=046050cfd3905aac5f15e8be4d8c97ef36aebf2c | msg=- | talker=- | create_time=0 | sheet=Página1 | row=291 | ingest_to_commit_ms=964 | manual_open_to_commit_ms=5988
[RETRY] c08da3b4539296d590bf70bc6f36d1f1_.jpg | attempt=1 | err=FileNotFoundError: Resolved file disappeared: C:\Users\Felipe\Documents\WeChat Files\wxid_xd3703k0ih2p22\FileStorage\Temp\c08da3b4539296d590bf70bc6f36d1f1_.jpg
[OK] ebf7990401d4c56f64ceb7cbe41c9c28.dat | cliente=652 | banco=AMD | valor=140.0 | data=27/07/2026 14:10 | sink=staged | resolution=direct_image | verification=CONFIRMADO | manual_open_to_claim_ms=1388 | open_ms=4 | prep_ms=0 | ocr_ms=2009 | parse_ms=1 | manual_open_to_ingest_ms=3407
[SINK] committed | file_id=f4496b989287a84ab008c689a7022787b4d98fc1 | msg=- | talker=- | create_time=0 | sheet=Página1 | row=292 | ingest_to_commit_ms=871 | manual_open_to_commit_ms=4278
[SKIP] abdad78f0e9edc32dbf33c5e4c4431e8_.jpg | temp_file_disappeared_after_3_attempts
[RETRY] 1aec44cdf73f4ca8393439c91d4770fb_.jpg | attempt=2 | err=FileNotFoundError: Resolved file disappeared: C:\Users\Felipe\Documents\WeChat Files\wxid_xd3703k0ih2p22\FileStorage\Temp\1aec44cdf73f4ca8393439c91d4770fb_.jpg
[RETRY] 1ec36396095742e98ccc6e280de6ec07_.jpg | attempt=1 | err=FileNotFoundError: Resolved file disappeared: C:\Users\Felipe\Documents\WeChat Files\wxid_xd3703k0ih2p22\FileStorage\Temp\1ec36396095742e98ccc6e280de6ec07_.jpg
[SCAN] reconcile complete | queued_or_refreshed=17
[RETRY] 53cbe2998514846e5ccc59901dae6e81_.jpg | attempt=2 | err=FileNotFoundError: Resolved file disappeared: C:\Users\Felipe\Documents\WeChat Files\wxid_xd3703k0ih2p22\FileStorage\Temp\53cbe2998514846e5ccc59901dae6e81_.jpg
[OK] 4e3189ff262356d7e9915c3fb5a6e7ba.dat | cliente=652 | banco=AMD | valor=160.0 | data=27/07/2026 14:15 | sink=staged | resolution=direct_image | verification=CONFIRMADO | manual_open_to_claim_ms=1672 | open_ms=15 | prep_ms=1 | ocr_ms=4753 | parse_ms=2 | manual_open_to_ingest_ms=6448
[SINK] committed | file_id=01ae1ee19ff0428316628437b2a211c37a42dd2f | msg=- | talker=- | create_time=0 | sheet=Página1 | row=293 | ingest_to_commit_ms=1043 | manual_open_to_commit_ms=7492
[SKIP] b19c83112246dd6b4d0cc816168ce670_.jpg | temp_file_disappeared_after_3_attempts
[SKIP] 8d61836649166e8c7c77d856fa14c35b_.jpg | temp_file_disappeared_after_3_attempts
[RETRY] 462e53e66f776a42db086208f8f5e027_.jpg | attempt=1 | err=FileNotFoundError: Resolved file disappeared: C:\Users\Felipe\Documents\WeChat Files\wxid_xd3703k0ih2p22\FileStorage\Temp\462e53e66f776a42db086208f8f5e027_.jpg
[OK] 617bdcb8616bda5a579824d89bced116.dat | cliente=652 | banco=AMD | valor=160.0 | data=27/07/2026 15:00 | sink=staged | resolution=direct_image | verification=CONFIRMADO | manual_open_to_claim_ms=1420 | open_ms=11 | prep_ms=0 | ocr_ms=3093 | parse_ms=2 | manual_open_to_ingest_ms=4533
[SINK] committed | file_id=532bede53a6952253ca644977c91394a7e508601 | msg=- | talker=- | create_time=0 | sheet=Página1 | row=294 | ingest_to_commit_ms=1062 | manual_open_to_commit_ms=5596
[RETRY] 169fbecfc7ad4b482c34e77063d43798_.jpg | attempt=2 | err=FileNotFoundError: Resolved file disappeared: C:\Users\Felipe\Documents\WeChat Files\wxid_xd3703k0ih2p22\FileStorage\Temp\169fbecfc7ad4b482c34e77063d43798_.jpg
[RETRY] 878536917d799a5e33bf3e0f98f6bdbf_.jpg | attempt=1 | err=FileNotFoundError: Resolved file disappeared: C:\Users\Felipe\Documents\WeChat Files\wxid_xd3703k0ih2p22\FileStorage\Temp\878536917d799a5e33bf3e0f98f6bdbf_.jpg
[SKIP] 10ea93ae115e43a61698af5181d8b63f_.jpg | temp_file_disappeared_after_3_attempts
[RETRY] c08da3b4539296d590bf70bc6f36d1f1_.jpg | attempt=2 | err=FileNotFoundError: Resolved file disappeared: C:\Users\Felipe\Documents\WeChat Files\wxid_xd3703k0ih2p22\FileStorage\Temp\c08da3b4539296d590bf70bc6f36d1f1_.jpg
[OK] 427128aab560d134826febbda95819d3.dat | cliente=652 | banco=AMD | valor=160.0 | data=27/07/2026 15:17 | sink=staged | resolution=direct_image | verification=CONFIRMADO | manual_open_to_claim_ms=1711 | open_ms=18 | prep_ms=1 | ocr_ms=1819 | parse_ms=1 | manual_open_to_ingest_ms=3554
[SINK] committed | file_id=313bea0be0b51848cae3fa5d7c9b788e586ae00d | msg=- | talker=- | create_time=0 | sheet=Página1 | row=295 | ingest_to_commit_ms=931 | manual_open_to_commit_ms=4485
[RETRY] 7fb069a6537bdda44742709dd6a044c7_.jpg | attempt=1 | err=FileNotFoundError: Resolved file disappeared: C:\Users\Felipe\Documents\WeChat Files\wxid_xd3703k0ih2p22\FileStorage\Temp\7fb069a6537bdda44742709dd6a044c7_.jpg
[SKIP] 33483582b13188a55506d98b85f7824d_.jpg | temp_file_disappeared_after_3_attempts
[RETRY] 1ec36396095742e98ccc6e280de6ec07_.jpg | attempt=2 | err=FileNotFoundError: Resolved file disappeared: C:\Users\Felipe\Documents\WeChat Files\wxid_xd3703k0ih2p22\FileStorage\Temp\1ec36396095742e98ccc6e280de6ec07_.jpg
[OK] d88d0bc045eebd4d68e724410bc9b681.dat | cliente=652 | banco=AMD | valor=160.0 | data=27/07/2026 15:48 | sink=staged | resolution=direct_image | verification=CONFIRMADO | manual_open_to_claim_ms=1527 | open_ms=11 | prep_ms=0 | ocr_ms=5002 | parse_ms=3 | manual_open_to_ingest_ms=6549
[SINK] committed | file_id=edb2b91853d7a0dbe8965bcea1d95777f5266114 | msg=- | talker=- | create_time=0 | sheet=Página1 | row=296 | ingest_to_commit_ms=943 | manual_open_to_commit_ms=7492
[RETRY] e6f4290f49e830ed66b8b6121e928a56_.jpg | attempt=1 | err=FileNotFoundError: Resolved file disappeared: C:\Users\Felipe\Documents\WeChat Files\wxid_xd3703k0ih2p22\FileStorage\Temp\e6f4290f49e830ed66b8b6121e928a56_.jpg
[OK] 19b3cad77675537671f951ddfcb91d6b.dat | cliente=652 | banco=AMD | valor=160.0 | data=27/07/2026 15:53 | sink=staged | resolution=direct_image | verification=CONFIRMADO | manual_open_to_claim_ms=1833 | open_ms=10 | prep_ms=1 | ocr_ms=3006 | parse_ms=1 | manual_open_to_ingest_ms=4854
[SINK] committed | file_id=b6a8f46b5ee8f0b49f040b3d6f7956565650a669 | msg=- | talker=- | create_time=0 | sheet=Página1 | row=297 | ingest_to_commit_ms=1067 | manual_open_to_commit_ms=5921
[SKIP] 4bc1e4dcc92e1d20b4344f522aa09205_.jpg | temp_file_disappeared_after_3_attempts
[SKIP] cd0e011669a38ee233d9ae73d844810b_.jpg | temp_file_disappeared_after_3_attempts
[RETRY] 462e53e66f776a42db086208f8f5e027_.jpg | attempt=2 | err=FileNotFoundError: Resolved file disappeared: C:\Users\Felipe\Documents\WeChat Files\wxid_xd3703k0ih2p22\FileStorage\Temp\462e53e66f776a42db086208f8f5e027_.jpg
[RETRY] c32611c67a8a548a40b8f618fb8acde9_.jpg | attempt=1 | err=FileNotFoundError: Resolved file disappeared: C:\Users\Felipe\Documents\WeChat Files\wxid_xd3703k0ih2p22\FileStorage\Temp\c32611c67a8a548a40b8f618fb8acde9_.jpg
[RETRY] 878536917d799a5e33bf3e0f98f6bdbf_.jpg | attempt=2 | err=FileNotFoundError: Resolved file disappeared: C:\Users\Felipe\Documents\WeChat Files\wxid_xd3703k0ih2p22\FileStorage\Temp\878536917d799a5e33bf3e0f98f6bdbf_.jpg
[OK] f4e36d39ff3bd916c964818475078fc4.dat | cliente=652 | banco=AMD | valor=160.0 | data=27/07/2026 15:54 | sink=staged | resolution=direct_image | verification=CONFIRMADO | manual_open_to_claim_ms=1751 | open_ms=10 | prep_ms=0 | ocr_ms=2521 | parse_ms=2 | manual_open_to_ingest_ms=4290
[SINK] committed | file_id=5eb530d1c5d752953d74a99539069e5c72fec261 | msg=- | talker=- | create_time=0 | sheet=Página1 | row=298 | ingest_to_commit_ms=856 | manual_open_to_commit_ms=5146
[RETRY] 4047a2f83969083eaf66a3bec98fab63_.jpg | attempt=1 | err=FileNotFoundError: Resolved file disappeared: C:\Users\Felipe\Documents\WeChat Files\wxid_xd3703k0ih2p22\FileStorage\Temp\4047a2f83969083eaf66a3bec98fab63_.jpg
[RETRY] 7fb069a6537bdda44742709dd6a044c7_.jpg | attempt=2 | err=FileNotFoundError: Resolved file disappeared: C:\Users\Felipe\Documents\WeChat Files\wxid_xd3703k0ih2p22\FileStorage\Temp\7fb069a6537bdda44742709dd6a044c7_.jpg
[SKIP] 1aec44cdf73f4ca8393439c91d4770fb_.jpg | temp_file_disappeared_after_3_attempts
[RETRY] e8cc234bbba187123a0aa9642ba50c23_.jpg | attempt=1 | err=FileNotFoundError: Resolved file disappeared: C:\Users\Felipe\Documents\WeChat Files\wxid_xd3703k0ih2p22\FileStorage\Temp\e8cc234bbba187123a0aa9642ba50c23_.jpg
[OK] 9be593aed58f35f130a1dbf8f576cc88.dat | cliente=652 | banco=AMD | valor=360.0 | data=27/07/2026 16:02 | sink=staged | resolution=direct_image | verification=CONFIRMADO | manual_open_to_claim_ms=2227 | open_ms=19 | prep_ms=1 | ocr_ms=1918 | parse_ms=2 | manual_open_to_ingest_ms=4173
[SINK] committed | file_id=a2f68a745d6dcd5d1a8860b0827b2f5d718f880a | msg=- | talker=- | create_time=0 | sheet=Página1 | row=299 | ingest_to_commit_ms=925 | manual_open_to_commit_ms=5098
[SKIP] 53cbe2998514846e5ccc59901dae6e81_.jpg | temp_file_disappeared_after_3_attempts
[RETRY] e6f4290f49e830ed66b8b6121e928a56_.jpg | attempt=2 | err=FileNotFoundError: Resolved file disappeared: C:\Users\Felipe\Documents\WeChat Files\wxid_xd3703k0ih2p22\FileStorage\Temp\e6f4290f49e830ed66b8b6121e928a56_.jpg
[OK] 4483928ba4c3a8d69c000e83902e7a5c.dat | cliente=652 | banco=AMD | valor=150.0 | data=27/07/2026 16:05 | sink=staged | resolution=direct_image | verification=CONFIRMADO | manual_open_to_claim_ms=1321 | open_ms=17 | prep_ms=0 | ocr_ms=1399 | parse_ms=1 | manual_open_to_ingest_ms=2741
[SINK] committed | file_id=aeaf88c1e5088163e3721ff84cc0518dfe28ab4d | msg=- | talker=- | create_time=0 | sheet=Página1 | row=300 | ingest_to_commit_ms=1069 | manual_open_to_commit_ms=3810
[RETRY] 5c32a84091422021deb034d888bc2490_.jpg | attempt=1 | err=FileNotFoundError: Resolved file disappeared: C:\Users\Felipe\Documents\WeChat Files\wxid_xd3703k0ih2p22\FileStorage\Temp\5c32a84091422021deb034d888bc2490_.jpg
[OK] a3707545128ae17f68057789bed075ee.dat | cliente=652 | banco=AMD | valor=160.0 | data=27/07/2026 16:17 | sink=staged | resolution=direct_image | verification=CONFIRMADO | manual_open_to_claim_ms=1811 | open_ms=10 | prep_ms=1 | ocr_ms=1782 | parse_ms=2 | manual_open_to_ingest_ms=3609
[SINK] committed | file_id=cd8c1c7d59a231f20897a80bc11887a5c6678ee5 | msg=- | talker=- | create_time=0 | sheet=Página1 | row=301 | ingest_to_commit_ms=948 | manual_open_to_commit_ms=4557
[SKIP] 169fbecfc7ad4b482c34e77063d43798_.jpg | temp_file_disappeared_after_3_attempts
[RETRY] c32611c67a8a548a40b8f618fb8acde9_.jpg | attempt=2 | err=FileNotFoundError: Resolved file disappeared: C:\Users\Felipe\Documents\WeChat Files\wxid_xd3703k0ih2p22\FileStorage\Temp\c32611c67a8a548a40b8f618fb8acde9_.jpg
[RETRY] 1ea1b05c36670f7b6c6f6fb2841a57b4_.jpg | attempt=1 | err=FileNotFoundError: Resolved file disappeared: C:\Users\Felipe\Documents\WeChat Files\wxid_xd3703k0ih2p22\FileStorage\Temp\1ea1b05c36670f7b6c6f6fb2841a57b4_.jpg
[SKIP] c08da3b4539296d590bf70bc6f36d1f1_.jpg | temp_file_disappeared_after_3_attempts
[RETRY] 4047a2f83969083eaf66a3bec98fab63_.jpg | attempt=2 | err=FileNotFoundError: Resolved file disappeared: C:\Users\Felipe\Documents\WeChat Files\wxid_xd3703k0ih2p22\FileStorage\Temp\4047a2f83969083eaf66a3bec98fab63_.jpg
[OK] 619765175ae269ef3cd1da632fdf2b0c.dat | cliente=652 | banco=AMD | valor=190.0 | data=27/07/2026 16:32 | sink=staged | resolution=direct_image | verification=CONFIRMADO | manual_open_to_claim_ms=1924 | open_ms=12 | prep_ms=1 | ocr_ms=3522 | parse_ms=2 | manual_open_to_ingest_ms=5466
[SINK] committed | file_id=b50d09b7c754ffeb29a7a80311c81b5c5fb05cc6 | msg=- | talker=- | create_time=0 | sheet=Página1 | row=302 | ingest_to_commit_ms=953 | manual_open_to_commit_ms=6420
[SCAN] reconcile complete | queued_or_refreshed=17
[OK] a88f73c4da6085edb90196eafe214368.dat | cliente=652 | banco=AMD | valor=160.0 | data=27/07/2026 16:49 | sink=staged | resolution=direct_image | verification=CONFIRMADO | manual_open_to_claim_ms=2444 | open_ms=3 | prep_ms=0 | ocr_ms=2025 | parse_ms=1 | manual_open_to_ingest_ms=4477
[SINK] committed | file_id=dbf720038fd23c964c6aa77b54cdb0e94176991e | msg=- | talker=- | create_time=0 | sheet=Página1 | row=303 | ingest_to_commit_ms=969 | manual_open_to_commit_ms=5446
[SKIP] 1ec36396095742e98ccc6e280de6ec07_.jpg | temp_file_disappeared_after_3_attempts
[RETRY] e8cc234bbba187123a0aa9642ba50c23_.jpg | attempt=2 | err=FileNotFoundError: Resolved file disappeared: C:\Users\Felipe\Documents\WeChat Files\wxid_xd3703k0ih2p22\FileStorage\Temp\e8cc234bbba187123a0aa9642ba50c23_.jpg
[RETRY] a59ad78559449401618a310644bb005d_.jpg | attempt=1 | err=FileNotFoundError: Resolved file disappeared: C:\Users\Felipe\Documents\WeChat Files\wxid_xd3703k0ih2p22\FileStorage\Temp\a59ad78559449401618a310644bb005d_.jpg
[RETRY] fd69881bdfe511f3bd709a4877e1ea7e_.jpg | attempt=1 | err=FileNotFoundError: Resolved file disappeared: C:\Users\Felipe\Documents\WeChat Files\wxid_xd3703k0ih2p22\FileStorage\Temp\fd69881bdfe511f3bd709a4877e1ea7e_.jpg
[RETRY] 5c32a84091422021deb034d888bc2490_.jpg | attempt=2 | err=FileNotFoundError: Resolved file disappeared: C:\Users\Felipe\Documents\WeChat Files\wxid_xd3703k0ih2p22\FileStorage\Temp\5c32a84091422021deb034d888bc2490_.jpg
[RETRY] cbed303f1d22d23b87e7bba24cd835b2_.jpg | attempt=1 | err=FileNotFoundError: Resolved file disappeared: C:\Users\Felipe\Documents\WeChat Files\wxid_xd3703k0ih2p22\FileStorage\Temp\cbed303f1d22d23b87e7bba24cd835b2_.jpg
[SKIP] 462e53e66f776a42db086208f8f5e027_.jpg | temp_file_disappeared_after_3_attempts
[SKIP] 878536917d799a5e33bf3e0f98f6bdbf_.jpg | temp_file_disappeared_after_3_attempts
[OK] bde6eeec93d6958dfafed6ba13e57cdb.dat | cliente=652 | banco=AMD | valor=160.0 | data=27/07/2026 19:04 | sink=staged | resolution=direct_image | verification=CONFIRMADO | manual_open_to_claim_ms=1851 | open_ms=79 | prep_ms=1 | ocr_ms=1916 | parse_ms=1 | manual_open_to_ingest_ms=3854
[SINK] committed | file_id=474cc769c262c78c5329f713ddecf754667d3581 | msg=- | talker=- | create_time=0 | sheet=Página1 | row=304 | ingest_to_commit_ms=941 | manual_open_to_commit_ms=4796
[RETRY] 1ea1b05c36670f7b6c6f6fb2841a57b4_.jpg | attempt=2 | err=FileNotFoundError: Resolved file disappeared: C:\Users\Felipe\Documents\WeChat Files\wxid_xd3703k0ih2p22\FileStorage\Temp\1ea1b05c36670f7b6c6f6fb2841a57b4_.jpg
[RETRY] 095afaa162a76036785580605e5c7aa0_.jpg | attempt=1 | err=FileNotFoundError: Resolved file disappeared: C:\Users\Felipe\Documents\WeChat Files\wxid_xd3703k0ih2p22\FileStorage\Temp\095afaa162a76036785580605e5c7aa0_.jpg
[SKIP] 7fb069a6537bdda44742709dd6a044c7_.jpg | temp_file_disappeared_after_3_attempts
[RETRY] 084cc92ce01d108076bd3ce75d369c38_.jpg | attempt=1 | err=FileNotFoundError: Resolved file disappeared: C:\Users\Felipe\Documents\WeChat Files\wxid_xd3703k0ih2p22\FileStorage\Temp\084cc92ce01d108076bd3ce75d369c38_.jpg
[OK] f21d353f13f64c5dbc181909f749f8bc.dat | cliente=652 | banco=AMD | valor=160.0 | data=27/07/2026 19:13 | sink=staged | resolution=direct_image | verification=CONFIRMADO | manual_open_to_claim_ms=2133 | open_ms=21 | prep_ms=1 | ocr_ms=1378 | parse_ms=1 | manual_open_to_ingest_ms=3539
[SINK] committed | file_id=da9e9cbbbf32daed9f4254f8e8005452c40f6bf6 | msg=- | talker=- | create_time=0 | sheet=Página1 | row=305 | ingest_to_commit_ms=835 | manual_open_to_commit_ms=4374
[OK] d26dc851f5028b22535ef811357a1b82.dat | cliente=652 | banco=AMD | valor=380.0 | data=27/07/2026 19:14 | sink=staged | resolution=direct_image | verification=CONFIRMADO | manual_open_to_claim_ms=2691 | open_ms=13 | prep_ms=1 | ocr_ms=2558 | parse_ms=2 | manual_open_to_ingest_ms=5272
[SINK] committed | file_id=5ded2a96fa628c1ac5f0ec4b0a5c22f0eeaa7e7a | msg=- | talker=- | create_time=0 | sheet=Página1 | row=306 | ingest_to_commit_ms=928 | manual_open_to_commit_ms=6200
[SKIP] e6f4290f49e830ed66b8b6121e928a56_.jpg | temp_file_disappeared_after_3_attempts
[OK] fde3b08dc5ac59778a000aa7c95d1d23.dat | cliente=652 | banco=AMD | valor=160.0 | data=27/07/2026 19:23 | sink=staged | resolution=direct_image | verification=CONFIRMADO | manual_open_to_claim_ms=1041 | open_ms=4 | prep_ms=0 | ocr_ms=1448 | parse_ms=1 | manual_open_to_ingest_ms=2497
[SINK] committed | file_id=d83ffb6016c52f195843da229f90ceccbd05e6e5 | msg=- | talker=- | create_time=0 | sheet=Página1 | row=307 | ingest_to_commit_ms=1001 | manual_open_to_commit_ms=3497
[RETRY] a59ad78559449401618a310644bb005d_.jpg | attempt=2 | err=FileNotFoundError: Resolved file disappeared: C:\Users\Felipe\Documents\WeChat Files\wxid_xd3703k0ih2p22\FileStorage\Temp\a59ad78559449401618a310644bb005d_.jpg
[RETRY] fd69881bdfe511f3bd709a4877e1ea7e_.jpg | attempt=2 | err=FileNotFoundError: Resolved file disappeared: C:\Users\Felipe\Documents\WeChat Files\wxid_xd3703k0ih2p22\FileStorage\Temp\fd69881bdfe511f3bd709a4877e1ea7e_.jpg
[RETRY] d10d1e8cae8ca667a4ddddc0604521d8_.jpg | attempt=1 | err=FileNotFoundError: Resolved file disappeared: C:\Users\Felipe\Documents\WeChat Files\wxid_xd3703k0ih2p22\FileStorage\Temp\d10d1e8cae8ca667a4ddddc0604521d8_.jpg
[RETRY] cbed303f1d22d23b87e7bba24cd835b2_.jpg | attempt=2 | err=FileNotFoundError: Resolved file disappeared: C:\Users\Felipe\Documents\WeChat Files\wxid_xd3703k0ih2p22\FileStorage\Temp\cbed303f1d22d23b87e7bba24cd835b2_.jpg
[SKIP] c32611c67a8a548a40b8f618fb8acde9_.jpg | temp_file_disappeared_after_3_attempts
[RETRY] 3bc8e9b14b5fef4c26036a7a297a53b4_.jpg | attempt=1 | err=FileNotFoundError: Resolved file disappeared: C:\Users\Felipe\Documents\WeChat Files\wxid_xd3703k0ih2p22\FileStorage\Temp\3bc8e9b14b5fef4c26036a7a297a53b4_.jpg
[SKIP] 4047a2f83969083eaf66a3bec98fab63_.jpg | temp_file_disappeared_after_3_attempts
[RETRY] 095afaa162a76036785580605e5c7aa0_.jpg | attempt=2 | err=FileNotFoundError: Resolved file disappeared: C:\Users\Felipe\Documents\WeChat Files\wxid_xd3703k0ih2p22\FileStorage\Temp\095afaa162a76036785580605e5c7aa0_.jpg
[RETRY] 9f5f31e12de30bcb90c0c5a4ebf204e9_.jpg | attempt=1 | err=FileNotFoundError: Resolved file disappeared: C:\Users\Felipe\Documents\WeChat Files\wxid_xd3703k0ih2p22\FileStorage\Temp\9f5f31e12de30bcb90c0c5a4ebf204e9_.jpg
[OK] afabca2db5e13e9e68471c0f0821addd.dat | cliente=652 | banco=AMD | valor=150.0 | data=28/07/2026 - | sink=staged | resolution=direct_image | verification=CONFIRMADO | manual_open_to_claim_ms=2113 | open_ms=45 | prep_ms=1 | ocr_ms=1432 | parse_ms=1 | manual_open_to_ingest_ms=3598
[SINK] committed | file_id=7eae6d442d18ffd5ce27cd4428fd356a69f3b336 | msg=- | talker=- | create_time=0 | sheet=Página1 | row=308 | ingest_to_commit_ms=969 | manual_open_to_commit_ms=4566
[OK] 7f2c8262a7df1c11846f3d1a531a533b.dat | cliente=652 | banco=AMD | valor=150.0 | data=27/07/2026 19:42 | sink=staged | resolution=direct_image | verification=CONFIRMADO | manual_open_to_claim_ms=3308 | open_ms=5 | prep_ms=0 | ocr_ms=1196 | parse_ms=1 | manual_open_to_ingest_ms=4513
[SINK] committed | file_id=f684b539349de9f980f3a714d160363b4523cf09 | msg=- | talker=- | create_time=0 | sheet=Página1 | row=309 | ingest_to_commit_ms=953 | manual_open_to_commit_ms=5466
[RETRY] 084cc92ce01d108076bd3ce75d369c38_.jpg | attempt=2 | err=FileNotFoundError: Resolved file disappeared: C:\Users\Felipe\Documents\WeChat Files\wxid_xd3703k0ih2p22\FileStorage\Temp\084cc92ce01d108076bd3ce75d369c38_.jpg
[SKIP] e8cc234bbba187123a0aa9642ba50c23_.jpg | temp_file_disappeared_after_3_attempts
[RETRY] b8c6b3a051a7c64faa30499f5413c68b_.jpg | attempt=1 | err=FileNotFoundError: Resolved file disappeared: C:\Users\Felipe\Documents\WeChat Files\wxid_xd3703k0ih2p22\FileStorage\Temp\b8c6b3a051a7c64faa30499f5413c68b_.jpg
[SKIP] 5c32a84091422021deb034d888bc2490_.jpg | temp_file_disappeared_after_3_attempts
[RETRY] d10d1e8cae8ca667a4ddddc0604521d8_.jpg | attempt=2 | err=FileNotFoundError: Resolved file disappeared: C:\Users\Felipe\Documents\WeChat Files\wxid_xd3703k0ih2p22\FileStorage\Temp\d10d1e8cae8ca667a4ddddc0604521d8_.jpg
[OK] c0ff4ec6e170497579d8501769bb4564.dat | cliente=652 | banco=AMD | valor=780.0 | data=27/07/2026 20:01 | sink=staged | resolution=direct_image | verification=CONFIRMADO | manual_open_to_claim_ms=1256 | open_ms=9 | prep_ms=0 | ocr_ms=1948 | parse_ms=3 | manual_open_to_ingest_ms=3220
[SINK] committed | file_id=ce8c7c397645cff4e45a531a7460b0772f2c5372 | msg=- | talker=- | create_time=0 | sheet=Página1 | row=310 | ingest_to_commit_ms=1079 | manual_open_to_commit_ms=4299
[OK] 4c33bb13ce7d8758ca4a51fd35134c44.dat | cliente=652 | banco=AMD | valor=320.0 | data=27/07/2026 19:55 | sink=staged | resolution=direct_image | verification=CONFIRMADO | manual_open_to_claim_ms=2881 | open_ms=7 | prep_ms=0 | ocr_ms=1737 | parse_ms=1 | manual_open_to_ingest_ms=4630
[SINK] committed | file_id=a9270844b0bbea31ef40af28706423f86e655415 | msg=- | talker=- | create_time=0 | sheet=Página1 | row=311 | ingest_to_commit_ms=942 | manual_open_to_commit_ms=5572
[SKIP] 1ea1b05c36670f7b6c6f6fb2841a57b4_.jpg | temp_file_disappeared_after_3_attempts
[RETRY] 3bc8e9b14b5fef4c26036a7a297a53b4_.jpg | attempt=2 | err=FileNotFoundError: Resolved file disappeared: C:\Users\Felipe\Documents\WeChat Files\wxid_xd3703k0ih2p22\FileStorage\Temp\3bc8e9b14b5fef4c26036a7a297a53b4_.jpg
[RETRY] ca5c9e2b52161dc884a6abaeef784ce3_.jpg | attempt=1 | err=FileNotFoundError: Resolved file disappeared: C:\Users\Felipe\Documents\WeChat Files\wxid_xd3703k0ih2p22\FileStorage\Temp\ca5c9e2b52161dc884a6abaeef784ce3_.jpg
[OK] 3ff6136ed433eb0af33ccfde5a1051dd.dat | cliente=652 | banco=AMD | valor=335.0 | data=27/07/2026 19:49 | sink=staged | resolution=direct_image | verification=CONFIRMADO | manual_open_to_claim_ms=1667 | open_ms=15 | prep_ms=1 | ocr_ms=1460 | parse_ms=1 | manual_open_to_ingest_ms=3147
[SINK] committed | file_id=3c47b41f8a92724ee8a6bee3fb359e002d362f07 | msg=- | talker=- | create_time=0 | sheet=Página1 | row=312 | ingest_to_commit_ms=1077 | manual_open_to_commit_ms=4224
[RETRY] 9f5f31e12de30bcb90c0c5a4ebf204e9_.jpg | attempt=2 | err=FileNotFoundError: Resolved file disappeared: C:\Users\Felipe\Documents\WeChat Files\wxid_xd3703k0ih2p22\FileStorage\Temp\9f5f31e12de30bcb90c0c5a4ebf204e9_.jpg
[RETRY] 9153bb63cc45cf1323e38d1f301155b3_.jpg | attempt=1 | err=FileNotFoundError: Resolved file disappeared: C:\Users\Felipe\Documents\WeChat Files\wxid_xd3703k0ih2p22\FileStorage\Temp\9153bb63cc45cf1323e38d1f301155b3_.jpg
[SCAN] reconcile complete | queued_or_refreshed=17
[OK] 0cc73376d7ef24398991f0e782d59b38.dat | cliente=652 | banco=AMD | valor=160.0 | data=27/07/2026 20:04 | sink=staged | resolution=direct_image | verification=CONFIRMADO | manual_open_to_claim_ms=2203 | open_ms=6 | prep_ms=1 | ocr_ms=1476 | parse_ms=1 | manual_open_to_ingest_ms=3691
[SINK] committed | file_id=fcd166b218287b00c8a07e2e34a2e6a0397c3571 | msg=- | talker=- | create_time=0 | sheet=Página1 | row=313 | ingest_to_commit_ms=1119 | manual_open_to_commit_ms=4810
[RETRY] 5609d5b295a39c6e32af75c322cb123b_.jpg | attempt=1 | err=FileNotFoundError: Resolved file disappeared: C:\Users\Felipe\Documents\WeChat Files\wxid_xd3703k0ih2p22\FileStorage\Temp\5609d5b295a39c6e32af75c322cb123b_.jpg
[RETRY] b8c6b3a051a7c64faa30499f5413c68b_.jpg | attempt=2 | err=FileNotFoundError: Resolved file disappeared: C:\Users\Felipe\Documents\WeChat Files\wxid_xd3703k0ih2p22\FileStorage\Temp\b8c6b3a051a7c64faa30499f5413c68b_.jpg
[SKIP] a59ad78559449401618a310644bb005d_.jpg | temp_file_disappeared_after_3_attempts
[SKIP] fd69881bdfe511f3bd709a4877e1ea7e_.jpg | temp_file_disappeared_after_3_attempts
[RETRY] afb786d9b5fbac259098afa9e29c362f_.jpg | attempt=1 | err=FileNotFoundError: Resolved file disappeared: C:\Users\Felipe\Documents\WeChat Files\wxid_xd3703k0ih2p22\FileStorage\Temp\afb786d9b5fbac259098afa9e29c362f_.jpg
[SKIP] cbed303f1d22d23b87e7bba24cd835b2_.jpg | temp_file_disappeared_after_3_attempts
[OK] bf017b1670cd0c0d3694c3d3f2be6f60.dat | cliente=652 | banco=AMD | valor=190.0 | data=27/07/2026 19:57 | sink=staged | resolution=direct_image | verification=CONFIRMADO | manual_open_to_claim_ms=1747 | open_ms=6 | prep_ms=0 | ocr_ms=1662 | parse_ms=1 | manual_open_to_ingest_ms=3421
[SINK] committed | file_id=d3c397d6840480669bafe11bd20daa62ceb47581 | msg=- | talker=- | create_time=0 | sheet=Página1 | row=314 | ingest_to_commit_ms=1237 | manual_open_to_commit_ms=4658
[OK] f976e156727b6d87c859df10da626517.dat | cliente=652 | banco=AMD | valor=160.0 | data=28/07/2026 19:57 | sink=staged | resolution=direct_image | verification=CONFIRMADO | manual_open_to_claim_ms=2211 | open_ms=4 | prep_ms=0 | ocr_ms=1647 | parse_ms=1 | manual_open_to_ingest_ms=3866
[SINK] committed | file_id=8fd367417b190f87a342aa87a06a434ee287fd79 | msg=- | talker=- | create_time=0 | sheet=Página1 | row=315 | ingest_to_commit_ms=7645 | manual_open_to_commit_ms=11511
[OK] d024fd0537740aa06eaf65443da7c073.dat | cliente=652 | banco=AMD | valor=360.0 | data=27/07/2026 20:21 | sink=staged | resolution=direct_image | verification=CONFIRMADO | manual_open_to_claim_ms=2211 | open_ms=6 | prep_ms=0 | ocr_ms=1715 | parse_ms=3 | manual_open_to_ingest_ms=3938
[SINK] committed | file_id=a595db164520d0f5b7a40968b52fc3b19f550fda | msg=- | talker=- | create_time=0 | sheet=Página1 | row=316 | ingest_to_commit_ms=1351 | manual_open_to_commit_ms=5289
[SKIP] 095afaa162a76036785580605e5c7aa0_.jpg | temp_file_disappeared_after_3_attempts
[RETRY] ca5c9e2b52161dc884a6abaeef784ce3_.jpg | attempt=2 | err=FileNotFoundError: Resolved file disappeared: C:\Users\Felipe\Documents\WeChat Files\wxid_xd3703k0ih2p22\FileStorage\Temp\ca5c9e2b52161dc884a6abaeef784ce3_.jpg
[RETRY] 9153bb63cc45cf1323e38d1f301155b3_.jpg | attempt=2 | err=FileNotFoundError: Resolved file disappeared: C:\Users\Felipe\Documents\WeChat Files\wxid_xd3703k0ih2p22\FileStorage\Temp\9153bb63cc45cf1323e38d1f301155b3_.jpg
[RETRY] 148d72e71b4c781e39b3cfa2cc508bbc_.jpg | attempt=1 | err=FileNotFoundError: Resolved file disappeared: C:\Users\Felipe\Documents\WeChat Files\wxid_xd3703k0ih2p22\FileStorage\Temp\148d72e71b4c781e39b3cfa2cc508bbc_.jpg
[RETRY] 4229b065c960183d90b5e6018357592a_.jpg | attempt=1 | err=FileNotFoundError: Resolved file disappeared: C:\Users\Felipe\Documents\WeChat Files\wxid_xd3703k0ih2p22\FileStorage\Temp\4229b065c960183d90b5e6018357592a_.jpg
[SKIP] 084cc92ce01d108076bd3ce75d369c38_.jpg | temp_file_disappeared_after_3_attempts
[RETRY] 5609d5b295a39c6e32af75c322cb123b_.jpg | attempt=2 | err=FileNotFoundError: Resolved file disappeared: C:\Users\Felipe\Documents\WeChat Files\wxid_xd3703k0ih2p22\FileStorage\Temp\5609d5b295a39c6e32af75c322cb123b_.jpg
[RETRY] cbea047f2ac3483f5bc9c2d8d6010902_.jpg | attempt=1 | err=FileNotFoundError: Resolved file disappeared: C:\Users\Felipe\Documents\WeChat Files\wxid_xd3703k0ih2p22\FileStorage\Temp\cbea047f2ac3483f5bc9c2d8d6010902_.jpg
[OK] 424bdd827b27d2887470d03c9d433078.dat | cliente=652 | banco=AMD | valor=160.0 | data=27/07/2026 20:25 | sink=staged | resolution=direct_image | verification=CONFIRMADO | manual_open_to_claim_ms=1927 | open_ms=11 | prep_ms=0 | ocr_ms=2875 | parse_ms=2 | manual_open_to_ingest_ms=4819
[SINK] committed | file_id=8ce0aedb56bbd5c30170e36e8bde0d76d0275729 | msg=- | talker=- | create_time=0 | sheet=Página1 | row=317 | ingest_to_commit_ms=975 | manual_open_to_commit_ms=5794
[SKIP] d10d1e8cae8ca667a4ddddc0604521d8_.jpg | temp_file_disappeared_after_3_attempts
[RETRY] afb786d9b5fbac259098afa9e29c362f_.jpg | attempt=2 | err=FileNotFoundError: Resolved file disappeared: C:\Users\Felipe\Documents\WeChat Files\wxid_xd3703k0ih2p22\FileStorage\Temp\afb786d9b5fbac259098afa9e29c362f_.jpg
[OK] d7741b1cf04756c5beaa971f615ec6bf.dat | cliente=652 | banco=AMD | valor=160.0 | data=27/07/2026 19:47 | sink=staged | resolution=direct_image | verification=CONFIRMADO | manual_open_to_claim_ms=1352 | open_ms=4 | prep_ms=0 | ocr_ms=1358 | parse_ms=1 | manual_open_to_ingest_ms=2719
[SINK] committed | file_id=f61b3d46d46a0ffe1647f3e8fc1a373078bcb4eb | msg=- | talker=- | create_time=0 | sheet=Página1 | row=318 | ingest_to_commit_ms=1010 | manual_open_to_commit_ms=3729
[RETRY] 34bdca74c2236fed2f01dbba24e89280_.jpg | attempt=1 | err=FileNotFoundError: Resolved file disappeared: C:\Users\Felipe\Documents\WeChat Files\wxid_xd3703k0ih2p22\FileStorage\Temp\34bdca74c2236fed2f01dbba24e89280_.jpg
[SKIP] 3bc8e9b14b5fef4c26036a7a297a53b4_.jpg | temp_file_disappeared_after_3_attempts
[OK] 059cf17005f758a8d7469e90d36f64fd.dat | cliente=652 | banco=AMD | valor=175.0 | data=27/07/2026 20:36 | sink=staged | resolution=direct_image | verification=CONFIRMADO | manual_open_to_claim_ms=1713 | open_ms=5 | prep_ms=0 | ocr_ms=1754 | parse_ms=2 | manual_open_to_ingest_ms=3478
[SINK] committed | file_id=5bb10db6d1c8efbca339756f57de123238fb6d5b | msg=- | talker=- | create_time=0 | sheet=Página1 | row=319 | ingest_to_commit_ms=999 | manual_open_to_commit_ms=4477
[SKIP] 9f5f31e12de30bcb90c0c5a4ebf204e9_.jpg | temp_file_disappeared_after_3_attempts
[RETRY] e313fe035030b0c2b0324e80b85ef033_.jpg | attempt=1 | err=FileNotFoundError: Resolved file disappeared: C:\Users\Felipe\Documents\WeChat Files\wxid_xd3703k0ih2p22\FileStorage\Temp\e313fe035030b0c2b0324e80b85ef033_.jpg
[RETRY] 148d72e71b4c781e39b3cfa2cc508bbc_.jpg | attempt=2 | err=FileNotFoundError: Resolved file disappeared: C:\Users\Felipe\Documents\WeChat Files\wxid_xd3703k0ih2p22\FileStorage\Temp\148d72e71b4c781e39b3cfa2cc508bbc_.jpg
[RETRY] 4229b065c960183d90b5e6018357592a_.jpg | attempt=2 | err=FileNotFoundError: Resolved file disappeared: C:\Users\Felipe\Documents\WeChat Files\wxid_xd3703k0ih2p22\FileStorage\Temp\4229b065c960183d90b5e6018357592a_.jpg
[RETRY] cde1a9c53716d6b3016b6a489b7de3e0_.jpg | attempt=1 | err=FileNotFoundError: Resolved file disappeared: C:\Users\Felipe\Documents\WeChat Files\wxid_xd3703k0ih2p22\FileStorage\Temp\cde1a9c53716d6b3016b6a489b7de3e0_.jpg
[OK] 3b2e968065cdee2940f9b4d29adc1d78.dat | cliente=652 | banco=AMD | valor=190.0 | data=27/07/2026 20:35 | sink=staged | resolution=direct_image | verification=CONFIRMADO | manual_open_to_claim_ms=1375 | open_ms=16 | prep_ms=1 | ocr_ms=1477 | parse_ms=1 | manual_open_to_ingest_ms=2876
[SINK] committed | file_id=6fa1d8189268804911f306c34650b2547f20c087 | msg=- | talker=- | create_time=0 | sheet=Página1 | row=320 | ingest_to_commit_ms=1133 | manual_open_to_commit_ms=4009
[SKIP] b8c6b3a051a7c64faa30499f5413c68b_.jpg | temp_file_disappeared_after_3_attempts
[RETRY] cbea047f2ac3483f5bc9c2d8d6010902_.jpg | attempt=2 | err=FileNotFoundError: Resolved file disappeared: C:\Users\Felipe\Documents\WeChat Files\wxid_xd3703k0ih2p22\FileStorage\Temp\cbea047f2ac3483f5bc9c2d8d6010902_.jpg
[RETRY] 5951911a08f2016a0ecc62587c1b9e45_.jpg | attempt=1 | err=FileNotFoundError: Resolved file disappeared: C:\Users\Felipe\Documents\WeChat Files\wxid_xd3703k0ih2p22\FileStorage\Temp\5951911a08f2016a0ecc62587c1b9e45_.jpg
[OK] 77254c9a99c3e6b4c3d3f66f50c685d2.dat | cliente=652 | banco=AMD | valor=180.0 | data=27/07/2026 21:29 | sink=staged | resolution=direct_image | verification=CONFIRMADO | manual_open_to_claim_ms=2094 | open_ms=10 | prep_ms=0 | ocr_ms=2892 | parse_ms=2 | manual_open_to_ingest_ms=5002
[SINK] committed | file_id=18c37240f04db1f08ec523dba813627b236957cf | msg=- | talker=- | create_time=0 | sheet=Página1 | row=321 | ingest_to_commit_ms=1113 | manual_open_to_commit_ms=6115
[RETRY] 34bdca74c2236fed2f01dbba24e89280_.jpg | attempt=2 | err=FileNotFoundError: Resolved file disappeared: C:\Users\Felipe\Documents\WeChat Files\wxid_xd3703k0ih2p22\FileStorage\Temp\34bdca74c2236fed2f01dbba24e89280_.jpg
[RETRY] eda616188b1362a69448718760eb023a_.jpg | attempt=1 | err=FileNotFoundError: Resolved file disappeared: C:\Users\Felipe\Documents\WeChat Files\wxid_xd3703k0ih2p22\FileStorage\Temp\eda616188b1362a69448718760eb023a_.jpg
[OK] 6034d29efc94a5b106099bc46b0b2716.dat | cliente=652 | banco=AMD | valor=190.0 | data=27/07/2026 21:18 | sink=staged | resolution=direct_image | verification=CONFIRMADO | manual_open_to_claim_ms=2126 | open_ms=6 | prep_ms=0 | ocr_ms=1536 | parse_ms=1 | manual_open_to_ingest_ms=3671
[SINK] committed | file_id=d519ce7731ba654bbb4f486c814595ce632c6a35 | msg=- | talker=- | create_time=0 | sheet=Página1 | row=322 | ingest_to_commit_ms=1228 | manual_open_to_commit_ms=4899
[SCAN] reconcile complete | queued_or_refreshed=18
[RETRY] e313fe035030b0c2b0324e80b85ef033_.jpg | attempt=2 | err=FileNotFoundError: Resolved file disappeared: C:\Users\Felipe\Documents\WeChat Files\wxid_xd3703k0ih2p22\FileStorage\Temp\e313fe035030b0c2b0324e80b85ef033_.jpg
[RETRY] e5ca536ceab5e3da3870a6ccc5523bc3_.jpg | attempt=1 | err=FileNotFoundError: Resolved file disappeared: C:\Users\Felipe\Documents\WeChat Files\wxid_xd3703k0ih2p22\FileStorage\Temp\e5ca536ceab5e3da3870a6ccc5523bc3_.jpg
[SKIP] ca5c9e2b52161dc884a6abaeef784ce3_.jpg | temp_file_disappeared_after_3_attempts
[SKIP] 9153bb63cc45cf1323e38d1f301155b3_.jpg | temp_file_disappeared_after_3_attempts
[OK] 405c90f0f3409d42390ebf4d70c244fe.dat | cliente=652 | banco=AMD | valor=190.0 | data=27/07/2026 21:32 | sink=staged | resolution=direct_image | verification=CONFIRMADO | manual_open_to_claim_ms=1748 | open_ms=13 | prep_ms=0 | ocr_ms=2396 | parse_ms=2 | manual_open_to_ingest_ms=4164
[SINK] committed | file_id=628d37d5c75ebd0f16e11148ef621e324e509946 | msg=- | talker=- | create_time=0 | sheet=Página1 | row=323 | ingest_to_commit_ms=1326 | manual_open_to_commit_ms=5490
[SKIP] 5609d5b295a39c6e32af75c322cb123b_.jpg | temp_file_disappeared_after_3_attempts
[RETRY] cde1a9c53716d6b3016b6a489b7de3e0_.jpg | attempt=2 | err=FileNotFoundError: Resolved file disappeared: C:\Users\Felipe\Documents\WeChat Files\wxid_xd3703k0ih2p22\FileStorage\Temp\cde1a9c53716d6b3016b6a489b7de3e0_.jpg
[RETRY] 7df1b348535683e736a867890d69db9c_.jpg | attempt=1 | err=FileNotFoundError: Resolved file disappeared: C:\Users\Felipe\Documents\WeChat Files\wxid_xd3703k0ih2p22\FileStorage\Temp\7df1b348535683e736a867890d69db9c_.jpg
[OK] 3289db6a26fee71422dfad323521b16f.dat | cliente=652 | banco=AMD | valor=380.0 | data=27/07/2026 21:49 | sink=staged | resolution=direct_image | verification=CONFIRMADO | manual_open_to_claim_ms=1158 | open_ms=18 | prep_ms=1 | ocr_ms=1341 | parse_ms=1 | manual_open_to_ingest_ms=2523
[SINK] committed | file_id=38b8e44ce5d97087912541a5e9af1ff96ce0fb52 | msg=- | talker=- | create_time=0 | sheet=Página1 | row=324 | ingest_to_commit_ms=950 | manual_open_to_commit_ms=3473
[SKIP] afb786d9b5fbac259098afa9e29c362f_.jpg | temp_file_disappeared_after_3_attempts
[RETRY] 5951911a08f2016a0ecc62587c1b9e45_.jpg | attempt=2 | err=FileNotFoundError: Resolved file disappeared: C:\Users\Felipe\Documents\WeChat Files\wxid_xd3703k0ih2p22\FileStorage\Temp\5951911a08f2016a0ecc62587c1b9e45_.jpg
[RETRY] bf13497f6f6385481b518aac5a868729_.jpg | attempt=1 | err=FileNotFoundError: Resolved file disappeared: C:\Users\Felipe\Documents\WeChat Files\wxid_xd3703k0ih2p22\FileStorage\Temp\bf13497f6f6385481b518aac5a868729_.jpg
[OK] c70a306f8f2382c9475b281bcd436d3a.dat | cliente=652 | banco=AMD | valor=160.0 | data=27/07/2026 21:58 | sink=staged | resolution=direct_image | verification=CONFIRMADO | manual_open_to_claim_ms=1013 | open_ms=9 | prep_ms=0 | ocr_ms=3270 | parse_ms=1 | manual_open_to_ingest_ms=4296
[SINK] committed | file_id=9c07ffc5fa91d98076524cd89b072894b5acaf4d | msg=- | talker=- | create_time=0 | sheet=Página1 | row=325 | ingest_to_commit_ms=951 | manual_open_to_commit_ms=5247
[RETRY] eda616188b1362a69448718760eb023a_.jpg | attempt=2 | err=FileNotFoundError: Resolved file disappeared: C:\Users\Felipe\Documents\WeChat Files\wxid_xd3703k0ih2p22\FileStorage\Temp\eda616188b1362a69448718760eb023a_.jpg
[RETRY] 3caa119a8ec2c9893f4ec987cdc639ae_.jpg | attempt=1 | err=FileNotFoundError: Resolved file disappeared: C:\Users\Felipe\Documents\WeChat Files\wxid_xd3703k0ih2p22\FileStorage\Temp\3caa119a8ec2c9893f4ec987cdc639ae_.jpg
[OK] 1ef7cd44f6db8f335da6a5404702a0cb.dat | cliente=652 | banco=AMD | valor=220.0 | data=27/07/2026 22:03 | sink=staged | resolution=direct_image | verification=CONFIRMADO | manual_open_to_claim_ms=1933 | open_ms=12 | prep_ms=1 | ocr_ms=2496 | parse_ms=2 | manual_open_to_ingest_ms=4449
[SINK] committed | file_id=1b2403595b156c50b3b4c3611b2be27a95310556 | msg=- | talker=- | create_time=0 | sheet=Página1 | row=326 | ingest_to_commit_ms=1220 | manual_open_to_commit_ms=5668
[SKIP] 148d72e71b4c781e39b3cfa2cc508bbc_.jpg | temp_file_disappeared_after_3_attempts
[SKIP] 4229b065c960183d90b5e6018357592a_.jpg | temp_file_disappeared_after_3_attempts
[RETRY] e5ca536ceab5e3da3870a6ccc5523bc3_.jpg | attempt=2 | err=FileNotFoundError: Resolved file disappeared: C:\Users\Felipe\Documents\WeChat Files\wxid_xd3703k0ih2p22\FileStorage\Temp\e5ca536ceab5e3da3870a6ccc5523bc3_.jpg
[RETRY] adc26867c12c5128532d76c7a875d5e7_.jpg | attempt=1 | err=FileNotFoundError: Resolved file disappeared: C:\Users\Felipe\Documents\WeChat Files\wxid_xd3703k0ih2p22\FileStorage\Temp\adc26867c12c5128532d76c7a875d5e7_.jpg
[OK] f324950e85ff65078037fe05ed337a47.dat | cliente=652 | banco=AMD | valor=300.0 | data=27/07/2026 22:09 | sink=staged | resolution=direct_image | verification=CONFIRMADO | manual_open_to_claim_ms=1785 | open_ms=9 | prep_ms=0 | ocr_ms=2763 | parse_ms=2 | manual_open_to_ingest_ms=4566
[SINK] committed | file_id=aa03a79ffb37fcc3262764258657a0fa1d3459d1 | msg=- | talker=- | create_time=0 | sheet=Página1 | row=327 | ingest_to_commit_ms=941 | manual_open_to_commit_ms=5507
[SKIP] cbea047f2ac3483f5bc9c2d8d6010902_.jpg | temp_file_disappeared_after_3_attempts
[RETRY] 7df1b348535683e736a867890d69db9c_.jpg | attempt=2 | err=FileNotFoundError: Resolved file disappeared: C:\Users\Felipe\Documents\WeChat Files\wxid_xd3703k0ih2p22\FileStorage\Temp\7df1b348535683e736a867890d69db9c_.jpg
[RETRY] ae884caca9765c32666e0076a60dda82_.jpg | attempt=1 | err=FileNotFoundError: Resolved file disappeared: C:\Users\Felipe\Documents\WeChat Files\wxid_xd3703k0ih2p22\FileStorage\Temp\ae884caca9765c32666e0076a60dda82_.jpg
[OK] 6b9c9687e78dfd9ede1688c1bbd173ce.dat | cliente=652 | banco=AMD | valor=160.0 | data=27/07/2026 22:21 | sink=staged | resolution=direct_image | verification=CONFIRMADO | manual_open_to_claim_ms=2124 | open_ms=15 | prep_ms=1 | ocr_ms=1758 | parse_ms=1 | manual_open_to_ingest_ms=3904
[SINK] committed | file_id=0e21407394e7b8f725634f20805955eab07232d1 | msg=- | talker=- | create_time=0 | sheet=Página1 | row=328 | ingest_to_commit_ms=923 | manual_open_to_commit_ms=4827
[SKIP] 34bdca74c2236fed2f01dbba24e89280_.jpg | temp_file_disappeared_after_3_attempts
[RETRY] bf13497f6f6385481b518aac5a868729_.jpg | attempt=2 | err=FileNotFoundError: Resolved file disappeared: C:\Users\Felipe\Documents\WeChat Files\wxid_xd3703k0ih2p22\FileStorage\Temp\bf13497f6f6385481b518aac5a868729_.jpg
[RETRY] 6acd58736f62bd68862efd9d65081cca_.jpg | attempt=1 | err=FileNotFoundError: Resolved file disappeared: C:\Users\Felipe\Documents\WeChat Files\wxid_xd3703k0ih2p22\FileStorage\Temp\6acd58736f62bd68862efd9d65081cca_.jpg
[OK] f18c1f91106efe7551731e602ff5e802.dat | cliente=652 | banco=AMD | valor=160.0 | data=27/07/2026 22:34 | sink=staged | resolution=direct_image | verification=CONFIRMADO | manual_open_to_claim_ms=1686 | open_ms=9 | prep_ms=0 | ocr_ms=2201 | parse_ms=2 | manual_open_to_ingest_ms=3903
[SINK] committed | file_id=ae65b24d93b75bf4aee1373f14b35ca9e8c7faca | msg=- | talker=- | create_time=0 | sheet=Página1 | row=329 | ingest_to_commit_ms=996 | manual_open_to_commit_ms=4899
[RETRY] 3caa119a8ec2c9893f4ec987cdc639ae_.jpg | attempt=2 | err=FileNotFoundError: Resolved file disappeared: C:\Users\Felipe\Documents\WeChat Files\wxid_xd3703k0ih2p22\FileStorage\Temp\3caa119a8ec2c9893f4ec987cdc639ae_.jpg
[SKIP] e313fe035030b0c2b0324e80b85ef033_.jpg | temp_file_disappeared_after_3_attempts
[RETRY] c1af6008cbc836d9610912f8ef609bb5_.jpg | attempt=1 | err=FileNotFoundError: Resolved file disappeared: C:\Users\Felipe\Documents\WeChat Files\wxid_xd3703k0ih2p22\FileStorage\Temp\c1af6008cbc836d9610912f8ef609bb5_.jpg
[OK] dc8b82190525d79aa3eb0c5667b42576.dat | cliente=652 | banco=AMD | valor=190.0 | data=27/07/2026 22:37 | sink=staged | resolution=direct_image | verification=CONFIRMADO | manual_open_to_claim_ms=2150 | open_ms=11 | prep_ms=1 | ocr_ms=2853 | parse_ms=2 | manual_open_to_ingest_ms=5021
[SINK] committed | file_id=66736609f8ab66cb422b135e87fa84a109a65d72 | msg=- | talker=- | create_time=0 | sheet=Página1 | row=330 | ingest_to_commit_ms=924 | manual_open_to_commit_ms=5945
[SKIP] cde1a9c53716d6b3016b6a489b7de3e0_.jpg | temp_file_disappeared_after_3_attempts
[RETRY] adc26867c12c5128532d76c7a875d5e7_.jpg | attempt=2 | err=FileNotFoundError: Resolved file disappeared: C:\Users\Felipe\Documents\WeChat Files\wxid_xd3703k0ih2p22\FileStorage\Temp\adc26867c12c5128532d76c7a875d5e7_.jpg
[OK] 6cf1ae8580f4cb4fcbf3c9e7280a6c2f.dat | cliente=652 | banco=AMD | valor=300.0 | data=27/07/2026 23:08 | sink=staged | resolution=direct_image | verification=CONFIRMADO | manual_open_to_claim_ms=1627 | open_ms=6 | prep_ms=0 | ocr_ms=2140 | parse_ms=1 | manual_open_to_ingest_ms=3779
[SINK] committed | file_id=b30e0b137017c9c4fcd3dc6862279330dd8e53f2 | msg=- | talker=- | create_time=0 | sheet=Página1 | row=331 | ingest_to_commit_ms=928 | manual_open_to_commit_ms=4707
[SKIP] 5951911a08f2016a0ecc62587c1b9e45_.jpg | temp_file_disappeared_after_3_attempts
[RETRY] 548c28060bfbea418c36bc517074d22b_.jpg | attempt=1 | err=FileNotFoundError: Resolved file disappeared: C:\Users\Felipe\Documents\WeChat Files\wxid_xd3703k0ih2p22\FileStorage\Temp\548c28060bfbea418c36bc517074d22b_.jpg
[RETRY] ae884caca9765c32666e0076a60dda82_.jpg | attempt=2 | err=FileNotFoundError: Resolved file disappeared: C:\Users\Felipe\Documents\WeChat Files\wxid_xd3703k0ih2p22\FileStorage\Temp\ae884caca9765c32666e0076a60dda82_.jpg
[RETRY] 1347add54ba689225ef5b2f5cb7d3592_.jpg | attempt=1 | err=FileNotFoundError: Resolved file disappeared: C:\Users\Felipe\Documents\WeChat Files\wxid_xd3703k0ih2p22\FileStorage\Temp\1347add54ba689225ef5b2f5cb7d3592_.jpg
[OK] 998a4e611b0228ba7a939324d837c1e6.dat | cliente=652 | banco=AMD | valor=160.0 | data=27/07/2026 23:10 | sink=staged | resolution=direct_image | verification=CONFIRMADO | manual_open_to_claim_ms=1348 | open_ms=15 | prep_ms=0 | ocr_ms=1954 | parse_ms=1 | manual_open_to_ingest_ms=3323
[SINK] committed | file_id=ab6ebe8c69e298c3ecf90d84cf5da49396f2d8a1 | msg=- | talker=- | create_time=0 | sheet=Página1 | row=332 | ingest_to_commit_ms=986 | manual_open_to_commit_ms=4310
[SKIP] eda616188b1362a69448718760eb023a_.jpg | temp_file_disappeared_after_3_attempts
[RETRY] 6acd58736f62bd68862efd9d65081cca_.jpg | attempt=2 | err=FileNotFoundError: Resolved file disappeared: C:\Users\Felipe\Documents\WeChat Files\wxid_xd3703k0ih2p22\FileStorage\Temp\6acd58736f62bd68862efd9d65081cca_.jpg
[SCAN] reconcile complete | queued_or_refreshed=17
[OK] 3ce7e385627439c714fde264ce8f72f8.dat | cliente=652 | banco=AMD | valor=160.0 | data=27/07/2026 23:19 | sink=staged | resolution=direct_image | verification=CONFIRMADO | manual_open_to_claim_ms=2683 | open_ms=4 | prep_ms=0 | ocr_ms=1023 | parse_ms=1 | manual_open_to_ingest_ms=3714
[SINK] committed | file_id=5ed7ee0533d6bec1a2f57c707aef597fee1136fb | msg=- | talker=- | create_time=0 | sheet=Página1 | row=333 | ingest_to_commit_ms=1495 | manual_open_to_commit_ms=5208
[SKIP] e5ca536ceab5e3da3870a6ccc5523bc3_.jpg | temp_file_disappeared_after_3_attempts
[RETRY] c1af6008cbc836d9610912f8ef609bb5_.jpg | attempt=2 | err=FileNotFoundError: Resolved file disappeared: C:\Users\Felipe\Documents\WeChat Files\wxid_xd3703k0ih2p22\FileStorage\Temp\c1af6008cbc836d9610912f8ef609bb5_.jpg
[RETRY] fb78221e4e7a3f4bcaa5b2bfc65224df_.jpg | attempt=1 | err=FileNotFoundError: Resolved file disappeared: C:\Users\Felipe\Documents\WeChat Files\wxid_xd3703k0ih2p22\FileStorage\Temp\fb78221e4e7a3f4bcaa5b2bfc65224df_.jpg
[RETRY] 8a8136dddaa13a05345b25e8496b0f65_.jpg | attempt=1 | err=FileNotFoundError: Resolved file disappeared: C:\Users\Felipe\Documents\WeChat Files\wxid_xd3703k0ih2p22\FileStorage\Temp\8a8136dddaa13a05345b25e8496b0f65_.jpg
[OK] e20003a222717ec6bb70940db04393f4.dat | cliente=652 | banco=AMD | valor=300.0 | data=27/07/2026 23:21 | sink=staged | resolution=direct_image | verification=CONFIRMADO | manual_open_to_claim_ms=2119 | open_ms=5 | prep_ms=0 | ocr_ms=1927 | parse_ms=1 | manual_open_to_ingest_ms=4056
[SINK] committed | file_id=4a041afd5b747231f9510854da8c34e3c9775a4b | msg=- | talker=- | create_time=0 | sheet=Página1 | row=334 | ingest_to_commit_ms=890 | manual_open_to_commit_ms=4946
[SKIP] 7df1b348535683e736a867890d69db9c_.jpg | temp_file_disappeared_after_3_attempts
[RETRY] 548c28060bfbea418c36bc517074d22b_.jpg | attempt=2 | err=FileNotFoundError: Resolved file disappeared: C:\Users\Felipe\Documents\WeChat Files\wxid_xd3703k0ih2p22\FileStorage\Temp\548c28060bfbea418c36bc517074d22b_.jpg
[RETRY] 9529de7307d0c1d4ba02ef70abbf54b7_.jpg | attempt=1 | err=FileNotFoundError: Resolved file disappeared: C:\Users\Felipe\Documents\WeChat Files\wxid_xd3703k0ih2p22\FileStorage\Temp\9529de7307d0c1d4ba02ef70abbf54b7_.jpg
[SKIP] bf13497f6f6385481b518aac5a868729_.jpg | temp_file_disappeared_after_3_attempts
[RETRY] 1347add54ba689225ef5b2f5cb7d3592_.jpg | attempt=2 | err=FileNotFoundError: Resolved file disappeared: C:\Users\Felipe\Documents\WeChat Files\wxid_xd3703k0ih2p22\FileStorage\Temp\1347add54ba689225ef5b2f5cb7d3592_.jpg
[OK] 07887d410baa4629477ab361b79b2938.dat | cliente=652 | banco=AMD | valor=160.0 | data=28/07/2026 00:43 | sink=staged | resolution=direct_image | verification=CONFIRMADO | manual_open_to_claim_ms=1246 | open_ms=51 | prep_ms=1 | ocr_ms=1041 | parse_ms=1 | manual_open_to_ingest_ms=2345
[SINK] committed | file_id=d5a2002732bfb71bb50df8d4ca269e08ea47fb45 | msg=- | talker=- | create_time=0 | sheet=Página1 | row=335 | ingest_to_commit_ms=936 | manual_open_to_commit_ms=3281
[OK] 3ecbd2dbc89efa72e1a1c64480594ad3.dat | cliente=652 | banco=AMD | valor=356.0 | data=28/07/2026 06:06 | sink=staged | resolution=direct_image | verification=CONFIRMADO | manual_open_to_claim_ms=1506 | open_ms=9 | prep_ms=0 | ocr_ms=2986 | parse_ms=1 | manual_open_to_ingest_ms=4506
[SINK] committed | file_id=c77a66601a091dd5741d4cc60a66aabe9c065185 | msg=- | talker=- | create_time=0 | sheet=Página1 | row=336 | ingest_to_commit_ms=4994 | manual_open_to_commit_ms=9500
[SKIP] 3caa119a8ec2c9893f4ec987cdc639ae_.jpg | temp_file_disappeared_after_3_attempts
[RETRY] fb78221e4e7a3f4bcaa5b2bfc65224df_.jpg | attempt=2 | err=FileNotFoundError: Resolved file disappeared: C:\Users\Felipe\Documents\WeChat Files\wxid_xd3703k0ih2p22\FileStorage\Temp\fb78221e4e7a3f4bcaa5b2bfc65224df_.jpg
[RETRY] 147afa7054227470ebd657b5f95dfe9d_.jpg | attempt=1 | err=FileNotFoundError: Resolved file disappeared: C:\Users\Felipe\Documents\WeChat Files\wxid_xd3703k0ih2p22\FileStorage\Temp\147afa7054227470ebd657b5f95dfe9d_.jpg
[RETRY] 995b07d2b4e888fbf979c915846b0d14_.jpg | attempt=1 | err=FileNotFoundError: Resolved file disappeared: C:\Users\Felipe\Documents\WeChat Files\wxid_xd3703k0ih2p22\FileStorage\Temp\995b07d2b4e888fbf979c915846b0d14_.jpg
[OK] f64fd854a413d01d2aa26fcd84cdfcf4.dat | cliente=652 | banco=AMD | valor=330.0 | data=28/07/2026 07:16 | sink=staged | resolution=direct_image | verification=CONFIRMADO | manual_open_to_claim_ms=1776 | open_ms=9 | prep_ms=0 | ocr_ms=2254 | parse_ms=2 | manual_open_to_ingest_ms=4047
[SINK] committed | file_id=78657cb421069bb9f38a3b6ace3c03aab42fe1a6 | msg=- | talker=- | create_time=0 | sheet=Página1 | row=337 | ingest_to_commit_ms=1032 | manual_open_to_commit_ms=5078
[SKIP] adc26867c12c5128532d76c7a875d5e7_.jpg | temp_file_disappeared_after_3_attempts
[RETRY] 8a8136dddaa13a05345b25e8496b0f65_.jpg | attempt=2 | err=FileNotFoundError: Resolved file disappeared: C:\Users\Felipe\Documents\WeChat Files\wxid_xd3703k0ih2p22\FileStorage\Temp\8a8136dddaa13a05345b25e8496b0f65_.jpg
[RETRY] 9d69dfba4c629c0587caac81301cb9dc_.jpg | attempt=1 | err=FileNotFoundError: Resolved file disappeared: C:\Users\Felipe\Documents\WeChat Files\wxid_xd3703k0ih2p22\FileStorage\Temp\9d69dfba4c629c0587caac81301cb9dc_.jpg
[OK] c2c38611dc6bdc50bedabaecbe68a709.dat | cliente=652 | banco=AMD | valor=190.0 | data=28/07/2026 08:14 | sink=staged | resolution=direct_image | verification=CONFIRMADO | manual_open_to_claim_ms=2212 | open_ms=10 | prep_ms=0 | ocr_ms=3697 | parse_ms=2 | manual_open_to_ingest_ms=5926
[SINK] committed | file_id=e08835fa0331cf63e3818d672bde10a7c80e4ce6 | msg=- | talker=- | create_time=0 | sheet=Página1 | row=338 | ingest_to_commit_ms=965 | manual_open_to_commit_ms=6891
[SKIP] ae884caca9765c32666e0076a60dda82_.jpg | temp_file_disappeared_after_3_attempts
[RETRY] 9529de7307d0c1d4ba02ef70abbf54b7_.jpg | attempt=2 | err=FileNotFoundError: Resolved file disappeared: C:\Users\Felipe\Documents\WeChat Files\wxid_xd3703k0ih2p22\FileStorage\Temp\9529de7307d0c1d4ba02ef70abbf54b7_.jpg
[RETRY] 90de80b7c20cbf028e18b38cfaeb29b4_.jpg | attempt=1 | err=FileNotFoundError: Resolved file disappeared: C:\Users\Felipe\Documents\WeChat Files\wxid_xd3703k0ih2p22\FileStorage\Temp\90de80b7c20cbf028e18b38cfaeb29b4_.jpg
[OK] f732e139593b9a58336fa3b69b5d1408.dat | cliente=652 | banco=AMD | valor=160.0 | data=28/07/2026 08:15 | sink=staged | resolution=direct_image | verification=CONFIRMADO | manual_open_to_claim_ms=2153 | open_ms=10 | prep_ms=0 | ocr_ms=2166 | parse_ms=1 | manual_open_to_ingest_ms=4335
[SINK] committed | file_id=6b1db0300c6dbf9853a2937b2e2572960a885075 | msg=- | talker=- | create_time=0 | sheet=Página1 | row=339 | ingest_to_commit_ms=964 | manual_open_to_commit_ms=5299
[SKIP] 6acd58736f62bd68862efd9d65081cca_.jpg | temp_file_disappeared_after_3_attempts
[RETRY] 0f3de80fee52d23e424076a2d1364736_.jpg | attempt=1 | err=FileNotFoundError: Resolved file disappeared: C:\Users\Felipe\Documents\WeChat Files\wxid_xd3703k0ih2p22\FileStorage\Temp\0f3de80fee52d23e424076a2d1364736_.jpg
[SKIP] c1af6008cbc836d9610912f8ef609bb5_.jpg | temp_file_disappeared_after_3_attempts
[OK] 9250345454ea0b720592e31b8ea9da95.dat | cliente=652 | banco=AMD | valor=180.0 | data=28/07/2026 08:19 | sink=staged | resolution=direct_image | verification=CONFIRMADO | manual_open_to_claim_ms=1631 | open_ms=20 | prep_ms=2 | ocr_ms=2320 | parse_ms=1 | manual_open_to_ingest_ms=3980
[SINK] committed | file_id=ec7db5dd49b4402265f51c236577395c7ab2551b | msg=- | talker=- | create_time=0 | sheet=Página1 | row=340 | ingest_to_commit_ms=1093 | manual_open_to_commit_ms=5073
[RETRY] 147afa7054227470ebd657b5f95dfe9d_.jpg | attempt=2 | err=FileNotFoundError: Resolved file disappeared: C:\Users\Felipe\Documents\WeChat Files\wxid_xd3703k0ih2p22\FileStorage\Temp\147afa7054227470ebd657b5f95dfe9d_.jpg
[RETRY] 995b07d2b4e888fbf979c915846b0d14_.jpg | attempt=2 | err=FileNotFoundError: Resolved file disappeared: C:\Users\Felipe\Documents\WeChat Files\wxid_xd3703k0ih2p22\FileStorage\Temp\995b07d2b4e888fbf979c915846b0d14_.jpg
[OK] bf1409f1a39f7492949e76b3915a0564.dat | cliente=652 | banco=AMD | valor=190.0 | data=28/07/2026 08:29 | sink=staged | resolution=direct_image | verification=CONFIRMADO | manual_open_to_claim_ms=2253 | open_ms=5 | prep_ms=0 | ocr_ms=2096 | parse_ms=1 | manual_open_to_ingest_ms=4361
[SINK] committed | file_id=3f826c5c1255870fc877a417a1e4c4775fb45504 | msg=- | talker=- | create_time=0 | sheet=Página1 | row=341 | ingest_to_commit_ms=898 | manual_open_to_commit_ms=5259
[RETRY] 9d69dfba4c629c0587caac81301cb9dc_.jpg | attempt=2 | err=FileNotFoundError: Resolved file disappeared: C:\Users\Felipe\Documents\WeChat Files\wxid_xd3703k0ih2p22\FileStorage\Temp\9d69dfba4c629c0587caac81301cb9dc_.jpg
[RETRY] f7a84fd3d67114aa3d504bc17a19f651_.jpg | attempt=1 | err=FileNotFoundError: Resolved file disappeared: C:\Users\Felipe\Documents\WeChat Files\wxid_xd3703k0ih2p22\FileStorage\Temp\f7a84fd3d67114aa3d504bc17a19f651_.jpg
[SKIP] 548c28060bfbea418c36bc517074d22b_.jpg | temp_file_disappeared_after_3_attempts
[RETRY] e7e40dca72a661f150a66efbfff4a8d4_.jpg | attempt=1 | err=FileNotFoundError: Resolved file disappeared: C:\Users\Felipe\Documents\WeChat Files\wxid_xd3703k0ih2p22\FileStorage\Temp\e7e40dca72a661f150a66efbfff4a8d4_.jpg
[OK] 733f47e4f42c2b50611b07392a4bf5eb.dat | cliente=652 | banco=AMD | valor=220.0 | data=28/07/2026 08:34 | sink=staged | resolution=direct_image | verification=CONFIRMADO | manual_open_to_claim_ms=1537 | open_ms=16 | prep_ms=1 | ocr_ms=4110 | parse_ms=2 | manual_open_to_ingest_ms=5672
[SINK] committed | file_id=c789c98aee58eb7e739e369c5976a157f2acc86e | msg=- | talker=- | create_time=0 | sheet=Página1 | row=342 | ingest_to_commit_ms=1013 | manual_open_to_commit_ms=6686
[SKIP] 1347add54ba689225ef5b2f5cb7d3592_.jpg | temp_file_disappeared_after_3_attempts
[RETRY] 90de80b7c20cbf028e18b38cfaeb29b4_.jpg | attempt=2 | err=FileNotFoundError: Resolved file disappeared: C:\Users\Felipe\Documents\WeChat Files\wxid_xd3703k0ih2p22\FileStorage\Temp\90de80b7c20cbf028e18b38cfaeb29b4_.jpg
[SCAN] reconcile complete | queued_or_refreshed=18
[OK] e9b86c5e913c3cb97604dc818f1771d5.dat | cliente=652 | banco=AMD | valor=190.0 | data=28/07/2026 08:35 | sink=staged | resolution=direct_image | verification=CONFIRMADO | manual_open_to_claim_ms=2936 | open_ms=3 | prep_ms=0 | ocr_ms=1771 | parse_ms=1 | manual_open_to_ingest_ms=4715
[SINK] committed | file_id=62bcdd3aeacf8cff0c224edd084ab233bbf6799b | msg=- | talker=- | create_time=0 | sheet=Página1 | row=343 | ingest_to_commit_ms=1101 | manual_open_to_commit_ms=5816
[RETRY] 0f3de80fee52d23e424076a2d1364736_.jpg | attempt=2 | err=FileNotFoundError: Resolved file disappeared: C:\Users\Felipe\Documents\WeChat Files\wxid_xd3703k0ih2p22\FileStorage\Temp\0f3de80fee52d23e424076a2d1364736_.jpg
[RETRY] aab796939accd4ca668cf6628ab7917b_.jpg | attempt=1 | err=FileNotFoundError: Resolved file disappeared: C:\Users\Felipe\Documents\WeChat Files\wxid_xd3703k0ih2p22\FileStorage\Temp\aab796939accd4ca668cf6628ab7917b_.jpg
[SKIP] fb78221e4e7a3f4bcaa5b2bfc65224df_.jpg | temp_file_disappeared_after_3_attempts
[RETRY] 9cec08d42d3180c7a1ff6e2a11bf4e99_.jpg | attempt=1 | err=FileNotFoundError: Resolved file disappeared: C:\Users\Felipe\Documents\WeChat Files\wxid_xd3703k0ih2p22\FileStorage\Temp\9cec08d42d3180c7a1ff6e2a11bf4e99_.jpg
[OK] 17028809fddf89c12e797b506c0fe27d.dat | cliente=652 | banco=AMD | valor=160.0 | data=28/07/2026 08:54 | sink=staged | resolution=direct_image | verification=CONFIRMADO | manual_open_to_claim_ms=1149 | open_ms=12 | prep_ms=1 | ocr_ms=2153 | parse_ms=1 | manual_open_to_ingest_ms=3320
[SINK] committed | file_id=ae3aa44804fb6f9ec4558206df80409fec1326b8 | msg=- | talker=- | create_time=0 | sheet=Página1 | row=344 | ingest_to_commit_ms=2420 | manual_open_to_commit_ms=5739
[SKIP] 8a8136dddaa13a05345b25e8496b0f65_.jpg | temp_file_disappeared_after_3_attempts
[RETRY] f7a84fd3d67114aa3d504bc17a19f651_.jpg | attempt=2 | err=FileNotFoundError: Resolved file disappeared: C:\Users\Felipe\Documents\WeChat Files\wxid_xd3703k0ih2p22\FileStorage\Temp\f7a84fd3d67114aa3d504bc17a19f651_.jpg
[RETRY] f69200c8e1fea1f871b23efc8e610ce1_.jpg | attempt=1 | err=FileNotFoundError: Resolved file disappeared: C:\Users\Felipe\Documents\WeChat Files\wxid_xd3703k0ih2p22\FileStorage\Temp\f69200c8e1fea1f871b23efc8e610ce1_.jpg
[OK] cf61513b31c1e307b2c8320a2d7dc4f2.dat | cliente=652 | banco=AMD | valor=190.0 | data=28/07/2026 09:00 | sink=staged | resolution=direct_image | verification=CONFIRMADO | manual_open_to_claim_ms=1318 | open_ms=13 | prep_ms=1 | ocr_ms=1902 | parse_ms=2 | manual_open_to_ingest_ms=3240
[SINK] committed | file_id=282086c60e46679c608dd422768c3863f82fb337 | msg=- | talker=- | create_time=0 | sheet=Página1 | row=345 | ingest_to_commit_ms=933 | manual_open_to_commit_ms=4173
[SKIP] 9529de7307d0c1d4ba02ef70abbf54b7_.jpg | temp_file_disappeared_after_3_attempts
[RETRY] e7e40dca72a661f150a66efbfff4a8d4_.jpg | attempt=2 | err=FileNotFoundError: Resolved file disappeared: C:\Users\Felipe\Documents\WeChat Files\wxid_xd3703k0ih2p22\FileStorage\Temp\e7e40dca72a661f150a66efbfff4a8d4_.jpg
[RETRY] 067ebf821451d44e4b9a6a3d640d7bda_.jpg | attempt=1 | err=FileNotFoundError: Resolved file disappeared: C:\Users\Felipe\Documents\WeChat Files\wxid_xd3703k0ih2p22\FileStorage\Temp\067ebf821451d44e4b9a6a3d640d7bda_.jpg
[OK] 3500e2f4c4ac3e19a29af5daefc38eef.dat | cliente=652 | banco=AMD | valor=150.0 | data=13/06/2026 11:47 | sink=staged | resolution=direct_image | verification=CONFIRMADO | manual_open_to_claim_ms=1141 | open_ms=9 | prep_ms=0 | ocr_ms=1748 | parse_ms=1 | manual_open_to_ingest_ms=2904
[SINK] committed | file_id=f5c440fc003c3049eb5e43abff9c54967db3a49c | msg=- | talker=- | create_time=0 | sheet=Página1 | row=346 | ingest_to_commit_ms=1218 | manual_open_to_commit_ms=4123
[RETRY] aab796939accd4ca668cf6628ab7917b_.jpg | attempt=2 | err=FileNotFoundError: Resolved file disappeared: C:\Users\Felipe\Documents\WeChat Files\wxid_xd3703k0ih2p22\FileStorage\Temp\aab796939accd4ca668cf6628ab7917b_.jpg
[RETRY] 4c722596e8900bcaedf63c99b1bf2420_.jpg | attempt=1 | err=FileNotFoundError: Resolved file disappeared: C:\Users\Felipe\Documents\WeChat Files\wxid_xd3703k0ih2p22\FileStorage\Temp\4c722596e8900bcaedf63c99b1bf2420_.jpg
[OK] fc917b6dbcca0fab50012687f8c1725e.dat | cliente=652 | banco=AMD | valor=190.0 | data=28/07/2026 09:09 | sink=staged | resolution=direct_image | verification=CONFIRMADO | manual_open_to_claim_ms=1517 | open_ms=14 | prep_ms=0 | ocr_ms=3703 | parse_ms=1 | manual_open_to_ingest_ms=5240
[SINK] committed | file_id=564d1dc8fc97477c52728746162791a7161c3aba | msg=- | talker=- | create_time=0 | sheet=Página1 | row=347 | ingest_to_commit_ms=944 | manual_open_to_commit_ms=6184
[SKIP] 147afa7054227470ebd657b5f95dfe9d_.jpg | temp_file_disappeared_after_3_attempts
[SKIP] 995b07d2b4e888fbf979c915846b0d14_.jpg | temp_file_disappeared_after_3_attempts
[RETRY] 9cec08d42d3180c7a1ff6e2a11bf4e99_.jpg | attempt=2 | err=FileNotFoundError: Resolved file disappeared: C:\Users\Felipe\Documents\WeChat Files\wxid_xd3703k0ih2p22\FileStorage\Temp\9cec08d42d3180c7a1ff6e2a11bf4e99_.jpg
[RETRY] 2d61925e11ae4b45392af7c45faabdbd_.jpg | attempt=1 | err=FileNotFoundError: Resolved file disappeared: C:\Users\Felipe\Documents\WeChat Files\wxid_xd3703k0ih2p22\FileStorage\Temp\2d61925e11ae4b45392af7c45faabdbd_.jpg
[SKIP] 9d69dfba4c629c0587caac81301cb9dc_.jpg | temp_file_disappeared_after_3_attempts
[RETRY] f69200c8e1fea1f871b23efc8e610ce1_.jpg | attempt=2 | err=FileNotFoundError: Resolved file disappeared: C:\Users\Felipe\Documents\WeChat Files\wxid_xd3703k0ih2p22\FileStorage\Temp\f69200c8e1fea1f871b23efc8e610ce1_.jpg
[RETRY] 703f2c83fdaa8084deb6f5bd8cb5cd0b_.jpg | attempt=1 | err=FileNotFoundError: Resolved file disappeared: C:\Users\Felipe\Documents\WeChat Files\wxid_xd3703k0ih2p22\FileStorage\Temp\703f2c83fdaa8084deb6f5bd8cb5cd0b_.jpg
[OK] 3d871bd638267a31a177841c677ba74c.dat | cliente=652 | banco=AMD | valor=160.0 | data=28/07/2026 09:32 | sink=staged | resolution=direct_image | verification=CONFIRMADO | manual_open_to_claim_ms=1871 | open_ms=68 | prep_ms=1 | ocr_ms=1265 | parse_ms=1 | manual_open_to_ingest_ms=3214
[SINK] committed | file_id=04e9332f07d80900ca18bcd765ee7a715e3c76d2 | msg=- | talker=- | create_time=0 | sheet=Página1 | row=348 | ingest_to_commit_ms=880 | manual_open_to_commit_ms=4093
[OK] b163629b2e5748eecc35168f93be7ad0.dat | cliente=652 | banco=AMD | valor=285.0 | data=28/07/2026 10:25 | sink=staged | resolution=direct_image | verification=CONFIRMADO | manual_open_to_claim_ms=2144 | open_ms=12 | prep_ms=0 | ocr_ms=2694 | parse_ms=2 | manual_open_to_ingest_ms=4858
[SINK] committed | file_id=842b323047c7d5f2c9b62587303c78b77d830b90 | msg=- | talker=- | create_time=0 | sheet=Página1 | row=349 | ingest_to_commit_ms=888 | manual_open_to_commit_ms=5745
[SKIP] 90de80b7c20cbf028e18b38cfaeb29b4_.jpg | temp_file_disappeared_after_3_attempts
[RETRY] 067ebf821451d44e4b9a6a3d640d7bda_.jpg | attempt=2 | err=FileNotFoundError: Resolved file disappeared: C:\Users\Felipe\Documents\WeChat Files\wxid_xd3703k0ih2p22\FileStorage\Temp\067ebf821451d44e4b9a6a3d640d7bda_.jpg
[OK] 4b40b2d0f87d31e5f33b47ea62b11870.dat | cliente=652 | banco=AMD | valor=190.0 | data=28/07/2026 10:27 | sink=staged | resolution=direct_image | verification=CONFIRMADO | manual_open_to_claim_ms=1654 | open_ms=8 | prep_ms=1 | ocr_ms=3067 | parse_ms=1 | manual_open_to_ingest_ms=4735
[SINK] committed | file_id=d66291330adec541e5209c4dba66158392e7ec0e | msg=- | talker=- | create_time=0 | sheet=Página1 | row=350 | ingest_to_commit_ms=944 | manual_open_to_commit_ms=5679
[SKIP] 0f3de80fee52d23e424076a2d1364736_.jpg | temp_file_disappeared_after_3_attempts
[RETRY] 4c722596e8900bcaedf63c99b1bf2420_.jpg | attempt=2 | err=FileNotFoundError: Resolved file disappeared: C:\Users\Felipe\Documents\WeChat Files\wxid_xd3703k0ih2p22\FileStorage\Temp\4c722596e8900bcaedf63c99b1bf2420_.jpg
[RETRY] 99d075374b96cb95ed082b84ece97db4_.jpg | attempt=1 | err=FileNotFoundError: Resolved file disappeared: C:\Users\Felipe\Documents\WeChat Files\wxid_xd3703k0ih2p22\FileStorage\Temp\99d075374b96cb95ed082b84ece97db4_.jpg
[RETRY] 29329944461d4d4df3fed86a8f9f52e3_.jpg | attempt=1 | err=FileNotFoundError: Resolved file disappeared: C:\Users\Felipe\Documents\WeChat Files\wxid_xd3703k0ih2p22\FileStorage\Temp\29329944461d4d4df3fed86a8f9f52e3_.jpg
[OK] 066a2dbe6ace012ed13d9052ae7dc226.dat | cliente=652 | banco=AMD | valor=190.0 | data=28/07/2026 10:25 | sink=staged | resolution=direct_image | verification=CONFIRMADO | manual_open_to_claim_ms=1905 | open_ms=34 | prep_ms=49 | ocr_ms=1322 | parse_ms=1 | manual_open_to_ingest_ms=3323
[SINK] committed | file_id=4e02ec2faca72e15bcc24cc7c7f9f406d2a6fbdf | msg=- | talker=- | create_time=0 | sheet=Página1 | row=351 | ingest_to_commit_ms=2982 | manual_open_to_commit_ms=6305
[SKIP] f7a84fd3d67114aa3d504bc17a19f651_.jpg | temp_file_disappeared_after_3_attempts
[RETRY] 2d61925e11ae4b45392af7c45faabdbd_.jpg | attempt=2 | err=FileNotFoundError: Resolved file disappeared: C:\Users\Felipe\Documents\WeChat Files\wxid_xd3703k0ih2p22\FileStorage\Temp\2d61925e11ae4b45392af7c45faabdbd_.jpg
[OK] d4c07f89aa1abac60f6c3410c059a843.dat | cliente=652 | banco=AMD | valor=190.0 | data=28/07/2026 10:31 | sink=staged | resolution=direct_image | verification=CONFIRMADO | manual_open_to_claim_ms=2147 | open_ms=11 | prep_ms=1 | ocr_ms=1654 | parse_ms=1 | manual_open_to_ingest_ms=3819
[SINK] committed | file_id=d03012684e47ed967aaaba55cfffcf43f69b159b | msg=- | talker=- | create_time=0 | sheet=Página1 | row=352 | ingest_to_commit_ms=2047 | manual_open_to_commit_ms=5866
[SKIP] e7e40dca72a661f150a66efbfff4a8d4_.jpg | temp_file_disappeared_after_3_attempts
[RETRY] 703f2c83fdaa8084deb6f5bd8cb5cd0b_.jpg | attempt=2 | err=FileNotFoundError: Resolved file disappeared: C:\Users\Felipe\Documents\WeChat Files\wxid_xd3703k0ih2p22\FileStorage\Temp\703f2c83fdaa8084deb6f5bd8cb5cd0b_.jpg
[RETRY] 88fb8ab1e89cfa38bc63494d09ea9b5d_.jpg | attempt=1 | err=FileNotFoundError: Resolved file disappeared: C:\Users\Felipe\Documents\WeChat Files\wxid_xd3703k0ih2p22\FileStorage\Temp\88fb8ab1e89cfa38bc63494d09ea9b5d_.jpg
[SCAN] reconcile complete | queued_or_refreshed=18
[OK] cb4a84590bbc5817643345948944202a.dat | cliente=652 | banco=AMD | valor=160.0 | data=28/07/2026 10:42 | sink=staged | resolution=direct_image | verification=CONFIRMADO | manual_open_to_claim_ms=1741 | open_ms=10 | prep_ms=0 | ocr_ms=1356 | parse_ms=2 | manual_open_to_ingest_ms=3114
[SINK] committed | file_id=428793ce5a91ac470c1b4fddb5ff95610678e55f | msg=- | talker=- | create_time=0 | sheet=Página1 | row=353 | ingest_to_commit_ms=1324 | manual_open_to_commit_ms=4438
[OCR] Attempting raw image fallback for 1785249692651.jpg (is_receipt=False, has_amount=False)
[OCR] Raw image fallback accepted for 1785249692651.jpg (has_amount=False, ms=16409.761299997626)
[OK] 1785249692651.jpg | cliente=652 | banco=CLEEND | valor=None | data=27/07/2026 10:00 | sink=staged | resolution=temp_preview | verification=TEMP_PREVIEW | manual_open_to_claim_ms=8369 | open_ms=58 | prep_ms=176 | ocr_ms=22237 | parse_ms=679 | manual_open_to_ingest_ms=31633
[SINK] committed | file_id=b8090e9d074caa3fc5c17cf2a91df0824d11084d | msg=- | talker=- | create_time=0 | sheet=Página1 | row=354 | ingest_to_commit_ms=1052 | manual_open_to_commit_ms=32685
[OK] 781d0d14fc2d881d006e3520055e648f.dat | cliente=652 | banco=CLEEND | valor=250.0 | data=26/07/2026 23:02 | sink=staged | resolution=direct_image | verification=CONFIRMADO | manual_open_to_claim_ms=2650 | open_ms=7 | prep_ms=0 | ocr_ms=908 | parse_ms=1 | manual_open_to_ingest_ms=3571
[OK] d02dc89a3da072e25d8973a1b20551e1.dat | cliente=652 | banco=AMD | valor=230.0 | data=28/07/2026 10:49 | sink=staged | resolution=direct_image | verification=CONFIRMADO | manual_open_to_claim_ms=21163 | open_ms=18 | prep_ms=1 | ocr_ms=2542 | parse_ms=1 | manual_open_to_ingest_ms=23732
[SINK] committed | file_id=fbd5dfe98e79c72012327d12abc6a095e08d5dc3 | msg=- | talker=- | create_time=0 | sheet=Página1 | row=355 | ingest_to_commit_ms=932 | manual_open_to_commit_ms=24663
[OK] 26acba17eb48a46c5697200c15d40159.dat | cliente=652 | banco=AMD | valor=125.0 | data=28/07/2026 10:50 | sink=staged | resolution=direct_image | verification=CONFIRMADO | manual_open_to_claim_ms=15756 | open_ms=12 | prep_ms=0 | ocr_ms=1491 | parse_ms=2 | manual_open_to_ingest_ms=17267
[SINK] committed | file_id=ff462704b1da99ed81083c7be30df8011909ede9 | msg=- | talker=- | create_time=0 | sheet=Página1 | row=356 | ingest_to_commit_ms=1176 | manual_open_to_commit_ms=18444
[SINK] committed | file_id=e33e4f17ea7084371278817a0cbee5dd1f42a4c1 | msg=- | talker=- | create_time=0 | sheet=Página1 | row=357 | ingest_to_commit_ms=7227 | manual_open_to_commit_ms=10798
[OK] 5398785d1de2b4e465df55fb8eefada4.dat | cliente=652 | banco=CLEEND | valor=50.0 | data=26/07/2026 21:00 | sink=staged | resolution=direct_image | verification=CONFIRMADO | manual_open_to_claim_ms=2152 | open_ms=3 | prep_ms=0 | ocr_ms=1398 | parse_ms=1 | manual_open_to_ingest_ms=3555
[SINK] committed | file_id=b9e799ccf116f350c87076806dabb89aa212f48d | msg=- | talker=- | create_time=0 | sheet=Página1 | row=358 | ingest_to_commit_ms=1178 | manual_open_to_commit_ms=4733
[SKIP] aab796939accd4ca668cf6628ab7917b_.jpg | temp_file_disappeared_after_3_attempts
[SKIP] 9cec08d42d3180c7a1ff6e2a11bf4e99_.jpg | temp_file_disappeared_after_3_attempts
[SKIP] f69200c8e1fea1f871b23efc8e610ce1_.jpg | temp_file_disappeared_after_3_attempts
[SKIP] 067ebf821451d44e4b9a6a3d640d7bda_.jpg | temp_file_disappeared_after_3_attempts
[SKIP] 4c722596e8900bcaedf63c99b1bf2420_.jpg | temp_file_disappeared_after_3_attempts
[RETRY] 99d075374b96cb95ed082b84ece97db4_.jpg | attempt=2 | err=FileNotFoundError: Resolved file disappeared: C:\Users\Felipe\Documents\WeChat Files\wxid_xd3703k0ih2p22\FileStorage\Temp\99d075374b96cb95ed082b84ece97db4_.jpg
[RETRY] 29329944461d4d4df3fed86a8f9f52e3_.jpg | attempt=2 | err=FileNotFoundError: Resolved file disappeared: C:\Users\Felipe\Documents\WeChat Files\wxid_xd3703k0ih2p22\FileStorage\Temp\29329944461d4d4df3fed86a8f9f52e3_.jpg
[RETRY] 88fb8ab1e89cfa38bc63494d09ea9b5d_.jpg | attempt=2 | err=FileNotFoundError: Resolved file disappeared: C:\Users\Felipe\Documents\WeChat Files\wxid_xd3703k0ih2p22\FileStorage\Temp\88fb8ab1e89cfa38bc63494d09ea9b5d_.jpg
[OCR] Attempting raw image fallback for 1785249692965.jpg (is_receipt=False, has_amount=False)
[OCR] Raw image fallback accepted for 1785249692965.jpg (has_amount=False, ms=12197.077699995134)
[OK] 1785249692965.jpg | cliente=652 | banco=CLEEND | valor=None | data=27/07/2026 10:00 | sink=staged | resolution=temp_preview | verification=TEMP_PREVIEW | manual_open_to_claim_ms=44207 | open_ms=58 | prep_ms=183 | ocr_ms=16686 | parse_ms=673 | manual_open_to_ingest_ms=61920
[SINK] committed | file_id=5ad9fedc96615680bf15524f112210240ca9f68a | msg=- | talker=- | create_time=0 | sheet=Página1 | row=359 | ingest_to_commit_ms=1007 | manual_open_to_commit_ms=62927
[OK] 89681c7e11e5ed046f370b3b43e7b0a0.dat | cliente=652 | banco=CLEEND | valor=730.0 | data=27/07/2026 11:24 | sink=staged | resolution=direct_image | verification=CONFIRMADO | manual_open_to_claim_ms=4506 | open_ms=42 | prep_ms=42 | ocr_ms=2020 | parse_ms=1 | manual_open_to_ingest_ms=6627
[OK] b72cdd560ac05dd0d085d37af67104b0.dat | cliente=652 | banco=CLEEND | valor=985.0 | data=27/07/2026 11:34 | sink=staged | resolution=direct_image | verification=CONFIRMADO | manual_open_to_claim_ms=17316 | open_ms=11 | prep_ms=0 | ocr_ms=2723 | parse_ms=1 | manual_open_to_ingest_ms=20055
[SINK] committed | file_id=dccc45568ee3a1ef2c98419a5051c412c00d96e0 | msg=- | talker=- | create_time=0 | sheet=Página1 | row=360 | ingest_to_commit_ms=1013 | manual_open_to_commit_ms=21067
[SINK] committed | file_id=4a2573d8a1c7221fac708c9892304dabf7265f51 | msg=- | talker=- | create_time=0 | sheet=Página1 | row=361 | ingest_to_commit_ms=4728 | manual_open_to_commit_ms=11354
[OK] 18a35b0783460dd72d630a9e2d0fa059.dat | cliente=652 | banco=CLEEND | valor=100.0 | data=27/07/2026 11:55 | sink=staged | resolution=direct_image | verification=CONFIRMADO | manual_open_to_claim_ms=3665 | open_ms=7 | prep_ms=1 | ocr_ms=1850 | parse_ms=1 | manual_open_to_ingest_ms=5528
[SINK] committed | file_id=146e59f55857481bc000dbd06313ebcde0f3379b | msg=- | talker=- | create_time=0 | sheet=Página1 | row=362 | ingest_to_commit_ms=1060 | manual_open_to_commit_ms=6588
[OCR] Attempting raw image fallback for 570e38f87f94a591bdc9b8f043e6d7f3.dat (is_receipt=False, has_amount=False)
[OCR] Raw image fallback accepted for 570e38f87f94a591bdc9b8f043e6d7f3.dat (has_amount=False, ms=10949.425699996937)
[OK] 570e38f87f94a591bdc9b8f043e6d7f3.dat | cliente=1 | banco=CLEEND | valor=None | data=27/07/2026 10:00 | sink=staged | resolution=direct_image | verification=CONFIRMADO | manual_open_to_claim_ms=1272 | open_ms=111 | prep_ms=188 | ocr_ms=15166 | parse_ms=50 | manual_open_to_ingest_ms=16884
[SINK] committed | file_id=ab5a60de8e29b1c1f64be79166955abdcbb4eee0 | msg=- | talker=- | create_time=0 | sheet=Página1 | row=363 | ingest_to_commit_ms=925 | manual_open_to_commit_ms=17809
[OK] aa7daf6d4988e1fd8862a10c8044b7fc.dat | cliente=652 | banco=CLEEND | valor=170.0 | data=27/07/2026 12:05 | sink=staged | resolution=direct_image | verification=CONFIRMADO | manual_open_to_claim_ms=3132 | open_ms=3 | prep_ms=0 | ocr_ms=1812 | parse_ms=1 | manual_open_to_ingest_ms=4953
[SKIP] df652a0c695c8878d131f6def3064810.dat | not_receipt=BALANCE_SUMMARY
[OK] 1f8b4ae86962d6f03a198d6d06ef63d6.dat | cliente=652 | banco=CLEEND | valor=180.0 | data=27/07/2026 12:07 | sink=staged | resolution=direct_image | verification=CONFIRMADO | manual_open_to_claim_ms=17334 | open_ms=3 | prep_ms=0 | ocr_ms=864 | parse_ms=1 | manual_open_to_ingest_ms=18206
[SINK] committed | file_id=461a0ebea34eb48de28c88f1ed511f69691277d5 | msg=- | talker=- | create_time=0 | sheet=Página1 | row=364 | ingest_to_commit_ms=1039 | manual_open_to_commit_ms=19245
[SINK] committed | file_id=5b0b2c0c6db80d7ff4c7bf5febc5b69a3caab9c0 | msg=- | talker=- | create_time=0 | sheet=Página1 | row=365 | ingest_to_commit_ms=3883 | manual_open_to_commit_ms=8835
[SCAN] reconcile complete | queued_or_refreshed=24
[OK] 90bee630ec18637e47b11fc7c4f4231c.dat | cliente=652 | banco=CLEEND | valor=160.0 | data=27/07/2026 12:16 | sink=staged | resolution=direct_image | verification=CONFIRMADO | manual_open_to_claim_ms=7372 | open_ms=6 | prep_ms=0 | ocr_ms=1346 | parse_ms=1 | manual_open_to_ingest_ms=8728
[SINK] committed | file_id=63989707285acf1f150ddb89da3f657fa5ed8539 | msg=- | talker=- | create_time=0 | sheet=Página1 | row=366 | ingest_to_commit_ms=891 | manual_open_to_commit_ms=9619
[SKIP] 2d61925e11ae4b45392af7c45faabdbd_.jpg | temp_file_disappeared_after_3_attempts
[OK] a383baebd7fe18c33c66145c2e9e1017.dat | cliente=652 | banco=CLEEND | valor=180.0 | data=27/07/2026 12:29 | sink=staged | resolution=direct_image | verification=CONFIRMADO | manual_open_to_claim_ms=1030 | open_ms=5 | prep_ms=0 | ocr_ms=1228 | parse_ms=1 | manual_open_to_ingest_ms=2267
[SINK] committed | file_id=9e7d961711fbe2de6c0ea655d97f2077e443f48c | msg=- | talker=- | create_time=0 | sheet=Página1 | row=367 | ingest_to_commit_ms=924 | manual_open_to_commit_ms=3192
[SKIP] 703f2c83fdaa8084deb6f5bd8cb5cd0b_.jpg | temp_file_disappeared_after_3_attempts
[SKIP] 99d075374b96cb95ed082b84ece97db4_.jpg | temp_file_disappeared_after_3_attempts
[SKIP] 29329944461d4d4df3fed86a8f9f52e3_.jpg | temp_file_disappeared_after_3_attempts
[SKIP] 88fb8ab1e89cfa38bc63494d09ea9b5d_.jpg | temp_file_disappeared_after_3_attempts
[RETRY] a3c8312a2804ed69bf0f1f952ea4f307_.jpg | attempt=1 | err=FileNotFoundError: Resolved file disappeared: C:\Users\Felipe\Documents\WeChat Files\wxid_xd3703k0ih2p22\FileStorage\Temp\a3c8312a2804ed69bf0f1f952ea4f307_.jpg
[RETRY] dc398777cbe36e752f558e0e35c58a6c_.jpg | attempt=1 | err=FileNotFoundError: Resolved file disappeared: C:\Users\Felipe\Documents\WeChat Files\wxid_xd3703k0ih2p22\FileStorage\Temp\dc398777cbe36e752f558e0e35c58a6c_.jpg
[RETRY] 169711c10c2205d592201a4cf9ba2b55_.jpg | attempt=1 | err=FileNotFoundError: Resolved file disappeared: C:\Users\Felipe\Documents\WeChat Files\wxid_xd3703k0ih2p22\FileStorage\Temp\169711c10c2205d592201a4cf9ba2b55_.jpg
[SKIP] 1785249719636.jpg | not_receipt=BALANCE_SUMMARY
[SKIP] 1785249719651.jpg | not_receipt=BALANCE_SUMMARY
[RETRY] 0a2c45ec027de439ab030fa43af1423f_.jpg | attempt=1 | err=FileNotFoundError: Resolved file disappeared: C:\Users\Felipe\Documents\WeChat Files\wxid_xd3703k0ih2p22\FileStorage\Temp\0a2c45ec027de439ab030fa43af1423f_.jpg
[RETRY] 876ac498c6a2e61fda2b47d1f44f308a_.jpg | attempt=1 | err=FileNotFoundError: Resolved file disappeared: C:\Users\Felipe\Documents\WeChat Files\wxid_xd3703k0ih2p22\FileStorage\Temp\876ac498c6a2e61fda2b47d1f44f308a_.jpg
[RETRY] 43e8f15f2ff01df7228eef66b8b93ba0_.jpg | attempt=1 | err=FileNotFoundError: Resolved file disappeared: C:\Users\Felipe\Documents\WeChat Files\wxid_xd3703k0ih2p22\FileStorage\Temp\43e8f15f2ff01df7228eef66b8b93ba0_.jpg
[SKIP] a0a7326513ded0d54289b4fb4bb80c0e_.jpg | temp_without_unique_context
[SKIP] 3c53cae79e40ba38f4637a60be80cdd3_.jpg | temp_without_unique_context
[SKIP] 9747ff2095e459e6a26e7894cf7b18ca_.jpg | temp_without_unique_context
[HOLD] 221da4ee697d7b6063fcbdd747ba4293_.jpg | waiting_temp_context
[SKIP] 221da4ee697d7b6063fcbdd747ba4293_.jpg | temp_without_unique_context
[OK] 1ed090042d8f90eb98d1b519371474e0.dat | cliente=652 | banco=CLEEND | valor=130.0 | data=27/07/2026 12:30 | sink=staged | resolution=direct_image | verification=CONFIRMADO | manual_open_to_claim_ms=1121 | open_ms=5 | prep_ms=0 | ocr_ms=737 | parse_ms=1 | manual_open_to_ingest_ms=1867
[SINK] committed | file_id=e3c7d61335d2111b44bdd61f2a002752559ccb58 | msg=- | talker=- | create_time=0 | sheet=Página1 | row=368 | ingest_to_commit_ms=903 | manual_open_to_commit_ms=2770
[RETRY] 7b2d51f9f04b512c89229ccea3f05f79_.jpg | attempt=1 | err=FileNotFoundError: Resolved file disappeared: C:\Users\Felipe\Documents\WeChat Files\wxid_xd3703k0ih2p22\FileStorage\Temp\7b2d51f9f04b512c89229ccea3f05f79_.jpg
[OK] 8661e035bc198be529148bf105a084d4.dat | cliente=652 | banco=CLEEND | valor=80.0 | data=27/07/2026 13:30 | sink=staged | resolution=direct_image | verification=CONFIRMADO | manual_open_to_claim_ms=1254 | open_ms=3 | prep_ms=0 | ocr_ms=569 | parse_ms=1 | manual_open_to_ingest_ms=1828
[SINK] committed | file_id=c8de8d8c4df8cdb553296da035d447ecccef2a3c | msg=- | talker=- | create_time=0 | sheet=Página1 | row=369 | ingest_to_commit_ms=878 | manual_open_to_commit_ms=2706
[RETRY] c31c9609e340eaebbbe4001b3bc046be_.jpg | attempt=1 | err=FileNotFoundError: Resolved file disappeared: C:\Users\Felipe\Documents\WeChat Files\wxid_xd3703k0ih2p22\FileStorage\Temp\c31c9609e340eaebbbe4001b3bc046be_.jpg
[OK] 54fe73a8a3295dee5e04626b0f626bc1.dat | cliente=652 | banco=CLEEND | valor=440.0 | data=27/07/2026 14:00 | sink=staged | resolution=direct_image | verification=CONFIRMADO | manual_open_to_claim_ms=1258 | open_ms=3 | prep_ms=0 | ocr_ms=1289 | parse_ms=1 | manual_open_to_ingest_ms=2553
[SINK] committed | file_id=5a5c6d8e8172423e01f11a96661a34ca4c8945aa | msg=- | talker=- | create_time=0 | sheet=Página1 | row=370 | ingest_to_commit_ms=1068 | manual_open_to_commit_ms=3622
[RETRY] 029600b525c29d5474e99622394f080f_.jpg | attempt=1 | err=FileNotFoundError: Resolved file disappeared: C:\Users\Felipe\Documents\WeChat Files\wxid_xd3703k0ih2p22\FileStorage\Temp\029600b525c29d5474e99622394f080f_.jpg
[RETRY] a3c8312a2804ed69bf0f1f952ea4f307_.jpg | attempt=2 | err=FileNotFoundError: Resolved file disappeared: C:\Users\Felipe\Documents\WeChat Files\wxid_xd3703k0ih2p22\FileStorage\Temp\a3c8312a2804ed69bf0f1f952ea4f307_.jpg
[RETRY] dc398777cbe36e752f558e0e35c58a6c_.jpg | attempt=2 | err=FileNotFoundError: Resolved file disappeared: C:\Users\Felipe\Documents\WeChat Files\wxid_xd3703k0ih2p22\FileStorage\Temp\dc398777cbe36e752f558e0e35c58a6c_.jpg
[RETRY] 169711c10c2205d592201a4cf9ba2b55_.jpg | attempt=2 | err=FileNotFoundError: Resolved file disappeared: C:\Users\Felipe\Documents\WeChat Files\wxid_xd3703k0ih2p22\FileStorage\Temp\169711c10c2205d592201a4cf9ba2b55_.jpg
[RETRY] 0a2c45ec027de439ab030fa43af1423f_.jpg | attempt=2 | err=FileNotFoundError: Resolved file disappeared: C:\Users\Felipe\Documents\WeChat Files\wxid_xd3703k0ih2p22\FileStorage\Temp\0a2c45ec027de439ab030fa43af1423f_.jpg
[RETRY] 876ac498c6a2e61fda2b47d1f44f308a_.jpg | attempt=2 | err=FileNotFoundError: Resolved file disappeared: C:\Users\Felipe\Documents\WeChat Files\wxid_xd3703k0ih2p22\FileStorage\Temp\876ac498c6a2e61fda2b47d1f44f308a_.jpg
[RETRY] 43e8f15f2ff01df7228eef66b8b93ba0_.jpg | attempt=2 | err=FileNotFoundError: Resolved file disappeared: C:\Users\Felipe\Documents\WeChat Files\wxid_xd3703k0ih2p22\FileStorage\Temp\43e8f15f2ff01df7228eef66b8b93ba0_.jpg
[OK] 2193687e1aa4a2be81ddc420c7b964a7.dat | cliente=652 | banco=CLEEND | valor=300.0 | data=27/07/2026 14:08 | sink=staged | resolution=direct_image | verification=CONFIRMADO | manual_open_to_claim_ms=1342 | open_ms=4 | prep_ms=0 | ocr_ms=1234 | parse_ms=1 | manual_open_to_ingest_ms=2583
[SINK] committed | file_id=a18bb13b5d5fcd788e08ded561a12ecbb132614e | msg=- | talker=- | create_time=0 | sheet=Página1 | row=371 | ingest_to_commit_ms=874 | manual_open_to_commit_ms=3457
[RETRY] 743947e59799f60f00b91b521e62759c_.jpg | attempt=1 | err=FileNotFoundError: Resolved file disappeared: C:\Users\Felipe\Documents\WeChat Files\wxid_xd3703k0ih2p22\FileStorage\Temp\743947e59799f60f00b91b521e62759c_.jpg
[RETRY] 7b2d51f9f04b512c89229ccea3f05f79_.jpg | attempt=2 | err=FileNotFoundError: Resolved file disappeared: C:\Users\Felipe\Documents\WeChat Files\wxid_xd3703k0ih2p22\FileStorage\Temp\7b2d51f9f04b512c89229ccea3f05f79_.jpg
[OK] a603879cce24792545cf156be1f79ec1.dat | cliente=652 | banco=CLEEND | valor=240.0 | data=28/07/2026 01:02 | sink=staged | resolution=direct_image | verification=CONFIRMADO | manual_open_to_claim_ms=1095 | open_ms=4 | prep_ms=0 | ocr_ms=1465 | parse_ms=1 | manual_open_to_ingest_ms=2569
[SINK] committed | file_id=82f66fa0b4424da322137983a9eb78d0a05b4571 | msg=- | talker=- | create_time=0 | sheet=Página1 | row=372 | ingest_to_commit_ms=1059 | manual_open_to_commit_ms=3628
[RETRY] bf4e53496ccbf8151f6c18f655ad33f0_.jpg | attempt=1 | err=FileNotFoundError: Resolved file disappeared: C:\Users\Felipe\Documents\WeChat Files\wxid_xd3703k0ih2p22\FileStorage\Temp\bf4e53496ccbf8151f6c18f655ad33f0_.jpg
[RETRY] c31c9609e340eaebbbe4001b3bc046be_.jpg | attempt=2 | err=FileNotFoundError: Resolved file disappeared: C:\Users\Felipe\Documents\WeChat Files\wxid_xd3703k0ih2p22\FileStorage\Temp\c31c9609e340eaebbbe4001b3bc046be_.jpg
[OK] 5fefdb4f5ebafa131b4bb705894f3872.dat | cliente=652 | banco=CLEEND | valor=220.0 | data=27/07/2026 14:37 | sink=staged | resolution=direct_image | verification=CONFIRMADO | manual_open_to_claim_ms=1458 | open_ms=2 | prep_ms=0 | ocr_ms=893 | parse_ms=1 | manual_open_to_ingest_ms=2357
[SINK] committed | file_id=80b710f90503c95be5a77f46ff05bc9fb9577504 | msg=- | talker=- | create_time=0 | sheet=Página1 | row=373 | ingest_to_commit_ms=969 | manual_open_to_commit_ms=3326
[RETRY] 61001cfa2f2c353c359dcc29a587f3f9_.jpg | attempt=1 | err=FileNotFoundError: Resolved file disappeared: C:\Users\Felipe\Documents\WeChat Files\wxid_xd3703k0ih2p22\FileStorage\Temp\61001cfa2f2c353c359dcc29a587f3f9_.jpg
[RETRY] 029600b525c29d5474e99622394f080f_.jpg | attempt=2 | err=FileNotFoundError: Resolved file disappeared: C:\Users\Felipe\Documents\WeChat Files\wxid_xd3703k0ih2p22\FileStorage\Temp\029600b525c29d5474e99622394f080f_.jpg
[OK] 1ab6665298f5583a74a5fb94a8c23ea7.dat | cliente=652 | banco=CLEEND | valor=440.0 | data=27/07/2026 15:07 | sink=staged | resolution=direct_image | verification=CONFIRMADO | manual_open_to_claim_ms=1685 | open_ms=3 | prep_ms=0 | ocr_ms=1233 | parse_ms=1 | manual_open_to_ingest_ms=2924
[SINK] committed | file_id=3bbab68d74233444ccb2e132700d60823edecb12 | msg=- | talker=- | create_time=0 | sheet=Página1 | row=374 | ingest_to_commit_ms=962 | manual_open_to_commit_ms=3886
[RETRY] 943d172769093c1c26119358e78c1553_.jpg | attempt=1 | err=FileNotFoundError: Resolved file disappeared: C:\Users\Felipe\Documents\WeChat Files\wxid_xd3703k0ih2p22\FileStorage\Temp\943d172769093c1c26119358e78c1553_.jpg
[RETRY] 743947e59799f60f00b91b521e62759c_.jpg | attempt=2 | err=FileNotFoundError: Resolved file disappeared: C:\Users\Felipe\Documents\WeChat Files\wxid_xd3703k0ih2p22\FileStorage\Temp\743947e59799f60f00b91b521e62759c_.jpg
[OK] 0eaf523d31905d04c14a9d47b3701a11.dat | cliente=652 | banco=CLEEND | valor=180.0 | data=27/07/2026 17:43 | sink=staged | resolution=direct_image | verification=CONFIRMADO | manual_open_to_claim_ms=1310 | open_ms=3 | prep_ms=0 | ocr_ms=1692 | parse_ms=2 | manual_open_to_ingest_ms=3010
[SINK] committed | file_id=b0f535d28d1b57da2fc349eed412bc4ae08c27ad | msg=- | talker=- | create_time=0 | sheet=Página1 | row=375 | ingest_to_commit_ms=944 | manual_open_to_commit_ms=3954
[RETRY] f92d31eca1e437fb7603d87072ea5886_.jpg | attempt=1 | err=FileNotFoundError: Resolved file disappeared: C:\Users\Felipe\Documents\WeChat Files\wxid_xd3703k0ih2p22\FileStorage\Temp\f92d31eca1e437fb7603d87072ea5886_.jpg
[RETRY] bf4e53496ccbf8151f6c18f655ad33f0_.jpg | attempt=2 | err=FileNotFoundError: Resolved file disappeared: C:\Users\Felipe\Documents\WeChat Files\wxid_xd3703k0ih2p22\FileStorage\Temp\bf4e53496ccbf8151f6c18f655ad33f0_.jpg
[OK] 3501826be7065b987d49c6d4f521de10.dat | cliente=652 | banco=CLEEND | valor=270.0 | data=27/07/2026 18:04 | sink=staged | resolution=direct_image | verification=CONFIRMADO | manual_open_to_claim_ms=1761 | open_ms=2 | prep_ms=0 | ocr_ms=1220 | parse_ms=1 | manual_open_to_ingest_ms=2986
[SINK] committed | file_id=c727e89d674f538b33954f35863c5e107c22b3d7 | msg=- | talker=- | create_time=0 | sheet=Página1 | row=376 | ingest_to_commit_ms=1254 | manual_open_to_commit_ms=4241
[SCAN] reconcile complete | queued_or_refreshed=19
[RETRY] 61001cfa2f2c353c359dcc29a587f3f9_.jpg | attempt=2 | err=FileNotFoundError: Resolved file disappeared: C:\Users\Felipe\Documents\WeChat Files\wxid_xd3703k0ih2p22\FileStorage\Temp\61001cfa2f2c353c359dcc29a587f3f9_.jpg
[RETRY] 91ac421372a89e2c483ed3fb0e6b593a_.jpg | attempt=1 | err=FileNotFoundError: Resolved file disappeared: C:\Users\Felipe\Documents\WeChat Files\wxid_xd3703k0ih2p22\FileStorage\Temp\91ac421372a89e2c483ed3fb0e6b593a_.jpg
[RETRY] 9b54ccb991325c033f093c671dc7f7a6_.jpg | attempt=1 | err=FileNotFoundError: Resolved file disappeared: C:\Users\Felipe\Documents\WeChat Files\wxid_xd3703k0ih2p22\FileStorage\Temp\9b54ccb991325c033f093c671dc7f7a6_.jpg
[OK] 22bc3fbb2d4c826803c26924a4ce86ef.dat | cliente=652 | banco=CLEEND | valor=180.0 | data=27/07/2026 17:46 | sink=staged | resolution=direct_image | verification=CONFIRMADO | manual_open_to_claim_ms=2084 | open_ms=4 | prep_ms=0 | ocr_ms=1140 | parse_ms=1 | manual_open_to_ingest_ms=3233
[SINK] committed | file_id=a3597743df039cbbbb0c3224ae5f488d6f94c013 | msg=- | talker=- | create_time=0 | sheet=Página1 | row=377 | ingest_to_commit_ms=903 | manual_open_to_commit_ms=4135
[SKIP] a3c8312a2804ed69bf0f1f952ea4f307_.jpg | temp_file_disappeared_after_3_attempts
[SKIP] dc398777cbe36e752f558e0e35c58a6c_.jpg | temp_file_disappeared_after_3_attempts
[SKIP] 169711c10c2205d592201a4cf9ba2b55_.jpg | temp_file_disappeared_after_3_attempts
[SKIP] 0a2c45ec027de439ab030fa43af1423f_.jpg | temp_file_disappeared_after_3_attempts
[SKIP] 876ac498c6a2e61fda2b47d1f44f308a_.jpg | temp_file_disappeared_after_3_attempts
[SKIP] 43e8f15f2ff01df7228eef66b8b93ba0_.jpg | temp_file_disappeared_after_3_attempts
[RETRY] 943d172769093c1c26119358e78c1553_.jpg | attempt=2 | err=FileNotFoundError: Resolved file disappeared: C:\Users\Felipe\Documents\WeChat Files\wxid_xd3703k0ih2p22\FileStorage\Temp\943d172769093c1c26119358e78c1553_.jpg
[OK] 0eac5bced8353ca26bf2f36eeecd2ee2.dat | cliente=652 | banco=CLEEND | valor=180.0 | data=27/07/2026 18:19 | sink=staged | resolution=direct_image | verification=CONFIRMADO | manual_open_to_claim_ms=1475 | open_ms=4 | prep_ms=0 | ocr_ms=2526 | parse_ms=1 | manual_open_to_ingest_ms=4010
[SINK] committed | file_id=49956e1a9fa1bfdf1269a4682dfa4959e897c8b3 | msg=- | talker=- | create_time=0 | sheet=Página1 | row=378 | ingest_to_commit_ms=1019 | manual_open_to_commit_ms=5028
[SKIP] 7b2d51f9f04b512c89229ccea3f05f79_.jpg | temp_file_disappeared_after_3_attempts
[RETRY] 686fc9bd05d8eb26a2c0f80c0a42b398_.jpg | attempt=1 | err=FileNotFoundError: Resolved file disappeared: C:\Users\Felipe\Documents\WeChat Files\wxid_xd3703k0ih2p22\FileStorage\Temp\686fc9bd05d8eb26a2c0f80c0a42b398_.jpg
[RETRY] f92d31eca1e437fb7603d87072ea5886_.jpg | attempt=2 | err=FileNotFoundError: Resolved file disappeared: C:\Users\Felipe\Documents\WeChat Files\wxid_xd3703k0ih2p22\FileStorage\Temp\f92d31eca1e437fb7603d87072ea5886_.jpg
[OK] 342d468f9f9141c73f3aa6030d94dd8e.dat | cliente=652 | banco=CLEEND | valor=250.0 | data=27/07/2026 19:27 | sink=staged | resolution=direct_image | verification=CONFIRMADO | manual_open_to_claim_ms=1854 | open_ms=2 | prep_ms=0 | ocr_ms=935 | parse_ms=1 | manual_open_to_ingest_ms=2795
[SINK] committed | file_id=7eefbd0e48dc2b5cfffd089c22b7747ba0f89736 | msg=- | talker=- | create_time=0 | sheet=Página1 | row=379 | ingest_to_commit_ms=1046 | manual_open_to_commit_ms=3841
[SKIP] c31c9609e340eaebbbe4001b3bc046be_.jpg | temp_file_disappeared_after_3_attempts
[RETRY] 5289207c76fdcd4a3108e87b33ed78eb_.jpg | attempt=1 | err=FileNotFoundError: Resolved file disappeared: C:\Users\Felipe\Documents\WeChat Files\wxid_xd3703k0ih2p22\FileStorage\Temp\5289207c76fdcd4a3108e87b33ed78eb_.jpg
[OK] e79827e5d9cd530d61db1d4f3a993e97.dat | cliente=652 | banco=CLEEND | valor=250.0 | data=27/07/2026 19:29 | sink=staged | resolution=direct_image | verification=CONFIRMADO | manual_open_to_claim_ms=2115 | open_ms=4 | prep_ms=61 | ocr_ms=1656 | parse_ms=1 | manual_open_to_ingest_ms=3839
[SINK] committed | file_id=b96fed91db6c2e8b6caceca8a492aaa6b3a09f69 | msg=- | talker=- | create_time=0 | sheet=Página1 | row=380 | ingest_to_commit_ms=1004 | manual_open_to_commit_ms=4843
[SKIP] 029600b525c29d5474e99622394f080f_.jpg | temp_file_disappeared_after_3_attempts
[RETRY] 91ac421372a89e2c483ed3fb0e6b593a_.jpg | attempt=2 | err=FileNotFoundError: Resolved file disappeared: C:\Users\Felipe\Documents\WeChat Files\wxid_xd3703k0ih2p22\FileStorage\Temp\91ac421372a89e2c483ed3fb0e6b593a_.jpg
[RETRY] 9b54ccb991325c033f093c671dc7f7a6_.jpg | attempt=2 | err=FileNotFoundError: Resolved file disappeared: C:\Users\Felipe\Documents\WeChat Files\wxid_xd3703k0ih2p22\FileStorage\Temp\9b54ccb991325c033f093c671dc7f7a6_.jpg
[RETRY] 95bda2464e18bb31e5569b12908de0d1_.jpg | attempt=1 | err=FileNotFoundError: Resolved file disappeared: C:\Users\Felipe\Documents\WeChat Files\wxid_xd3703k0ih2p22\FileStorage\Temp\95bda2464e18bb31e5569b12908de0d1_.jpg
[OK] 384d9ebcf42b167aa977b27edfe8665f.dat | cliente=652 | banco=CLEEND | valor=30.0 | data=27/07/2026 19:53 | sink=staged | resolution=direct_image | verification=CONFIRMADO | manual_open_to_claim_ms=1218 | open_ms=4 | prep_ms=0 | ocr_ms=1791 | parse_ms=1 | manual_open_to_ingest_ms=3018
[SINK] committed | file_id=1553559e9c9ee73647a5b5f57c7339bbe840a212 | msg=- | talker=- | create_time=0 | sheet=Página1 | row=381 | ingest_to_commit_ms=1066 | manual_open_to_commit_ms=4084
[RETRY] a3def8380ebf02472cab8f707966f42e_.jpg | attempt=1 | err=FileNotFoundError: Resolved file disappeared: C:\Users\Felipe\Documents\WeChat Files\wxid_xd3703k0ih2p22\FileStorage\Temp\a3def8380ebf02472cab8f707966f42e_.jpg
[SKIP] 743947e59799f60f00b91b521e62759c_.jpg | temp_file_disappeared_after_3_attempts
[RETRY] 686fc9bd05d8eb26a2c0f80c0a42b398_.jpg | attempt=2 | err=FileNotFoundError: Resolved file disappeared: C:\Users\Felipe\Documents\WeChat Files\wxid_xd3703k0ih2p22\FileStorage\Temp\686fc9bd05d8eb26a2c0f80c0a42b398_.jpg
[OK] bbeaedbce582e0d4e38826b7e95d9450.dat | cliente=652 | banco=CLEEND | valor=170.0 | data=28/07/2026 07:59 | sink=staged | resolution=direct_image | verification=CONFIRMADO | manual_open_to_claim_ms=1620 | open_ms=5 | prep_ms=1 | ocr_ms=1258 | parse_ms=1 | manual_open_to_ingest_ms=2889
[SINK] committed | file_id=4a7eeb7acd7be977848306db5d474f2aab238adf | msg=- | talker=- | create_time=0 | sheet=Página1 | row=382 | ingest_to_commit_ms=1499 | manual_open_to_commit_ms=4389
[RETRY] 7e9419c035d16a66350ffcd87db8b230_.jpg | attempt=1 | err=FileNotFoundError: Resolved file disappeared: C:\Users\Felipe\Documents\WeChat Files\wxid_xd3703k0ih2p22\FileStorage\Temp\7e9419c035d16a66350ffcd87db8b230_.jpg
[SKIP] bf4e53496ccbf8151f6c18f655ad33f0_.jpg | temp_file_disappeared_after_3_attempts
[RETRY] 5289207c76fdcd4a3108e87b33ed78eb_.jpg | attempt=2 | err=FileNotFoundError: Resolved file disappeared: C:\Users\Felipe\Documents\WeChat Files\wxid_xd3703k0ih2p22\FileStorage\Temp\5289207c76fdcd4a3108e87b33ed78eb_.jpg
[OK] ad61363e612a1dfa5550858b64f48484.dat | cliente=652 | banco=CLEEND | valor=250.0 | data=27/07/2026 21:08 | sink=staged | resolution=direct_image | verification=CONFIRMADO | manual_open_to_claim_ms=2052 | open_ms=3 | prep_ms=0 | ocr_ms=1051 | parse_ms=1 | manual_open_to_ingest_ms=3109
[SINK] committed | file_id=a3bcbd29ca68dbc288d1663eb4cb4f0597fb7318 | msg=- | talker=- | create_time=0 | sheet=Página1 | row=383 | ingest_to_commit_ms=1567 | manual_open_to_commit_ms=4677
[SKIP] 61001cfa2f2c353c359dcc29a587f3f9_.jpg | temp_file_disappeared_after_3_attempts
[RETRY] 3d93d28f0736d878d93ef4a86e0b8cac_.jpg | attempt=1 | err=FileNotFoundError: Resolved file disappeared: C:\Users\Felipe\Documents\WeChat Files\wxid_xd3703k0ih2p22\FileStorage\Temp\3d93d28f0736d878d93ef4a86e0b8cac_.jpg
[RETRY] 95bda2464e18bb31e5569b12908de0d1_.jpg | attempt=2 | err=FileNotFoundError: Resolved file disappeared: C:\Users\Felipe\Documents\WeChat Files\wxid_xd3703k0ih2p22\FileStorage\Temp\95bda2464e18bb31e5569b12908de0d1_.jpg
[RETRY] c5f9dcb7b0178e9e95fab44b51f84d1d_.jpg | attempt=1 | err=FileNotFoundError: Resolved file disappeared: C:\Users\Felipe\Documents\WeChat Files\wxid_xd3703k0ih2p22\FileStorage\Temp\c5f9dcb7b0178e9e95fab44b51f84d1d_.jpg
[OK] 563f25fd5757d5cef14bb0db5b39366b.dat | cliente=652 | banco=CLEEND | valor=330.0 | data=27/07/2026 21:52 | sink=staged | resolution=direct_image | verification=CONFIRMADO | manual_open_to_claim_ms=1349 | open_ms=3 | prep_ms=0 | ocr_ms=1956 | parse_ms=1 | manual_open_to_ingest_ms=3314
[SINK] committed | file_id=b33c1d80fbfe1eb5640c1d01736bbb1fb1646824 | msg=- | talker=- | create_time=0 | sheet=Página1 | row=384 | ingest_to_commit_ms=905 | manual_open_to_commit_ms=4218
[SKIP] 943d172769093c1c26119358e78c1553_.jpg | temp_file_disappeared_after_3_attempts
[RETRY] a3def8380ebf02472cab8f707966f42e_.jpg | attempt=2 | err=FileNotFoundError: Resolved file disappeared: C:\Users\Felipe\Documents\WeChat Files\wxid_xd3703k0ih2p22\FileStorage\Temp\a3def8380ebf02472cab8f707966f42e_.jpg
[OK] eb8083b4292020d8bb7fcc1f7c36aeb7.dat | cliente=652 | banco=CLEEND | valor=440.0 | data=27/07/2026 21:58 | sink=staged | resolution=direct_image | verification=CONFIRMADO | manual_open_to_claim_ms=1262 | open_ms=3 | prep_ms=0 | ocr_ms=1384 | parse_ms=1 | manual_open_to_ingest_ms=2653
[SINK] committed | file_id=900d2c56d18c7266bf0fd775efbc1dd6d37c8544 | msg=- | talker=- | create_time=0 | sheet=Página1 | row=385 | ingest_to_commit_ms=908 | manual_open_to_commit_ms=3561
[RETRY] 0223694b41bd58a77213ba5456ec4cfe_.jpg | attempt=1 | err=FileNotFoundError: Resolved file disappeared: C:\Users\Felipe\Documents\WeChat Files\wxid_xd3703k0ih2p22\FileStorage\Temp\0223694b41bd58a77213ba5456ec4cfe_.jpg
[SKIP] f92d31eca1e437fb7603d87072ea5886_.jpg | temp_file_disappeared_after_3_attempts
[RETRY] 7e9419c035d16a66350ffcd87db8b230_.jpg | attempt=2 | err=FileNotFoundError: Resolved file disappeared: C:\Users\Felipe\Documents\WeChat Files\wxid_xd3703k0ih2p22\FileStorage\Temp\7e9419c035d16a66350ffcd87db8b230_.jpg
[OK] 22c9e48b04cea1340bfc6e9bdd2581e5.dat | cliente=652 | banco=CLEEND | valor=210.0 | data=27/07/2026 21:58 | sink=staged | resolution=direct_image | verification=CONFIRMADO | manual_open_to_claim_ms=1118 | open_ms=3 | prep_ms=0 | ocr_ms=1233 | parse_ms=1 | manual_open_to_ingest_ms=2358
[SINK] committed | file_id=42374b0188cbb171543394862cd52775a7b87fa3 | msg=- | talker=- | create_time=0 | sheet=Página1 | row=386 | ingest_to_commit_ms=892 | manual_open_to_commit_ms=3250
[RETRY] 826ce38b06548ac9cde455cf9a2ebfd1_.jpg | attempt=1 | err=FileNotFoundError: Resolved file disappeared: C:\Users\Felipe\Documents\WeChat Files\wxid_xd3703k0ih2p22\FileStorage\Temp\826ce38b06548ac9cde455cf9a2ebfd1_.jpg
[SCAN] reconcile complete | queued_or_refreshed=17
[RETRY] 3d93d28f0736d878d93ef4a86e0b8cac_.jpg | attempt=2 | err=FileNotFoundError: Resolved file disappeared: C:\Users\Felipe\Documents\WeChat Files\wxid_xd3703k0ih2p22\FileStorage\Temp\3d93d28f0736d878d93ef4a86e0b8cac_.jpg
[OK] 52cf9ea95aa210d813e93496317b0ed2.dat | cliente=652 | banco=CLEEND | valor=150.0 | data=27/07/2026 22:22 | sink=staged | resolution=direct_image | verification=CONFIRMADO | manual_open_to_claim_ms=1860 | open_ms=15 | prep_ms=0 | ocr_ms=3572 | parse_ms=2 | manual_open_to_ingest_ms=5455
[SINK] committed | file_id=f24bbec544414bf17c2cc306f6fa97ee02403f05 | msg=- | talker=- | create_time=0 | sheet=Página1 | row=387 | ingest_to_commit_ms=892 | manual_open_to_commit_ms=6347
[SKIP] 91ac421372a89e2c483ed3fb0e6b593a_.jpg | temp_file_disappeared_after_3_attempts
[SKIP] 9b54ccb991325c033f093c671dc7f7a6_.jpg | temp_file_disappeared_after_3_attempts
[RETRY] c5f9dcb7b0178e9e95fab44b51f84d1d_.jpg | attempt=2 | err=FileNotFoundError: Resolved file disappeared: C:\Users\Felipe\Documents\WeChat Files\wxid_xd3703k0ih2p22\FileStorage\Temp\c5f9dcb7b0178e9e95fab44b51f84d1d_.jpg
[RETRY] 8a2b988825b946bbe11a39eb98a96c88_.jpg | attempt=1 | err=FileNotFoundError: Resolved file disappeared: C:\Users\Felipe\Documents\WeChat Files\wxid_xd3703k0ih2p22\FileStorage\Temp\8a2b988825b946bbe11a39eb98a96c88_.jpg
[OK] 136107095e1a8662945b31eef75b8474.dat | cliente=652 | banco=CLEEND | valor=440.0 | data=27/07/2026 22:25 | sink=staged | resolution=direct_image | verification=CONFIRMADO | manual_open_to_claim_ms=1253 | open_ms=3 | prep_ms=0 | ocr_ms=1377 | parse_ms=1 | manual_open_to_ingest_ms=2637
[SINK] committed | file_id=2f2f7fac022b418a4abd9f9be1da07e9eebada5b | msg=- | talker=- | create_time=0 | sheet=Página1 | row=388 | ingest_to_commit_ms=1353 | manual_open_to_commit_ms=3990
[RETRY] 2c92ceb57ce04a215cdb8eb5e2042ad8_.jpg | attempt=1 | err=FileNotFoundError: Resolved file disappeared: C:\Users\Felipe\Documents\WeChat Files\wxid_xd3703k0ih2p22\FileStorage\Temp\2c92ceb57ce04a215cdb8eb5e2042ad8_.jpg
[SKIP] 686fc9bd05d8eb26a2c0f80c0a42b398_.jpg | temp_file_disappeared_after_3_attempts
[RETRY] 0223694b41bd58a77213ba5456ec4cfe_.jpg | attempt=2 | err=FileNotFoundError: Resolved file disappeared: C:\Users\Felipe\Documents\WeChat Files\wxid_xd3703k0ih2p22\FileStorage\Temp\0223694b41bd58a77213ba5456ec4cfe_.jpg
[OK] 45110042afc0e45af618679994bbccad.dat | cliente=652 | banco=CLEEND | valor=220.0 | data=27/07/2026 22:58 | sink=staged | resolution=direct_image | verification=CONFIRMADO | manual_open_to_claim_ms=1144 | open_ms=4 | prep_ms=0 | ocr_ms=2072 | parse_ms=2 | manual_open_to_ingest_ms=3227
[SINK] committed | file_id=b72ed99ef21f66c7eb2206ea4ae6cc2e346286b1 | msg=- | talker=- | create_time=0 | sheet=Página1 | row=389 | ingest_to_commit_ms=968 | manual_open_to_commit_ms=4196
[SKIP] 5289207c76fdcd4a3108e87b33ed78eb_.jpg | temp_file_disappeared_after_3_attempts
[RETRY] 39266949c2fc15ed082e19b1259074e3_.jpg | attempt=1 | err=FileNotFoundError: Resolved file disappeared: C:\Users\Felipe\Documents\WeChat Files\wxid_xd3703k0ih2p22\FileStorage\Temp\39266949c2fc15ed082e19b1259074e3_.jpg
[RETRY] 826ce38b06548ac9cde455cf9a2ebfd1_.jpg | attempt=2 | err=FileNotFoundError: Resolved file disappeared: C:\Users\Felipe\Documents\WeChat Files\wxid_xd3703k0ih2p22\FileStorage\Temp\826ce38b06548ac9cde455cf9a2ebfd1_.jpg
[RETRY] b5cdb0572c44ea3812f83ed4f9f7cf82_.jpg | attempt=1 | err=FileNotFoundError: Resolved file disappeared: C:\Users\Felipe\Documents\WeChat Files\wxid_xd3703k0ih2p22\FileStorage\Temp\b5cdb0572c44ea3812f83ed4f9f7cf82_.jpg
[OK] 73cfe34f41288a51b250be9d42284fdb.dat | cliente=652 | banco=CLEEND | valor=220.0 | data=27/07/2026 23:04 | sink=staged | resolution=direct_image | verification=CONFIRMADO | manual_open_to_claim_ms=1732 | open_ms=4 | prep_ms=0 | ocr_ms=1543 | parse_ms=1 | manual_open_to_ingest_ms=3282
[SINK] committed | file_id=7e27b14d31647dbe14a7d9549efe7273cc5b324b | msg=- | talker=- | create_time=0 | sheet=Página1 | row=390 | ingest_to_commit_ms=905 | manual_open_to_commit_ms=4188
[SKIP] 95bda2464e18bb31e5569b12908de0d1_.jpg | temp_file_disappeared_after_3_attempts
[OK] e5fe53bbeb818377f65ba000e2b825f6.dat | cliente=652 | banco=CLEEND | valor=220.0 | data=27/07/2026 23:14 | sink=staged | resolution=direct_image | verification=CONFIRMADO | manual_open_to_claim_ms=1664 | open_ms=4 | prep_ms=0 | ocr_ms=1898 | parse_ms=1 | manual_open_to_ingest_ms=3570
[SINK] committed | file_id=0280cd12d6826e370ed6fd7bb95d0263a0799a0e | msg=- | talker=- | create_time=0 | sheet=Página1 | row=391 | ingest_to_commit_ms=1206 | manual_open_to_commit_ms=4775
[SKIP] a3def8380ebf02472cab8f707966f42e_.jpg | temp_file_disappeared_after_3_attempts
[RETRY] 8a2b988825b946bbe11a39eb98a96c88_.jpg | attempt=2 | err=FileNotFoundError: Resolved file disappeared: C:\Users\Felipe\Documents\WeChat Files\wxid_xd3703k0ih2p22\FileStorage\Temp\8a2b988825b946bbe11a39eb98a96c88_.jpg
[RETRY] 2a639c35168b3b5d8f3e3260b0b582a1_.jpg | attempt=1 | err=FileNotFoundError: Resolved file disappeared: C:\Users\Felipe\Documents\WeChat Files\wxid_xd3703k0ih2p22\FileStorage\Temp\2a639c35168b3b5d8f3e3260b0b582a1_.jpg
[RETRY] 2c92ceb57ce04a215cdb8eb5e2042ad8_.jpg | attempt=2 | err=FileNotFoundError: Resolved file disappeared: C:\Users\Felipe\Documents\WeChat Files\wxid_xd3703k0ih2p22\FileStorage\Temp\2c92ceb57ce04a215cdb8eb5e2042ad8_.jpg
[OK] 7a8f486b61d0697d9da6f8fcf811e93c.dat | cliente=652 | banco=CLEEND | valor=170.0 | data=27/07/2026 23:47 | sink=staged | resolution=direct_image | verification=CONFIRMADO | manual_open_to_claim_ms=1050 | open_ms=5 | prep_ms=0 | ocr_ms=1847 | parse_ms=1 | manual_open_to_ingest_ms=2906
[SINK] committed | file_id=b6c7a4f2e6da3e32b3cc7195cce9102b3fa94ae3 | msg=- | talker=- | create_time=0 | sheet=Página1 | row=392 | ingest_to_commit_ms=970 | manual_open_to_commit_ms=3876
[RETRY] 90dbf177ad72d7bdc49f157392d58aa9_.jpg | attempt=1 | err=FileNotFoundError: Resolved file disappeared: C:\Users\Felipe\Documents\WeChat Files\wxid_xd3703k0ih2p22\FileStorage\Temp\90dbf177ad72d7bdc49f157392d58aa9_.jpg
[SKIP] 7e9419c035d16a66350ffcd87db8b230_.jpg | temp_file_disappeared_after_3_attempts
[RETRY] 39266949c2fc15ed082e19b1259074e3_.jpg | attempt=2 | err=FileNotFoundError: Resolved file disappeared: C:\Users\Felipe\Documents\WeChat Files\wxid_xd3703k0ih2p22\FileStorage\Temp\39266949c2fc15ed082e19b1259074e3_.jpg
[OK] 953a8c03871bf6f762f787ea4f6e714d.dat | cliente=652 | banco=CLEEND | valor=180.0 | data=27/07/2026 23:44 | sink=staged | resolution=direct_image | verification=CONFIRMADO | manual_open_to_claim_ms=1097 | open_ms=9 | prep_ms=1 | ocr_ms=1731 | parse_ms=1 | manual_open_to_ingest_ms=2844
[SINK] committed | file_id=9fc5bf8afb27ade80a861c18f210d19ed4cedd88 | msg=- | talker=- | create_time=0 | sheet=Página1 | row=393 | ingest_to_commit_ms=1283 | manual_open_to_commit_ms=4127
[RETRY] 7408a69d9b06fb709af7c4ed90b89c06_.jpg | attempt=1 | err=FileNotFoundError: Resolved file disappeared: C:\Users\Felipe\Documents\WeChat Files\wxid_xd3703k0ih2p22\FileStorage\Temp\7408a69d9b06fb709af7c4ed90b89c06_.jpg
[RETRY] b5cdb0572c44ea3812f83ed4f9f7cf82_.jpg | attempt=2 | err=FileNotFoundError: Resolved file disappeared: C:\Users\Felipe\Documents\WeChat Files\wxid_xd3703k0ih2p22\FileStorage\Temp\b5cdb0572c44ea3812f83ed4f9f7cf82_.jpg
[SKIP] 3d93d28f0736d878d93ef4a86e0b8cac_.jpg | temp_file_disappeared_after_3_attempts
[OK] 8657a3ed5bb71c9daea95cea70f2cfd0.dat | cliente=652 | banco=CLEEND | valor=1100.0 | data=27/07/2026 15:20 | sink=staged | resolution=direct_image | verification=CONFIRMADO | manual_open_to_claim_ms=1467 | open_ms=3 | prep_ms=0 | ocr_ms=3203 | parse_ms=2 | manual_open_to_ingest_ms=4680
[SINK] committed | file_id=30b4465994e51ba1c8d955426ad1f4facf18278a | msg=- | talker=- | create_time=0 | sheet=Página1 | row=394 | ingest_to_commit_ms=978 | manual_open_to_commit_ms=5658
[SKIP] c5f9dcb7b0178e9e95fab44b51f84d1d_.jpg | temp_file_disappeared_after_3_attempts
[RETRY] 04e6b7956179d383e3e92e9c171b715d_.jpg | attempt=1 | err=FileNotFoundError: Resolved file disappeared: C:\Users\Felipe\Documents\WeChat Files\wxid_xd3703k0ih2p22\FileStorage\Temp\04e6b7956179d383e3e92e9c171b715d_.jpg
[RETRY] 2a639c35168b3b5d8f3e3260b0b582a1_.jpg | attempt=2 | err=FileNotFoundError: Resolved file disappeared: C:\Users\Felipe\Documents\WeChat Files\wxid_xd3703k0ih2p22\FileStorage\Temp\2a639c35168b3b5d8f3e3260b0b582a1_.jpg
[RETRY] 13a7e9ee43485feece8f96cdcf69bf0e_.jpg | attempt=1 | err=FileNotFoundError: Resolved file disappeared: C:\Users\Felipe\Documents\WeChat Files\wxid_xd3703k0ih2p22\FileStorage\Temp\13a7e9ee43485feece8f96cdcf69bf0e_.jpg
[SKIP] 0223694b41bd58a77213ba5456ec4cfe_.jpg | temp_file_disappeared_after_3_attempts
[OK] ffdb4a53a7e5be5ca599b2702faf7d68.dat | cliente=652 | banco=CLEEND | valor=165.0 | data=27/07/2026 17:45 | sink=staged | resolution=direct_image | verification=CONFIRMADO | manual_open_to_claim_ms=1608 | open_ms=16 | prep_ms=0 | ocr_ms=1716 | parse_ms=1 | manual_open_to_ingest_ms=3345
[SINK] committed | file_id=937c90ac8b164dcacba4d1289ee7feaa9c77babd | msg=- | talker=- | create_time=0 | sheet=Página1 | row=395 | ingest_to_commit_ms=999 | manual_open_to_commit_ms=4343
[OK] a2318d85f2740fae34bb2e16c4b72b2a.dat | cliente=652 | banco=CLEEND | valor=450.0 | data=27/07/2026 19:22 | sink=staged | resolution=direct_image | verification=CONFIRMADO | manual_open_to_claim_ms=1403 | open_ms=4 | prep_ms=0 | ocr_ms=1293 | parse_ms=1 | manual_open_to_ingest_ms=2705
[SINK] committed | file_id=831dafe245de9d3e3244f76eff98598758cfd8bc | msg=- | talker=- | create_time=0 | sheet=Página1 | row=396 | ingest_to_commit_ms=1156 | manual_open_to_commit_ms=3861
[RETRY] 90dbf177ad72d7bdc49f157392d58aa9_.jpg | attempt=2 | err=FileNotFoundError: Resolved file disappeared: C:\Users\Felipe\Documents\WeChat Files\wxid_xd3703k0ih2p22\FileStorage\Temp\90dbf177ad72d7bdc49f157392d58aa9_.jpg
[SKIP] 826ce38b06548ac9cde455cf9a2ebfd1_.jpg | temp_file_disappeared_after_3_attempts
[RETRY] 6fefad40af3fabb12eb5239742a7148b_.jpg | attempt=1 | err=FileNotFoundError: Resolved file disappeared: C:\Users\Felipe\Documents\WeChat Files\wxid_xd3703k0ih2p22\FileStorage\Temp\6fefad40af3fabb12eb5239742a7148b_.jpg
[SCAN] reconcile complete | queued_or_refreshed=17
[RETRY] 7408a69d9b06fb709af7c4ed90b89c06_.jpg | attempt=2 | err=FileNotFoundError: Resolved file disappeared: C:\Users\Felipe\Documents\WeChat Files\wxid_xd3703k0ih2p22\FileStorage\Temp\7408a69d9b06fb709af7c4ed90b89c06_.jpg
[OK] b8ad5abccf886495de7590b2a5bdea8a.dat | cliente=652 | banco=AMD | valor=180.0 | data=27/07/2026 06:29 | sink=staged | resolution=direct_image | verification=CONFIRMADO | manual_open_to_claim_ms=2020 | open_ms=10 | prep_ms=1 | ocr_ms=2728 | parse_ms=2 | manual_open_to_ingest_ms=4768
[SINK] committed | file_id=304f4d489179fef98000851cc707ac733e38e1cb | msg=- | talker=- | create_time=0 | sheet=Página1 | row=397 | ingest_to_commit_ms=955 | manual_open_to_commit_ms=5723
[RETRY] 1b14e0bec13cdab1576b7e7e02d42d39_.jpg | attempt=1 | err=FileNotFoundError: Resolved file disappeared: C:\Users\Felipe\Documents\WeChat Files\wxid_xd3703k0ih2p22\FileStorage\Temp\1b14e0bec13cdab1576b7e7e02d42d39_.jpg
[RETRY] 04e6b7956179d383e3e92e9c171b715d_.jpg | attempt=2 | err=FileNotFoundError: Resolved file disappeared: C:\Users\Felipe\Documents\WeChat Files\wxid_xd3703k0ih2p22\FileStorage\Temp\04e6b7956179d383e3e92e9c171b715d_.jpg
[OK] c10846547c3a0cfa628cbc63443e3831.dat | cliente=652 | banco=AMD | valor=320.0 | data=27/07/2026 14:02 | sink=staged | resolution=direct_image | verification=CONFIRMADO | manual_open_to_claim_ms=1561 | open_ms=4 | prep_ms=0 | ocr_ms=881 | parse_ms=1 | manual_open_to_ingest_ms=2450
[SINK] committed | file_id=1f5d8413053e963781ea91105428744dfa7c3904 | msg=- | talker=- | create_time=0 | sheet=Página1 | row=398 | ingest_to_commit_ms=883 | manual_open_to_commit_ms=3333
[SKIP] 8a2b988825b946bbe11a39eb98a96c88_.jpg | temp_file_disappeared_after_3_attempts
[RETRY] f4533e2bcf03b5eb13e9be0d982028bf_.jpg | attempt=1 | err=FileNotFoundError: Resolved file disappeared: C:\Users\Felipe\Documents\WeChat Files\wxid_xd3703k0ih2p22\FileStorage\Temp\f4533e2bcf03b5eb13e9be0d982028bf_.jpg
[SKIP] 2c92ceb57ce04a215cdb8eb5e2042ad8_.jpg | temp_file_disappeared_after_3_attempts
[RETRY] 13a7e9ee43485feece8f96cdcf69bf0e_.jpg | attempt=2 | err=FileNotFoundError: Resolved file disappeared: C:\Users\Felipe\Documents\WeChat Files\wxid_xd3703k0ih2p22\FileStorage\Temp\13a7e9ee43485feece8f96cdcf69bf0e_.jpg
[OK] e87fb4c49989450c7e5a62f22c25811a.dat | cliente=652 | banco=AMD | valor=260.0 | data=27/07/2026 14:41 | sink=staged | resolution=direct_image | verification=CONFIRMADO | manual_open_to_claim_ms=1041 | open_ms=11 | prep_ms=1 | ocr_ms=3171 | parse_ms=2 | manual_open_to_ingest_ms=4233
[SINK] committed | file_id=1728d1a2de263152ca9306b4ab698b7d5c4cab13 | msg=- | talker=- | create_time=0 | sheet=Página1 | row=399 | ingest_to_commit_ms=978 | manual_open_to_commit_ms=5211
[SKIP] 39266949c2fc15ed082e19b1259074e3_.jpg | temp_file_disappeared_after_3_attempts
[RETRY] 47bcdc0eadc1757c290080faf9b5248e_.jpg | attempt=1 | err=FileNotFoundError: Resolved file disappeared: C:\Users\Felipe\Documents\WeChat Files\wxid_xd3703k0ih2p22\FileStorage\Temp\47bcdc0eadc1757c290080faf9b5248e_.jpg
[RETRY] 6fefad40af3fabb12eb5239742a7148b_.jpg | attempt=2 | err=FileNotFoundError: Resolved file disappeared: C:\Users\Felipe\Documents\WeChat Files\wxid_xd3703k0ih2p22\FileStorage\Temp\6fefad40af3fabb12eb5239742a7148b_.jpg
[OK] b48ec16bdf06c9971a2aee25819b5eb0.dat | cliente=652 | banco=AMD | valor=400.0 | data=27/07/2026 14:02 | sink=staged | resolution=direct_image | verification=CONFIRMADO | manual_open_to_claim_ms=1639 | open_ms=24 | prep_ms=1 | ocr_ms=1445 | parse_ms=1 | manual_open_to_ingest_ms=3115
[SINK] committed | file_id=fe9eb17948d0ba07d135ee6102ea3890c0aa016c | msg=- | talker=- | create_time=0 | sheet=Página1 | row=400 | ingest_to_commit_ms=925 | manual_open_to_commit_ms=4040
[SKIP] b5cdb0572c44ea3812f83ed4f9f7cf82_.jpg | temp_file_disappeared_after_3_attempts
[RETRY] dced94693118466f63d9265f9e4c83d5_.jpg | attempt=1 | err=FileNotFoundError: Resolved file disappeared: C:\Users\Felipe\Documents\WeChat Files\wxid_xd3703k0ih2p22\FileStorage\Temp\dced94693118466f63d9265f9e4c83d5_.jpg
[RETRY] 1b14e0bec13cdab1576b7e7e02d42d39_.jpg | attempt=2 | err=FileNotFoundError: Resolved file disappeared: C:\Users\Felipe\Documents\WeChat Files\wxid_xd3703k0ih2p22\FileStorage\Temp\1b14e0bec13cdab1576b7e7e02d42d39_.jpg
[OK] 7e892c44ae0b9e7840f2092ccb1597ea.dat | cliente=652 | banco=AMD | valor=180.0 | data=27/07/2026 13:29 | sink=staged | resolution=direct_image | verification=CONFIRMADO | manual_open_to_claim_ms=2178 | open_ms=16 | prep_ms=1 | ocr_ms=2012 | parse_ms=2 | manual_open_to_ingest_ms=4213
[SINK] committed | file_id=d53da96aeaaf1a94563ab0465fe55cd9518fee16 | msg=- | talker=- | create_time=0 | sheet=Página1 | row=401 | ingest_to_commit_ms=992 | manual_open_to_commit_ms=5206
[RETRY] f643654c4156b54aa68ad2f530cb6e87_.jpg | attempt=1 | err=FileNotFoundError: Resolved file disappeared: C:\Users\Felipe\Documents\WeChat Files\wxid_xd3703k0ih2p22\FileStorage\Temp\f643654c4156b54aa68ad2f530cb6e87_.jpg
[SKIP] 2a639c35168b3b5d8f3e3260b0b582a1_.jpg | temp_file_disappeared_after_3_attempts
[RETRY] f4533e2bcf03b5eb13e9be0d982028bf_.jpg | attempt=2 | err=FileNotFoundError: Resolved file disappeared: C:\Users\Felipe\Documents\WeChat Files\wxid_xd3703k0ih2p22\FileStorage\Temp\f4533e2bcf03b5eb13e9be0d982028bf_.jpg
[OK] 695be71c9ab3512edd73723cd0761095.dat | cliente=652 | banco=AMD | valor=480.0 | data=27/07/2026 15:08 | sink=staged | resolution=direct_image | verification=CONFIRMADO | manual_open_to_claim_ms=1652 | open_ms=11 | prep_ms=1 | ocr_ms=2010 | parse_ms=2 | manual_open_to_ingest_ms=3678
[SINK] committed | file_id=9100ca68887654af7f1ca8f94b03c3666c54a260 | msg=- | talker=- | create_time=0 | sheet=Página1 | row=402 | ingest_to_commit_ms=1452 | manual_open_to_commit_ms=5130
[RETRY] b09969c73dfe13109e8563f5fdc32ede_.jpg | attempt=1 | err=FileNotFoundError: Resolved file disappeared: C:\Users\Felipe\Documents\WeChat Files\wxid_xd3703k0ih2p22\FileStorage\Temp\b09969c73dfe13109e8563f5fdc32ede_.jpg
[RETRY] 47bcdc0eadc1757c290080faf9b5248e_.jpg | attempt=2 | err=FileNotFoundError: Resolved file disappeared: C:\Users\Felipe\Documents\WeChat Files\wxid_xd3703k0ih2p22\FileStorage\Temp\47bcdc0eadc1757c290080faf9b5248e_.jpg
[OK] 90485a266d52cf0bada57d8205e24d91.dat | cliente=652 | banco=AMD | valor=160.0 | data=28/07/2026 02:14 | sink=staged | resolution=direct_image | verification=CONFIRMADO | manual_open_to_claim_ms=1739 | open_ms=3 | prep_ms=0 | ocr_ms=1093 | parse_ms=1 | manual_open_to_ingest_ms=2840
[SINK] committed | file_id=d3d46d749f984720f7ece72d7766bcc6a7263c40 | msg=- | talker=- | create_time=0 | sheet=Página1 | row=403 | ingest_to_commit_ms=922 | manual_open_to_commit_ms=3762
[SKIP] 90dbf177ad72d7bdc49f157392d58aa9_.jpg | temp_file_disappeared_after_3_attempts
[RETRY] 6654d725c0253c9dd060f1ee3578eb2b_.jpg | attempt=1 | err=FileNotFoundError: Resolved file disappeared: C:\Users\Felipe\Documents\WeChat Files\wxid_xd3703k0ih2p22\FileStorage\Temp\6654d725c0253c9dd060f1ee3578eb2b_.jpg
[SKIP] 7408a69d9b06fb709af7c4ed90b89c06_.jpg | temp_file_disappeared_after_3_attempts
[RETRY] dced94693118466f63d9265f9e4c83d5_.jpg | attempt=2 | err=FileNotFoundError: Resolved file disappeared: C:\Users\Felipe\Documents\WeChat Files\wxid_xd3703k0ih2p22\FileStorage\Temp\dced94693118466f63d9265f9e4c83d5_.jpg
[OK] 9f8dfd6a72c3287171d4d3a00990cad9.dat | cliente=652 | banco=AMD | valor=160.0 | data=27/07/2026 15:15 | sink=staged | resolution=direct_image | verification=CONFIRMADO | manual_open_to_claim_ms=1447 | open_ms=9 | prep_ms=0 | ocr_ms=3158 | parse_ms=2 | manual_open_to_ingest_ms=4621
[SINK] committed | file_id=98d9aa51667bb65c414735c41e09720d849e6933 | msg=- | talker=- | create_time=0 | sheet=Página1 | row=404 | ingest_to_commit_ms=1321 | manual_open_to_commit_ms=5942
[SKIP] 04e6b7956179d383e3e92e9c171b715d_.jpg | temp_file_disappeared_after_3_attempts
[RETRY] 21bcdd339638bc15342b7303e6aeb0ad_.jpg | attempt=1 | err=FileNotFoundError: Resolved file disappeared: C:\Users\Felipe\Documents\WeChat Files\wxid_xd3703k0ih2p22\FileStorage\Temp\21bcdd339638bc15342b7303e6aeb0ad_.jpg
[RETRY] f643654c4156b54aa68ad2f530cb6e87_.jpg | attempt=2 | err=FileNotFoundError: Resolved file disappeared: C:\Users\Felipe\Documents\WeChat Files\wxid_xd3703k0ih2p22\FileStorage\Temp\f643654c4156b54aa68ad2f530cb6e87_.jpg
[OK] 601d626ebe7a493d64025fbc961d98a8.dat | cliente=652 | banco=AMD | valor=200.0 | data=28/07/2026 02:18 | sink=staged | resolution=direct_image | verification=CONFIRMADO | manual_open_to_claim_ms=2174 | open_ms=4 | prep_ms=0 | ocr_ms=1134 | parse_ms=1 | manual_open_to_ingest_ms=3316
[SINK] committed | file_id=8c4cd1a74df19b4b298e461a070b5c4fb285e169 | msg=- | talker=- | create_time=0 | sheet=Página1 | row=405 | ingest_to_commit_ms=1028 | manual_open_to_commit_ms=4344
[SKIP] 13a7e9ee43485feece8f96cdcf69bf0e_.jpg | temp_file_disappeared_after_3_attempts
[RETRY] 11f62ef16131bffd129739f999446175_.jpg | attempt=1 | err=FileNotFoundError: Resolved file disappeared: C:\Users\Felipe\Documents\WeChat Files\wxid_xd3703k0ih2p22\FileStorage\Temp\11f62ef16131bffd129739f999446175_.jpg
[OK] 0b13c00ac58a518fb3f4054df40290d2.dat | cliente=652 | banco=AMD | valor=180.0 | data=27/07/2026 15:18 | sink=staged | resolution=direct_image | verification=CONFIRMADO | manual_open_to_claim_ms=1089 | open_ms=11 | prep_ms=1 | ocr_ms=1479 | parse_ms=1 | manual_open_to_ingest_ms=2584
[SINK] committed | file_id=2cb54b8f681786b8be087ea0f9a0b7a91078b2a1 | msg=- | talker=- | create_time=0 | sheet=Página1 | row=406 | ingest_to_commit_ms=851 | manual_open_to_commit_ms=3435
[RETRY] b09969c73dfe13109e8563f5fdc32ede_.jpg | attempt=2 | err=FileNotFoundError: Resolved file disappeared: C:\Users\Felipe\Documents\WeChat Files\wxid_xd3703k0ih2p22\FileStorage\Temp\b09969c73dfe13109e8563f5fdc32ede_.jpg
[RETRY] a03dcf5b0e60ecd62d5e20139085d659_.jpg | attempt=1 | err=FileNotFoundError: Resolved file disappeared: C:\Users\Felipe\Documents\WeChat Files\wxid_xd3703k0ih2p22\FileStorage\Temp\a03dcf5b0e60ecd62d5e20139085d659_.jpg
[SCAN] reconcile complete | queued_or_refreshed=17
[SKIP] 6fefad40af3fabb12eb5239742a7148b_.jpg | temp_file_disappeared_after_3_attempts
[RETRY] 6654d725c0253c9dd060f1ee3578eb2b_.jpg | attempt=2 | err=FileNotFoundError: Resolved file disappeared: C:\Users\Felipe\Documents\WeChat Files\wxid_xd3703k0ih2p22\FileStorage\Temp\6654d725c0253c9dd060f1ee3578eb2b_.jpg
[RETRY] f165eb27bb0341259b3eedb3ef1db209_.jpg | attempt=1 | err=FileNotFoundError: Resolved file disappeared: C:\Users\Felipe\Documents\WeChat Files\wxid_xd3703k0ih2p22\FileStorage\Temp\f165eb27bb0341259b3eedb3ef1db209_.jpg
[OK] d5be1df11653e73b2faf24c0e52b4ad7.dat | cliente=652 | banco=AMD | valor=520.0 | data=27/07/2026 15:31 | sink=staged | resolution=direct_image | verification=CONFIRMADO | manual_open_to_claim_ms=1222 | open_ms=24 | prep_ms=1 | ocr_ms=2060 | parse_ms=1 | manual_open_to_ingest_ms=3313
[SINK] committed | file_id=d58bc96adf3b64dff79c6f94b54da352fe8c7ac5 | msg=- | talker=- | create_time=0 | sheet=Página1 | row=407 | ingest_to_commit_ms=994 | manual_open_to_commit_ms=4307
[SKIP] 1b14e0bec13cdab1576b7e7e02d42d39_.jpg | temp_file_disappeared_after_3_attempts
[OK] 6715611097413e1033ade685e7836dd7.dat | cliente=652 | banco=AMD | valor=320.0 | data=27/07/2026 16:08 | sink=staged | resolution=direct_image | verification=CONFIRMADO | manual_open_to_claim_ms=1683 | open_ms=10 | prep_ms=0 | ocr_ms=2498 | parse_ms=2 | manual_open_to_ingest_ms=4198
[SINK] committed | file_id=57e31d0ba41c0a7cce7bcf517df7970d41d1d836 | msg=- | talker=- | create_time=0 | sheet=Página1 | row=408 | ingest_to_commit_ms=929 | manual_open_to_commit_ms=5127
[SKIP] f4533e2bcf03b5eb13e9be0d982028bf_.jpg | temp_file_disappeared_after_3_attempts
[RETRY] 21bcdd339638bc15342b7303e6aeb0ad_.jpg | attempt=2 | err=FileNotFoundError: Resolved file disappeared: C:\Users\Felipe\Documents\WeChat Files\wxid_xd3703k0ih2p22\FileStorage\Temp\21bcdd339638bc15342b7303e6aeb0ad_.jpg
[RETRY] 5ecee757cecc85af56ec429fce914c14_.jpg | attempt=1 | err=FileNotFoundError: Resolved file disappeared: C:\Users\Felipe\Documents\WeChat Files\wxid_xd3703k0ih2p22\FileStorage\Temp\5ecee757cecc85af56ec429fce914c14_.jpg
[RETRY] 11f62ef16131bffd129739f999446175_.jpg | attempt=2 | err=FileNotFoundError: Resolved file disappeared: C:\Users\Felipe\Documents\WeChat Files\wxid_xd3703k0ih2p22\FileStorage\Temp\11f62ef16131bffd129739f999446175_.jpg
[OK] b9f3320a270849dcbf3bc8deee5c7ad5.dat | cliente=652 | banco=AMD | valor=480.0 | data=27/07/2026 17:40 | sink=staged | resolution=direct_image | verification=CONFIRMADO | manual_open_to_claim_ms=1527 | open_ms=14 | prep_ms=1 | ocr_ms=2934 | parse_ms=2 | manual_open_to_ingest_ms=4483
[SINK] committed | file_id=b10d8cf72fe28162a89a5909159329ef2da4ba45 | msg=- | talker=- | create_time=0 | sheet=Página1 | row=409 | ingest_to_commit_ms=1240 | manual_open_to_commit_ms=5723
[SKIP] 47bcdc0eadc1757c290080faf9b5248e_.jpg | temp_file_disappeared_after_3_attempts
[RETRY] a03dcf5b0e60ecd62d5e20139085d659_.jpg | attempt=2 | err=FileNotFoundError: Resolved file disappeared: C:\Users\Felipe\Documents\WeChat Files\wxid_xd3703k0ih2p22\FileStorage\Temp\a03dcf5b0e60ecd62d5e20139085d659_.jpg
[RETRY] 9a6826f296b0f810628a82cbf8f6ce01_.jpg | attempt=1 | err=FileNotFoundError: Resolved file disappeared: C:\Users\Felipe\Documents\WeChat Files\wxid_xd3703k0ih2p22\FileStorage\Temp\9a6826f296b0f810628a82cbf8f6ce01_.jpg
[OK] bb164c78fe23eb9c79286df73785758a.dat | cliente=652 | banco=AMD | valor=160.0 | data=27/07/2026 20:52 | sink=staged | resolution=direct_image | verification=CONFIRMADO | manual_open_to_claim_ms=2207 | open_ms=3 | prep_ms=0 | ocr_ms=1749 | parse_ms=1 | manual_open_to_ingest_ms=3963
[SINK] committed | file_id=c0b43a31d7c0e86ca795d61001182316a2071b88 | msg=- | talker=- | create_time=0 | sheet=Página1 | row=410 | ingest_to_commit_ms=1045 | manual_open_to_commit_ms=5008
[RETRY] 2ca22d957f9acc7dd4f708c8cf6697c4_.jpg | attempt=1 | err=FileNotFoundError: Resolved file disappeared: C:\Users\Felipe\Documents\WeChat Files\wxid_xd3703k0ih2p22\FileStorage\Temp\2ca22d957f9acc7dd4f708c8cf6697c4_.jpg
[RETRY] f165eb27bb0341259b3eedb3ef1db209_.jpg | attempt=2 | err=FileNotFoundError: Resolved file disappeared: C:\Users\Felipe\Documents\WeChat Files\wxid_xd3703k0ih2p22\FileStorage\Temp\f165eb27bb0341259b3eedb3ef1db209_.jpg
[SKIP] dced94693118466f63d9265f9e4c83d5_.jpg | temp_file_disappeared_after_3_attempts
[RETRY] 99eb8ba7bf9ef146e0484d40d60bcae6_.jpg | attempt=1 | err=FileNotFoundError: Resolved file disappeared: C:\Users\Felipe\Documents\WeChat Files\wxid_xd3703k0ih2p22\FileStorage\Temp\99eb8ba7bf9ef146e0484d40d60bcae6_.jpg
[OK] bbb427933f1ab2419b21cdb90b0d8c4d.dat | cliente=652 | banco=AMD | valor=220.0 | data=27/07/2026 21:18 | sink=staged | resolution=direct_image | verification=CONFIRMADO | manual_open_to_claim_ms=1594 | open_ms=57 | prep_ms=1 | ocr_ms=1417 | parse_ms=1 | manual_open_to_ingest_ms=3075
[SINK] committed | file_id=77ad370c81afde0aec2d995b789310ca5ae4d818 | msg=- | talker=- | create_time=0 | sheet=Página1 | row=411 | ingest_to_commit_ms=919 | manual_open_to_commit_ms=3995
[SKIP] f643654c4156b54aa68ad2f530cb6e87_.jpg | temp_file_disappeared_after_3_attempts
[RETRY] 5ecee757cecc85af56ec429fce914c14_.jpg | attempt=2 | err=FileNotFoundError: Resolved file disappeared: C:\Users\Felipe\Documents\WeChat Files\wxid_xd3703k0ih2p22\FileStorage\Temp\5ecee757cecc85af56ec429fce914c14_.jpg
[RETRY] f6664055a0dde72d30298fca19df2e7c_.jpg | attempt=1 | err=FileNotFoundError: Resolved file disappeared: C:\Users\Felipe\Documents\WeChat Files\wxid_xd3703k0ih2p22\FileStorage\Temp\f6664055a0dde72d30298fca19df2e7c_.jpg
[OK] ecc822e6420f44a792312c425629ea36.dat | cliente=652 | banco=AMD | valor=160.0 | data=27/07/2026 21:49 | sink=staged | resolution=direct_image | verification=CONFIRMADO | manual_open_to_claim_ms=1904 | open_ms=76 | prep_ms=2 | ocr_ms=2248 | parse_ms=1 | manual_open_to_ingest_ms=4239
[SINK] committed | file_id=9945c649519be2799424e34da83260e490ca990b | msg=- | talker=- | create_time=0 | sheet=Página1 | row=412 | ingest_to_commit_ms=938 | manual_open_to_commit_ms=5177
[SKIP] b09969c73dfe13109e8563f5fdc32ede_.jpg | temp_file_disappeared_after_3_attempts
[RETRY] 9a6826f296b0f810628a82cbf8f6ce01_.jpg | attempt=2 | err=FileNotFoundError: Resolved file disappeared: C:\Users\Felipe\Documents\WeChat Files\wxid_xd3703k0ih2p22\FileStorage\Temp\9a6826f296b0f810628a82cbf8f6ce01_.jpg
[OK] b384aea07d384c30764975dd1684de68.dat | cliente=652 | banco=AMD | valor=260.0 | data=27/07/2026 21:54 | sink=staged | resolution=direct_image | verification=CONFIRMADO | manual_open_to_claim_ms=2231 | open_ms=4 | prep_ms=0 | ocr_ms=1537 | parse_ms=1 | manual_open_to_ingest_ms=3776
[SINK] committed | file_id=bbf9f3b13c53acc7c3343846d716e792680d5e4c | msg=- | talker=- | create_time=0 | sheet=Página1 | row=413 | ingest_to_commit_ms=971 | manual_open_to_commit_ms=4747
[RETRY] 909f502cab5868a93e1f561f10e0511c_.jpg | attempt=1 | err=FileNotFoundError: Resolved file disappeared: C:\Users\Felipe\Documents\WeChat Files\wxid_xd3703k0ih2p22\FileStorage\Temp\909f502cab5868a93e1f561f10e0511c_.jpg
[SKIP] 6654d725c0253c9dd060f1ee3578eb2b_.jpg | temp_file_disappeared_after_3_attempts
[RETRY] 2ca22d957f9acc7dd4f708c8cf6697c4_.jpg | attempt=2 | err=FileNotFoundError: Resolved file disappeared: C:\Users\Felipe\Documents\WeChat Files\wxid_xd3703k0ih2p22\FileStorage\Temp\2ca22d957f9acc7dd4f708c8cf6697c4_.jpg
[OK] 5f4a64ad9601a5fc19880ae3938c930f.dat | cliente=652 | banco=AMD | valor=180.0 | data=20/07/2026 14:18 | sink=staged | resolution=direct_image | verification=CONFIRMADO | manual_open_to_claim_ms=1302 | open_ms=4 | prep_ms=0 | ocr_ms=841 | parse_ms=1 | manual_open_to_ingest_ms=2152
[SINK] committed | file_id=92e059fee41ee529d57b11d93d63a6d3f3d0b66e | msg=- | talker=- | create_time=0 | sheet=Página1 | row=414 | ingest_to_commit_ms=1148 | manual_open_to_commit_ms=3300
[RETRY] adbdc22f539da9725f551b2252d1002f_.jpg | attempt=1 | err=FileNotFoundError: Resolved file disappeared: C:\Users\Felipe\Documents\WeChat Files\wxid_xd3703k0ih2p22\FileStorage\Temp\adbdc22f539da9725f551b2252d1002f_.jpg
[RETRY] 99eb8ba7bf9ef146e0484d40d60bcae6_.jpg | attempt=2 | err=FileNotFoundError: Resolved file disappeared: C:\Users\Felipe\Documents\WeChat Files\wxid_xd3703k0ih2p22\FileStorage\Temp\99eb8ba7bf9ef146e0484d40d60bcae6_.jpg
[OK] 43b6e9607ff1875bf152f9b17793d1a6.dat | cliente=652 | banco=AMD | valor=125.0 | data=27/07/2026 22:28 | sink=staged | resolution=direct_image | verification=CONFIRMADO | manual_open_to_claim_ms=1071 | open_ms=3 | prep_ms=0 | ocr_ms=877 | parse_ms=1 | manual_open_to_ingest_ms=1954
[SINK] committed | file_id=c77a640726840ec13637301e83da573deee17c67 | msg=- | talker=- | create_time=0 | sheet=Página1 | row=415 | ingest_to_commit_ms=1284 | manual_open_to_commit_ms=3238
[SKIP] 21bcdd339638bc15342b7303e6aeb0ad_.jpg | temp_file_disappeared_after_3_attempts
[RETRY] 58ae262696731be54f3ff0e06d134214_.jpg | attempt=1 | err=FileNotFoundError: Resolved file disappeared: C:\Users\Felipe\Documents\WeChat Files\wxid_xd3703k0ih2p22\FileStorage\Temp\58ae262696731be54f3ff0e06d134214_.jpg
[SKIP] 11f62ef16131bffd129739f999446175_.jpg | temp_file_disappeared_after_3_attempts
[RETRY] f6664055a0dde72d30298fca19df2e7c_.jpg | attempt=2 | err=FileNotFoundError: Resolved file disappeared: C:\Users\Felipe\Documents\WeChat Files\wxid_xd3703k0ih2p22\FileStorage\Temp\f6664055a0dde72d30298fca19df2e7c_.jpg
[OK] a4240cbc83e92ffdc408d9bf18191b9d.dat | cliente=652 | banco=AMD | valor=35.0 | data=28/07/2026 09:29 | sink=staged | resolution=direct_image | verification=CONFIRMADO | manual_open_to_claim_ms=1710 | open_ms=5 | prep_ms=0 | ocr_ms=907 | parse_ms=1 | manual_open_to_ingest_ms=2627
[SINK] committed | file_id=5e435eb53d0049b69da14ce70c37f145b27ab598 | msg=- | talker=- | create_time=0 | sheet=Página1 | row=416 | ingest_to_commit_ms=905 | manual_open_to_commit_ms=3531
[RETRY] 936b4567cdbcf302813d6728ef8d132c_.jpg | attempt=1 | err=FileNotFoundError: Resolved file disappeared: C:\Users\Felipe\Documents\WeChat Files\wxid_xd3703k0ih2p22\FileStorage\Temp\936b4567cdbcf302813d6728ef8d132c_.jpg
[SKIP] a03dcf5b0e60ecd62d5e20139085d659_.jpg | temp_file_disappeared_after_3_attempts
[SCAN] reconcile complete | queued_or_refreshed=17
[RETRY] 909f502cab5868a93e1f561f10e0511c_.jpg | attempt=2 | err=FileNotFoundError: Resolved file disappeared: C:\Users\Felipe\Documents\WeChat Files\wxid_xd3703k0ih2p22\FileStorage\Temp\909f502cab5868a93e1f561f10e0511c_.jpg
[OK] 07fc37c775e339e227177e74f5c96fa1.dat | cliente=652 | banco=AMD | valor=160.0 | data=27/07/2026 22:37 | sink=staged | resolution=direct_image | verification=CONFIRMADO | manual_open_to_claim_ms=2173 | open_ms=19 | prep_ms=2 | ocr_ms=2376 | parse_ms=2 | manual_open_to_ingest_ms=4578
[SINK] committed | file_id=6dc1da363a5191f2a54853041de9a03b7f902cdd | msg=- | talker=- | create_time=0 | sheet=Página1 | row=417 | ingest_to_commit_ms=1511 | manual_open_to_commit_ms=6089
[SKIP] f165eb27bb0341259b3eedb3ef1db209_.jpg | temp_file_disappeared_after_3_attempts
[RETRY] adbdc22f539da9725f551b2252d1002f_.jpg | attempt=2 | err=FileNotFoundError: Resolved file disappeared: C:\Users\Felipe\Documents\WeChat Files\wxid_xd3703k0ih2p22\FileStorage\Temp\adbdc22f539da9725f551b2252d1002f_.jpg
[RETRY] 38ccdc54e97c2a1da91d607583fcbacb_.jpg | attempt=1 | err=FileNotFoundError: Resolved file disappeared: C:\Users\Felipe\Documents\WeChat Files\wxid_xd3703k0ih2p22\FileStorage\Temp\38ccdc54e97c2a1da91d607583fcbacb_.jpg
[OK] e65c4156ba05b25f9cbc03a246788452.dat | cliente=652 | banco=CLEEND | valor=280.0 | data=27/07/2026 11:47 | sink=staged | resolution=direct_image | verification=CONFIRMADO | manual_open_to_claim_ms=1153 | open_ms=14 | prep_ms=1 | ocr_ms=2105 | parse_ms=2 | manual_open_to_ingest_ms=3279
[SINK] committed | file_id=403d62c9b8c2d3a6aae84852ff0f87ecdd06c817 | msg=- | talker=- | create_time=0 | sheet=Página1 | row=418 | ingest_to_commit_ms=1008 | manual_open_to_commit_ms=4287
[RETRY] 6469c7c2b22314c20832502b855d064d_.jpg | attempt=1 | err=FileNotFoundError: Resolved file disappeared: C:\Users\Felipe\Documents\WeChat Files\wxid_xd3703k0ih2p22\FileStorage\Temp\6469c7c2b22314c20832502b855d064d_.jpg
[RETRY] 58ae262696731be54f3ff0e06d134214_.jpg | attempt=2 | err=FileNotFoundError: Resolved file disappeared: C:\Users\Felipe\Documents\WeChat Files\wxid_xd3703k0ih2p22\FileStorage\Temp\58ae262696731be54f3ff0e06d134214_.jpg
[SKIP] 5ecee757cecc85af56ec429fce914c14_.jpg | temp_file_disappeared_after_3_attempts
[OK] 7767006e9fb6e4b225537c50eec31655.dat | cliente=652 | banco=CLEEND | valor=120.0 | data=27/07/2026 14:28 | sink=staged | resolution=direct_image | verification=CONFIRMADO | manual_open_to_claim_ms=1589 | open_ms=12 | prep_ms=0 | ocr_ms=2592 | parse_ms=1 | manual_open_to_ingest_ms=4198
[SINK] committed | file_id=bfa2240de0caaa7b1c1ae4fdb3812461e81a582d | msg=- | talker=- | create_time=0 | sheet=Página1 | row=419 | ingest_to_commit_ms=6344 | manual_open_to_commit_ms=10542
[SKIP] 9a6826f296b0f810628a82cbf8f6ce01_.jpg | temp_file_disappeared_after_3_attempts
[RETRY] 936b4567cdbcf302813d6728ef8d132c_.jpg | attempt=2 | err=FileNotFoundError: Resolved file disappeared: C:\Users\Felipe\Documents\WeChat Files\wxid_xd3703k0ih2p22\FileStorage\Temp\936b4567cdbcf302813d6728ef8d132c_.jpg
[RETRY] f44d9a4a069f4b79bcf0dad21cd3aa71_.jpg | attempt=1 | err=FileNotFoundError: Resolved file disappeared: C:\Users\Felipe\Documents\WeChat Files\wxid_xd3703k0ih2p22\FileStorage\Temp\f44d9a4a069f4b79bcf0dad21cd3aa71_.jpg
[OK] 36af69df8eb4665b37a3df4663d0e017.dat | cliente=652 | banco=CLEEND | valor=365.0 | data=27/07/2026 15:02 | sink=staged | resolution=direct_image | verification=CONFIRMADO | manual_open_to_claim_ms=1974 | open_ms=22 | prep_ms=19 | ocr_ms=1440 | parse_ms=1 | manual_open_to_ingest_ms=3461
[SINK] committed | file_id=05cc0e47e6c38dd4e708a1f5a8cf56b26f598dcc | msg=- | talker=- | create_time=0 | sheet=Página1 | row=420 | ingest_to_commit_ms=1467 | manual_open_to_commit_ms=4928
[SKIP] 2ca22d957f9acc7dd4f708c8cf6697c4_.jpg | temp_file_disappeared_after_3_attempts
[RETRY] 3088cad4252d4e835bc110e656c3c348_.jpg | attempt=1 | err=FileNotFoundError: Resolved file disappeared: C:\Users\Felipe\Documents\WeChat Files\wxid_xd3703k0ih2p22\FileStorage\Temp\3088cad4252d4e835bc110e656c3c348_.jpg
[OK] a3740ee50c0501cacad40e23f6dcefc1.dat | cliente=652 | banco=CLEEND | valor=20.0 | data=27/07/2026 16:44 | sink=staged | resolution=direct_image | verification=CONFIRMADO | manual_open_to_claim_ms=1110 | open_ms=19 | prep_ms=1 | ocr_ms=1213 | parse_ms=1 | manual_open_to_ingest_ms=2351
[SINK] committed | file_id=3cc0f660f2bc7e7af25fb141ef56bbe9f4098877 | msg=- | talker=- | create_time=0 | sheet=Página1 | row=421 | ingest_to_commit_ms=1199 | manual_open_to_commit_ms=3550
[SKIP] 99eb8ba7bf9ef146e0484d40d60bcae6_.jpg | temp_file_disappeared_after_3_attempts
[RETRY] 38ccdc54e97c2a1da91d607583fcbacb_.jpg | attempt=2 | err=FileNotFoundError: Resolved file disappeared: C:\Users\Felipe\Documents\WeChat Files\wxid_xd3703k0ih2p22\FileStorage\Temp\38ccdc54e97c2a1da91d607583fcbacb_.jpg
[RETRY] 977888c340a4eadc72521a75b4998795_.jpg | attempt=1 | err=FileNotFoundError: Resolved file disappeared: C:\Users\Felipe\Documents\WeChat Files\wxid_xd3703k0ih2p22\FileStorage\Temp\977888c340a4eadc72521a75b4998795_.jpg
[RETRY] 6469c7c2b22314c20832502b855d064d_.jpg | attempt=2 | err=FileNotFoundError: Resolved file disappeared: C:\Users\Felipe\Documents\WeChat Files\wxid_xd3703k0ih2p22\FileStorage\Temp\6469c7c2b22314c20832502b855d064d_.jpg
[OK] 063ef9076dbe6ae18368449b51e569f8.dat | cliente=652 | banco=CLEEND | valor=180.0 | data=27/07/2026 20:32 | sink=staged | resolution=direct_image | verification=CONFIRMADO | manual_open_to_claim_ms=1575 | open_ms=17 | prep_ms=2 | ocr_ms=3207 | parse_ms=1 | manual_open_to_ingest_ms=4808
[SINK] committed | file_id=5f774f839731116aad9e088e3575621b0f4a9823 | msg=- | talker=- | create_time=0 | sheet=Página1 | row=422 | ingest_to_commit_ms=923 | manual_open_to_commit_ms=5731
[SKIP] f6664055a0dde72d30298fca19df2e7c_.jpg | temp_file_disappeared_after_3_attempts
[RETRY] e7434388950e9c8513e5a48cb380ee75_.jpg | attempt=1 | err=FileNotFoundError: Resolved file disappeared: C:\Users\Felipe\Documents\WeChat Files\wxid_xd3703k0ih2p22\FileStorage\Temp\e7434388950e9c8513e5a48cb380ee75_.jpg
[OK] 45b9aa9ef4c7bc817787a3567a8df0e2.dat | cliente=652 | banco=CLEEND | valor=5.0 | data=27/07/2026 21:24 | sink=staged | resolution=direct_image | verification=CONFIRMADO | manual_open_to_claim_ms=2124 | open_ms=15 | prep_ms=0 | ocr_ms=3165 | parse_ms=2 | manual_open_to_ingest_ms=5312
[SINK] committed | file_id=34cd6f5702b4e3cc28d197e1dbe0107a6a8a4452 | msg=- | talker=- | create_time=0 | sheet=Página1 | row=423 | ingest_to_commit_ms=1018 | manual_open_to_commit_ms=6331
[SKIP] 909f502cab5868a93e1f561f10e0511c_.jpg | temp_file_disappeared_after_3_attempts
[RETRY] f44d9a4a069f4b79bcf0dad21cd3aa71_.jpg | attempt=2 | err=FileNotFoundError: Resolved file disappeared: C:\Users\Felipe\Documents\WeChat Files\wxid_xd3703k0ih2p22\FileStorage\Temp\f44d9a4a069f4b79bcf0dad21cd3aa71_.jpg
[RETRY] 5bc3d1e2ebe24a22caa6f485d00ee092_.jpg | attempt=1 | err=FileNotFoundError: Resolved file disappeared: C:\Users\Felipe\Documents\WeChat Files\wxid_xd3703k0ih2p22\FileStorage\Temp\5bc3d1e2ebe24a22caa6f485d00ee092_.jpg
[RETRY] 3088cad4252d4e835bc110e656c3c348_.jpg | attempt=2 | err=FileNotFoundError: Resolved file disappeared: C:\Users\Felipe\Documents\WeChat Files\wxid_xd3703k0ih2p22\FileStorage\Temp\3088cad4252d4e835bc110e656c3c348_.jpg
[OK] 4f7f10b9a3dcd72e32fa9f57cae37505.dat | cliente=652 | banco=CLEEND | valor=280.0 | data=27/07/2026 21:34 | sink=staged | resolution=direct_image | verification=CONFIRMADO | manual_open_to_claim_ms=1694 | open_ms=9 | prep_ms=1 | ocr_ms=2338 | parse_ms=1 | manual_open_to_ingest_ms=4051
[SINK] committed | file_id=42a35d53e9d4cb1625acd20c836ca0b314e6de18 | msg=- | talker=- | create_time=0 | sheet=Página1 | row=424 | ingest_to_commit_ms=913 | manual_open_to_commit_ms=4964
[SKIP] adbdc22f539da9725f551b2252d1002f_.jpg | temp_file_disappeared_after_3_attempts
[RETRY] 89a8581462487000abed46fe5aada140_.jpg | attempt=1 | err=FileNotFoundError: Resolved file disappeared: C:\Users\Felipe\Documents\WeChat Files\wxid_xd3703k0ih2p22\FileStorage\Temp\89a8581462487000abed46fe5aada140_.jpg
[RETRY] 977888c340a4eadc72521a75b4998795_.jpg | attempt=2 | err=FileNotFoundError: Resolved file disappeared: C:\Users\Felipe\Documents\WeChat Files\wxid_xd3703k0ih2p22\FileStorage\Temp\977888c340a4eadc72521a75b4998795_.jpg
[OK] 7777d7223361706f4b1cfc881be5a518.dat | cliente=652 | banco=CLEEND | valor=185.0 | data=27/07/2026 21:44 | sink=staged | resolution=direct_image | verification=CONFIRMADO | manual_open_to_claim_ms=1843 | open_ms=27 | prep_ms=25 | ocr_ms=1851 | parse_ms=2 | manual_open_to_ingest_ms=3756
[SINK] committed | file_id=00d0dcaade463d6f00167356d9ee2a174a3e3d24 | msg=- | talker=- | create_time=0 | sheet=Página1 | row=425 | ingest_to_commit_ms=1106 | manual_open_to_commit_ms=4862
[SKIP] 58ae262696731be54f3ff0e06d134214_.jpg | temp_file_disappeared_after_3_attempts
[RETRY] 67fe43045d6028ac1aeadfa72b14f2e3_.jpg | attempt=1 | err=FileNotFoundError: Resolved file disappeared: C:\Users\Felipe\Documents\WeChat Files\wxid_xd3703k0ih2p22\FileStorage\Temp\67fe43045d6028ac1aeadfa72b14f2e3_.jpg
[RETRY] e7434388950e9c8513e5a48cb380ee75_.jpg | attempt=2 | err=FileNotFoundError: Resolved file disappeared: C:\Users\Felipe\Documents\WeChat Files\wxid_xd3703k0ih2p22\FileStorage\Temp\e7434388950e9c8513e5a48cb380ee75_.jpg
[OK] ba53bb1293da161e7831fc2164e5b2d4.dat | cliente=652 | banco=AMD | valor=190.0 | data=27/07/2026 08:26 | sink=staged | resolution=direct_image | verification=CONFIRMADO | manual_open_to_claim_ms=2233 | open_ms=9 | prep_ms=0 | ocr_ms=2237 | parse_ms=1 | manual_open_to_ingest_ms=4484
[SINK] committed | file_id=b95ea6c063768f42921e7c3d5dcb3c93c4d6c98a | msg=- | talker=- | create_time=0 | sheet=Página1 | row=426 | ingest_to_commit_ms=1046 | manual_open_to_commit_ms=5530
[RETRY] d2b93b9ea494eae8fe7361ed0fa71065_.jpg | attempt=1 | err=FileNotFoundError: Resolved file disappeared: C:\Users\Felipe\Documents\WeChat Files\wxid_xd3703k0ih2p22\FileStorage\Temp\d2b93b9ea494eae8fe7361ed0fa71065_.jpg
[SCAN] reconcile complete | queued_or_refreshed=17
[OK] 0482f00f54c5e85c8ff35a46f4d71ad8.dat | cliente=652 | banco=AMD | valor=279.0 | data=27/07/2026 08:53 | sink=staged | resolution=direct_image | verification=CONFIRMADO | manual_open_to_claim_ms=3391 | open_ms=4 | prep_ms=0 | ocr_ms=1491 | parse_ms=1 | manual_open_to_ingest_ms=4893
[SINK] committed | file_id=3718127d49c6284f0b69bfc41c80349169ea0f90 | msg=- | talker=- | create_time=0 | sheet=Página1 | row=427 | ingest_to_commit_ms=966 | manual_open_to_commit_ms=5859
[SKIP] 936b4567cdbcf302813d6728ef8d132c_.jpg | temp_file_disappeared_after_3_attempts
[RETRY] 5bc3d1e2ebe24a22caa6f485d00ee092_.jpg | attempt=2 | err=FileNotFoundError: Resolved file disappeared: C:\Users\Felipe\Documents\WeChat Files\wxid_xd3703k0ih2p22\FileStorage\Temp\5bc3d1e2ebe24a22caa6f485d00ee092_.jpg
[RETRY] db13dbcf8631b4732cda6bff623a5d26_.jpg | attempt=1 | err=FileNotFoundError: Resolved file disappeared: C:\Users\Felipe\Documents\WeChat Files\wxid_xd3703k0ih2p22\FileStorage\Temp\db13dbcf8631b4732cda6bff623a5d26_.jpg
[RETRY] 89a8581462487000abed46fe5aada140_.jpg | attempt=2 | err=FileNotFoundError: Resolved file disappeared: C:\Users\Felipe\Documents\WeChat Files\wxid_xd3703k0ih2p22\FileStorage\Temp\89a8581462487000abed46fe5aada140_.jpg
[OK] 430bc1eb8331f4cfc5cd846fb81ca4d6.dat | cliente=652 | banco=AMD | valor=259.0 | data=28/07/2026 08:59 | sink=staged | resolution=direct_image | verification=CONFIRMADO | manual_open_to_claim_ms=1630 | open_ms=6 | prep_ms=1 | ocr_ms=3434 | parse_ms=1 | manual_open_to_ingest_ms=5079
[SINK] committed | file_id=8bfad02e66674becd2b5a086c926f08900c5662c | msg=- | talker=- | create_time=0 | sheet=Página1 | row=428 | ingest_to_commit_ms=946 | manual_open_to_commit_ms=6025
[SKIP] 38ccdc54e97c2a1da91d607583fcbacb_.jpg | temp_file_disappeared_after_3_attempts
[SKIP] 6469c7c2b22314c20832502b855d064d_.jpg | temp_file_disappeared_after_3_attempts
[RETRY] 5e0538f2fe0a46f3953fd7588101d9b3_.jpg | attempt=1 | err=FileNotFoundError: Resolved file disappeared: C:\Users\Felipe\Documents\WeChat Files\wxid_xd3703k0ih2p22\FileStorage\Temp\5e0538f2fe0a46f3953fd7588101d9b3_.jpg
[RETRY] 67fe43045d6028ac1aeadfa72b14f2e3_.jpg | attempt=2 | err=FileNotFoundError: Resolved file disappeared: C:\Users\Felipe\Documents\WeChat Files\wxid_xd3703k0ih2p22\FileStorage\Temp\67fe43045d6028ac1aeadfa72b14f2e3_.jpg
[OK] 3bd7e970094538868dff0e07bd09cbdb.dat | cliente=652 | banco=AMD | valor=199.0 | data=27/07/2026 08:51 | sink=staged | resolution=direct_image | verification=CONFIRMADO | manual_open_to_claim_ms=2070 | open_ms=4 | prep_ms=0 | ocr_ms=2278 | parse_ms=2 | manual_open_to_ingest_ms=4360
[SINK] committed | file_id=0fe4b817bcc0e4ee1ce1e2f6b97de22a876e874d | msg=- | talker=- | create_time=0 | sheet=Página1 | row=429 | ingest_to_commit_ms=1005 | manual_open_to_commit_ms=5364
[RETRY] b094c25966906da3aa6ca742fb219b1b_.jpg | attempt=1 | err=FileNotFoundError: Resolved file disappeared: C:\Users\Felipe\Documents\WeChat Files\wxid_xd3703k0ih2p22\FileStorage\Temp\b094c25966906da3aa6ca742fb219b1b_.jpg
[RETRY] d2b93b9ea494eae8fe7361ed0fa71065_.jpg | attempt=2 | err=FileNotFoundError: Resolved file disappeared: C:\Users\Felipe\Documents\WeChat Files\wxid_xd3703k0ih2p22\FileStorage\Temp\d2b93b9ea494eae8fe7361ed0fa71065_.jpg
[OK] e6aeda83e014bd8a80bf856b3d37b929.dat | cliente=652 | banco=AMD | valor=180.0 | data=27/07/2026 12:51 | sink=staged | resolution=direct_image | verification=CONFIRMADO | manual_open_to_claim_ms=1325 | open_ms=4 | prep_ms=0 | ocr_ms=2356 | parse_ms=1 | manual_open_to_ingest_ms=3691
[SINK] committed | file_id=9a770a4d6cb3dc70f75feb5a99c42e45142e4dc8 | msg=- | talker=- | create_time=0 | sheet=Página1 | row=430 | ingest_to_commit_ms=947 | manual_open_to_commit_ms=4638
[SKIP] f44d9a4a069f4b79bcf0dad21cd3aa71_.jpg | temp_file_disappeared_after_3_attempts
[RETRY] 6e40b25361e25fd83c9d63785e932e24_.jpg | attempt=1 | err=FileNotFoundError: Resolved file disappeared: C:\Users\Felipe\Documents\WeChat Files\wxid_xd3703k0ih2p22\FileStorage\Temp\6e40b25361e25fd83c9d63785e932e24_.jpg
[SKIP] 3088cad4252d4e835bc110e656c3c348_.jpg | temp_file_disappeared_after_3_attempts
[OK] c7115b06cd5d649895445cdfe680e2ba.dat | cliente=652 | banco=AMD | valor=279.0 | data=27/07/2026 13:21 | sink=staged | resolution=direct_image | verification=CONFIRMADO | manual_open_to_claim_ms=1242 | open_ms=4 | prep_ms=0 | ocr_ms=1520 | parse_ms=1 | manual_open_to_ingest_ms=2771
[SINK] committed | file_id=5fba3314ff8fd9245255d39d740d806bcc6088c5 | msg=- | talker=- | create_time=0 | sheet=Página1 | row=431 | ingest_to_commit_ms=1281 | manual_open_to_commit_ms=4053
[RETRY] db13dbcf8631b4732cda6bff623a5d26_.jpg | attempt=2 | err=FileNotFoundError: Resolved file disappeared: C:\Users\Felipe\Documents\WeChat Files\wxid_xd3703k0ih2p22\FileStorage\Temp\db13dbcf8631b4732cda6bff623a5d26_.jpg
[RETRY] fdfbc4076124fd88628adc0e2a6a9436_.jpg | attempt=1 | err=FileNotFoundError: Resolved file disappeared: C:\Users\Felipe\Documents\WeChat Files\wxid_xd3703k0ih2p22\FileStorage\Temp\fdfbc4076124fd88628adc0e2a6a9436_.jpg
[SKIP] 977888c340a4eadc72521a75b4998795_.jpg | temp_file_disappeared_after_3_attempts
[RETRY] 5e0538f2fe0a46f3953fd7588101d9b3_.jpg | attempt=2 | err=FileNotFoundError: Resolved file disappeared: C:\Users\Felipe\Documents\WeChat Files\wxid_xd3703k0ih2p22\FileStorage\Temp\5e0538f2fe0a46f3953fd7588101d9b3_.jpg
[OK] a52594453568c05d93208fa2d83555c1.dat | cliente=652 | banco=AMD | valor=190.0 | data=27/07/2026 13:48 | sink=staged | resolution=direct_image | verification=CONFIRMADO | manual_open_to_claim_ms=1213 | open_ms=8 | prep_ms=1 | ocr_ms=1381 | parse_ms=1 | manual_open_to_ingest_ms=2609
[SINK] committed | file_id=9fe9fdf864931315ae00e5eef9bdec4249c33db3 | msg=- | talker=- | create_time=0 | sheet=Página1 | row=432 | ingest_to_commit_ms=909 | manual_open_to_commit_ms=3518
[RETRY] c115af2f5c9fa4f15f5967826bfac922_.jpg | attempt=1 | err=FileNotFoundError: Resolved file disappeared: C:\Users\Felipe\Documents\WeChat Files\wxid_xd3703k0ih2p22\FileStorage\Temp\c115af2f5c9fa4f15f5967826bfac922_.jpg
[SKIP] e7434388950e9c8513e5a48cb380ee75_.jpg | temp_file_disappeared_after_3_attempts
[RETRY] b094c25966906da3aa6ca742fb219b1b_.jpg | attempt=2 | err=FileNotFoundError: Resolved file disappeared: C:\Users\Felipe\Documents\WeChat Files\wxid_xd3703k0ih2p22\FileStorage\Temp\b094c25966906da3aa6ca742fb219b1b_.jpg
[OK] 4b80df2396883c98ec0319ec13433a0e.dat | cliente=652 | banco=AMD | valor=190.0 | data=27/07/2026 13:59 | sink=staged | resolution=direct_image | verification=CONFIRMADO | manual_open_to_claim_ms=1774 | open_ms=5 | prep_ms=1 | ocr_ms=1873 | parse_ms=2 | manual_open_to_ingest_ms=3661
[SINK] committed | file_id=2a4260ad140dc3ee803605219372da1a21834764 | msg=- | talker=- | create_time=0 | sheet=Página1 | row=433 | ingest_to_commit_ms=952 | manual_open_to_commit_ms=4613
[RETRY] 4ff90e1f3093822a12ff3006d2fcffdf_.jpg | attempt=1 | err=FileNotFoundError: Resolved file disappeared: C:\Users\Felipe\Documents\WeChat Files\wxid_xd3703k0ih2p22\FileStorage\Temp\4ff90e1f3093822a12ff3006d2fcffdf_.jpg
[RETRY] 6e40b25361e25fd83c9d63785e932e24_.jpg | attempt=2 | err=FileNotFoundError: Resolved file disappeared: C:\Users\Felipe\Documents\WeChat Files\wxid_xd3703k0ih2p22\FileStorage\Temp\6e40b25361e25fd83c9d63785e932e24_.jpg
[OK] a1fcbaabf77c368c55e3445281dba68d.dat | cliente=652 | banco=AMD | valor=190.0 | data=27/07/2026 14:06 | sink=staged | resolution=direct_image | verification=CONFIRMADO | manual_open_to_claim_ms=2074 | open_ms=6 | prep_ms=1 | ocr_ms=2081 | parse_ms=2 | manual_open_to_ingest_ms=4169
[SINK] committed | file_id=b5d6d52536164d43fca3188d1cdd4102925cde59 | msg=- | talker=- | create_time=0 | sheet=Página1 | row=434 | ingest_to_commit_ms=970 | manual_open_to_commit_ms=5139
[SKIP] 5bc3d1e2ebe24a22caa6f485d00ee092_.jpg | temp_file_disappeared_after_3_attempts
[SKIP] 89a8581462487000abed46fe5aada140_.jpg | temp_file_disappeared_after_3_attempts
[RETRY] 5a25068d3b5d61bc6f092b109224a090_.jpg | attempt=1 | err=FileNotFoundError: Resolved file disappeared: C:\Users\Felipe\Documents\WeChat Files\wxid_xd3703k0ih2p22\FileStorage\Temp\5a25068d3b5d61bc6f092b109224a090_.jpg
[RETRY] fdfbc4076124fd88628adc0e2a6a9436_.jpg | attempt=2 | err=FileNotFoundError: Resolved file disappeared: C:\Users\Felipe\Documents\WeChat Files\wxid_xd3703k0ih2p22\FileStorage\Temp\fdfbc4076124fd88628adc0e2a6a9436_.jpg
[OK] 7dd61546cc687eb5ca2b567a1b4ab0cd.dat | cliente=652 | banco=AMD | valor=1190.0 | data=28/07/2026 01:31 | sink=staged | resolution=direct_image | verification=CONFIRMADO | manual_open_to_claim_ms=1769 | open_ms=9 | prep_ms=1 | ocr_ms=3142 | parse_ms=1 | manual_open_to_ingest_ms=4928
[SINK] committed | file_id=bfbd7e80586d6d1f1f567984a7ed3427663ab77c | msg=- | talker=- | create_time=0 | sheet=Página1 | row=435 | ingest_to_commit_ms=1004 | manual_open_to_commit_ms=5931
[RETRY] 0cc13785743818e2a2f17151548cf76b_.jpg | attempt=1 | err=FileNotFoundError: Resolved file disappeared: C:\Users\Felipe\Documents\WeChat Files\wxid_xd3703k0ih2p22\FileStorage\Temp\0cc13785743818e2a2f17151548cf76b_.jpg
[SKIP] 67fe43045d6028ac1aeadfa72b14f2e3_.jpg | temp_file_disappeared_after_3_attempts
[RETRY] c115af2f5c9fa4f15f5967826bfac922_.jpg | attempt=2 | err=FileNotFoundError: Resolved file disappeared: C:\Users\Felipe\Documents\WeChat Files\wxid_xd3703k0ih2p22\FileStorage\Temp\c115af2f5c9fa4f15f5967826bfac922_.jpg
[RETRY] 6e6803accdbbfbb0d2d2978727892b32_.jpg | attempt=1 | err=FileNotFoundError: Resolved file disappeared: C:\Users\Felipe\Documents\WeChat Files\wxid_xd3703k0ih2p22\FileStorage\Temp\6e6803accdbbfbb0d2d2978727892b32_.jpg
[OK] c65e406b6d965c06976fda62d52315cc.dat | cliente=652 | banco=CLEEND | valor=280.0 | data=28/07/2026 08:20 | sink=staged | resolution=direct_image | verification=CONFIRMADO | manual_open_to_claim_ms=1391 | open_ms=17 | prep_ms=1 | ocr_ms=4000 | parse_ms=2 | manual_open_to_ingest_ms=5418
[SINK] committed | file_id=e08d909a7148105eda2f674383596ddfe0a77a6d | msg=- | talker=- | create_time=0 | sheet=Página1 | row=436 | ingest_to_commit_ms=996 | manual_open_to_commit_ms=6414
[SCAN] reconcile complete | queued_or_refreshed=17
[SKIP] d2b93b9ea494eae8fe7361ed0fa71065_.jpg | temp_file_disappeared_after_3_attempts
[RETRY] 4ff90e1f3093822a12ff3006d2fcffdf_.jpg | attempt=2 | err=FileNotFoundError: Resolved file disappeared: C:\Users\Felipe\Documents\WeChat Files\wxid_xd3703k0ih2p22\FileStorage\Temp\4ff90e1f3093822a12ff3006d2fcffdf_.jpg
[SKIP] db13dbcf8631b4732cda6bff623a5d26_.jpg | temp_file_disappeared_after_3_attempts
[RETRY] 5a25068d3b5d61bc6f092b109224a090_.jpg | attempt=2 | err=FileNotFoundError: Resolved file disappeared: C:\Users\Felipe\Documents\WeChat Files\wxid_xd3703k0ih2p22\FileStorage\Temp\5a25068d3b5d61bc6f092b109224a090_.jpg
[SKIP] 5e0538f2fe0a46f3953fd7588101d9b3_.jpg | temp_file_disappeared_after_3_attempts
[RETRY] 0cc13785743818e2a2f17151548cf76b_.jpg | attempt=2 | err=FileNotFoundError: Resolved file disappeared: C:\Users\Felipe\Documents\WeChat Files\wxid_xd3703k0ih2p22\FileStorage\Temp\0cc13785743818e2a2f17151548cf76b_.jpg
[RETRY] 6e6803accdbbfbb0d2d2978727892b32_.jpg | attempt=2 | err=FileNotFoundError: Resolved file disappeared: C:\Users\Felipe\Documents\WeChat Files\wxid_xd3703k0ih2p22\FileStorage\Temp\6e6803accdbbfbb0d2d2978727892b32_.jpg
[SKIP] b094c25966906da3aa6ca742fb219b1b_.jpg | temp_file_disappeared_after_3_attempts
[SKIP] 6e40b25361e25fd83c9d63785e932e24_.jpg | temp_file_disappeared_after_3_attempts
[SKIP] fdfbc4076124fd88628adc0e2a6a9436_.jpg | temp_file_disappeared_after_3_attempts
[SKIP] c115af2f5c9fa4f15f5967826bfac922_.jpg | temp_file_disappeared_after_3_attempts
[SKIP] 4ff90e1f3093822a12ff3006d2fcffdf_.jpg | temp_file_disappeared_after_3_attempts
[SKIP] 5a25068d3b5d61bc6f092b109224a090_.jpg | temp_file_disappeared_after_3_attempts
[SKIP] 0cc13785743818e2a2f17151548cf76b_.jpg | temp_file_disappeared_after_3_attempts
[SKIP] 6e6803accdbbfbb0d2d2978727892b32_.jpg | temp_file_disappeared_after_3_attempts
[SCAN] reconcile complete | queued_or_refreshed=7
[HOLD] Bradesco_27072026_UM 22500,00 AMD REPRES..pdf | grupo_sem_mapa=SEM_GRUPO
[HOLD] Bradesco_27072026_UM 22500,00 AMD REPRES.(3).pdf | grupo_sem_mapa=SEM_GRUPO
[HOLD] Bradesco_27072026_UM 47500,00 AMD REPRES.(1).pdf | grupo_sem_mapa=SEM_GRUPO
[SCAN] reconcile complete | queued_or_refreshed=3
[HOLD] Bradesco_27072026_UM 22500,00 AMD REPRES..pdf | grupo_sem_mapa=SEM_GRUPO
[HOLD] Bradesco_27072026_UM 22500,00 AMD REPRES.(3).pdf | grupo_sem_mapa=SEM_GRUPO
[HOLD] Bradesco_27072026_UM 47500,00 AMD REPRES.(1).pdf | grupo_sem_mapa=SEM_GRUPO
[SCAN] reconcile complete | queued_or_refreshed=0
[SCAN] reconcile complete | queued_or_refreshed=0
[HOLD] Bradesco_27072026_UM 22500,00 AMD REPRES..pdf | grupo_sem_mapa=SEM_GRUPO
[HOLD] Bradesco_27072026_UM 22500,00 AMD REPRES.(3).pdf | grupo_sem_mapa=SEM_GRUPO
[HOLD] Bradesco_27072026_UM 47500,00 AMD REPRES.(1).pdf | grupo_sem_mapa=SEM_GRUPO
[OK] cd481ae5044bb32d902bb27ece915d08.dat | cliente=6 | banco=CLEEND | valor=1139.0 | data=27/07/2026 15:22 | sink=staged | resolution=direct_image | verification=CONFIRMADO | manual_open_to_claim_ms=1671 | open_ms=79 | prep_ms=2 | ocr_ms=4385 | parse_ms=2 | manual_open_to_ingest_ms=6168
[SINK] committed | file_id=8514efec3a5ec380fa512e8dc67d760f60681069 | msg=- | talker=- | create_time=0 | sheet=Página1 | row=434 | ingest_to_commit_ms=3908 | manual_open_to_commit_ms=10076
[OK] 3cd8366a8f847e2ca6f869570deaf21b.dat | cliente=6 | banco=CLEEND | valor=5681.0 | data=23/07/2026 14:45 | sink=staged | resolution=direct_image | verification=CONFIRMADO | manual_open_to_claim_ms=8592 | open_ms=20 | prep_ms=1 | ocr_ms=2893 | parse_ms=2 | manual_open_to_ingest_ms=11519
[SINK] committed | file_id=21192ff03dfeace0bf590b510ba283eee704055b | msg=- | talker=- | create_time=0 | sheet=Página1 | row=435 | ingest_to_commit_ms=1936 | manual_open_to_commit_ms=13454
[OK] 54074fe0862466ba801f9075ae3527b7.dat | cliente=6 | banco=CLEEND | valor=3201.0 | data=28/07/2026 - | sink=staged | resolution=direct_image | verification=CONFIRMADO | manual_open_to_claim_ms=4539 | open_ms=12 | prep_ms=91 | ocr_ms=1734 | parse_ms=1 | manual_open_to_ingest_ms=6389
[SINK] committed | file_id=00a525b158eaafdc3f9f49c7a3e75895f0688da6 | msg=- | talker=- | create_time=0 | sheet=Página1 | row=436 | ingest_to_commit_ms=1192 | manual_open_to_commit_ms=7582
[RETRY] af4c271553d079e4658cd86b71645f95_.jpg | attempt=1 | err=FileNotFoundError: Resolved file disappeared: C:\Users\Felipe\Documents\WeChat Files\wxid_xd3703k0ih2p22\FileStorage\Temp\af4c271553d079e4658cd86b71645f95_.jpg
[RETRY] b448a61cf71eefa3ba1d7b5bfb6b897c_.jpg | attempt=1 | err=FileNotFoundError: Resolved file disappeared: C:\Users\Felipe\Documents\WeChat Files\wxid_xd3703k0ih2p22\FileStorage\Temp\b448a61cf71eefa3ba1d7b5bfb6b897c_.jpg
[RETRY] 36e6d1931e09f311b82364edcafe9873_.jpg | attempt=1 | err=FileNotFoundError: Resolved file disappeared: C:\Users\Felipe\Documents\WeChat Files\wxid_xd3703k0ih2p22\FileStorage\Temp\36e6d1931e09f311b82364edcafe9873_.jpg
[OK] 1e3430f11567585f2d499686271f696b.dat | cliente=6 | banco=CLEEND | valor=2500.0 | data=28/07/2026 - | sink=staged | resolution=direct_image | verification=CONFIRMADO | manual_open_to_claim_ms=1563 | open_ms=9 | prep_ms=52 | ocr_ms=1924 | parse_ms=1 | manual_open_to_ingest_ms=3551
[SINK] committed | file_id=8ff7ae451d0405b4ca59bd060dca38b772fa2422 | msg=- | talker=- | create_time=0 | sheet=Página1 | row=437 | ingest_to_commit_ms=1881 | manual_open_to_commit_ms=5432
[RETRY] 658c189d1d99d564a9cde3e76ad2c9a8_.jpg | attempt=1 | err=FileNotFoundError: Resolved file disappeared: C:\Users\Felipe\Documents\WeChat Files\wxid_xd3703k0ih2p22\FileStorage\Temp\658c189d1d99d564a9cde3e76ad2c9a8_.jpg
[OK] 4dd2c72787b9ca42ebada075159103bb.dat | cliente=6 | banco=CLEEND | valor=1990.16 | data=27/07/2026 13:19 | sink=staged | resolution=direct_image | verification=CONFIRMADO | manual_open_to_claim_ms=2187 | open_ms=8 | prep_ms=1 | ocr_ms=2327 | parse_ms=1 | manual_open_to_ingest_ms=4534
[SINK] committed | file_id=94433194a672c8ee5a447add65b77acef53dbbe8 | msg=- | talker=- | create_time=0 | sheet=Página1 | row=438 | ingest_to_commit_ms=1544 | manual_open_to_commit_ms=6078
[RETRY] c18813f620ac5ac69e2ce2271bb578f2_.jpg | attempt=1 | err=FileNotFoundError: Resolved file disappeared: C:\Users\Felipe\Documents\WeChat Files\wxid_xd3703k0ih2p22\FileStorage\Temp\c18813f620ac5ac69e2ce2271bb578f2_.jpg
[OK] 1427b0acbbf0f7ce2aec303ed201a503.dat | cliente=6 | banco=CLEEND | valor=900.0 | data=27/07/2026 14:57 | sink=staged | resolution=direct_image | verification=CONFIRMADO | manual_open_to_claim_ms=1426 | open_ms=18 | prep_ms=1 | ocr_ms=3241 | parse_ms=2 | manual_open_to_ingest_ms=4694
[SINK] committed | file_id=d6964412cb5053a24bb24d72ce89ffa7fb76e93b | msg=- | talker=- | create_time=0 | sheet=Página1 | row=439 | ingest_to_commit_ms=1175 | manual_open_to_commit_ms=5869
[RETRY] 24ace4bc845cabb7ef9ecf9751049202_.jpg | attempt=1 | err=FileNotFoundError: Resolved file disappeared: C:\Users\Felipe\Documents\WeChat Files\wxid_xd3703k0ih2p22\FileStorage\Temp\24ace4bc845cabb7ef9ecf9751049202_.jpg
[OK] 58c0ab73ad95e9a7e132991128489703.dat | cliente=6 | banco=CLEEND | valor=1910.08 | data=28/07/2026 10:55 | sink=staged | resolution=direct_image | verification=CONFIRMADO | manual_open_to_claim_ms=2074 | open_ms=12 | prep_ms=0 | ocr_ms=2614 | parse_ms=2 | manual_open_to_ingest_ms=4707
[SINK] committed | file_id=ef707a1249fabb5f2cd6500c3107e2bc94b0fe0b | msg=- | talker=- | create_time=0 | sheet=Página1 | row=440 | ingest_to_commit_ms=1059 | manual_open_to_commit_ms=5766
[RETRY] af4c271553d079e4658cd86b71645f95_.jpg | attempt=2 | err=FileNotFoundError: Resolved file disappeared: C:\Users\Felipe\Documents\WeChat Files\wxid_xd3703k0ih2p22\FileStorage\Temp\af4c271553d079e4658cd86b71645f95_.jpg
[RETRY] b448a61cf71eefa3ba1d7b5bfb6b897c_.jpg | attempt=2 | err=FileNotFoundError: Resolved file disappeared: C:\Users\Felipe\Documents\WeChat Files\wxid_xd3703k0ih2p22\FileStorage\Temp\b448a61cf71eefa3ba1d7b5bfb6b897c_.jpg
[RETRY] 36e6d1931e09f311b82364edcafe9873_.jpg | attempt=2 | err=FileNotFoundError: Resolved file disappeared: C:\Users\Felipe\Documents\WeChat Files\wxid_xd3703k0ih2p22\FileStorage\Temp\36e6d1931e09f311b82364edcafe9873_.jpg
[RETRY] 0605420c19371cb7b99ba3155232e239_.jpg | attempt=1 | err=FileNotFoundError: Resolved file disappeared: C:\Users\Felipe\Documents\WeChat Files\wxid_xd3703k0ih2p22\FileStorage\Temp\0605420c19371cb7b99ba3155232e239_.jpg
[RETRY] 658c189d1d99d564a9cde3e76ad2c9a8_.jpg | attempt=2 | err=FileNotFoundError: Resolved file disappeared: C:\Users\Felipe\Documents\WeChat Files\wxid_xd3703k0ih2p22\FileStorage\Temp\658c189d1d99d564a9cde3e76ad2c9a8_.jpg
[OK] ffdf269fe5710e11731f8b86b0a199d0.dat | cliente=6 | banco=CLEEND | valor=65.6 | data=28/07/2026 07:53 | sink=staged | resolution=direct_image | verification=CONFIRMADO | manual_open_to_claim_ms=1042 | open_ms=3 | prep_ms=0 | ocr_ms=1773 | parse_ms=2 | manual_open_to_ingest_ms=2830
[SINK] committed | file_id=d39caca9643e51da9ed0c4517dda479c00bb573e | msg=- | talker=- | create_time=0 | sheet=Página1 | row=441 | ingest_to_commit_ms=1176 | manual_open_to_commit_ms=4006
[RETRY] c891e3d3f5da42ba8307ef34cdef02d7_.jpg | attempt=1 | err=FileNotFoundError: Resolved file disappeared: C:\Users\Felipe\Documents\WeChat Files\wxid_xd3703k0ih2p22\FileStorage\Temp\c891e3d3f5da42ba8307ef34cdef02d7_.jpg
[OK] 7c4d394c19e88cec3981270e734f3d65.dat | cliente=6 | banco=CLEEND | valor=560.0 | data=28/07/2026 09:52 | sink=staged | resolution=direct_image | verification=CONFIRMADO | manual_open_to_claim_ms=1483 | open_ms=17 | prep_ms=1 | ocr_ms=2926 | parse_ms=2 | manual_open_to_ingest_ms=4434
[SINK] committed | file_id=05deeeb1876cc8d6a536153c7d37008d46e48b16 | msg=- | talker=- | create_time=0 | sheet=Página1 | row=442 | ingest_to_commit_ms=1042 | manual_open_to_commit_ms=5476
[RETRY] c18813f620ac5ac69e2ce2271bb578f2_.jpg | attempt=2 | err=FileNotFoundError: Resolved file disappeared: C:\Users\Felipe\Documents\WeChat Files\wxid_xd3703k0ih2p22\FileStorage\Temp\c18813f620ac5ac69e2ce2271bb578f2_.jpg
[RETRY] 8684b916764017c3957e5e7b4e0907cc_.jpg | attempt=1 | err=FileNotFoundError: Resolved file disappeared: C:\Users\Felipe\Documents\WeChat Files\wxid_xd3703k0ih2p22\FileStorage\Temp\8684b916764017c3957e5e7b4e0907cc_.jpg
[RETRY] 24ace4bc845cabb7ef9ecf9751049202_.jpg | attempt=2 | err=FileNotFoundError: Resolved file disappeared: C:\Users\Felipe\Documents\WeChat Files\wxid_xd3703k0ih2p22\FileStorage\Temp\24ace4bc845cabb7ef9ecf9751049202_.jpg
[SCAN] reconcile complete | queued_or_refreshed=10
[OK] 2a771fd56dce67b9e016a766fe6362c6.dat | cliente=6 | banco=CLEEND | valor=148.8 | data=27/07/2026 17:16 | sink=staged | resolution=direct_image | verification=CONFIRMADO | manual_open_to_claim_ms=9619 | open_ms=27 | prep_ms=1 | ocr_ms=1865 | parse_ms=1 | manual_open_to_ingest_ms=11518
[SINK] committed | file_id=9523f2bcd4e331e737cd00a5a6db562eebc579e3 | msg=- | talker=- | create_time=0 | sheet=Página1 | row=443 | ingest_to_commit_ms=1012 | manual_open_to_commit_ms=12530
[RETRY] 0605420c19371cb7b99ba3155232e239_.jpg | attempt=2 | err=FileNotFoundError: Resolved file disappeared: C:\Users\Felipe\Documents\WeChat Files\wxid_xd3703k0ih2p22\FileStorage\Temp\0605420c19371cb7b99ba3155232e239_.jpg
[RETRY] 1b355788ec353e73f32f1f9e31b6507d_.jpg | attempt=1 | err=FileNotFoundError: Resolved file disappeared: C:\Users\Felipe\Documents\WeChat Files\wxid_xd3703k0ih2p22\FileStorage\Temp\1b355788ec353e73f32f1f9e31b6507d_.jpg
[RETRY] c891e3d3f5da42ba8307ef34cdef02d7_.jpg | attempt=2 | err=FileNotFoundError: Resolved file disappeared: C:\Users\Felipe\Documents\WeChat Files\wxid_xd3703k0ih2p22\FileStorage\Temp\c891e3d3f5da42ba8307ef34cdef02d7_.jpg
[RETRY] 8684b916764017c3957e5e7b4e0907cc_.jpg | attempt=2 | err=FileNotFoundError: Resolved file disappeared: C:\Users\Felipe\Documents\WeChat Files\wxid_xd3703k0ih2p22\FileStorage\Temp\8684b916764017c3957e5e7b4e0907cc_.jpg
[SKIP] af4c271553d079e4658cd86b71645f95_.jpg | temp_file_disappeared_after_3_attempts
[SKIP] b448a61cf71eefa3ba1d7b5bfb6b897c_.jpg | temp_file_disappeared_after_3_attempts
[SKIP] 36e6d1931e09f311b82364edcafe9873_.jpg | temp_file_disappeared_after_3_attempts
[HOLD] Bradesco_27072026_UM 22500,00 AMD REPRES..pdf | grupo_sem_mapa=SEM_GRUPO
[HOLD] Bradesco_27072026_UM 22500,00 AMD REPRES.(3).pdf | grupo_sem_mapa=SEM_GRUPO
[HOLD] Bradesco_27072026_UM 47500,00 AMD REPRES.(1).pdf | grupo_sem_mapa=SEM_GRUPO
[SKIP] 658c189d1d99d564a9cde3e76ad2c9a8_.jpg | temp_file_disappeared_after_3_attempts
[RETRY] 1b355788ec353e73f32f1f9e31b6507d_.jpg | attempt=2 | err=FileNotFoundError: Resolved file disappeared: C:\Users\Felipe\Documents\WeChat Files\wxid_xd3703k0ih2p22\FileStorage\Temp\1b355788ec353e73f32f1f9e31b6507d_.jpg
[SKIP] c18813f620ac5ac69e2ce2271bb578f2_.jpg | temp_file_disappeared_after_3_attempts
[SKIP] 24ace4bc845cabb7ef9ecf9751049202_.jpg | temp_file_disappeared_after_3_attempts
[SKIP] 0605420c19371cb7b99ba3155232e239_.jpg | temp_file_disappeared_after_3_attempts
[SKIP] c891e3d3f5da42ba8307ef34cdef02d7_.jpg | temp_file_disappeared_after_3_attempts
[SKIP] 8684b916764017c3957e5e7b4e0907cc_.jpg | temp_file_disappeared_after_3_attempts
[SCAN] reconcile complete | queued_or_refreshed=7
[SKIP] 1b355788ec353e73f32f1f9e31b6507d_.jpg | temp_file_disappeared_after_3_attempts
[INFO] Bradesco_27072026_UM 22500,00 AMD REPRES..pdf | grupo_sem_mapa=SEM_GRUPO mas prosseguindo (abertura manual/file_transfer)
[OK] Bradesco_27072026_UM 22500,00 AMD REPRES..pdf | cliente=- | banco=AMD | valor=22500.0 | data=27/07/2026 14:07 | sink=staged | resolution=file_pdf | verification=CONFIRMADO | manual_open_to_claim_ms=488953 | open_ms=56 | prep_ms=0 | ocr_ms=0 | parse_ms=4 | manual_open_to_ingest_ms=489020
[SINK] committed | file_id=9b8978903562535338c9d0a7af247d359d3f360b | msg=- | talker=- | create_time=0 | sheet=Página1 | row=444 | ingest_to_commit_ms=1200 | manual_open_to_commit_ms=490220
[INFO] Bradesco_27072026_UM 22500,00 AMD REPRES.(3).pdf | grupo_sem_mapa=SEM_GRUPO mas prosseguindo (abertura manual/file_transfer)
[OK] Bradesco_27072026_UM 22500,00 AMD REPRES.(3).pdf | cliente=- | banco=AMD | valor=22500.0 | data=27/07/2026 14:07 | sink=staged | resolution=file_pdf | verification=CONFIRMADO | manual_open_to_claim_ms=487027 | open_ms=5 | prep_ms=0 | ocr_ms=0 | parse_ms=3 | manual_open_to_ingest_ms=487038
[SINK] committed | file_id=27f9d8aaebf070797269794a0e7c92032db4e976 | msg=- | talker=- | create_time=0 | sheet=Página1 | row=445 | ingest_to_commit_ms=1249 | manual_open_to_commit_ms=488287
[INFO] Bradesco_27072026_UM 47500,00 AMD REPRES.(1).pdf | grupo_sem_mapa=SEM_GRUPO mas prosseguindo (abertura manual/file_transfer)
[OK] Bradesco_27072026_UM 47500,00 AMD REPRES.(1).pdf | cliente=- | banco=AMD | valor=47500.0 | data=27/07/2026 14:05 | sink=staged | resolution=file_pdf | verification=CONFIRMADO | manual_open_to_claim_ms=488248 | open_ms=7 | prep_ms=0 | ocr_ms=0 | parse_ms=2 | manual_open_to_ingest_ms=488261
[SINK] committed | file_id=fa911340f261cfe28cdcfabd2a013f56cd8b33b5 | msg=- | talker=- | create_time=0 | sheet=Página1 | row=446 | ingest_to_commit_ms=2147 | manual_open_to_commit_ms=490409
[SCAN] reconcile complete | queued_or_refreshed=4
[SCAN] reconcile complete | queued_or_refreshed=0
[HOLD] 1785251233194.png | waiting_temp_context
[SKIP] 1785251233199.png | IGNORED_BY_USER
[SKIP] 186a1277b8d3f61c41f31dfe831f58cf.dat | IGNORED_BY_USER
[SCAN] reconcile complete | queued_or_refreshed=5
[SKIP] 1785251233194.png | IGNORED_BY_USER
[SKIP] 1785251236094.jpg | IGNORED_BY_USER
[SKIP] 1785251236097.jpg | IGNORED_BY_USER
[SKIP] 1785251247798.png | IGNORED_BY_USER
[OK] bc8173d48e36aa1382255ed44f04463d.dat | cliente=6 | banco=CLEEND | valor=2203.0 | data=28/07/2026 11:34 | sink=staged | resolution=direct_image | verification=CONFIRMADO | manual_open_to_claim_ms=1200 | open_ms=4 | prep_ms=0 | ocr_ms=1066 | parse_ms=1 | manual_open_to_ingest_ms=2273
[SINK] committed | file_id=04ec337cffda49270453d61764e7c11c66f23abc | msg=- | talker=- | create_time=0 | sheet=Página1 | row=444 | ingest_to_commit_ms=1239 | manual_open_to_commit_ms=3513
[HOLD] 4764b005c213f3e55e9c1ca6132c5f62_.jpg | waiting_temp_context
[SKIP] 4764b005c213f3e55e9c1ca6132c5f62_.jpg | temp_without_unique_context
[OK] 7f041331cc9098468478f4f4a60834f1.dat | cliente=15 | banco=AMD | valor=2980.0 | data=28/07/2026 12:02 | sink=staged | resolution=direct_image | verification=CONFIRMADO | manual_open_to_claim_ms=1808 | open_ms=14 | prep_ms=1 | ocr_ms=4049 | parse_ms=2 | manual_open_to_ingest_ms=5882
[SINK] committed | file_id=ca66e58573aab34248c5d9ba85b73eaa9d6668ba | msg=- | talker=- | create_time=0 | sheet=Página1 | row=445 | ingest_to_commit_ms=1034 | manual_open_to_commit_ms=6916
[SKIP] 71b51f7f9528d2135e9aec7f4f737397_.jpg | temp_without_unique_context
[HOLD] 5bc9a85e2198c6c4cecdbedd3f064e73_.jpg | waiting_temp_context
[OK] b6e18d8dd6bc0023b01ba2bbba1e32e9.dat | cliente=58 | banco=AMD | valor=2526.0 | data=28/07/2026 10:21 | sink=staged | resolution=direct_image | verification=CONFIRMADO | manual_open_to_claim_ms=1372 | open_ms=23 | prep_ms=46 | ocr_ms=3180 | parse_ms=2 | manual_open_to_ingest_ms=4637
[SINK] committed | file_id=df0ef58425e6f2fc1b233d724b590e5e3bde9c74 | msg=- | talker=- | create_time=0 | sheet=Página1 | row=446 | ingest_to_commit_ms=934 | manual_open_to_commit_ms=5571
[OK] 2f508eb336f900956357ed574f6a475f.dat | cliente=58 | banco=AMD | valor=1500.0 | data=24/07/2026 16:46 | sink=staged | resolution=direct_image | verification=CONFIRMADO | manual_open_to_claim_ms=4823 | open_ms=6 | prep_ms=1 | ocr_ms=1839 | parse_ms=1 | manual_open_to_ingest_ms=6673
[SINK] committed | file_id=079d168cc537f7f8342bfadf43241a934e5e9b6e | msg=- | talker=- | create_time=0 | sheet=Página1 | row=447 | ingest_to_commit_ms=1049 | manual_open_to_commit_ms=7722
[SKIP] 5bc9a85e2198c6c4cecdbedd3f064e73_.jpg | temp_without_unique_context
[SKIP] 4c906b0cc8a77bb82b0a27bbe2bed12c_.jpg | temp_without_unique_context
[OK] 5bbdc9a5e5c7f440a6c04d1f23439f75.dat | cliente=58 | banco=AMD | valor=300.0 | data=28/07/2026 10:16 | sink=staged | resolution=direct_image | verification=CONFIRMADO | manual_open_to_claim_ms=1925 | open_ms=5 | prep_ms=1 | ocr_ms=2061 | parse_ms=1 | manual_open_to_ingest_ms=3996
[SINK] committed | file_id=ff1dac647602a2b37df8d52cb15d80f03c716661 | msg=- | talker=- | create_time=0 | sheet=Página1 | row=448 | ingest_to_commit_ms=1074 | manual_open_to_commit_ms=5070
[HOLD] 8401b58a826955fb93b0dc60c2e94663_.jpg | waiting_temp_context
[SKIP] 8401b58a826955fb93b0dc60c2e94663_.jpg | temp_without_unique_context
[OK] cdc385a2497017bb1a03684bc5bb01df.dat | cliente=58 | banco=AMD | valor=5680.0 | data=28/07/2026 10:55 | sink=staged | resolution=direct_image | verification=CONFIRMADO | manual_open_to_claim_ms=1088 | open_ms=14 | prep_ms=37 | ocr_ms=3270 | parse_ms=2 | manual_open_to_ingest_ms=4420
[SINK] committed | file_id=7c1d268ea43be5d4c37618a307292ba5fca412d8 | msg=- | talker=- | create_time=0 | sheet=Página1 | row=449 | ingest_to_commit_ms=1670 | manual_open_to_commit_ms=6091
[SKIP] 70e895e0ab7f880af92fee18862ef778_.jpg | temp_without_unique_context
[SCAN] reconcile complete | queued_or_refreshed=12
[OK] 1c5f2fc19bab13c8058495352cc175fd.dat | cliente=29 | banco=AMD | valor=14750.0 | data=27/07/2026 15:08 | sink=staged | resolution=direct_image | verification=CONFIRMADO | manual_open_to_claim_ms=2376 | open_ms=6 | prep_ms=1 | ocr_ms=3197 | parse_ms=2 | manual_open_to_ingest_ms=5589
[SINK] committed | file_id=f859f9fb30848a929a6de73f911e2457a4f1b46a | msg=- | talker=- | create_time=0 | sheet=Página1 | row=450 | ingest_to_commit_ms=1237 | manual_open_to_commit_ms=6826
[SKIP] 3ea9bec6cf47a412333777cdc908987b_.jpg | temp_without_unique_context
[OK] 320e643a46f8bbbd2e419bc5254c8196.dat | cliente=65 | banco=AMD | valor=1000.0 | data=27/07/2026 17:02 | sink=staged | resolution=direct_image | verification=CONFIRMADO | manual_open_to_claim_ms=1009 | open_ms=23 | prep_ms=45 | ocr_ms=3517 | parse_ms=1 | manual_open_to_ingest_ms=4607
[SINK] committed | file_id=79ab9f3507baf51a89e3325e75de97035485634d | msg=- | talker=- | create_time=0 | sheet=Página1 | row=451 | ingest_to_commit_ms=1605 | manual_open_to_commit_ms=6212
[OK] 7bf6dcea5cfc563361ff748d4599e37e.dat | cliente=65 | banco=AMD | valor=7000.0 | data=28/07/2026 09:38 | sink=staged | resolution=direct_image | verification=CONFIRMADO | manual_open_to_claim_ms=4920 | open_ms=27 | prep_ms=52 | ocr_ms=2776 | parse_ms=1 | manual_open_to_ingest_ms=7792
[SINK] committed | file_id=3a9b9ef62fd12aa77789fa536e02a7e7b1804020 | msg=- | talker=- | create_time=0 | sheet=Página1 | row=452 | ingest_to_commit_ms=1051 | manual_open_to_commit_ms=8843
[SKIP] 4bb9bf5ead6126fc6b68909e827a4084_.jpg | temp_without_unique_context
[SKIP] 6131ec0ce11b543bdb159bccdd509cef_.jpg | temp_without_unique_context
[OK] a8e5d63010bac9e5501f873087305a14.dat | cliente=116A | banco=AMD | valor=1435.0 | data=28/07/2026 11:29 | sink=staged | resolution=direct_image | verification=CONFIRMADO | manual_open_to_claim_ms=1336 | open_ms=11 | prep_ms=1 | ocr_ms=2678 | parse_ms=2 | manual_open_to_ingest_ms=4049
[SINK] committed | file_id=cfe3be546cd52d7a818c3b306e3288860a60195b | msg=- | talker=- | create_time=0 | sheet=Página1 | row=453 | ingest_to_commit_ms=2433 | manual_open_to_commit_ms=6482
[SKIP] bcf5bc731adb3f8abe3780e14135e308_.jpg | temp_without_unique_context
[OK] 9ce599d1576f1010e0483cf1ad9c6f44.dat | cliente=991 | banco=CLEEND | valor=100000.0 | data=27/07/2026 17:12 | sink=staged | resolution=direct_image | verification=CONFIRMADO | manual_open_to_claim_ms=1019 | open_ms=49 | prep_ms=70 | ocr_ms=2505 | parse_ms=2 | manual_open_to_ingest_ms=3668
[SINK] committed | file_id=d4331f1413502af69a8bdfaa27ec6286fc7aa8ef | msg=- | talker=- | create_time=0 | sheet=Página1 | row=454 | ingest_to_commit_ms=1057 | manual_open_to_commit_ms=4725
[HOLD] bbfdb442f098055d09211fdb6099ad04_.jpg | waiting_temp_context
[OK] 27966c4b4cd418691f4921fea862319f.dat | cliente=991 | banco=CLEEND | valor=10000.0 | data=27/07/2026 18:42 | sink=staged | resolution=direct_image | verification=CONFIRMADO | manual_open_to_claim_ms=1152 | open_ms=33 | prep_ms=50 | ocr_ms=2704 | parse_ms=1 | manual_open_to_ingest_ms=3951
[SINK] committed | file_id=5b70e6a92dc22ed7bc7741d0fe3d42cd026f3f92 | msg=- | talker=- | create_time=0 | sheet=Página1 | row=455 | ingest_to_commit_ms=3011 | manual_open_to_commit_ms=6962
[SKIP] bbfdb442f098055d09211fdb6099ad04_.jpg | temp_without_unique_context
[SKIP] 28a74299c6d6939cae28b6abcd930617_.jpg | temp_without_unique_context
[OK] 046a2d115bc0beea5bab4f400485fa88.dat | cliente=991 | banco=CLEEND | valor=1220.0 | data=28/07/2026 10:31 | sink=staged | resolution=direct_image | verification=CONFIRMADO | manual_open_to_claim_ms=1240 | open_ms=10 | prep_ms=1 | ocr_ms=5140 | parse_ms=2 | manual_open_to_ingest_ms=6399
[SINK] committed | file_id=87a0fa2440c36dcbeb18c0a94115aa543f902a58 | msg=- | talker=- | create_time=0 | sheet=Página1 | row=456 | ingest_to_commit_ms=1170 | manual_open_to_commit_ms=7569
[OK] 4ae6b2f93387178c28603c479953fdf9.dat | cliente=991 | banco=CLEEND | valor=10000.0 | data=28/07/2026 11:53 | sink=staged | resolution=direct_image | verification=CONFIRMADO | manual_open_to_claim_ms=2000 | open_ms=10 | prep_ms=1 | ocr_ms=2522 | parse_ms=1 | manual_open_to_ingest_ms=4540
[SINK] committed | file_id=e66f74d6eddc2c644098aa953641c2a2cb486aaf | msg=- | talker=- | create_time=0 | sheet=Página1 | row=457 | ingest_to_commit_ms=1055 | manual_open_to_commit_ms=5595
[SKIP] 59f706cfc80673a3bd06228799469614_.jpg | temp_without_unique_context
[RETRY] ed23d4c374253641b823229c1ff4969c_.jpg | attempt=1 | err=FileNotFoundError: Resolved file disappeared: C:\Users\Felipe\Documents\WeChat Files\wxid_xd3703k0ih2p22\FileStorage\Temp\ed23d4c374253641b823229c1ff4969c_.jpg
[SCAN] reconcile complete | queued_or_refreshed=14
[OK] 0e55a044c0c5ee23c8d08ca0a78b80cc.dat | cliente=66 | banco=DIAMOND | valor=2171.0 | data=28/07/2026 08:37 | sink=staged | resolution=direct_image | verification=CONFIRMADO | manual_open_to_claim_ms=1629 | open_ms=21 | prep_ms=43 | ocr_ms=1964 | parse_ms=2 | manual_open_to_ingest_ms=3672
[SINK] committed | file_id=8b3a4ae4af279c6019c9a5600d7925ac100716d0 | msg=- | talker=- | create_time=0 | sheet=Página1 | row=458 | ingest_to_commit_ms=1017 | manual_open_to_commit_ms=4689
[HOLD] 0032d87adac8bd3eb852540def8831ee_.jpg | waiting_temp_context
[SKIP] 0032d87adac8bd3eb852540def8831ee_.jpg | temp_without_unique_context
[OK] 947e172a754b4c30d0633e856247f8cc.dat | cliente=66 | banco=DIAMOND | valor=3865.0 | data=28/07/2026 08:51 | sink=staged | resolution=direct_image | verification=CONFIRMADO | manual_open_to_claim_ms=1101 | open_ms=19 | prep_ms=35 | ocr_ms=2482 | parse_ms=2 | manual_open_to_ingest_ms=3649
[SINK] committed | file_id=9f6706c3cbbc45e1dd9d9bd76f9ea45d4c56a995 | msg=- | talker=- | create_time=0 | sheet=Página1 | row=459 | ingest_to_commit_ms=1094 | manual_open_to_commit_ms=4744
[HOLD] 7a452683f3d7190244943ed9a27e47f5_.jpg | waiting_temp_context
[RETRY] ed23d4c374253641b823229c1ff4969c_.jpg | attempt=2 | err=FileNotFoundError: Resolved file disappeared: C:\Users\Felipe\Documents\WeChat Files\wxid_xd3703k0ih2p22\FileStorage\Temp\ed23d4c374253641b823229c1ff4969c_.jpg
[SKIP] 7a452683f3d7190244943ed9a27e47f5_.jpg | temp_without_unique_context
[OK] 939f33fa14a0cfbbace80ab9ac90717a.dat | cliente=66 | banco=DIAMOND | valor=1000.0 | data=28/07/2026 09:51 | sink=staged | resolution=direct_image | verification=CONFIRMADO | manual_open_to_claim_ms=1069 | open_ms=24 | prep_ms=34 | ocr_ms=1932 | parse_ms=2 | manual_open_to_ingest_ms=3070
[SINK] committed | file_id=97ab5262130ec035cf464ba8196d159d3b5a3b42 | msg=- | talker=- | create_time=0 | sheet=Página1 | row=460 | ingest_to_commit_ms=1150 | manual_open_to_commit_ms=4221
[RETRY] ce5cd1a4059064c1c3e2a8fa3e2f4236_.jpg | attempt=1 | err=FileNotFoundError: Resolved file disappeared: C:\Users\Felipe\Documents\WeChat Files\wxid_xd3703k0ih2p22\FileStorage\Temp\ce5cd1a4059064c1c3e2a8fa3e2f4236_.jpg
[RETRY] fc334ce3af6d870bfe6215301017248d_.jpg | attempt=1 | err=FileNotFoundError: Resolved file disappeared: C:\Users\Felipe\Documents\WeChat Files\wxid_xd3703k0ih2p22\FileStorage\Temp\fc334ce3af6d870bfe6215301017248d_.jpg
[OK] 4203c46fdfadb5da23307e2c54a91c41.dat | cliente=66 | banco=DIAMOND | valor=3905.0 | data=28/07/2026 10:42 | sink=staged | resolution=direct_image | verification=CONFIRMADO | manual_open_to_claim_ms=2228 | open_ms=23 | prep_ms=33 | ocr_ms=1381 | parse_ms=1 | manual_open_to_ingest_ms=3676
[SINK] committed | file_id=dd877d111240aa10d204fe2b1b57c73ba8919818 | msg=- | talker=- | create_time=0 | sheet=Página1 | row=461 | ingest_to_commit_ms=995 | manual_open_to_commit_ms=4671
[RETRY] 43d742d5341aa94027b7c70c7890fbe4_.jpg | attempt=1 | err=FileNotFoundError: Resolved file disappeared: C:\Users\Felipe\Documents\WeChat Files\wxid_xd3703k0ih2p22\FileStorage\Temp\43d742d5341aa94027b7c70c7890fbe4_.jpg
[OK] fbae994d6c6cbb7cf07ae460138fc7ba.dat | cliente=66 | banco=DIAMOND | valor=1372.0 | data=28/07/2020 11:24 | sink=staged | resolution=direct_image | verification=CONFIRMADO | manual_open_to_claim_ms=1641 | open_ms=18 | prep_ms=33 | ocr_ms=2107 | parse_ms=1 | manual_open_to_ingest_ms=3810
[SINK] committed | file_id=ea0312059f7ed2fbfdf4e39bc3a39dda03d2dccd | msg=- | talker=- | create_time=0 | sheet=Página1 | row=462 | ingest_to_commit_ms=1064 | manual_open_to_commit_ms=4874
[RETRY] f7025903a7c9388bb075a99e85e7e507_.jpg | attempt=1 | err=FileNotFoundError: Resolved file disappeared: C:\Users\Felipe\Documents\WeChat Files\wxid_xd3703k0ih2p22\FileStorage\Temp\f7025903a7c9388bb075a99e85e7e507_.jpg
[OK] ac54c9db4b50ec466a5b1ef91af16d51.dat | cliente=66 | banco=DIAMOND | valor=5800.0 | data=28/07/2026 11:31 | sink=staged | resolution=direct_image | verification=CONFIRMADO | manual_open_to_claim_ms=1440 | open_ms=35 | prep_ms=54 | ocr_ms=3524 | parse_ms=4 | manual_open_to_ingest_ms=5075
[SINK] committed | file_id=b7371280ed13ddb29dff7f725530a2e49e2eb3c3 | msg=- | talker=- | create_time=0 | sheet=Página1 | row=463 | ingest_to_commit_ms=1187 | manual_open_to_commit_ms=6261
[RETRY] ce5cd1a4059064c1c3e2a8fa3e2f4236_.jpg | attempt=2 | err=FileNotFoundError: Resolved file disappeared: C:\Users\Felipe\Documents\WeChat Files\wxid_xd3703k0ih2p22\FileStorage\Temp\ce5cd1a4059064c1c3e2a8fa3e2f4236_.jpg
[RETRY] fc334ce3af6d870bfe6215301017248d_.jpg | attempt=2 | err=FileNotFoundError: Resolved file disappeared: C:\Users\Felipe\Documents\WeChat Files\wxid_xd3703k0ih2p22\FileStorage\Temp\fc334ce3af6d870bfe6215301017248d_.jpg
[RETRY] 43d742d5341aa94027b7c70c7890fbe4_.jpg | attempt=2 | err=FileNotFoundError: Resolved file disappeared: C:\Users\Felipe\Documents\WeChat Files\wxid_xd3703k0ih2p22\FileStorage\Temp\43d742d5341aa94027b7c70c7890fbe4_.jpg
[SKIP] ed23d4c374253641b823229c1ff4969c_.jpg | temp_file_disappeared_after_3_attempts
[RETRY] f7025903a7c9388bb075a99e85e7e507_.jpg | attempt=2 | err=FileNotFoundError: Resolved file disappeared: C:\Users\Felipe\Documents\WeChat Files\wxid_xd3703k0ih2p22\FileStorage\Temp\f7025903a7c9388bb075a99e85e7e507_.jpg
[SCAN] reconcile complete | queued_or_refreshed=14
[SKIP] ce5cd1a4059064c1c3e2a8fa3e2f4236_.jpg | temp_file_disappeared_after_3_attempts
[SKIP] fc334ce3af6d870bfe6215301017248d_.jpg | temp_file_disappeared_after_3_attempts
[SKIP] 43d742d5341aa94027b7c70c7890fbe4_.jpg | temp_file_disappeared_after_3_attempts
[SKIP] f7025903a7c9388bb075a99e85e7e507_.jpg | temp_file_disappeared_after_3_attempts
[SCAN] reconcile complete | queued_or_refreshed=6
[SCAN] reconcile complete | queued_or_refreshed=0
[SCAN] reconcile complete | queued_or_refreshed=0
[SCAN] reconcile complete | queued_or_refreshed=0
[SCAN] reconcile complete | queued_or_refreshed=0
[SCAN] reconcile complete | queued_or_refreshed=0
[SCAN] reconcile complete | queued_or_refreshed=0
[SCAN] reconcile complete | queued_or_refreshed=0
[SCAN] reconcile complete | queued_or_refreshed=0
[SCAN] reconcile complete | queued_or_refreshed=0
[SCAN] reconcile complete | queued_or_refreshed=0
[SCAN] reconcile complete | queued_or_refreshed=0
[SCAN] reconcile complete | queued_or_refreshed=0
[SCAN] reconcile complete | queued_or_refreshed=0
[SCAN] reconcile complete | queued_or_refreshed=0
[SCAN] reconcile complete | queued_or_refreshed=0
[SCAN] reconcile complete | queued_or_refreshed=0
[SCAN] reconcile complete | queued_or_refreshed=0
[SCAN] reconcile complete | queued_or_refreshed=0
[SCAN] reconcile complete | queued_or_refreshed=0
[SKIP] e0292a5d253279d7305fd30e90c705f8.dat | IGNORED_BY_USER
[RETRY] a9b2de250081719065a17c5c5da97507_.jpg | attempt=1 | err=FileNotFoundError: Resolved file disappeared: C:\Users\Felipe\Documents\WeChat Files\wxid_xd3703k0ih2p22\FileStorage\Temp\a9b2de250081719065a17c5c5da97507_.jpg
[SKIP] b259e55c4de25ceb0b1849dd733c4f5b.dat | IGNORED_BY_USER
[RETRY] 2b89fca3dc302d2a870a11cce18ce51d_.jpg | attempt=1 | err=FileNotFoundError: Resolved file disappeared: C:\Users\Felipe\Documents\WeChat Files\wxid_xd3703k0ih2p22\FileStorage\Temp\2b89fca3dc302d2a870a11cce18ce51d_.jpg
[SCAN] reconcile complete | queued_or_refreshed=2
[RETRY] a9b2de250081719065a17c5c5da97507_.jpg | attempt=2 | err=FileNotFoundError: Resolved file disappeared: C:\Users\Felipe\Documents\WeChat Files\wxid_xd3703k0ih2p22\FileStorage\Temp\a9b2de250081719065a17c5c5da97507_.jpg
[RETRY] 2b89fca3dc302d2a870a11cce18ce51d_.jpg | attempt=2 | err=FileNotFoundError: Resolved file disappeared: C:\Users\Felipe\Documents\WeChat Files\wxid_xd3703k0ih2p22\FileStorage\Temp\2b89fca3dc302d2a870a11cce18ce51d_.jpg
[SKIP] a9b2de250081719065a17c5c5da97507_.jpg | temp_file_disappeared_after_3_attempts
[SKIP] 2b89fca3dc302d2a870a11cce18ce51d_.jpg | temp_file_disappeared_after_3_attempts
[SCAN] reconcile complete | queued_or_refreshed=2
[SCAN] reconcile complete | queued_or_refreshed=2
[SCAN] reconcile complete | queued_or_refreshed=0
[SCAN] reconcile complete | queued_or_refreshed=0
[SCAN] reconcile complete | queued_or_refreshed=0
[SCAN] reconcile complete | queued_or_refreshed=0
[SCAN] reconcile complete | queued_or_refreshed=0
[SCAN] reconcile complete | queued_or_refreshed=0
[SCAN] reconcile complete | queued_or_refreshed=0
[SCAN] reconcile complete | queued_or_refreshed=0
[SCAN] reconcile complete | queued_or_refreshed=0
[SCAN] reconcile complete | queued_or_refreshed=0
[SCAN] reconcile complete | queued_or_refreshed=0
[SCAN] reconcile complete | queued_or_refreshed=0
[SCAN] reconcile complete | queued_or_refreshed=0
[SCAN] reconcile complete | queued_or_refreshed=0
[SCAN] reconcile complete | queued_or_refreshed=0
[SCAN] reconcile complete | queued_or_refreshed=0
[SCAN] reconcile complete | queued_or_refreshed=0
[SCAN] reconcile complete | queued_or_refreshed=0
[SCAN] reconcile complete | queued_or_refreshed=0
[SCAN] reconcile complete | queued_or_refreshed=0
[SCAN] reconcile complete | queued_or_refreshed=0
[SCAN] reconcile complete | queued_or_refreshed=0
[SCAN] reconcile complete | queued_or_refreshed=0
[SCAN] reconcile complete | queued_or_refreshed=0
[SCAN] reconcile complete | queued_or_refreshed=0
[SCAN] reconcile complete | queued_or_refreshed=0
[SCAN] reconcile complete | queued_or_refreshed=0
[SCAN] reconcile complete | queued_or_refreshed=0
[SCAN] reconcile complete | queued_or_refreshed=0
[SCAN] reconcile complete | queued_or_refreshed=0
[SCAN] reconcile complete | queued_or_refreshed=0
[SCAN] reconcile complete | queued_or_refreshed=0
[SCAN] reconcile complete | queued_or_refreshed=0
[OK] f3d959198a905725ac287f2170200cd8.dat | cliente=991 | banco=CLEEND | valor=23900.0 | data=28/07/2026 12:23 | sink=staged | resolution=direct_image | verification=CONFIRMADO | manual_open_to_claim_ms=2195 | open_ms=29 | prep_ms=1 | ocr_ms=3032 | parse_ms=2 | manual_open_to_ingest_ms=5280
[SINK] committed | file_id=3c2e3fbde34d2c964601e0db9ec110655123bbf1 | msg=- | talker=- | create_time=0 | sheet=Página1 | row=464 | ingest_to_commit_ms=2253 | manual_open_to_commit_ms=7532
[SKIP] 52f04a9cba126e5bb32c460af6d3c828_.jpg | temp_without_unique_context
[OK] e427b67fd4f9f6069045b87f449ba720.dat | cliente=6 | banco=CLEEND | valor=250.0 | data=27/07/2026 17:35 | sink=staged | resolution=direct_image | verification=CONFIRMADO | manual_open_to_claim_ms=1402 | open_ms=14 | prep_ms=0 | ocr_ms=2632 | parse_ms=1 | manual_open_to_ingest_ms=4057
[SINK] committed | file_id=b6c2dea9b7d9b38630d99d0e668779ff778e2c1f | msg=- | talker=- | create_time=0 | sheet=Página1 | row=465 | ingest_to_commit_ms=1023 | manual_open_to_commit_ms=5080
[HOLD] a89c0a6e06c14532d086d0d5afaa51ff_.jpg | waiting_temp_context
[SKIP] a89c0a6e06c14532d086d0d5afaa51ff_.jpg | temp_without_unique_context
[SCAN] reconcile complete | queued_or_refreshed=2
[OK] 8ed75eb2b8bb3b657a8a49b4a98d1b92.dat | cliente=6 | banco=CLEEND | valor=536.0 | data=27/07/2026 19:07 | sink=staged | resolution=direct_image | verification=CONFIRMADO | manual_open_to_claim_ms=1593 | open_ms=14 | prep_ms=1 | ocr_ms=2878 | parse_ms=2 | manual_open_to_ingest_ms=4493
[SINK] committed | file_id=8321675c9eeeb85efa55ed8191b5f1017f2052ca | msg=- | talker=- | create_time=0 | sheet=Página1 | row=466 | ingest_to_commit_ms=1058 | manual_open_to_commit_ms=5551
[RETRY] 39684665a88678361eec34b6974a50fe_.jpg | attempt=1 | err=FileNotFoundError: Resolved file disappeared: C:\Users\Felipe\Documents\WeChat Files\wxid_xd3703k0ih2p22\FileStorage\Temp\39684665a88678361eec34b6974a50fe_.jpg
[OK] e259b572687f6246494c3d019a1b834a.dat | cliente=6 | banco=CLEEND | valor=830.0 | data=28/07/2026 11:12 | sink=staged | resolution=direct_image | verification=CONFIRMADO | manual_open_to_claim_ms=1800 | open_ms=18 | prep_ms=1 | ocr_ms=1195 | parse_ms=1 | manual_open_to_ingest_ms=3018
[SINK] committed | file_id=b22eda8f84131a674d7d384ad929f8621c9b7f88 | msg=- | talker=- | create_time=0 | sheet=Página1 | row=467 | ingest_to_commit_ms=1077 | manual_open_to_commit_ms=4095
[RETRY] da2181b1969a95d2364118bc80efad44_.jpg | attempt=1 | err=FileNotFoundError: Resolved file disappeared: C:\Users\Felipe\Documents\WeChat Files\wxid_xd3703k0ih2p22\FileStorage\Temp\da2181b1969a95d2364118bc80efad44_.jpg
[OK] 4e17e736e0e48692cf8984409329a7e0.dat | cliente=6 | banco=CLEEND | valor=112.0 | data=25/07/2026 09:54 | sink=staged | resolution=direct_image | verification=CONFIRMADO | manual_open_to_claim_ms=1596 | open_ms=16 | prep_ms=1 | ocr_ms=2661 | parse_ms=1 | manual_open_to_ingest_ms=4279
[SINK] committed | file_id=cbbbce538bc4c5762671101a6b38cf4ef06f1ed5 | msg=- | talker=- | create_time=0 | sheet=Página1 | row=468 | ingest_to_commit_ms=985 | manual_open_to_commit_ms=5265
[RETRY] 6c139378eb054ad21ecd8e071daf5b75_.jpg | attempt=1 | err=FileNotFoundError: Resolved file disappeared: C:\Users\Felipe\Documents\WeChat Files\wxid_xd3703k0ih2p22\FileStorage\Temp\6c139378eb054ad21ecd8e071daf5b75_.jpg
[OK] 72096679effdecec15f2c6d616003926.dat | cliente=6 | banco=CLEEND | valor=280.0 | data=25/07/2026 13:01 | sink=staged | resolution=direct_image | verification=CONFIRMADO | manual_open_to_claim_ms=1502 | open_ms=14 | prep_ms=1 | ocr_ms=2898 | parse_ms=2 | manual_open_to_ingest_ms=4425
[SINK] committed | file_id=860e6a69bbb304f7c56cc90cff6949655a1b04b5 | msg=- | talker=- | create_time=0 | sheet=Página1 | row=469 | ingest_to_commit_ms=983 | manual_open_to_commit_ms=5408
[RETRY] de086bca5071ed81d85f514c28094761_.jpg | attempt=1 | err=FileNotFoundError: Resolved file disappeared: C:\Users\Felipe\Documents\WeChat Files\wxid_xd3703k0ih2p22\FileStorage\Temp\de086bca5071ed81d85f514c28094761_.jpg
[RETRY] 39684665a88678361eec34b6974a50fe_.jpg | attempt=2 | err=FileNotFoundError: Resolved file disappeared: C:\Users\Felipe\Documents\WeChat Files\wxid_xd3703k0ih2p22\FileStorage\Temp\39684665a88678361eec34b6974a50fe_.jpg
[OK] dc0d6bb7242a22b02ed253b968baa449.dat | cliente=6 | banco=CLEEND | valor=20000.0 | data=26/07/2026 21:31 | sink=staged | resolution=direct_image | verification=CONFIRMADO | manual_open_to_claim_ms=1704 | open_ms=14 | prep_ms=1 | ocr_ms=2686 | parse_ms=2 | manual_open_to_ingest_ms=4412
[SINK] committed | file_id=cfd8101d3ffbdb380a348a5b897dc840e47ca1e8 | msg=- | talker=- | create_time=0 | sheet=Página1 | row=470 | ingest_to_commit_ms=958 | manual_open_to_commit_ms=5370
[RETRY] a8a9f25878898a10780065b83fd0890a_.jpg | attempt=1 | err=FileNotFoundError: Resolved file disappeared: C:\Users\Felipe\Documents\WeChat Files\wxid_xd3703k0ih2p22\FileStorage\Temp\a8a9f25878898a10780065b83fd0890a_.jpg
[RETRY] da2181b1969a95d2364118bc80efad44_.jpg | attempt=2 | err=FileNotFoundError: Resolved file disappeared: C:\Users\Felipe\Documents\WeChat Files\wxid_xd3703k0ih2p22\FileStorage\Temp\da2181b1969a95d2364118bc80efad44_.jpg
[OK] b3e172dc9aa50c949fb118d466c33b05.dat | cliente=6 | banco=CLEEND | valor=105.0 | data=25/07/2026 14:58 | sink=staged | resolution=direct_image | verification=CONFIRMADO | manual_open_to_claim_ms=1600 | open_ms=24 | prep_ms=1 | ocr_ms=2103 | parse_ms=1 | manual_open_to_ingest_ms=3736
[SINK] committed | file_id=eb2e1dc7bcf2a31cb9f79451f10ee5f1eb822654 | msg=- | talker=- | create_time=0 | sheet=Página1 | row=471 | ingest_to_commit_ms=2175 | manual_open_to_commit_ms=5912
[RETRY] 580c55395cfcc822a3440db6279262b0_.jpg | attempt=1 | err=FileNotFoundError: Resolved file disappeared: C:\Users\Felipe\Documents\WeChat Files\wxid_xd3703k0ih2p22\FileStorage\Temp\580c55395cfcc822a3440db6279262b0_.jpg
[RETRY] 6c139378eb054ad21ecd8e071daf5b75_.jpg | attempt=2 | err=FileNotFoundError: Resolved file disappeared: C:\Users\Felipe\Documents\WeChat Files\wxid_xd3703k0ih2p22\FileStorage\Temp\6c139378eb054ad21ecd8e071daf5b75_.jpg
[OK] 3bc45b6067ed9b17c404aae3c88cb246.dat | cliente=6 | banco=CLEEND | valor=240.0 | data=24/07/2026 17:41 | sink=staged | resolution=direct_image | verification=CONFIRMADO | manual_open_to_claim_ms=2167 | open_ms=3 | prep_ms=0 | ocr_ms=1354 | parse_ms=1 | manual_open_to_ingest_ms=3528
[SINK] committed | file_id=c43a3e1795d4517603fe57477ef58afcd54691f4 | msg=- | talker=- | create_time=0 | sheet=Página1 | row=472 | ingest_to_commit_ms=974 | manual_open_to_commit_ms=4502
[RETRY] 75a624b41eed7b6d414163533e746521_.jpg | attempt=1 | err=FileNotFoundError: Resolved file disappeared: C:\Users\Felipe\Documents\WeChat Files\wxid_xd3703k0ih2p22\FileStorage\Temp\75a624b41eed7b6d414163533e746521_.jpg
[RETRY] de086bca5071ed81d85f514c28094761_.jpg | attempt=2 | err=FileNotFoundError: Resolved file disappeared: C:\Users\Felipe\Documents\WeChat Files\wxid_xd3703k0ih2p22\FileStorage\Temp\de086bca5071ed81d85f514c28094761_.jpg
[RETRY] a8a9f25878898a10780065b83fd0890a_.jpg | attempt=2 | err=FileNotFoundError: Resolved file disappeared: C:\Users\Felipe\Documents\WeChat Files\wxid_xd3703k0ih2p22\FileStorage\Temp\a8a9f25878898a10780065b83fd0890a_.jpg
[SCAN] reconcile complete | queued_or_refreshed=10
[OK] 8e82c874d8536d0cc5bb092cd27d5e92.dat | cliente=29 | banco=CLEEND | valor=10000.0 | data=27/07/2026 15:53 | sink=staged | resolution=direct_image | verification=CONFIRMADO | manual_open_to_claim_ms=3747 | open_ms=16 | prep_ms=0 | ocr_ms=3647 | parse_ms=2 | manual_open_to_ingest_ms=7417
[SINK] committed | file_id=888545d188af62a58615c191baea5f78e3908c20 | msg=- | talker=- | create_time=0 | sheet=Página1 | row=473 | ingest_to_commit_ms=981 | manual_open_to_commit_ms=8398
[OK] 27728e525e458974a6659f2e18e0d67c.dat | cliente=29 | banco=CLEEND | valor=15210.0 | data=27/07/2026 15:54 | sink=staged | resolution=direct_image | verification=CONFIRMADO | manual_open_to_claim_ms=5597 | open_ms=20 | prep_ms=0 | ocr_ms=2947 | parse_ms=2 | manual_open_to_ingest_ms=8572
[SINK] committed | file_id=2e948453de25f8b83baf0c0ffad9e159713d32eb | msg=- | talker=- | create_time=0 | sheet=Página1 | row=474 | ingest_to_commit_ms=971 | manual_open_to_commit_ms=9544
[RETRY] 580c55395cfcc822a3440db6279262b0_.jpg | attempt=2 | err=FileNotFoundError: Resolved file disappeared: C:\Users\Felipe\Documents\WeChat Files\wxid_xd3703k0ih2p22\FileStorage\Temp\580c55395cfcc822a3440db6279262b0_.jpg
[RETRY] 75a624b41eed7b6d414163533e746521_.jpg | attempt=2 | err=FileNotFoundError: Resolved file disappeared: C:\Users\Felipe\Documents\WeChat Files\wxid_xd3703k0ih2p22\FileStorage\Temp\75a624b41eed7b6d414163533e746521_.jpg
[SKIP] 59b029da7f4e1fabbb9121af4d31a3ec_.jpg | temp_without_unique_context
[SKIP] 8f04fce43d2a4a43358057d7b2f75d07_.jpg | temp_without_unique_context
[OK] 71a5a42f11d63fbdf416cfdb45533187.dat | cliente=29 | banco=CLEEND | valor=11500.0 | data=27/07/2026 17:25 | sink=staged | resolution=direct_image | verification=CONFIRMADO | manual_open_to_claim_ms=1989 | open_ms=11 | prep_ms=0 | ocr_ms=3090 | parse_ms=2 | manual_open_to_ingest_ms=5097
[SINK] committed | file_id=eda51a45e67bfab813339512fdf95dddbd77cf29 | msg=- | talker=- | create_time=0 | sheet=Página1 | row=475 | ingest_to_commit_ms=1246 | manual_open_to_commit_ms=6343
[SKIP] 39684665a88678361eec34b6974a50fe_.jpg | temp_file_disappeared_after_3_attempts
[RETRY] 87b739a7b6d1664233fe36ef96c9f4d0_.jpg | attempt=1 | err=FileNotFoundError: Resolved file disappeared: C:\Users\Felipe\Documents\WeChat Files\wxid_xd3703k0ih2p22\FileStorage\Temp\87b739a7b6d1664233fe36ef96c9f4d0_.jpg
[OK] 9a07a0db6cbcbdf1064a8021daa60cd4.dat | cliente=29 | banco=CLEEND | valor=100.0 | data=27/07/2026 17:16 | sink=staged | resolution=direct_image | verification=CONFIRMADO | manual_open_to_claim_ms=1625 | open_ms=16 | prep_ms=1 | ocr_ms=2043 | parse_ms=1 | manual_open_to_ingest_ms=3690
[SINK] committed | file_id=a9cd41b61bdc5844231ddbbc11d04b8c1197c001 | msg=- | talker=- | create_time=0 | sheet=Página1 | row=476 | ingest_to_commit_ms=1367 | manual_open_to_commit_ms=5057
[SKIP] da2181b1969a95d2364118bc80efad44_.jpg | temp_file_disappeared_after_3_attempts
[RETRY] ca27d243761b750a944d0d4c03ad9bc9_.jpg | attempt=1 | err=FileNotFoundError: Resolved file disappeared: C:\Users\Felipe\Documents\WeChat Files\wxid_xd3703k0ih2p22\FileStorage\Temp\ca27d243761b750a944d0d4c03ad9bc9_.jpg
[OK] 849d76c57d1ad4b9b667bc60720468c0.dat | cliente=29 | banco=CLEEND | valor=12477.0 | data=28/07/2026 09:07 | sink=staged | resolution=direct_image | verification=CONFIRMADO | manual_open_to_claim_ms=1349 | open_ms=3 | prep_ms=0 | ocr_ms=1375 | parse_ms=1 | manual_open_to_ingest_ms=2731
[SINK] committed | file_id=d1af715602d6523a36e5f13a88cd7ad8c9ae8fa1 | msg=- | talker=- | create_time=0 | sheet=Página1 | row=477 | ingest_to_commit_ms=997 | manual_open_to_commit_ms=3728
[RETRY] 48f4241c13f3a43d9aa02a39b9911e08_.jpg | attempt=1 | err=FileNotFoundError: Resolved file disappeared: C:\Users\Felipe\Documents\WeChat Files\wxid_xd3703k0ih2p22\FileStorage\Temp\48f4241c13f3a43d9aa02a39b9911e08_.jpg
[SKIP] 6c139378eb054ad21ecd8e071daf5b75_.jpg | temp_file_disappeared_after_3_attempts
[SKIP] de086bca5071ed81d85f514c28094761_.jpg | temp_file_disappeared_after_3_attempts
[RETRY] 87b739a7b6d1664233fe36ef96c9f4d0_.jpg | attempt=2 | err=FileNotFoundError: Resolved file disappeared: C:\Users\Felipe\Documents\WeChat Files\wxid_xd3703k0ih2p22\FileStorage\Temp\87b739a7b6d1664233fe36ef96c9f4d0_.jpg
[SKIP] a8a9f25878898a10780065b83fd0890a_.jpg | temp_file_disappeared_after_3_attempts
[RETRY] ca27d243761b750a944d0d4c03ad9bc9_.jpg | attempt=2 | err=FileNotFoundError: Resolved file disappeared: C:\Users\Felipe\Documents\WeChat Files\wxid_xd3703k0ih2p22\FileStorage\Temp\ca27d243761b750a944d0d4c03ad9bc9_.jpg
[RETRY] 48f4241c13f3a43d9aa02a39b9911e08_.jpg | attempt=2 | err=FileNotFoundError: Resolved file disappeared: C:\Users\Felipe\Documents\WeChat Files\wxid_xd3703k0ih2p22\FileStorage\Temp\48f4241c13f3a43d9aa02a39b9911e08_.jpg
[SKIP] 580c55395cfcc822a3440db6279262b0_.jpg | temp_file_disappeared_after_3_attempts
[SKIP] 75a624b41eed7b6d414163533e746521_.jpg | temp_file_disappeared_after_3_attempts
[SCAN] reconcile complete | queued_or_refreshed=9
[SKIP] 87b739a7b6d1664233fe36ef96c9f4d0_.jpg | temp_file_disappeared_after_3_attempts
[SKIP] ca27d243761b750a944d0d4c03ad9bc9_.jpg | temp_file_disappeared_after_3_attempts
[SKIP] 48f4241c13f3a43d9aa02a39b9911e08_.jpg | temp_file_disappeared_after_3_attempts
[SCAN] reconcile complete | queued_or_refreshed=6
[SCAN] reconcile complete | queued_or_refreshed=0
[SCAN] reconcile complete | queued_or_refreshed=0
[SCAN] reconcile complete | queued_or_refreshed=0
[SCAN] reconcile complete | queued_or_refreshed=0
[SCAN] reconcile complete | queued_or_refreshed=0
[SCAN] reconcile complete | queued_or_refreshed=0
[SCAN] reconcile complete | queued_or_refreshed=0
[SCAN] reconcile complete | queued_or_refreshed=0
[SCAN] reconcile complete | queued_or_refreshed=0
[SCAN] reconcile complete | queued_or_refreshed=0
[SCAN] reconcile complete | queued_or_refreshed=0
[SCAN] reconcile complete | queued_or_refreshed=0
[SCAN] reconcile complete | queued_or_refreshed=0
[SCAN] reconcile complete | queued_or_refreshed=0
[SCAN] reconcile complete | queued_or_refreshed=0
[SCAN] reconcile complete | queued_or_refreshed=0
[SCAN] reconcile complete | queued_or_refreshed=0
[SCAN] reconcile complete | queued_or_refreshed=0
[SCAN] reconcile complete | queued_or_refreshed=0
[SCAN] reconcile complete | queued_or_refreshed=0
[HOLD] COMPROVANTE -AMD -20000,00.pdf | grupo_sem_mapa=SEM_GRUPO
[HOLD] COMPROVANTE -AMD 27500,00.pdf | grupo_sem_mapa=SEM_GRUPO
[SCAN] reconcile complete | queued_or_refreshed=0
[HOLD] COMPROVANTE -AMD -20000,00.pdf | grupo_sem_mapa=SEM_GRUPO
[HOLD] COMPROVANTE -AMD 27500,00.pdf | grupo_sem_mapa=SEM_GRUPO
[SCAN] reconcile complete | queued_or_refreshed=0
[HOLD] COMPROVANTE -AMD -20000,00.pdf | grupo_sem_mapa=SEM_GRUPO
[HOLD] COMPROVANTE -AMD 27500,00.pdf | grupo_sem_mapa=SEM_GRUPO
[SCAN] reconcile complete | queued_or_refreshed=0
[SCAN] reconcile complete | queued_or_refreshed=0
[HOLD] COMPROVANTE -AMD -20000,00.pdf | grupo_sem_mapa=SEM_GRUPO
[HOLD] COMPROVANTE -AMD 27500,00.pdf | grupo_sem_mapa=SEM_GRUPO
[SCAN] reconcile complete | queued_or_refreshed=0
[INFO] COMPROVANTE -AMD -20000,00.pdf | grupo_sem_mapa=SEM_GRUPO mas prosseguindo (abertura manual/file_transfer)
[OK] COMPROVANTE -AMD -20000,00.pdf | cliente=- | banco=AMD | valor=20000.0 | data=28/07/2026 12:58 | sink=staged | resolution=file_pdf | verification=CONFIRMADO | manual_open_to_claim_ms=484076 | open_ms=75 | prep_ms=0 | ocr_ms=0 | parse_ms=3 | manual_open_to_ingest_ms=484165
[SINK] committed | file_id=79b533df28ca585f40efb645fc4233a9cfefc61d | msg=- | talker=- | create_time=0 | sheet=Página1 | row=478 | ingest_to_commit_ms=1682 | manual_open_to_commit_ms=485847
[INFO] COMPROVANTE -AMD 27500,00.pdf | grupo_sem_mapa=SEM_GRUPO mas prosseguindo (abertura manual/file_transfer)
[OK] COMPROVANTE -AMD 27500,00.pdf | cliente=- | banco=AMD | valor=27500.0 | data=28/07/2026 13:05 | sink=staged | resolution=file_pdf | verification=CONFIRMADO | manual_open_to_claim_ms=483867 | open_ms=3 | prep_ms=0 | ocr_ms=0 | parse_ms=1 | manual_open_to_ingest_ms=483875
[SINK] committed | file_id=e3ac0d51b3d276f3c9a1abec987ec5644e1b28af | msg=- | talker=- | create_time=0 | sheet=Página1 | row=479 | ingest_to_commit_ms=1002 | manual_open_to_commit_ms=484877
[SCAN] reconcile complete | queued_or_refreshed=0
[OK] 20be62acb1adbfcaecb828caa55284b7.dat | cliente=16 | banco=AMD | valor=250.0 | data=28/07/2026 08:16 | sink=staged | resolution=direct_image | verification=CONFIRMADO | manual_open_to_claim_ms=1007 | open_ms=15 | prep_ms=32 | ocr_ms=1579 | parse_ms=1 | manual_open_to_ingest_ms=2642
[SINK] committed | file_id=0b0a26e33d893e45a1110ede3a8b48db1296b4b0 | msg=- | talker=- | create_time=0 | sheet=Página1 | row=480 | ingest_to_commit_ms=4528 | manual_open_to_commit_ms=7170
[RETRY] 4516335b9adbd77fbb895227a3ca867f_.jpg | attempt=1 | err=FileNotFoundError: Resolved file disappeared: C:\Users\Felipe\Documents\WeChat Files\wxid_xd3703k0ih2p22\FileStorage\Temp\4516335b9adbd77fbb895227a3ca867f_.jpg
[OK] c6cea426c8105a40b741978a0967dfa9.dat | cliente=16 | banco=CLEEND | valor=4175.0 | data=28/07/2020 09:12 | sink=staged | resolution=direct_image | verification=CONFIRMADO | manual_open_to_claim_ms=1908 | open_ms=13 | prep_ms=30 | ocr_ms=1090 | parse_ms=1 | manual_open_to_ingest_ms=3048
[SINK] committed | file_id=a2ae6f04f037966c87b6c31c56f82708aec7c554 | msg=- | talker=- | create_time=0 | sheet=Página1 | row=481 | ingest_to_commit_ms=962 | manual_open_to_commit_ms=4010
[RETRY] 7823cea10a87f81a0b72f54cce2bf26e_.jpg | attempt=1 | err=FileNotFoundError: Resolved file disappeared: C:\Users\Felipe\Documents\WeChat Files\wxid_xd3703k0ih2p22\FileStorage\Temp\7823cea10a87f81a0b72f54cce2bf26e_.jpg
[OK] 18051155bdd298b931624c9cbc242e78.dat | cliente=16 | banco=CLEEND | valor=346.13 | data=28/07/2026 09:17 | sink=staged | resolution=direct_image | verification=CONFIRMADO | manual_open_to_claim_ms=1524 | open_ms=14 | prep_ms=33 | ocr_ms=1958 | parse_ms=6 | manual_open_to_ingest_ms=3543
[SINK] committed | file_id=6682e209a6bbc9facd5c32d7831fdfde83dc3aa5 | msg=- | talker=- | create_time=0 | sheet=Página1 | row=482 | ingest_to_commit_ms=963 | manual_open_to_commit_ms=4506
[RETRY] 3c079d3bbcc103bcfea70cc854894130_.jpg | attempt=1 | err=FileNotFoundError: Resolved file disappeared: C:\Users\Felipe\Documents\WeChat Files\wxid_xd3703k0ih2p22\FileStorage\Temp\3c079d3bbcc103bcfea70cc854894130_.jpg
[OK] e5af0b23b87f46398b7c0769ca5d597d.dat | cliente=16 | banco=AMD | valor=850.0 | data=28/07/2026 09:41 | sink=staged | resolution=direct_image | verification=CONFIRMADO | manual_open_to_claim_ms=1928 | open_ms=13 | prep_ms=32 | ocr_ms=3938 | parse_ms=3 | manual_open_to_ingest_ms=5926
[SINK] committed | file_id=393a2a1e7b412e1ff8f4107d7edb0b7dba7860d3 | msg=- | talker=- | create_time=0 | sheet=Página1 | row=483 | ingest_to_commit_ms=901 | manual_open_to_commit_ms=6827
[RETRY] e52defef0bd031885d2f566ac4480bd0_.jpg | attempt=1 | err=FileNotFoundError: Resolved file disappeared: C:\Users\Felipe\Documents\WeChat Files\wxid_xd3703k0ih2p22\FileStorage\Temp\e52defef0bd031885d2f566ac4480bd0_.jpg
[OK] e944a8ab220399c438056766e5dad98e.dat | cliente=16 | banco=AMD | valor=2016.6 | data=28/07/2026 09:23 | sink=staged | resolution=direct_image | verification=CONFIRMADO | manual_open_to_claim_ms=1462 | open_ms=14 | prep_ms=31 | ocr_ms=1342 | parse_ms=2 | manual_open_to_ingest_ms=2860
[SINK] committed | file_id=283e58917fd217154d474979cf46268c03290232 | msg=- | talker=- | create_time=0 | sheet=Página1 | row=484 | ingest_to_commit_ms=991 | manual_open_to_commit_ms=3850
[RETRY] 4516335b9adbd77fbb895227a3ca867f_.jpg | attempt=2 | err=FileNotFoundError: Resolved file disappeared: C:\Users\Felipe\Documents\WeChat Files\wxid_xd3703k0ih2p22\FileStorage\Temp\4516335b9adbd77fbb895227a3ca867f_.jpg
[RETRY] 727c992e159812bcd0b7b9ef713ab2d0_.jpg | attempt=1 | err=FileNotFoundError: Resolved file disappeared: C:\Users\Felipe\Documents\WeChat Files\wxid_xd3703k0ih2p22\FileStorage\Temp\727c992e159812bcd0b7b9ef713ab2d0_.jpg
[RETRY] 7823cea10a87f81a0b72f54cce2bf26e_.jpg | attempt=2 | err=FileNotFoundError: Resolved file disappeared: C:\Users\Felipe\Documents\WeChat Files\wxid_xd3703k0ih2p22\FileStorage\Temp\7823cea10a87f81a0b72f54cce2bf26e_.jpg
[OK] a89ea33ace3f166377a68ef6963fe8b9.dat | cliente=16 | banco=AMD | valor=7000.0 | data=28/07/2020 11:00 | sink=staged | resolution=direct_image | verification=CONFIRMADO | manual_open_to_claim_ms=1615 | open_ms=15 | prep_ms=31 | ocr_ms=2813 | parse_ms=1 | manual_open_to_ingest_ms=4484
[SINK] committed | file_id=fd7bfeb1305018e3f6c33061617722c158ff3fd4 | msg=- | talker=- | create_time=0 | sheet=Página1 | row=485 | ingest_to_commit_ms=869 | manual_open_to_commit_ms=5354
[RETRY] de46bb87873c0c6d39a17275a74c2ade_.jpg | attempt=1 | err=FileNotFoundError: Resolved file disappeared: C:\Users\Felipe\Documents\WeChat Files\wxid_xd3703k0ih2p22\FileStorage\Temp\de46bb87873c0c6d39a17275a74c2ade_.jpg
[RETRY] 3c079d3bbcc103bcfea70cc854894130_.jpg | attempt=2 | err=FileNotFoundError: Resolved file disappeared: C:\Users\Felipe\Documents\WeChat Files\wxid_xd3703k0ih2p22\FileStorage\Temp\3c079d3bbcc103bcfea70cc854894130_.jpg
[OK] e47af7b69d7e4f6dc15a1d2d193c7118.dat | cliente=16 | banco=AMD | valor=2072.53 | data=28/07/2026 09:58 | sink=staged | resolution=direct_image | verification=CONFIRMADO | manual_open_to_claim_ms=1603 | open_ms=13 | prep_ms=31 | ocr_ms=1758 | parse_ms=1 | manual_open_to_ingest_ms=3413
[SINK] committed | file_id=7cc64e043094f57af36df05f9ba7a284c3b3f868 | msg=- | talker=- | create_time=0 | sheet=Página1 | row=486 | ingest_to_commit_ms=902 | manual_open_to_commit_ms=4315
[RETRY] 5fa0ee9df60e57241259f0a030cf6fc5_.jpg | attempt=1 | err=FileNotFoundError: Resolved file disappeared: C:\Users\Felipe\Documents\WeChat Files\wxid_xd3703k0ih2p22\FileStorage\Temp\5fa0ee9df60e57241259f0a030cf6fc5_.jpg
[OK] b067ae50e0343ddae78817a03f4e8008.dat | cliente=16 | banco=AMD | valor=4771.81 | data=28/07/2026 10:06 | sink=staged | resolution=direct_image | verification=CONFIRMADO | manual_open_to_claim_ms=1718 | open_ms=12 | prep_ms=37 | ocr_ms=1844 | parse_ms=2 | manual_open_to_ingest_ms=3622
[SINK] committed | file_id=dd18114088d02c35814e10b9be1a2378255ae95a | msg=- | talker=- | create_time=0 | sheet=Página1 | row=487 | ingest_to_commit_ms=910 | manual_open_to_commit_ms=4532
[RETRY] e52defef0bd031885d2f566ac4480bd0_.jpg | attempt=2 | err=FileNotFoundError: Resolved file disappeared: C:\Users\Felipe\Documents\WeChat Files\wxid_xd3703k0ih2p22\FileStorage\Temp\e52defef0bd031885d2f566ac4480bd0_.jpg
[RETRY] 54a03245ba6c99c811c04bdc3c72e626_.jpg | attempt=1 | err=FileNotFoundError: Resolved file disappeared: C:\Users\Felipe\Documents\WeChat Files\wxid_xd3703k0ih2p22\FileStorage\Temp\54a03245ba6c99c811c04bdc3c72e626_.jpg
[SCAN] reconcile complete | queued_or_refreshed=9
[OK] 960c0de8f91bf891cc8c9346d74a6f98.dat | cliente=16 | banco=AMD | valor=1056.76 | data=28/07/2026 10:21 | sink=staged | resolution=direct_image | verification=CONFIRMADO | manual_open_to_claim_ms=2815 | open_ms=13 | prep_ms=33 | ocr_ms=1349 | parse_ms=1 | manual_open_to_ingest_ms=4219
[SINK] committed | file_id=bec733ffd889c0cf4ece76ba2b71e63f125eaa23 | msg=- | talker=- | create_time=0 | sheet=Página1 | row=488 | ingest_to_commit_ms=918 | manual_open_to_commit_ms=5137
[RETRY] 727c992e159812bcd0b7b9ef713ab2d0_.jpg | attempt=2 | err=FileNotFoundError: Resolved file disappeared: C:\Users\Felipe\Documents\WeChat Files\wxid_xd3703k0ih2p22\FileStorage\Temp\727c992e159812bcd0b7b9ef713ab2d0_.jpg
[RETRY] 642b310a92fda345fc293dda84288260_.jpg | attempt=1 | err=FileNotFoundError: Resolved file disappeared: C:\Users\Felipe\Documents\WeChat Files\wxid_xd3703k0ih2p22\FileStorage\Temp\642b310a92fda345fc293dda84288260_.jpg
[RETRY] de46bb87873c0c6d39a17275a74c2ade_.jpg | attempt=2 | err=FileNotFoundError: Resolved file disappeared: C:\Users\Felipe\Documents\WeChat Files\wxid_xd3703k0ih2p22\FileStorage\Temp\de46bb87873c0c6d39a17275a74c2ade_.jpg
[OK] 59f68d8c4a755d6e03676dc50814059a.dat | cliente=16 | banco=AMD | valor=766.9 | data=28/07/2026 10:22 | sink=staged | resolution=direct_image | verification=CONFIRMADO | manual_open_to_claim_ms=1436 | open_ms=12 | prep_ms=31 | ocr_ms=1511 | parse_ms=2 | manual_open_to_ingest_ms=2999
[SINK] committed | file_id=c08dfdf37df9f0b6d358707a15bebe4b448da9fa | msg=- | talker=- | create_time=0 | sheet=Página1 | row=489 | ingest_to_commit_ms=919 | manual_open_to_commit_ms=3918
[RETRY] 7a2f5d98ade070062f8b9abf5e929115_.jpg | attempt=1 | err=FileNotFoundError: Resolved file disappeared: C:\Users\Felipe\Documents\WeChat Files\wxid_xd3703k0ih2p22\FileStorage\Temp\7a2f5d98ade070062f8b9abf5e929115_.jpg
[RETRY] 5fa0ee9df60e57241259f0a030cf6fc5_.jpg | attempt=2 | err=FileNotFoundError: Resolved file disappeared: C:\Users\Felipe\Documents\WeChat Files\wxid_xd3703k0ih2p22\FileStorage\Temp\5fa0ee9df60e57241259f0a030cf6fc5_.jpg
[OK] 3599547621e7e90055102e9908b98f4e.dat | cliente=16 | banco=AMD | valor=6198.61 | data=28/07/2026 10:25 | sink=staged | resolution=direct_image | verification=CONFIRMADO | manual_open_to_claim_ms=1391 | open_ms=12 | prep_ms=31 | ocr_ms=1130 | parse_ms=1 | manual_open_to_ingest_ms=2573
[SINK] committed | file_id=814b651d2a24c1ec87af14d6fb4e708ee151eac0 | msg=- | talker=- | create_time=0 | sheet=Página1 | row=490 | ingest_to_commit_ms=1029 | manual_open_to_commit_ms=3602
[RETRY] 60a23fab2ae84fca592abe07b588252f_.jpg | attempt=1 | err=FileNotFoundError: Resolved file disappeared: C:\Users\Felipe\Documents\WeChat Files\wxid_xd3703k0ih2p22\FileStorage\Temp\60a23fab2ae84fca592abe07b588252f_.jpg
[RETRY] 54a03245ba6c99c811c04bdc3c72e626_.jpg | attempt=2 | err=FileNotFoundError: Resolved file disappeared: C:\Users\Felipe\Documents\WeChat Files\wxid_xd3703k0ih2p22\FileStorage\Temp\54a03245ba6c99c811c04bdc3c72e626_.jpg
[OK] 987287ac40e208efbfd44f477508ba3d.dat | cliente=16 | banco=AMD | valor=1175.25 | data=28/07/2026 10:26 | sink=staged | resolution=direct_image | verification=CONFIRMADO | manual_open_to_claim_ms=1030 | open_ms=10 | prep_ms=30 | ocr_ms=1620 | parse_ms=2 | manual_open_to_ingest_ms=2700
[SINK] committed | file_id=18d9f78043bbb43885db4cc650df3e5aed164acc | msg=- | talker=- | create_time=0 | sheet=Página1 | row=491 | ingest_to_commit_ms=918 | manual_open_to_commit_ms=3617
[SKIP] 4516335b9adbd77fbb895227a3ca867f_.jpg | temp_file_disappeared_after_3_attempts
[RETRY] 3fde7b1059d0361df557670b9f65f212_.jpg | attempt=1 | err=FileNotFoundError: Resolved file disappeared: C:\Users\Felipe\Documents\WeChat Files\wxid_xd3703k0ih2p22\FileStorage\Temp\3fde7b1059d0361df557670b9f65f212_.jpg
[HOLD] Bradesco_28072026_UM 47500,00 AMD.pdf | grupo_sem_mapa=SEM_GRUPO
[SKIP] 7823cea10a87f81a0b72f54cce2bf26e_.jpg | temp_file_disappeared_after_3_attempts
[RETRY] 642b310a92fda345fc293dda84288260_.jpg | attempt=2 | err=FileNotFoundError: Resolved file disappeared: C:\Users\Felipe\Documents\WeChat Files\wxid_xd3703k0ih2p22\FileStorage\Temp\642b310a92fda345fc293dda84288260_.jpg
[OK] bd20a82d3c5976112ab3efe34c2fe807.dat | cliente=16 | banco=AMD | valor=11941.57 | data=28/07/2026 11:56 | sink=staged | resolution=direct_image | verification=CONFIRMADO | manual_open_to_claim_ms=1236 | open_ms=12 | prep_ms=31 | ocr_ms=2043 | parse_ms=1 | manual_open_to_ingest_ms=3332
[SINK] committed | file_id=bcc4e5ad297c6b71cd7c27b50e616a45a3a47e7e | msg=- | talker=- | create_time=0 | sheet=Página1 | row=492 | ingest_to_commit_ms=966 | manual_open_to_commit_ms=4298
[RETRY] e6380a593f9e6abb1b7b4d32a44ed520_.jpg | attempt=1 | err=FileNotFoundError: Resolved file disappeared: C:\Users\Felipe\Documents\WeChat Files\wxid_xd3703k0ih2p22\FileStorage\Temp\e6380a593f9e6abb1b7b4d32a44ed520_.jpg
[SKIP] 3c079d3bbcc103bcfea70cc854894130_.jpg | temp_file_disappeared_after_3_attempts
[RETRY] 7a2f5d98ade070062f8b9abf5e929115_.jpg | attempt=2 | err=FileNotFoundError: Resolved file disappeared: C:\Users\Felipe\Documents\WeChat Files\wxid_xd3703k0ih2p22\FileStorage\Temp\7a2f5d98ade070062f8b9abf5e929115_.jpg
[OK] 80a79356bde0a32289dd35e8b3f6f499.dat | cliente=16 | banco=AMD | valor=5408.0 | data=27/07/2026 17:25 | sink=staged | resolution=direct_image | verification=CONFIRMADO | manual_open_to_claim_ms=1752 | open_ms=11 | prep_ms=30 | ocr_ms=1162 | parse_ms=1 | manual_open_to_ingest_ms=2963
[SINK] committed | file_id=a9250bde828cb2f31013248a7fabbd9a385ede7e | msg=- | talker=- | create_time=0 | sheet=Página1 | row=493 | ingest_to_commit_ms=927 | manual_open_to_commit_ms=3889
[RETRY] 0acefeeb98dc23dd981f3748a7a9a1e1_.jpg | attempt=1 | err=FileNotFoundError: Resolved file disappeared: C:\Users\Felipe\Documents\WeChat Files\wxid_xd3703k0ih2p22\FileStorage\Temp\0acefeeb98dc23dd981f3748a7a9a1e1_.jpg
[RETRY] 60a23fab2ae84fca592abe07b588252f_.jpg | attempt=2 | err=FileNotFoundError: Resolved file disappeared: C:\Users\Felipe\Documents\WeChat Files\wxid_xd3703k0ih2p22\FileStorage\Temp\60a23fab2ae84fca592abe07b588252f_.jpg
[OK] 50f1f73cdb4b3ff542a3f15c0d37ee31.dat | cliente=16 | banco=AMD | valor=1500.0 | data=28/07/2026 13:31 | sink=staged | resolution=direct_image | verification=CONFIRMADO | manual_open_to_claim_ms=1355 | open_ms=16 | prep_ms=90 | ocr_ms=1898 | parse_ms=1 | manual_open_to_ingest_ms=3370
[SINK] committed | file_id=6406caa18f498f4989bfd3d7b84e933017721a4d | msg=- | talker=- | create_time=0 | sheet=Página1 | row=494 | ingest_to_commit_ms=967 | manual_open_to_commit_ms=4337
[SKIP] e52defef0bd031885d2f566ac4480bd0_.jpg | temp_file_disappeared_after_3_attempts
[RETRY] 73a95154ce3da4b0a8fed1b61a57cab5_.jpg | attempt=1 | err=FileNotFoundError: Resolved file disappeared: C:\Users\Felipe\Documents\WeChat Files\wxid_xd3703k0ih2p22\FileStorage\Temp\73a95154ce3da4b0a8fed1b61a57cab5_.jpg
[RETRY] 3fde7b1059d0361df557670b9f65f212_.jpg | attempt=2 | err=FileNotFoundError: Resolved file disappeared: C:\Users\Felipe\Documents\WeChat Files\wxid_xd3703k0ih2p22\FileStorage\Temp\3fde7b1059d0361df557670b9f65f212_.jpg
[OK] 8660831f1612391a4e4ffe0edb4ae971.dat | cliente=16 | banco=AMD | valor=1500.0 | data=28/07/2026 13:36 | sink=staged | resolution=direct_image | verification=CONFIRMADO | manual_open_to_claim_ms=1801 | open_ms=21 | prep_ms=51 | ocr_ms=1421 | parse_ms=1 | manual_open_to_ingest_ms=3308
[SINK] committed | file_id=9faf85256211f6643375bd01df3397efdc324f9d | msg=- | talker=- | create_time=0 | sheet=Página1 | row=495 | ingest_to_commit_ms=928 | manual_open_to_commit_ms=4236
[SKIP] 727c992e159812bcd0b7b9ef713ab2d0_.jpg | temp_file_disappeared_after_3_attempts
[RETRY] 0f967bec63750af159ffed05023496f1_.jpg | attempt=1 | err=FileNotFoundError: Resolved file disappeared: C:\Users\Felipe\Documents\WeChat Files\wxid_xd3703k0ih2p22\FileStorage\Temp\0f967bec63750af159ffed05023496f1_.jpg
[SKIP] de46bb87873c0c6d39a17275a74c2ade_.jpg | temp_file_disappeared_after_3_attempts
[RETRY] e6380a593f9e6abb1b7b4d32a44ed520_.jpg | attempt=2 | err=FileNotFoundError: Resolved file disappeared: C:\Users\Felipe\Documents\WeChat Files\wxid_xd3703k0ih2p22\FileStorage\Temp\e6380a593f9e6abb1b7b4d32a44ed520_.jpg
[OK] e8dbcd9f4ac9fefb8a815b1cc4ee650c.dat | cliente=16 | banco=AMD | valor=100.0 | data=28/07/2026 - | sink=staged | resolution=direct_image | verification=CONFIRMADO | manual_open_to_claim_ms=1804 | open_ms=15 | prep_ms=31 | ocr_ms=1444 | parse_ms=1 | manual_open_to_ingest_ms=3304
[SINK] committed | file_id=81548b1b938f4527b20220bb087f8590243e3970 | msg=- | talker=- | create_time=0 | sheet=Página1 | row=496 | ingest_to_commit_ms=879 | manual_open_to_commit_ms=4183
[RETRY] ed39e7c3e3b694ab5a9d430912824ee5_.jpg | attempt=1 | err=FileNotFoundError: Resolved file disappeared: C:\Users\Felipe\Documents\WeChat Files\wxid_xd3703k0ih2p22\FileStorage\Temp\ed39e7c3e3b694ab5a9d430912824ee5_.jpg
[SKIP] 5fa0ee9df60e57241259f0a030cf6fc5_.jpg | temp_file_disappeared_after_3_attempts
[RETRY] 0acefeeb98dc23dd981f3748a7a9a1e1_.jpg | attempt=2 | err=FileNotFoundError: Resolved file disappeared: C:\Users\Felipe\Documents\WeChat Files\wxid_xd3703k0ih2p22\FileStorage\Temp\0acefeeb98dc23dd981f3748a7a9a1e1_.jpg
[OK] 55c61300a65e97f88f9ee05d21e83643.dat | cliente=16 | banco=AMD | valor=480.0 | data=28/07/2026 10:29 | sink=staged | resolution=direct_image | verification=CONFIRMADO | manual_open_to_claim_ms=1717 | open_ms=16 | prep_ms=32 | ocr_ms=1566 | parse_ms=2 | manual_open_to_ingest_ms=3341
[SINK] committed | file_id=d13c56377c123a9feb738083c464f0a64573e861 | msg=- | talker=- | create_time=0 | sheet=Página1 | row=497 | ingest_to_commit_ms=961 | manual_open_to_commit_ms=4303
[RETRY] 1979e010db78390d23d6170568806b36_.jpg | attempt=1 | err=FileNotFoundError: Resolved file disappeared: C:\Users\Felipe\Documents\WeChat Files\wxid_xd3703k0ih2p22\FileStorage\Temp\1979e010db78390d23d6170568806b36_.jpg
[SKIP] 54a03245ba6c99c811c04bdc3c72e626_.jpg | temp_file_disappeared_after_3_attempts
[RETRY] 73a95154ce3da4b0a8fed1b61a57cab5_.jpg | attempt=2 | err=FileNotFoundError: Resolved file disappeared: C:\Users\Felipe\Documents\WeChat Files\wxid_xd3703k0ih2p22\FileStorage\Temp\73a95154ce3da4b0a8fed1b61a57cab5_.jpg
[SCAN] reconcile complete | queued_or_refreshed=17
[OK] 439ebc58486592da13985dc5403c5630.dat | cliente=16 | banco=AMD | valor=430.0 | data=28/07/2026 10:24 | sink=staged | resolution=direct_image | verification=CONFIRMADO | manual_open_to_claim_ms=3654 | open_ms=16 | prep_ms=32 | ocr_ms=3183 | parse_ms=2 | manual_open_to_ingest_ms=6895
[SINK] committed | file_id=230d4d0594844de7e175aeea7863df7aa71f3b1d | msg=- | talker=- | create_time=0 | sheet=Página1 | row=498 | ingest_to_commit_ms=923 | manual_open_to_commit_ms=7817
[SKIP] 642b310a92fda345fc293dda84288260_.jpg | temp_file_disappeared_after_3_attempts
[RETRY] 0f967bec63750af159ffed05023496f1_.jpg | attempt=2 | err=FileNotFoundError: Resolved file disappeared: C:\Users\Felipe\Documents\WeChat Files\wxid_xd3703k0ih2p22\FileStorage\Temp\0f967bec63750af159ffed05023496f1_.jpg
[RETRY] 109e6b694063e1b52ad5bd812a6c00f2_.jpg | attempt=1 | err=FileNotFoundError: Resolved file disappeared: C:\Users\Felipe\Documents\WeChat Files\wxid_xd3703k0ih2p22\FileStorage\Temp\109e6b694063e1b52ad5bd812a6c00f2_.jpg
[OK] 065ac9f816d54f9f6d382d86beaf7095.dat | cliente=16 | banco=AMD | valor=200.0 | data=28/07/2026 11:06 | sink=staged | resolution=direct_image | verification=CONFIRMADO | manual_open_to_claim_ms=1625 | open_ms=14 | prep_ms=31 | ocr_ms=2218 | parse_ms=1 | manual_open_to_ingest_ms=3898
[SINK] committed | file_id=8d138c898a3b125e8c5febb76d67c865936e776f | msg=- | talker=- | create_time=0 | sheet=Página1 | row=499 | ingest_to_commit_ms=932 | manual_open_to_commit_ms=4830
[RETRY] 1f8c041b56f0b742a9a3b33d92cf553a_.jpg | attempt=1 | err=FileNotFoundError: Resolved file disappeared: C:\Users\Felipe\Documents\WeChat Files\wxid_xd3703k0ih2p22\FileStorage\Temp\1f8c041b56f0b742a9a3b33d92cf553a_.jpg
[SKIP] 7a2f5d98ade070062f8b9abf5e929115_.jpg | temp_file_disappeared_after_3_attempts
[RETRY] ed39e7c3e3b694ab5a9d430912824ee5_.jpg | attempt=2 | err=FileNotFoundError: Resolved file disappeared: C:\Users\Felipe\Documents\WeChat Files\wxid_xd3703k0ih2p22\FileStorage\Temp\ed39e7c3e3b694ab5a9d430912824ee5_.jpg
[OK] a09e1d536ef59be231c99bb5acfebda4.dat | cliente=16 | banco=AMD | valor=29787.0 | data=28/07/2026 08:14 | sink=staged | resolution=direct_image | verification=CONFIRMADO | manual_open_to_claim_ms=1111 | open_ms=12 | prep_ms=31 | ocr_ms=2431 | parse_ms=2 | manual_open_to_ingest_ms=3598
[SINK] committed | file_id=34f1b2af33fb25cdc4515e1d26849ac4229e4e4f | msg=- | talker=- | create_time=0 | sheet=Página1 | row=500 | ingest_to_commit_ms=940 | manual_open_to_commit_ms=4538
[RETRY] d46b1d6fa17413b72e80b04758a5ab57_.jpg | attempt=1 | err=FileNotFoundError: Resolved file disappeared: C:\Users\Felipe\Documents\WeChat Files\wxid_xd3703k0ih2p22\FileStorage\Temp\d46b1d6fa17413b72e80b04758a5ab57_.jpg
[SKIP] 60a23fab2ae84fca592abe07b588252f_.jpg | temp_file_disappeared_after_3_attempts
[RETRY] 1979e010db78390d23d6170568806b36_.jpg | attempt=2 | err=FileNotFoundError: Resolved file disappeared: C:\Users\Felipe\Documents\WeChat Files\wxid_xd3703k0ih2p22\FileStorage\Temp\1979e010db78390d23d6170568806b36_.jpg
[OK] 2473ea1bd91ffcf675f1bb1416e19329.dat | cliente=16 | banco=AMD | valor=1989.0 | data=26/07/2026 08:41 | sink=staged | resolution=direct_image | verification=CONFIRMADO | manual_open_to_claim_ms=2059 | open_ms=12 | prep_ms=32 | ocr_ms=1855 | parse_ms=2 | manual_open_to_ingest_ms=3970
[SINK] committed | file_id=96802463e42421ba04e8ddb21fe455cec972e6a5 | msg=- | talker=- | create_time=0 | sheet=Página1 | row=501 | ingest_to_commit_ms=1083 | manual_open_to_commit_ms=5054
[SKIP] 3fde7b1059d0361df557670b9f65f212_.jpg | temp_file_disappeared_after_3_attempts
[RETRY] a5c678978ff952d7ce7ff82b6838bf5a_.jpg | attempt=1 | err=FileNotFoundError: Resolved file disappeared: C:\Users\Felipe\Documents\WeChat Files\wxid_xd3703k0ih2p22\FileStorage\Temp\a5c678978ff952d7ce7ff82b6838bf5a_.jpg
[RETRY] 109e6b694063e1b52ad5bd812a6c00f2_.jpg | attempt=2 | err=FileNotFoundError: Resolved file disappeared: C:\Users\Felipe\Documents\WeChat Files\wxid_xd3703k0ih2p22\FileStorage\Temp\109e6b694063e1b52ad5bd812a6c00f2_.jpg
[SKIP] e6380a593f9e6abb1b7b4d32a44ed520_.jpg | temp_file_disappeared_after_3_attempts
[RETRY] 1f8c041b56f0b742a9a3b33d92cf553a_.jpg | attempt=2 | err=FileNotFoundError: Resolved file disappeared: C:\Users\Felipe\Documents\WeChat Files\wxid_xd3703k0ih2p22\FileStorage\Temp\1f8c041b56f0b742a9a3b33d92cf553a_.jpg
[SKIP] 0acefeeb98dc23dd981f3748a7a9a1e1_.jpg | temp_file_disappeared_after_3_attempts
[RETRY] d46b1d6fa17413b72e80b04758a5ab57_.jpg | attempt=2 | err=FileNotFoundError: Resolved file disappeared: C:\Users\Felipe\Documents\WeChat Files\wxid_xd3703k0ih2p22\FileStorage\Temp\d46b1d6fa17413b72e80b04758a5ab57_.jpg
[SKIP] 73a95154ce3da4b0a8fed1b61a57cab5_.jpg | temp_file_disappeared_after_3_attempts
[RETRY] a5c678978ff952d7ce7ff82b6838bf5a_.jpg | attempt=2 | err=FileNotFoundError: Resolved file disappeared: C:\Users\Felipe\Documents\WeChat Files\wxid_xd3703k0ih2p22\FileStorage\Temp\a5c678978ff952d7ce7ff82b6838bf5a_.jpg
[HOLD] Bradesco_28072026_UM 47500,00 AMD.pdf | grupo_sem_mapa=SEM_GRUPO
[SKIP] 0f967bec63750af159ffed05023496f1_.jpg | temp_file_disappeared_after_3_attempts
[SKIP] ed39e7c3e3b694ab5a9d430912824ee5_.jpg | temp_file_disappeared_after_3_attempts
[SKIP] 1979e010db78390d23d6170568806b36_.jpg | temp_file_disappeared_after_3_attempts
[SCAN] reconcile complete | queued_or_refreshed=10
[SKIP] 109e6b694063e1b52ad5bd812a6c00f2_.jpg | temp_file_disappeared_after_3_attempts
[SKIP] 1f8c041b56f0b742a9a3b33d92cf553a_.jpg | temp_file_disappeared_after_3_attempts
[SKIP] d46b1d6fa17413b72e80b04758a5ab57_.jpg | temp_file_disappeared_after_3_attempts
[SKIP] a5c678978ff952d7ce7ff82b6838bf5a_.jpg | temp_file_disappeared_after_3_attempts
[SCAN] reconcile complete | queued_or_refreshed=7
[HOLD] Bradesco_28072026_UM 47500,00 AMD.pdf | grupo_sem_mapa=SEM_GRUPO
[OK] 01cda3a79deb378d6069f000600a7df2.dat | cliente=303 | banco=CLEEND | valor=12000.0 | data=27/07/2026 23:28 | sink=staged | resolution=direct_image | verification=CONFIRMADO | manual_open_to_claim_ms=2158 | open_ms=49 | prep_ms=107 | ocr_ms=2947 | parse_ms=1 | manual_open_to_ingest_ms=5291
[SINK] committed | file_id=c6c620dbd196b5f7086452621e3f00173b5e81ae | msg=- | talker=- | create_time=0 | sheet=Página1 | row=502 | ingest_to_commit_ms=1076 | manual_open_to_commit_ms=6368
[OK] 0691c8a351200750bbd5fc6bef6bf581.dat | cliente=303 | banco=CLEEND | valor=4150.0 | data=27/07/2026 13:25 | sink=staged | resolution=direct_image | verification=CONFIRMADO | manual_open_to_claim_ms=3954 | open_ms=17 | prep_ms=38 | ocr_ms=1088 | parse_ms=1 | manual_open_to_ingest_ms=5108
[SINK] committed | file_id=f4d2d1018107a3b539d9b82ee459bcb1cb20b0be | msg=- | talker=- | create_time=0 | sheet=Página1 | row=503 | ingest_to_commit_ms=932 | manual_open_to_commit_ms=6040
[RETRY] 83a56e672954fad89eea9ff17aa32563_.jpg | attempt=1 | err=FileNotFoundError: Resolved file disappeared: C:\Users\Felipe\Documents\WeChat Files\wxid_xd3703k0ih2p22\FileStorage\Temp\83a56e672954fad89eea9ff17aa32563_.jpg
[RETRY] 0ba42a0dfcf868fcc11f465823bb55e4_.jpg | attempt=1 | err=FileNotFoundError: Resolved file disappeared: C:\Users\Felipe\Documents\WeChat Files\wxid_xd3703k0ih2p22\FileStorage\Temp\0ba42a0dfcf868fcc11f465823bb55e4_.jpg
[OK] 0d3b2abd268cde82781900bf9d48db6c.dat | cliente=303 | banco=CLEEND | valor=9000.0 | data=28/07/2026 01:03 | sink=staged | resolution=direct_image | verification=CONFIRMADO | manual_open_to_claim_ms=2217 | open_ms=36 | prep_ms=96 | ocr_ms=3857 | parse_ms=2 | manual_open_to_ingest_ms=6234
[SINK] committed | file_id=175297d13d58d1412aaa8f7fd431d707aaff7e3c | msg=- | talker=- | create_time=0 | sheet=Página1 | row=504 | ingest_to_commit_ms=2385 | manual_open_to_commit_ms=8620
[SCAN] reconcile complete | queued_or_refreshed=3
[OK] 6c5852d9173af8daab46c4daffa47ab7.dat | cliente=303 | banco=CLEEND | valor=1000.0 | data=27/07/2026 13:50 | sink=staged | resolution=direct_image | verification=CONFIRMADO | manual_open_to_claim_ms=3094 | open_ms=7 | prep_ms=1 | ocr_ms=2360 | parse_ms=1 | manual_open_to_ingest_ms=5468
[SINK] committed | file_id=47e9d9d3a76a0a62ca5864bce72227bd697da637 | msg=- | talker=- | create_time=0 | sheet=Página1 | row=505 | ingest_to_commit_ms=937 | manual_open_to_commit_ms=6405
[RETRY] 90cc2b0204e52ff50d32baf8d8dc542f_.jpg | attempt=1 | err=FileNotFoundError: Resolved file disappeared: C:\Users\Felipe\Documents\WeChat Files\wxid_xd3703k0ih2p22\FileStorage\Temp\90cc2b0204e52ff50d32baf8d8dc542f_.jpg
[RETRY] 1a32c7f80d44bfd7a6f27225cd3b4699_.jpg | attempt=1 | err=FileNotFoundError: Resolved file disappeared: C:\Users\Felipe\Documents\WeChat Files\wxid_xd3703k0ih2p22\FileStorage\Temp\1a32c7f80d44bfd7a6f27225cd3b4699_.jpg
[OK] 92330f4a88011ef4eb6e9b713abea054.dat | cliente=303 | banco=CLEEND | valor=20000.0 | data=27/07/2026 11:47 | sink=staged | resolution=direct_image | verification=CONFIRMADO | manual_open_to_claim_ms=1395 | open_ms=6 | prep_ms=0 | ocr_ms=4185 | parse_ms=2 | manual_open_to_ingest_ms=5592
[SINK] committed | file_id=1de9c22fa13559bd408b3f8bfbabe43574c59a20 | msg=- | talker=- | create_time=0 | sheet=Página1 | row=506 | ingest_to_commit_ms=908 | manual_open_to_commit_ms=6500
[RETRY] e5719b5e04aef20a5d2497d82e66037d_.jpg | attempt=1 | err=FileNotFoundError: Resolved file disappeared: C:\Users\Felipe\Documents\WeChat Files\wxid_xd3703k0ih2p22\FileStorage\Temp\e5719b5e04aef20a5d2497d82e66037d_.jpg
[OK] 32bb549ebbf3fa7d9096e31ab548d6a9.dat | cliente=303 | banco=CLEEND | valor=9000.0 | data=27/07/2026 11:50 | sink=staged | resolution=direct_image | verification=CONFIRMADO | manual_open_to_claim_ms=1371 | open_ms=10 | prep_ms=1 | ocr_ms=1242 | parse_ms=1 | manual_open_to_ingest_ms=2631
[SINK] committed | file_id=e150475b4c49c6307bd6c636f0a50bfdc9a1f249 | msg=- | talker=- | create_time=0 | sheet=Página1 | row=507 | ingest_to_commit_ms=964 | manual_open_to_commit_ms=3596
[RETRY] 83a56e672954fad89eea9ff17aa32563_.jpg | attempt=2 | err=FileNotFoundError: Resolved file disappeared: C:\Users\Felipe\Documents\WeChat Files\wxid_xd3703k0ih2p22\FileStorage\Temp\83a56e672954fad89eea9ff17aa32563_.jpg
[RETRY] 0ba42a0dfcf868fcc11f465823bb55e4_.jpg | attempt=2 | err=FileNotFoundError: Resolved file disappeared: C:\Users\Felipe\Documents\WeChat Files\wxid_xd3703k0ih2p22\FileStorage\Temp\0ba42a0dfcf868fcc11f465823bb55e4_.jpg
[RETRY] 06ae28c81f37788e26eea19ba5fa1d43_.jpg | attempt=1 | err=FileNotFoundError: Resolved file disappeared: C:\Users\Felipe\Documents\WeChat Files\wxid_xd3703k0ih2p22\FileStorage\Temp\06ae28c81f37788e26eea19ba5fa1d43_.jpg
[HOLD] Bradesco_28072026_UM 47500,00 AMD.pdf | grupo_sem_mapa=SEM_GRUPO
[OK] 1b1da97102638b7f67ab42497d126a02.dat | cliente=303 | banco=CLEEND | valor=17000.0 | data=27/07/2026 11:49 | sink=staged | resolution=direct_image | verification=CONFIRMADO | manual_open_to_claim_ms=1283 | open_ms=12 | prep_ms=1 | ocr_ms=1147 | parse_ms=1 | manual_open_to_ingest_ms=2450
[SINK] committed | file_id=64c09137a204427b56090a1115f49116f32070e8 | msg=- | talker=- | create_time=0 | sheet=Página1 | row=508 | ingest_to_commit_ms=895 | manual_open_to_commit_ms=3345
[RETRY] 366749d4380ef15b56bf1c757f84723d_.jpg | attempt=1 | err=FileNotFoundError: Resolved file disappeared: C:\Users\Felipe\Documents\WeChat Files\wxid_xd3703k0ih2p22\FileStorage\Temp\366749d4380ef15b56bf1c757f84723d_.jpg
[RETRY] 90cc2b0204e52ff50d32baf8d8dc542f_.jpg | attempt=2 | err=FileNotFoundError: Resolved file disappeared: C:\Users\Felipe\Documents\WeChat Files\wxid_xd3703k0ih2p22\FileStorage\Temp\90cc2b0204e52ff50d32baf8d8dc542f_.jpg
[RETRY] 1a32c7f80d44bfd7a6f27225cd3b4699_.jpg | attempt=2 | err=FileNotFoundError: Resolved file disappeared: C:\Users\Felipe\Documents\WeChat Files\wxid_xd3703k0ih2p22\FileStorage\Temp\1a32c7f80d44bfd7a6f27225cd3b4699_.jpg
[OK] 44ad702a3b0101a165e4e95e95723956.dat | cliente=303 | banco=CLEEND | valor=6000.0 | data=27/07/2026 14:32 | sink=staged | resolution=direct_image | verification=CONFIRMADO | manual_open_to_claim_ms=2124 | open_ms=12 | prep_ms=1 | ocr_ms=1593 | parse_ms=1 | manual_open_to_ingest_ms=3738
[SINK] committed | file_id=dbcbcc253db8bb6a245454feec9e38574e0fd173 | msg=- | talker=- | create_time=0 | sheet=Página1 | row=509 | ingest_to_commit_ms=980 | manual_open_to_commit_ms=4718
[RETRY] 1dbc351a0c0e780cfedf1af6f3a2dd53_.jpg | attempt=1 | err=FileNotFoundError: Resolved file disappeared: C:\Users\Felipe\Documents\WeChat Files\wxid_xd3703k0ih2p22\FileStorage\Temp\1dbc351a0c0e780cfedf1af6f3a2dd53_.jpg
[RETRY] e5719b5e04aef20a5d2497d82e66037d_.jpg | attempt=2 | err=FileNotFoundError: Resolved file disappeared: C:\Users\Felipe\Documents\WeChat Files\wxid_xd3703k0ih2p22\FileStorage\Temp\e5719b5e04aef20a5d2497d82e66037d_.jpg
[OK] b9703a08f40a23772cd3c5a80c255f8d.dat | cliente=303 | banco=CLEEND | valor=15000.0 | data=28/07/2026 13:07 | sink=staged | resolution=direct_image | verification=CONFIRMADO | manual_open_to_claim_ms=2222 | open_ms=6 | prep_ms=0 | ocr_ms=2185 | parse_ms=2 | manual_open_to_ingest_ms=4421
[SINK] committed | file_id=c9d4e65d53fabbb3e942383167bbd5b91a80fa3e | msg=- | talker=- | create_time=0 | sheet=Página1 | row=510 | ingest_to_commit_ms=935 | manual_open_to_commit_ms=5356
[RETRY] 146ac3591d9e7c1cfa3d5cc0fe1843df_.jpg | attempt=1 | err=FileNotFoundError: Resolved file disappeared: C:\Users\Felipe\Documents\WeChat Files\wxid_xd3703k0ih2p22\FileStorage\Temp\146ac3591d9e7c1cfa3d5cc0fe1843df_.jpg
[RETRY] 06ae28c81f37788e26eea19ba5fa1d43_.jpg | attempt=2 | err=FileNotFoundError: Resolved file disappeared: C:\Users\Felipe\Documents\WeChat Files\wxid_xd3703k0ih2p22\FileStorage\Temp\06ae28c81f37788e26eea19ba5fa1d43_.jpg
[OK] 977ae02bb1854614d1ad69618cc2af98.dat | cliente=303 | banco=CLEEND | valor=7000.0 | data=28/07/2026 16:47 | sink=staged | resolution=direct_image | verification=CONFIRMADO | manual_open_to_claim_ms=1603 | open_ms=5 | prep_ms=0 | ocr_ms=2339 | parse_ms=2 | manual_open_to_ingest_ms=3954
[SINK] committed | file_id=8770fb70144b6ec1e6d718a2510f1add05e8f97a | msg=- | talker=- | create_time=0 | sheet=Página1 | row=511 | ingest_to_commit_ms=926 | manual_open_to_commit_ms=4881
[RETRY] de6278199db81a23803eb831251a3765_.jpg | attempt=1 | err=FileNotFoundError: Resolved file disappeared: C:\Users\Felipe\Documents\WeChat Files\wxid_xd3703k0ih2p22\FileStorage\Temp\de6278199db81a23803eb831251a3765_.jpg
[RETRY] 366749d4380ef15b56bf1c757f84723d_.jpg | attempt=2 | err=FileNotFoundError: Resolved file disappeared: C:\Users\Felipe\Documents\WeChat Files\wxid_xd3703k0ih2p22\FileStorage\Temp\366749d4380ef15b56bf1c757f84723d_.jpg
[OK] 287753e57534e763dfe50ebaf644ff32.dat | cliente=303 | banco=CLEEND | valor=1850.0 | data=27/07/2026 17:05 | sink=staged | resolution=direct_image | verification=CONFIRMADO | manual_open_to_claim_ms=1056 | open_ms=5 | prep_ms=1 | ocr_ms=2300 | parse_ms=1 | manual_open_to_ingest_ms=3365
[SINK] committed | file_id=90ad48b7f10df7b64feaad81cf44c9a41bdc8daf | msg=- | talker=- | create_time=0 | sheet=Página1 | row=512 | ingest_to_commit_ms=1027 | manual_open_to_commit_ms=4392
[RETRY] 07e601db9460674cadd619366dc7d1f4_.jpg | attempt=1 | err=FileNotFoundError: Resolved file disappeared: C:\Users\Felipe\Documents\WeChat Files\wxid_xd3703k0ih2p22\FileStorage\Temp\07e601db9460674cadd619366dc7d1f4_.jpg
[RETRY] 1dbc351a0c0e780cfedf1af6f3a2dd53_.jpg | attempt=2 | err=FileNotFoundError: Resolved file disappeared: C:\Users\Felipe\Documents\WeChat Files\wxid_xd3703k0ih2p22\FileStorage\Temp\1dbc351a0c0e780cfedf1af6f3a2dd53_.jpg
[OK] 8b0ceb29b900c6ccc9f9b8c045f30ad1.dat | cliente=303 | banco=CLEEND | valor=50.0 | data=27/07/2026 17:20 | sink=staged | resolution=direct_image | verification=CONFIRMADO | manual_open_to_claim_ms=1851 | open_ms=5 | prep_ms=1 | ocr_ms=2352 | parse_ms=2 | manual_open_to_ingest_ms=4215
[SINK] committed | file_id=bb8d2ecdb90fe105adce97df14a2942b790534c0 | msg=- | talker=- | create_time=0 | sheet=Página1 | row=513 | ingest_to_commit_ms=890 | manual_open_to_commit_ms=5105
[RETRY] 56fc87067d7c1fccf32d0184d661ca02_.jpg | attempt=1 | err=FileNotFoundError: Resolved file disappeared: C:\Users\Felipe\Documents\WeChat Files\wxid_xd3703k0ih2p22\FileStorage\Temp\56fc87067d7c1fccf32d0184d661ca02_.jpg
[RETRY] 146ac3591d9e7c1cfa3d5cc0fe1843df_.jpg | attempt=2 | err=FileNotFoundError: Resolved file disappeared: C:\Users\Felipe\Documents\WeChat Files\wxid_xd3703k0ih2p22\FileStorage\Temp\146ac3591d9e7c1cfa3d5cc0fe1843df_.jpg
[OK] c8880202196ba8c0755118bb385d0cab.dat | cliente=303 | banco=CLEEND | valor=13950.0 | data=27/07/2026 17:45 | sink=staged | resolution=direct_image | verification=CONFIRMADO | manual_open_to_claim_ms=1376 | open_ms=10 | prep_ms=1 | ocr_ms=2603 | parse_ms=1 | manual_open_to_ingest_ms=3997
[SINK] committed | file_id=3319c1d2100ba7f4ca215fc69e767db4e61faccb | msg=- | talker=- | create_time=0 | sheet=Página1 | row=514 | ingest_to_commit_ms=873 | manual_open_to_commit_ms=4870
[SKIP] 83a56e672954fad89eea9ff17aa32563_.jpg | temp_file_disappeared_after_3_attempts
[SKIP] 0ba42a0dfcf868fcc11f465823bb55e4_.jpg | temp_file_disappeared_after_3_attempts
[RETRY] a7d77997e0cd3fd6e61c9f27f0de9066_.jpg | attempt=1 | err=FileNotFoundError: Resolved file disappeared: C:\Users\Felipe\Documents\WeChat Files\wxid_xd3703k0ih2p22\FileStorage\Temp\a7d77997e0cd3fd6e61c9f27f0de9066_.jpg
[SCAN] reconcile complete | queued_or_refreshed=13
[OK] 673c03f81a944cade8f12ba9f6af69c7.dat | cliente=303 | banco=CLEEND | valor=6850.0 | data=27/07/2026 18:23 | sink=staged | resolution=direct_image | verification=CONFIRMADO | manual_open_to_claim_ms=3115 | open_ms=7 | prep_ms=0 | ocr_ms=2304 | parse_ms=1 | manual_open_to_ingest_ms=5431
[SINK] committed | file_id=2d879ccb36962dc637df55cded2f21723b47520d | msg=- | talker=- | create_time=0 | sheet=Página1 | row=515 | ingest_to_commit_ms=905 | manual_open_to_commit_ms=6336
[RETRY] de6278199db81a23803eb831251a3765_.jpg | attempt=2 | err=FileNotFoundError: Resolved file disappeared: C:\Users\Felipe\Documents\WeChat Files\wxid_xd3703k0ih2p22\FileStorage\Temp\de6278199db81a23803eb831251a3765_.jpg
[RETRY] aff596f3ae979c275e4ba4eb7110af2e_.jpg | attempt=1 | err=FileNotFoundError: Resolved file disappeared: C:\Users\Felipe\Documents\WeChat Files\wxid_xd3703k0ih2p22\FileStorage\Temp\aff596f3ae979c275e4ba4eb7110af2e_.jpg
[SKIP] 90cc2b0204e52ff50d32baf8d8dc542f_.jpg | temp_file_disappeared_after_3_attempts
[SKIP] 1a32c7f80d44bfd7a6f27225cd3b4699_.jpg | temp_file_disappeared_after_3_attempts
[RETRY] 07e601db9460674cadd619366dc7d1f4_.jpg | attempt=2 | err=FileNotFoundError: Resolved file disappeared: C:\Users\Felipe\Documents\WeChat Files\wxid_xd3703k0ih2p22\FileStorage\Temp\07e601db9460674cadd619366dc7d1f4_.jpg
[OK] 008898884243181fb502676291f39938.dat | cliente=303 | banco=CLEEND | valor=5400.0 | data=27/07/2026 19:04 | sink=staged | resolution=direct_image | verification=CONFIRMADO | manual_open_to_claim_ms=1548 | open_ms=12 | prep_ms=1 | ocr_ms=1634 | parse_ms=1 | manual_open_to_ingest_ms=3202
[SINK] committed | file_id=1273051fe9c036f1c4ef156871bea81ff3166e73 | msg=- | talker=- | create_time=0 | sheet=Página1 | row=516 | ingest_to_commit_ms=915 | manual_open_to_commit_ms=4117
[RETRY] 28f47ce3ee81797c3a723907fc9b2bdd_.jpg | attempt=1 | err=FileNotFoundError: Resolved file disappeared: C:\Users\Felipe\Documents\WeChat Files\wxid_xd3703k0ih2p22\FileStorage\Temp\28f47ce3ee81797c3a723907fc9b2bdd_.jpg
[SKIP] e5719b5e04aef20a5d2497d82e66037d_.jpg | temp_file_disappeared_after_3_attempts
[RETRY] 56fc87067d7c1fccf32d0184d661ca02_.jpg | attempt=2 | err=FileNotFoundError: Resolved file disappeared: C:\Users\Felipe\Documents\WeChat Files\wxid_xd3703k0ih2p22\FileStorage\Temp\56fc87067d7c1fccf32d0184d661ca02_.jpg
[OK] 91068a6c99fec6cc921622ed9d596560.dat | cliente=303 | banco=CLEEND | valor=13000.0 | data=28/07/2026 23:30 | sink=staged | resolution=direct_image | verification=CONFIRMADO | manual_open_to_claim_ms=1681 | open_ms=7 | prep_ms=0 | ocr_ms=2931 | parse_ms=2 | manual_open_to_ingest_ms=4627
[SINK] committed | file_id=4cfdcf68baac90da88976b3d87a333dd852cdf89 | msg=- | talker=- | create_time=0 | sheet=Página1 | row=517 | ingest_to_commit_ms=888 | manual_open_to_commit_ms=5515
[SKIP] 06ae28c81f37788e26eea19ba5fa1d43_.jpg | temp_file_disappeared_after_3_attempts
[RETRY] f40f9b6e17a8c3dda55c1abab4e4afb9_.jpg | attempt=1 | err=FileNotFoundError: Resolved file disappeared: C:\Users\Felipe\Documents\WeChat Files\wxid_xd3703k0ih2p22\FileStorage\Temp\f40f9b6e17a8c3dda55c1abab4e4afb9_.jpg
[RETRY] a7d77997e0cd3fd6e61c9f27f0de9066_.jpg | attempt=2 | err=FileNotFoundError: Resolved file disappeared: C:\Users\Felipe\Documents\WeChat Files\wxid_xd3703k0ih2p22\FileStorage\Temp\a7d77997e0cd3fd6e61c9f27f0de9066_.jpg
[OK] 36d6d8913d75bc797b9951f19859d42c.dat | cliente=303 | banco=CLEEND | valor=5180.0 | data=28/07/2026 12:26 | sink=staged | resolution=direct_image | verification=CONFIRMADO | manual_open_to_claim_ms=1874 | open_ms=8 | prep_ms=0 | ocr_ms=3310 | parse_ms=2 | manual_open_to_ingest_ms=5198
[SINK] committed | file_id=43288c84a0a4417da2c4071439e2d3cba11ffacd | msg=- | talker=- | create_time=0 | sheet=Página1 | row=518 | ingest_to_commit_ms=908 | manual_open_to_commit_ms=6107
[SKIP] 366749d4380ef15b56bf1c757f84723d_.jpg | temp_file_disappeared_after_3_attempts
[RETRY] 68592176c625be5d102e56aef48e1052_.jpg | attempt=1 | err=FileNotFoundError: Resolved file disappeared: C:\Users\Felipe\Documents\WeChat Files\wxid_xd3703k0ih2p22\FileStorage\Temp\68592176c625be5d102e56aef48e1052_.jpg
[RETRY] aff596f3ae979c275e4ba4eb7110af2e_.jpg | attempt=2 | err=FileNotFoundError: Resolved file disappeared: C:\Users\Felipe\Documents\WeChat Files\wxid_xd3703k0ih2p22\FileStorage\Temp\aff596f3ae979c275e4ba4eb7110af2e_.jpg
[SKIP] 1dbc351a0c0e780cfedf1af6f3a2dd53_.jpg | temp_file_disappeared_after_3_attempts
[RETRY] 28f47ce3ee81797c3a723907fc9b2bdd_.jpg | attempt=2 | err=FileNotFoundError: Resolved file disappeared: C:\Users\Felipe\Documents\WeChat Files\wxid_xd3703k0ih2p22\FileStorage\Temp\28f47ce3ee81797c3a723907fc9b2bdd_.jpg
[SKIP] 146ac3591d9e7c1cfa3d5cc0fe1843df_.jpg | temp_file_disappeared_after_3_attempts
[RETRY] f40f9b6e17a8c3dda55c1abab4e4afb9_.jpg | attempt=2 | err=FileNotFoundError: Resolved file disappeared: C:\Users\Felipe\Documents\WeChat Files\wxid_xd3703k0ih2p22\FileStorage\Temp\f40f9b6e17a8c3dda55c1abab4e4afb9_.jpg
[INFO] Bradesco_28072026_UM 47500,00 AMD.pdf | grupo_sem_mapa=SEM_GRUPO mas prosseguindo (abertura manual/file_transfer)
[OK] Bradesco_28072026_UM 47500,00 AMD.pdf | cliente=- | banco=AMD | valor=47500.0 | data=28/07/2026 13:40 | sink=staged | resolution=file_pdf | verification=CONFIRMADO | manual_open_to_claim_ms=484597 | open_ms=6 | prep_ms=0 | ocr_ms=0 | parse_ms=2 | manual_open_to_ingest_ms=484609
[SINK] committed | file_id=30b9619f8f07fd0e296509dc192007cfd9f6c4c6 | msg=- | talker=- | create_time=0 | sheet=Página1 | row=519 | ingest_to_commit_ms=6686 | manual_open_to_commit_ms=491295
[RETRY] 68592176c625be5d102e56aef48e1052_.jpg | attempt=2 | err=FileNotFoundError: Resolved file disappeared: C:\Users\Felipe\Documents\WeChat Files\wxid_xd3703k0ih2p22\FileStorage\Temp\68592176c625be5d102e56aef48e1052_.jpg
[SKIP] de6278199db81a23803eb831251a3765_.jpg | temp_file_disappeared_after_3_attempts
[SKIP] 07e601db9460674cadd619366dc7d1f4_.jpg | temp_file_disappeared_after_3_attempts
[SKIP] 56fc87067d7c1fccf32d0184d661ca02_.jpg | temp_file_disappeared_after_3_attempts
[SKIP] a7d77997e0cd3fd6e61c9f27f0de9066_.jpg | temp_file_disappeared_after_3_attempts
[SCAN] reconcile complete | queued_or_refreshed=11
[SKIP] aff596f3ae979c275e4ba4eb7110af2e_.jpg | temp_file_disappeared_after_3_attempts
[SKIP] 28f47ce3ee81797c3a723907fc9b2bdd_.jpg | temp_file_disappeared_after_3_attempts
[SKIP] f40f9b6e17a8c3dda55c1abab4e4afb9_.jpg | temp_file_disappeared_after_3_attempts
[SKIP] 68592176c625be5d102e56aef48e1052_.jpg | temp_file_disappeared_after_3_attempts
[SCAN] reconcile complete | queued_or_refreshed=7
[SCAN] reconcile complete | queued_or_refreshed=0
[SCAN] reconcile complete | queued_or_refreshed=0
[SCAN] reconcile complete | queued_or_refreshed=0
[SCAN] reconcile complete | queued_or_refreshed=0
[SCAN] reconcile complete | queued_or_refreshed=0
[SCAN] reconcile complete | queued_or_refreshed=0
[OK] b112d8d13c5ea8e869e2f04261d22027.dat | cliente=303 | banco=CLEEND | valor=7100.0 | data=27/07/2026 11:18 | sink=staged | resolution=direct_image | verification=CONFIRMADO | manual_open_to_claim_ms=1671 | open_ms=6 | prep_ms=1 | ocr_ms=862 | parse_ms=1 | manual_open_to_ingest_ms=2544
[SINK] retry | file_id=d4a362a8c940b11af0dd92e2dfc6e202c60d1588 | msg=- | talker=- | err=APIError: APIError: [500]: Internal error encountered.
[RETRY] 4325f7c7439ef0ef4efb26e9fbc6919e_.jpg | attempt=1 | err=FileNotFoundError: Resolved file disappeared: C:\Users\Felipe\Documents\WeChat Files\wxid_xd3703k0ih2p22\FileStorage\Temp\4325f7c7439ef0ef4efb26e9fbc6919e_.jpg
[SINK] committed | file_id=d4a362a8c940b11af0dd92e2dfc6e202c60d1588 | msg=- | talker=- | create_time=0 | sheet=Página1 | row=520 | ingest_to_commit_ms=63614 | manual_open_to_commit_ms=66158
[RETRY] 4325f7c7439ef0ef4efb26e9fbc6919e_.jpg | attempt=2 | err=FileNotFoundError: Resolved file disappeared: C:\Users\Felipe\Documents\WeChat Files\wxid_xd3703k0ih2p22\FileStorage\Temp\4325f7c7439ef0ef4efb26e9fbc6919e_.jpg
[SCAN] reconcile complete | queued_or_refreshed=1
[SKIP] 4325f7c7439ef0ef4efb26e9fbc6919e_.jpg | temp_file_disappeared_after_3_attempts
[SCAN] reconcile complete | queued_or_refreshed=1
[SCAN] reconcile complete | queued_or_refreshed=0
[SCAN] reconcile complete | queued_or_refreshed=0
[SCAN] reconcile complete | queued_or_refreshed=0
[SCAN] reconcile complete | queued_or_refreshed=0
[SCAN] reconcile complete | queued_or_refreshed=0
[SCAN] reconcile complete | queued_or_refreshed=0
[SCAN] reconcile complete | queued_or_refreshed=0
[HOLD] Bradesco_28072026_UM 47500,00 AMD(1).pdf | grupo_sem_mapa=SEM_GRUPO
[SCAN] reconcile complete | queued_or_refreshed=0
[SCAN] reconcile complete | queued_or_refreshed=0
[HOLD] Bradesco_28072026_UM 47500,00 AMD(1).pdf | grupo_sem_mapa=SEM_GRUPO
[SCAN] reconcile complete | queued_or_refreshed=0
[HOLD] Bradesco_28072026_UM 47500,00 AMD(1).pdf | grupo_sem_mapa=SEM_GRUPO
[SCAN] reconcile complete | queued_or_refreshed=0
[HOLD] Bradesco_28072026_UM 47500,00 AMD(1).pdf | grupo_sem_mapa=SEM_GRUPO
[SCAN] reconcile complete | queued_or_refreshed=0
[SCAN] reconcile complete | queued_or_refreshed=0
[INFO] Bradesco_28072026_UM 47500,00 AMD(1).pdf | grupo_sem_mapa=SEM_GRUPO mas prosseguindo (abertura manual/file_transfer)
[OK] Bradesco_28072026_UM 47500,00 AMD(1).pdf | cliente=- | banco=AMD | valor=47500.0 | data=28/07/2026 13:40 | sink=staged | resolution=file_pdf | verification=CONFIRMADO | manual_open_to_claim_ms=484723 | open_ms=58 | prep_ms=0 | ocr_ms=0 | parse_ms=2 | manual_open_to_ingest_ms=484793
[SINK] committed | file_id=0238b785608e35be8c836f3a058a29cec1c156d7 | msg=- | talker=- | create_time=0 | sheet=Página1 | row=521 | ingest_to_commit_ms=1665 | manual_open_to_commit_ms=486458
[SCAN] reconcile complete | queued_or_refreshed=0
[SCAN] reconcile complete | queued_or_refreshed=0
[SCAN] reconcile complete | queued_or_refreshed=0
[OK] 10e72ad8d4eca817c98e9d4c20e5cdc9.dat | cliente=991 | banco=CLEEND | valor=1000.0 | data=28/07/2026 13:56 | sink=staged | resolution=direct_image | verification=CONFIRMADO | manual_open_to_claim_ms=1668 | open_ms=15 | prep_ms=1 | ocr_ms=2436 | parse_ms=2 | manual_open_to_ingest_ms=4132
[SINK] committed | file_id=58727874c515e7af3ebb7334be2f548212daa3d2 | msg=- | talker=- | create_time=0 | sheet=Página1 | row=522 | ingest_to_commit_ms=2759 | manual_open_to_commit_ms=6890
[OK] 21e43aa30234041bfce3aa96b49c8e2b.dat | cliente=991 | banco=CLEEND | valor=675.0 | data=28/07/2026 14:03 | sink=staged | resolution=direct_image | verification=CONFIRMADO | manual_open_to_claim_ms=5765 | open_ms=6 | prep_ms=1 | ocr_ms=2221 | parse_ms=1 | manual_open_to_ingest_ms=7999
[SINK] committed | file_id=aae5b0e55b9a8c5dc9738cdb13386a37efd85ff6 | msg=- | talker=- | create_time=0 | sheet=Página1 | row=523 | ingest_to_commit_ms=3142 | manual_open_to_commit_ms=11140
[SKIP] 11bbc3216f3b3ca37c33a5ea55cc3c4a_.jpg | temp_without_unique_context
[OK] 2d0e0f1f1eae7beb3e7a38ad9f17c02e.dat | cliente=116A | banco=AMD | valor=49000.0 | data=28/07/2026 13:05 | sink=staged | resolution=direct_image | verification=CONFIRMADO | manual_open_to_claim_ms=1443 | open_ms=4 | prep_ms=0 | ocr_ms=1786 | parse_ms=1 | manual_open_to_ingest_ms=3238
[SINK] committed | file_id=6a4d633da37689ba52a1ad052cacb9e595d08348 | msg=- | talker=- | create_time=0 | sheet=Página1 | row=524 | ingest_to_commit_ms=1248 | manual_open_to_commit_ms=4486
[OK] 3f8abaf1e62fcc3bab839ac12a3e4eb3.dat | cliente=116A | banco=AMD | valor=12890.0 | data=28/07/2026 14:57 | sink=staged | resolution=direct_image | verification=CONFIRMADO | manual_open_to_claim_ms=2507 | open_ms=7 | prep_ms=1 | ocr_ms=1201 | parse_ms=1 | manual_open_to_ingest_ms=3721
[SINK] committed | file_id=4d469f2adb86f2e1e17822f575c17de9df9efb15 | msg=- | talker=- | create_time=0 | sheet=Página1 | row=525 | ingest_to_commit_ms=1363 | manual_open_to_commit_ms=5085
[SKIP] 402d09c7c489ab25b59c828a2c2e6f7a_.jpg | temp_without_unique_context
[SKIP] 511d795059d1e9a3fb361c7627268803_.jpg | temp_without_unique_context
[HOLD] 6e1ef06c27773f8150fe6496b18ef077_.jpg | waiting_temp_context
[SKIP] 6e1ef06c27773f8150fe6496b18ef077_.jpg | temp_without_unique_context
[OK] 48c67397e03e7bbfbe17b0e0a4fbb8aa.dat | cliente=111 | banco=CLEEND | valor=37845.2 | data=28/07/2026 11:10 | sink=staged | resolution=direct_image | verification=CONFIRMADO | manual_open_to_claim_ms=1213 | open_ms=7 | prep_ms=1 | ocr_ms=3681 | parse_ms=2 | manual_open_to_ingest_ms=4910
[SINK] committed | file_id=d7b5c3091245d36c92aa81771792e78d354f14b0 | msg=- | talker=- | create_time=0 | sheet=Página1 | row=526 | ingest_to_commit_ms=869 | manual_open_to_commit_ms=5779
[OK] 579fa41b271305464198aa6aa1ff5cec.dat | cliente=111 | banco=CLEEND | valor=34611.12 | data=28/07/2026 11:11 | sink=staged | resolution=direct_image | verification=CONFIRMADO | manual_open_to_claim_ms=4638 | open_ms=7 | prep_ms=0 | ocr_ms=3096 | parse_ms=2 | manual_open_to_ingest_ms=7749
[SINK] committed | file_id=416d7a99781781e5e96a63e58a0c35ae4b284ba3 | msg=- | talker=- | create_time=0 | sheet=Página1 | row=527 | ingest_to_commit_ms=939 | manual_open_to_commit_ms=8688
[SKIP] a587f90fd64cb63e385865c335a8e1d8_.jpg | temp_without_unique_context
[SKIP] 31b536e79854b67cada332a719b89bd8_.jpg | temp_without_unique_context
[OK] b23c95e67dc6e2c28b221478dda5163c.dat | cliente=111 | banco=CLEEND | valor=41085.22 | data=28/07/2026 11:13 | sink=staged | resolution=direct_image | verification=CONFIRMADO | manual_open_to_claim_ms=1244 | open_ms=6 | prep_ms=0 | ocr_ms=2921 | parse_ms=1 | manual_open_to_ingest_ms=4179
[SINK] committed | file_id=382b0dfa0fc527611f19c4354812656f409f4165 | msg=- | talker=- | create_time=0 | sheet=Página1 | row=528 | ingest_to_commit_ms=1013 | manual_open_to_commit_ms=5192
[SCAN] reconcile complete | queued_or_refreshed=7
[SKIP] 575ce0c85c27698c4bf4d7e0f3373586_.jpg | temp_without_unique_context
[OK] c3da1bba74bea90fd7d6e657583a7468.dat | cliente=111 | banco=CLEEND | valor=48777.1 | data=28/07/2026 11:13 | sink=staged | resolution=direct_image | verification=CONFIRMADO | manual_open_to_claim_ms=1724 | open_ms=7 | prep_ms=0 | ocr_ms=3153 | parse_ms=2 | manual_open_to_ingest_ms=4892
[SINK] committed | file_id=3916a77c2f0e6fde0e6942a02708f0010721f232 | msg=- | talker=- | create_time=0 | sheet=Página1 | row=529 | ingest_to_commit_ms=1151 | manual_open_to_commit_ms=6043
[RETRY] d1a0b239e2bf61bd9b9206f2e52b453c_.jpg | attempt=1 | err=FileNotFoundError: Resolved file disappeared: C:\Users\Felipe\Documents\WeChat Files\wxid_xd3703k0ih2p22\FileStorage\Temp\d1a0b239e2bf61bd9b9206f2e52b453c_.jpg
[OK] 7e623b9073a1ce4e604f7194868ed578.dat | cliente=111 | banco=CLEEND | valor=51335.0 | data=28/07/2026 13:45 | sink=staged | resolution=direct_image | verification=CONFIRMADO | manual_open_to_claim_ms=1833 | open_ms=19 | prep_ms=34 | ocr_ms=1206 | parse_ms=1 | manual_open_to_ingest_ms=3101
[SINK] committed | file_id=c8d3f8bbf03911c8f5ea7dec0260681173bdae3b | msg=- | talker=- | create_time=0 | sheet=Página1 | row=530 | ingest_to_commit_ms=912 | manual_open_to_commit_ms=4013
[RETRY] cb1768f52587fab4ddc8783a45eb30bb_.jpg | attempt=1 | err=FileNotFoundError: Resolved file disappeared: C:\Users\Felipe\Documents\WeChat Files\wxid_xd3703k0ih2p22\FileStorage\Temp\cb1768f52587fab4ddc8783a45eb30bb_.jpg
[OK] d5e117a85a83961781863b1ae25bc0f7.dat | cliente=111 | banco=CLEEND | valor=22300.0 | data=28/07/2026 13:52 | sink=staged | resolution=direct_image | verification=CONFIRMADO | manual_open_to_claim_ms=1718 | open_ms=15 | prep_ms=30 | ocr_ms=1194 | parse_ms=1 | manual_open_to_ingest_ms=2967
[SINK] committed | file_id=ff79dffdf20e07aae24170a295def1b076929f70 | msg=- | talker=- | create_time=0 | sheet=Página1 | row=531 | ingest_to_commit_ms=1007 | manual_open_to_commit_ms=3975
[RETRY] abf28543e6d3a378b99aa962f7a4dee8_.jpg | attempt=1 | err=FileNotFoundError: Resolved file disappeared: C:\Users\Felipe\Documents\WeChat Files\wxid_xd3703k0ih2p22\FileStorage\Temp\abf28543e6d3a378b99aa962f7a4dee8_.jpg
[OK] 2e2b82dd88eac3e8c89a6b4ef334d593.dat | cliente=111 | banco=CLEEND | valor=24372.0 | data=28/07/2026 13:54 | sink=staged | resolution=direct_image | verification=CONFIRMADO | manual_open_to_claim_ms=1013 | open_ms=16 | prep_ms=30 | ocr_ms=1002 | parse_ms=1 | manual_open_to_ingest_ms=2069
[SINK] committed | file_id=620a64ff8840da7cfc9939c31716b9400918558c | msg=- | talker=- | create_time=0 | sheet=Página1 | row=532 | ingest_to_commit_ms=1405 | manual_open_to_commit_ms=3474
[RETRY] 06a4a164a957abe71c65b5b3e955984b_.jpg | attempt=1 | err=FileNotFoundError: Resolved file disappeared: C:\Users\Felipe\Documents\WeChat Files\wxid_xd3703k0ih2p22\FileStorage\Temp\06a4a164a957abe71c65b5b3e955984b_.jpg
[RETRY] d1a0b239e2bf61bd9b9206f2e52b453c_.jpg | attempt=2 | err=FileNotFoundError: Resolved file disappeared: C:\Users\Felipe\Documents\WeChat Files\wxid_xd3703k0ih2p22\FileStorage\Temp\d1a0b239e2bf61bd9b9206f2e52b453c_.jpg
[RETRY] cb1768f52587fab4ddc8783a45eb30bb_.jpg | attempt=2 | err=FileNotFoundError: Resolved file disappeared: C:\Users\Felipe\Documents\WeChat Files\wxid_xd3703k0ih2p22\FileStorage\Temp\cb1768f52587fab4ddc8783a45eb30bb_.jpg
[RETRY] abf28543e6d3a378b99aa962f7a4dee8_.jpg | attempt=2 | err=FileNotFoundError: Resolved file disappeared: C:\Users\Felipe\Documents\WeChat Files\wxid_xd3703k0ih2p22\FileStorage\Temp\abf28543e6d3a378b99aa962f7a4dee8_.jpg
[RETRY] 06a4a164a957abe71c65b5b3e955984b_.jpg | attempt=2 | err=FileNotFoundError: Resolved file disappeared: C:\Users\Felipe\Documents\WeChat Files\wxid_xd3703k0ih2p22\FileStorage\Temp\06a4a164a957abe71c65b5b3e955984b_.jpg
[SCAN] reconcile complete | queued_or_refreshed=11
[SKIP] d1a0b239e2bf61bd9b9206f2e52b453c_.jpg | temp_file_disappeared_after_3_attempts
[SKIP] cb1768f52587fab4ddc8783a45eb30bb_.jpg | temp_file_disappeared_after_3_attempts
[SKIP] abf28543e6d3a378b99aa962f7a4dee8_.jpg | temp_file_disappeared_after_3_attempts
[SKIP] 06a4a164a957abe71c65b5b3e955984b_.jpg | temp_file_disappeared_after_3_attempts
[SCAN] reconcile complete | queued_or_refreshed=8
[SCAN] reconcile complete | queued_or_refreshed=0
[SCAN] reconcile complete | queued_or_refreshed=0
[SCAN] reconcile complete | queued_or_refreshed=0
[SCAN] reconcile complete | queued_or_refreshed=0
[SCAN] reconcile complete | queued_or_refreshed=0
[SCAN] reconcile complete | queued_or_refreshed=0
[SCAN] reconcile complete | queued_or_refreshed=0
[OK] de97e89944759d997ee7af0a5b0b2614.dat | cliente=17 | banco=AMD | valor=2516.3 | data=27/07/2026 22:34 | sink=staged | resolution=direct_image | verification=CONFIRMADO | manual_open_to_claim_ms=1197 | open_ms=21 | prep_ms=0 | ocr_ms=1649 | parse_ms=1 | manual_open_to_ingest_ms=2887
[SINK] committed | file_id=5ff4e30c798d75ba7a250c314ac14905a5bbfc10 | msg=- | talker=- | create_time=0 | sheet=Página1 | row=533 | ingest_to_commit_ms=1633 | manual_open_to_commit_ms=4519
[OK] 422ec5a4dac8a2f05d37c3bdad5005d6.dat | cliente=17 | banco=AMD | valor=1050.0 | data=28/07/2026 13:41 | sink=staged | resolution=direct_image | verification=CONFIRMADO | manual_open_to_claim_ms=3295 | open_ms=6 | prep_ms=1 | ocr_ms=1665 | parse_ms=1 | manual_open_to_ingest_ms=4975
[SINK] committed | file_id=2fc9961c1236b318762f00f04c9388013428c406 | msg=- | talker=- | create_time=0 | sheet=Página1 | row=534 | ingest_to_commit_ms=1302 | manual_open_to_commit_ms=6277
[RETRY] c8d319d7b5396fcd145c21f7e9b2ec2a_.jpg | attempt=1 | err=FileNotFoundError: Resolved file disappeared: C:\Users\Felipe\Documents\WeChat Files\wxid_xd3703k0ih2p22\FileStorage\Temp\c8d319d7b5396fcd145c21f7e9b2ec2a_.jpg
[RETRY] 0cd5521b3bd4ab32d78c739969afce16_.jpg | attempt=1 | err=FileNotFoundError: Resolved file disappeared: C:\Users\Felipe\Documents\WeChat Files\wxid_xd3703k0ih2p22\FileStorage\Temp\0cd5521b3bd4ab32d78c739969afce16_.jpg
[RETRY] c8d319d7b5396fcd145c21f7e9b2ec2a_.jpg | attempt=2 | err=FileNotFoundError: Resolved file disappeared: C:\Users\Felipe\Documents\WeChat Files\wxid_xd3703k0ih2p22\FileStorage\Temp\c8d319d7b5396fcd145c21f7e9b2ec2a_.jpg
[RETRY] 0cd5521b3bd4ab32d78c739969afce16_.jpg | attempt=2 | err=FileNotFoundError: Resolved file disappeared: C:\Users\Felipe\Documents\WeChat Files\wxid_xd3703k0ih2p22\FileStorage\Temp\0cd5521b3bd4ab32d78c739969afce16_.jpg
[SCAN] reconcile complete | queued_or_refreshed=2
[SKIP] c8d319d7b5396fcd145c21f7e9b2ec2a_.jpg | temp_file_disappeared_after_3_attempts
[SKIP] 0cd5521b3bd4ab32d78c739969afce16_.jpg | temp_file_disappeared_after_3_attempts
[SCAN] reconcile complete | queued_or_refreshed=2
[SCAN] reconcile complete | queued_or_refreshed=0
[SCAN] reconcile complete | queued_or_refreshed=0
[SCAN] reconcile complete | queued_or_refreshed=0
[SCAN] reconcile complete | queued_or_refreshed=0
[SCAN] reconcile complete | queued_or_refreshed=0
[SCAN] reconcile complete | queued_or_refreshed=0
[SCAN] reconcile complete | queued_or_refreshed=0
[SCAN] reconcile complete | queued_or_refreshed=0
[OK] e4f29a1156ddc15e6b06596372813d3c.dat | cliente=16 | banco=AMD | valor=2700.0 | data=28/07/2026 14:16 | sink=staged | resolution=direct_image | verification=CONFIRMADO | manual_open_to_claim_ms=1061 | open_ms=18 | prep_ms=34 | ocr_ms=2465 | parse_ms=2 | manual_open_to_ingest_ms=3591
[SINK] committed | file_id=e5f888a2b1ba55625442d71a4c3c1fd7873e5e86 | msg=- | talker=- | create_time=0 | sheet=Página1 | row=535 | ingest_to_commit_ms=1960 | manual_open_to_commit_ms=5551
[RETRY] 4b4860ef65b78d4290a1bd539bd0f8be_.jpg | attempt=1 | err=FileNotFoundError: Resolved file disappeared: C:\Users\Felipe\Documents\WeChat Files\wxid_xd3703k0ih2p22\FileStorage\Temp\4b4860ef65b78d4290a1bd539bd0f8be_.jpg
[OK] dcc9f82bdeedf6915fa1e59db191ae53.dat | cliente=6 | banco=CLEEND | valor=1833.0 | data=28/07/2026 15:15 | sink=staged | resolution=direct_image | verification=CONFIRMADO | manual_open_to_claim_ms=1139 | open_ms=12 | prep_ms=1 | ocr_ms=2205 | parse_ms=1 | manual_open_to_ingest_ms=3365
[SINK] committed | file_id=7b0de6b506f84ff9fe3c37e10e0c2ecbec2f5575 | msg=- | talker=- | create_time=0 | sheet=Página1 | row=536 | ingest_to_commit_ms=2171 | manual_open_to_commit_ms=5537
[HOLD] e93a2fb5718a65782355bc947f259ac5_.jpg | waiting_temp_context
[OK] 4f6711ee7d6ce39edf41efdf54dcbca3.dat | cliente=6 | banco=CLEEND | valor=947.0 | data=28/07/2026 15:22 | sink=staged | resolution=direct_image | verification=CONFIRMADO | manual_open_to_claim_ms=1253 | open_ms=107 | prep_ms=3 | ocr_ms=2489 | parse_ms=2 | manual_open_to_ingest_ms=3866
[SINK] committed | file_id=deff6350862b895eb7fe008a643ba2109bf03d2b | msg=- | talker=- | create_time=0 | sheet=Página1 | row=537 | ingest_to_commit_ms=987 | manual_open_to_commit_ms=4853
[SKIP] e93a2fb5718a65782355bc947f259ac5_.jpg | temp_without_unique_context
[HOLD] e5f53ebea721917e8c0b7e7ade274580_.jpg | waiting_temp_context
[SKIP] e5f53ebea721917e8c0b7e7ade274580_.jpg | temp_without_unique_context
[OK] 7523fe3e38cf820a52b7f4b27ad30b87.dat | cliente=6 | banco=CLEEND | valor=31.9 | data=25/07/2026 12:00 | sink=staged | resolution=direct_image | verification=CONFIRMADO | manual_open_to_claim_ms=1872 | open_ms=25 | prep_ms=2 | ocr_ms=2933 | parse_ms=1 | manual_open_to_ingest_ms=4841
[SINK] committed | file_id=0a3199ff91d09fe05e00517494e7951751566f32 | msg=- | talker=- | create_time=0 | sheet=Página1 | row=538 | ingest_to_commit_ms=1065 | manual_open_to_commit_ms=5905
[HOLD] f75cd4d0d7aa0967b3aed027e3076cdc_.jpg | waiting_temp_context
[SCAN] reconcile complete | queued_or_refreshed=5
[OK] 8a720c9cedafffa8221e2929893ec395.dat | cliente=6 | banco=CLEEND | valor=171.5 | data=27/07/2026 10:07 | sink=staged | resolution=direct_image | verification=CONFIRMADO | manual_open_to_claim_ms=6623 | open_ms=11 | prep_ms=2 | ocr_ms=2099 | parse_ms=1 | manual_open_to_ingest_ms=8743
[SINK] committed | file_id=890e341587edfeefeb26846dd90b1aaec2531fb8 | msg=- | talker=- | create_time=0 | sheet=Página1 | row=539 | ingest_to_commit_ms=1777 | manual_open_to_commit_ms=10520
[OK] dee56ff4eca94ab1ae912665413ea365.dat | cliente=6 | banco=CLEEND | valor=323.9 | data=27/07/2026 10:25 | sink=staged | resolution=direct_image | verification=CONFIRMADO | manual_open_to_claim_ms=1039 | open_ms=9 | prep_ms=1 | ocr_ms=1828 | parse_ms=1 | manual_open_to_ingest_ms=2885
[SINK] committed | file_id=aae95f2025370fcaaf5f23198943b27e1aea2b98 | msg=- | talker=- | create_time=0 | sheet=Página1 | row=540 | ingest_to_commit_ms=944 | manual_open_to_commit_ms=3829
[SKIP] 4b4860ef65b78d4290a1bd539bd0f8be_.jpg | temp_without_unique_context
[SKIP] f75cd4d0d7aa0967b3aed027e3076cdc_.jpg | temp_without_unique_context
[RETRY] 49ba359ece50b43b5faddb83df26fe46_.jpg | attempt=1 | err=FileNotFoundError: Resolved file disappeared: C:\Users\Felipe\Documents\WeChat Files\wxid_xd3703k0ih2p22\FileStorage\Temp\49ba359ece50b43b5faddb83df26fe46_.jpg
[RETRY] 0ecf48db14017d0d6a6de79128402ca1_.jpg | attempt=1 | err=FileNotFoundError: Resolved file disappeared: C:\Users\Felipe\Documents\WeChat Files\wxid_xd3703k0ih2p22\FileStorage\Temp\0ecf48db14017d0d6a6de79128402ca1_.jpg
[OK] 9a4d9109e35c49d4ece7537dace8cd42.dat | cliente=6 | banco=CLEEND | valor=473.2 | data=27/07/2026 07:56 | sink=staged | resolution=direct_image | verification=CONFIRMADO | manual_open_to_claim_ms=2174 | open_ms=47 | prep_ms=56 | ocr_ms=3057 | parse_ms=2 | manual_open_to_ingest_ms=5353
[SINK] committed | file_id=6779920a12dd8d1786d58e0b2da781090f92aada | msg=- | talker=- | create_time=0 | sheet=Página1 | row=541 | ingest_to_commit_ms=1391 | manual_open_to_commit_ms=6743
[RETRY] 04cf400bdebefd9e8d574f98421ea21c_.jpg | attempt=1 | err=FileNotFoundError: Resolved file disappeared: C:\Users\Felipe\Documents\WeChat Files\wxid_xd3703k0ih2p22\FileStorage\Temp\04cf400bdebefd9e8d574f98421ea21c_.jpg
[OK] a9ae4f7e80ec254bca66a6106ff5dcaa.dat | cliente=6 | banco=CLEEND | valor=117.9 | data=27/07/2026 11:24 | sink=staged | resolution=direct_image | verification=CONFIRMADO | manual_open_to_claim_ms=1701 | open_ms=7 | prep_ms=1 | ocr_ms=2987 | parse_ms=2 | manual_open_to_ingest_ms=4703
[SINK] committed | file_id=7839da0117a041d308249ae19a45d14dea4e0f38 | msg=- | talker=- | create_time=0 | sheet=Página1 | row=542 | ingest_to_commit_ms=2136 | manual_open_to_commit_ms=6839
[RETRY] 5f68f0ca1e226e52ba2bd7aa0ea80dac_.jpg | attempt=1 | err=FileNotFoundError: Resolved file disappeared: C:\Users\Felipe\Documents\WeChat Files\wxid_xd3703k0ih2p22\FileStorage\Temp\5f68f0ca1e226e52ba2bd7aa0ea80dac_.jpg
[OK] b4cfd62e69631a3a31790e532c792e34.dat | cliente=6 | banco=CLEEND | valor=352.0 | data=27/07/2026 11:40 | sink=staged | resolution=direct_image | verification=CONFIRMADO | manual_open_to_claim_ms=1716 | open_ms=9 | prep_ms=1 | ocr_ms=2625 | parse_ms=1 | manual_open_to_ingest_ms=4357
[SINK] committed | file_id=974d1eaed1b76e64f855e3d38f44d250fedcb84d | msg=- | talker=- | create_time=0 | sheet=Página1 | row=543 | ingest_to_commit_ms=967 | manual_open_to_commit_ms=5324
[RETRY] 045dd4201ddb472577720859f374681f_.jpg | attempt=1 | err=FileNotFoundError: Resolved file disappeared: C:\Users\Felipe\Documents\WeChat Files\wxid_xd3703k0ih2p22\FileStorage\Temp\045dd4201ddb472577720859f374681f_.jpg
[RETRY] 49ba359ece50b43b5faddb83df26fe46_.jpg | attempt=2 | err=FileNotFoundError: Resolved file disappeared: C:\Users\Felipe\Documents\WeChat Files\wxid_xd3703k0ih2p22\FileStorage\Temp\49ba359ece50b43b5faddb83df26fe46_.jpg
[RETRY] 0ecf48db14017d0d6a6de79128402ca1_.jpg | attempt=2 | err=FileNotFoundError: Resolved file disappeared: C:\Users\Felipe\Documents\WeChat Files\wxid_xd3703k0ih2p22\FileStorage\Temp\0ecf48db14017d0d6a6de79128402ca1_.jpg
[OK] 2fdeb1d9c37357459ee5128a83368ffc.dat | cliente=6 | banco=CLEEND | valor=118.0 | data=27/07/2026 13:18 | sink=staged | resolution=direct_image | verification=CONFIRMADO | manual_open_to_claim_ms=1606 | open_ms=9 | prep_ms=1 | ocr_ms=1889 | parse_ms=2 | manual_open_to_ingest_ms=3514
[SINK] committed | file_id=b140fcec142d9c984fb9767d0b32f90547631a29 | msg=- | talker=- | create_time=0 | sheet=Página1 | row=544 | ingest_to_commit_ms=1055 | manual_open_to_commit_ms=4569
[RETRY] 7df93f3fa7e62c7055074cef17a6457e_.jpg | attempt=1 | err=FileNotFoundError: Resolved file disappeared: C:\Users\Felipe\Documents\WeChat Files\wxid_xd3703k0ih2p22\FileStorage\Temp\7df93f3fa7e62c7055074cef17a6457e_.jpg
[OK] fc33d0b13793edf21585e4a0d7760c40.dat | cliente=6 | banco=CLEEND | valor=220.0 | data=27/07/2026 13:36 | sink=staged | resolution=direct_image | verification=CONFIRMADO | manual_open_to_claim_ms=1964 | open_ms=5 | prep_ms=0 | ocr_ms=2216 | parse_ms=1 | manual_open_to_ingest_ms=4191
[SINK] committed | file_id=88ec770e5474d8df37444c3493d01a22c3559503 | msg=- | talker=- | create_time=0 | sheet=Página1 | row=545 | ingest_to_commit_ms=892 | manual_open_to_commit_ms=5083
[RETRY] 04cf400bdebefd9e8d574f98421ea21c_.jpg | attempt=2 | err=FileNotFoundError: Resolved file disappeared: C:\Users\Felipe\Documents\WeChat Files\wxid_xd3703k0ih2p22\FileStorage\Temp\04cf400bdebefd9e8d574f98421ea21c_.jpg
[RETRY] 30218c3a72ae5ef40d382b72603ea90d_.jpg | attempt=1 | err=FileNotFoundError: Resolved file disappeared: C:\Users\Felipe\Documents\WeChat Files\wxid_xd3703k0ih2p22\FileStorage\Temp\30218c3a72ae5ef40d382b72603ea90d_.jpg
[OK] 4d434abedaa0b34fb7876231cebb5c22.dat | cliente=6 | banco=CLEEND | valor=335.0 | data=27/07/2026 15:08 | sink=staged | resolution=direct_image | verification=CONFIRMADO | manual_open_to_claim_ms=1327 | open_ms=8 | prep_ms=1 | ocr_ms=1370 | parse_ms=1 | manual_open_to_ingest_ms=2710
[SINK] committed | file_id=f2f1ce3ac4087a6d537742538e2098cf7fae5948 | msg=- | talker=- | create_time=0 | sheet=Página1 | row=546 | ingest_to_commit_ms=1053 | manual_open_to_commit_ms=3763
[RETRY] 5f68f0ca1e226e52ba2bd7aa0ea80dac_.jpg | attempt=2 | err=FileNotFoundError: Resolved file disappeared: C:\Users\Felipe\Documents\WeChat Files\wxid_xd3703k0ih2p22\FileStorage\Temp\5f68f0ca1e226e52ba2bd7aa0ea80dac_.jpg
[RETRY] 2086f72e829e9c2ef5d0529f814f5297_.jpg | attempt=1 | err=FileNotFoundError: Resolved file disappeared: C:\Users\Felipe\Documents\WeChat Files\wxid_xd3703k0ih2p22\FileStorage\Temp\2086f72e829e9c2ef5d0529f814f5297_.jpg
[RETRY] 045dd4201ddb472577720859f374681f_.jpg | attempt=2 | err=FileNotFoundError: Resolved file disappeared: C:\Users\Felipe\Documents\WeChat Files\wxid_xd3703k0ih2p22\FileStorage\Temp\045dd4201ddb472577720859f374681f_.jpg
[OK] 6efde842ab42d7a127ed9ed6b08aa931.dat | cliente=6 | banco=CLEEND | valor=1149.0 | data=25/07/2026 12:28 | sink=staged | resolution=direct_image | verification=CONFIRMADO | manual_open_to_claim_ms=1462 | open_ms=7 | prep_ms=1 | ocr_ms=2008 | parse_ms=1 | manual_open_to_ingest_ms=3483
[SINK] committed | file_id=4bed5bf058acca5119b66cc89c731e9f357a5d98 | msg=- | talker=- | create_time=0 | sheet=Página1 | row=547 | ingest_to_commit_ms=917 | manual_open_to_commit_ms=4400
[RETRY] dcabc1cb4ee3205a4d7ad108bd10ce40_.jpg | attempt=1 | err=FileNotFoundError: Resolved file disappeared: C:\Users\Felipe\Documents\WeChat Files\wxid_xd3703k0ih2p22\FileStorage\Temp\dcabc1cb4ee3205a4d7ad108bd10ce40_.jpg
[RETRY] 7df93f3fa7e62c7055074cef17a6457e_.jpg | attempt=2 | err=FileNotFoundError: Resolved file disappeared: C:\Users\Felipe\Documents\WeChat Files\wxid_xd3703k0ih2p22\FileStorage\Temp\7df93f3fa7e62c7055074cef17a6457e_.jpg
[OK] f4517271eeac586816212a32933e20b5.dat | cliente=6 | banco=CLEEND | valor=183.2 | data=27/07/2026 10:36 | sink=staged | resolution=direct_image | verification=CONFIRMADO | manual_open_to_claim_ms=2138 | open_ms=15 | prep_ms=1 | ocr_ms=1947 | parse_ms=3 | manual_open_to_ingest_ms=4114
[SINK] committed | file_id=45538910bc4a7da39dda36a0d23991a2f50ac08c | msg=- | talker=- | create_time=0 | sheet=Página1 | row=548 | ingest_to_commit_ms=956 | manual_open_to_commit_ms=5070
[RETRY] 1dfd973a2862d954f7127a47cdc1cb01_.jpg | attempt=1 | err=FileNotFoundError: Resolved file disappeared: C:\Users\Felipe\Documents\WeChat Files\wxid_xd3703k0ih2p22\FileStorage\Temp\1dfd973a2862d954f7127a47cdc1cb01_.jpg
[SCAN] reconcile complete | queued_or_refreshed=15
[OK] 1502018ef33197161bc57f152a1397ea.dat | cliente=6 | banco=CLEEND | valor=195.0 | data=27/07/2026 11:29 | sink=staged | resolution=direct_image | verification=CONFIRMADO | manual_open_to_claim_ms=6564 | open_ms=5 | prep_ms=0 | ocr_ms=4222 | parse_ms=2 | manual_open_to_ingest_ms=10801
[SINK] committed | file_id=360481024666207a270729cdae6ed2b10a0d637d | msg=- | talker=- | create_time=0 | sheet=Página1 | row=549 | ingest_to_commit_ms=1010 | manual_open_to_commit_ms=11812
[OK] 4ea07c855523e122ba19e5db775796fa.dat | cliente=6 | banco=CLEEND | valor=274.9 | data=27/07/2026 15:45 | sink=staged | resolution=direct_image | verification=CONFIRMADO | manual_open_to_claim_ms=2814 | open_ms=31 | prep_ms=4 | ocr_ms=2126 | parse_ms=1 | manual_open_to_ingest_ms=4987
[SINK] committed | file_id=cbed115514f945a3e27544b9c6ccdc5d364d5d9d | msg=- | talker=- | create_time=0 | sheet=Página1 | row=550 | ingest_to_commit_ms=1084 | manual_open_to_commit_ms=6071
[SKIP] 49ba359ece50b43b5faddb83df26fe46_.jpg | temp_file_disappeared_after_3_attempts
[SKIP] 0ecf48db14017d0d6a6de79128402ca1_.jpg | temp_file_disappeared_after_3_attempts
[RETRY] 30218c3a72ae5ef40d382b72603ea90d_.jpg | attempt=2 | err=FileNotFoundError: Resolved file disappeared: C:\Users\Felipe\Documents\WeChat Files\wxid_xd3703k0ih2p22\FileStorage\Temp\30218c3a72ae5ef40d382b72603ea90d_.jpg
[RETRY] 2086f72e829e9c2ef5d0529f814f5297_.jpg | attempt=2 | err=FileNotFoundError: Resolved file disappeared: C:\Users\Felipe\Documents\WeChat Files\wxid_xd3703k0ih2p22\FileStorage\Temp\2086f72e829e9c2ef5d0529f814f5297_.jpg
[RETRY] 77b4be9ba177b0edaa81da197b195eaf_.jpg | attempt=1 | err=FileNotFoundError: Resolved file disappeared: C:\Users\Felipe\Documents\WeChat Files\wxid_xd3703k0ih2p22\FileStorage\Temp\77b4be9ba177b0edaa81da197b195eaf_.jpg
[RETRY] 6892022db998fcd856dce770cc2714c8_.jpg | attempt=1 | err=FileNotFoundError: Resolved file disappeared: C:\Users\Felipe\Documents\WeChat Files\wxid_xd3703k0ih2p22\FileStorage\Temp\6892022db998fcd856dce770cc2714c8_.jpg
[RETRY] dcabc1cb4ee3205a4d7ad108bd10ce40_.jpg | attempt=2 | err=FileNotFoundError: Resolved file disappeared: C:\Users\Felipe\Documents\WeChat Files\wxid_xd3703k0ih2p22\FileStorage\Temp\dcabc1cb4ee3205a4d7ad108bd10ce40_.jpg
[OK] 0a44b7780d623b32fe7152ffdc23601e.dat | cliente=6 | banco=CLEEND | valor=187.0 | data=27/07/2026 16:28 | sink=staged | resolution=direct_image | verification=CONFIRMADO | manual_open_to_claim_ms=1572 | open_ms=15 | prep_ms=1 | ocr_ms=1352 | parse_ms=1 | manual_open_to_ingest_ms=2953
[SINK] committed | file_id=9df70f1be157c6bc78a76435eed0aec005100b58 | msg=- | talker=- | create_time=0 | sheet=Página1 | row=551 | ingest_to_commit_ms=918 | manual_open_to_commit_ms=3870
[RETRY] 09bef552faf145f8af7a3f600dc9a069_.jpg | attempt=1 | err=FileNotFoundError: Resolved file disappeared: C:\Users\Felipe\Documents\WeChat Files\wxid_xd3703k0ih2p22\FileStorage\Temp\09bef552faf145f8af7a3f600dc9a069_.jpg
[RETRY] 1dfd973a2862d954f7127a47cdc1cb01_.jpg | attempt=2 | err=FileNotFoundError: Resolved file disappeared: C:\Users\Felipe\Documents\WeChat Files\wxid_xd3703k0ih2p22\FileStorage\Temp\1dfd973a2862d954f7127a47cdc1cb01_.jpg
[OK] 7cb330ca5c754d6daeda71729f5b0a96.dat | cliente=6 | banco=CLEEND | valor=302.9 | data=27/07/2026 14:21 | sink=staged | resolution=direct_image | verification=CONFIRMADO | manual_open_to_claim_ms=1606 | open_ms=6 | prep_ms=0 | ocr_ms=2299 | parse_ms=1 | manual_open_to_ingest_ms=3916
[SINK] committed | file_id=dc76c43726da93b1d84636f29400ce0e3fb05503 | msg=- | talker=- | create_time=0 | sheet=Página1 | row=552 | ingest_to_commit_ms=917 | manual_open_to_commit_ms=4833
[SKIP] 04cf400bdebefd9e8d574f98421ea21c_.jpg | temp_file_disappeared_after_3_attempts
[RETRY] dc748a87726ebd7a8fad4d3c64554675_.jpg | attempt=1 | err=FileNotFoundError: Resolved file disappeared: C:\Users\Felipe\Documents\WeChat Files\wxid_xd3703k0ih2p22\FileStorage\Temp\dc748a87726ebd7a8fad4d3c64554675_.jpg
[OK] 3daa7b23f5fca436ea0f002397b3b10a.dat | cliente=6 | banco=CLEEND | valor=482.9 | data=27/07/2026 10:34 | sink=staged | resolution=direct_image | verification=CONFIRMADO | manual_open_to_claim_ms=1098 | open_ms=8 | prep_ms=1 | ocr_ms=1331 | parse_ms=1 | manual_open_to_ingest_ms=2444
[SINK] committed | file_id=3cc198df162093684843b84c22ca4e46aa866494 | msg=- | talker=- | create_time=0 | sheet=Página1 | row=553 | ingest_to_commit_ms=851 | manual_open_to_commit_ms=3295
[SKIP] 5f68f0ca1e226e52ba2bd7aa0ea80dac_.jpg | temp_file_disappeared_after_3_attempts
[RETRY] 30230213776df2242867b61eac0227ff_.jpg | attempt=1 | err=FileNotFoundError: Resolved file disappeared: C:\Users\Felipe\Documents\WeChat Files\wxid_xd3703k0ih2p22\FileStorage\Temp\30230213776df2242867b61eac0227ff_.jpg
[SKIP] 045dd4201ddb472577720859f374681f_.jpg | temp_file_disappeared_after_3_attempts
[RETRY] 77b4be9ba177b0edaa81da197b195eaf_.jpg | attempt=2 | err=FileNotFoundError: Resolved file disappeared: C:\Users\Felipe\Documents\WeChat Files\wxid_xd3703k0ih2p22\FileStorage\Temp\77b4be9ba177b0edaa81da197b195eaf_.jpg
[RETRY] 6892022db998fcd856dce770cc2714c8_.jpg | attempt=2 | err=FileNotFoundError: Resolved file disappeared: C:\Users\Felipe\Documents\WeChat Files\wxid_xd3703k0ih2p22\FileStorage\Temp\6892022db998fcd856dce770cc2714c8_.jpg
[OK] 7c39f4d6cb4d7cee87077d5217a6cb9d.dat | cliente=6 | banco=CLEEND | valor=230.0 | data=27/07/2026 11:02 | sink=staged | resolution=direct_image | verification=CONFIRMADO | manual_open_to_claim_ms=2164 | open_ms=5 | prep_ms=0 | ocr_ms=2485 | parse_ms=2 | manual_open_to_ingest_ms=4660
[SINK] committed | file_id=c5f507bfddd7b4a26a3fffdd609160516253cf55 | msg=- | talker=- | create_time=0 | sheet=Página1 | row=554 | ingest_to_commit_ms=957 | manual_open_to_commit_ms=5617
[SKIP] 7df93f3fa7e62c7055074cef17a6457e_.jpg | temp_file_disappeared_after_3_attempts
[RETRY] 95ce8885c592cd3df9f2b09ac4e028a0_.jpg | attempt=1 | err=FileNotFoundError: Resolved file disappeared: C:\Users\Felipe\Documents\WeChat Files\wxid_xd3703k0ih2p22\FileStorage\Temp\95ce8885c592cd3df9f2b09ac4e028a0_.jpg
[RETRY] 09bef552faf145f8af7a3f600dc9a069_.jpg | attempt=2 | err=FileNotFoundError: Resolved file disappeared: C:\Users\Felipe\Documents\WeChat Files\wxid_xd3703k0ih2p22\FileStorage\Temp\09bef552faf145f8af7a3f600dc9a069_.jpg
[OK] 6d0526642627f78b6e7c952b239b1066.dat | cliente=6 | banco=CLEEND | valor=389.0 | data=27/07/2026 12:16 | sink=staged | resolution=direct_image | verification=CONFIRMADO | manual_open_to_claim_ms=1865 | open_ms=4 | prep_ms=0 | ocr_ms=751 | parse_ms=1 | manual_open_to_ingest_ms=2623
[SINK] committed | file_id=244b14533248072e29c3a71ecba508f5431649b9 | msg=- | talker=- | create_time=0 | sheet=Página1 | row=555 | ingest_to_commit_ms=1046 | manual_open_to_commit_ms=3669
[RETRY] a9347fa904396a75c9c5491cee7d470e_.jpg | attempt=1 | err=FileNotFoundError: Resolved file disappeared: C:\Users\Felipe\Documents\WeChat Files\wxid_xd3703k0ih2p22\FileStorage\Temp\a9347fa904396a75c9c5491cee7d470e_.jpg
[RETRY] dc748a87726ebd7a8fad4d3c64554675_.jpg | attempt=2 | err=FileNotFoundError: Resolved file disappeared: C:\Users\Felipe\Documents\WeChat Files\wxid_xd3703k0ih2p22\FileStorage\Temp\dc748a87726ebd7a8fad4d3c64554675_.jpg
[OK] 39efca540e7d22275b0821a529bdedee.dat | cliente=6 | banco=CLEEND | valor=600.0 | data=27/07/2026 11:09 | sink=staged | resolution=direct_image | verification=CONFIRMADO | manual_open_to_claim_ms=1145 | open_ms=6 | prep_ms=1 | ocr_ms=1878 | parse_ms=1 | manual_open_to_ingest_ms=3035
[SINK] committed | file_id=a6a7028dfec493acda8cd34c09ba02af7aaf6c6c | msg=- | talker=- | create_time=0 | sheet=Página1 | row=556 | ingest_to_commit_ms=942 | manual_open_to_commit_ms=3977
[RETRY] 7621e5da727f540bf816d4dffa8324df_.jpg | attempt=1 | err=FileNotFoundError: Resolved file disappeared: C:\Users\Felipe\Documents\WeChat Files\wxid_xd3703k0ih2p22\FileStorage\Temp\7621e5da727f540bf816d4dffa8324df_.jpg
[RETRY] 30230213776df2242867b61eac0227ff_.jpg | attempt=2 | err=FileNotFoundError: Resolved file disappeared: C:\Users\Felipe\Documents\WeChat Files\wxid_xd3703k0ih2p22\FileStorage\Temp\30230213776df2242867b61eac0227ff_.jpg
[OK] 13809fce42e18c0e502f942779e9679d.dat | cliente=6 | banco=CLEEND | valor=548.9 | data=27/07/2026 13:35 | sink=staged | resolution=direct_image | verification=CONFIRMADO | manual_open_to_claim_ms=1400 | open_ms=3 | prep_ms=1 | ocr_ms=1334 | parse_ms=2 | manual_open_to_ingest_ms=2743
[SINK] committed | file_id=83f2e978fc986975153020010ca4795571cf3a4c | msg=- | talker=- | create_time=0 | sheet=Página1 | row=557 | ingest_to_commit_ms=1081 | manual_open_to_commit_ms=3825
[SKIP] 30218c3a72ae5ef40d382b72603ea90d_.jpg | temp_file_disappeared_after_3_attempts
[SKIP] 2086f72e829e9c2ef5d0529f814f5297_.jpg | temp_file_disappeared_after_3_attempts
[RETRY] 5df804580a6c10a22b9fa075e7624a29_.jpg | attempt=1 | err=FileNotFoundError: Resolved file disappeared: C:\Users\Felipe\Documents\WeChat Files\wxid_xd3703k0ih2p22\FileStorage\Temp\5df804580a6c10a22b9fa075e7624a29_.jpg
[SKIP] dcabc1cb4ee3205a4d7ad108bd10ce40_.jpg | temp_file_disappeared_after_3_attempts
[RETRY] 95ce8885c592cd3df9f2b09ac4e028a0_.jpg | attempt=2 | err=FileNotFoundError: Resolved file disappeared: C:\Users\Felipe\Documents\WeChat Files\wxid_xd3703k0ih2p22\FileStorage\Temp\95ce8885c592cd3df9f2b09ac4e028a0_.jpg
[OK] aecf4c291afb9f4546754cefcb2b8ef5.dat | cliente=6 | banco=CLEEND | valor=705.1 | data=27/07/2026 16:00 | sink=staged | resolution=direct_image | verification=CONFIRMADO | manual_open_to_claim_ms=1572 | open_ms=5 | prep_ms=0 | ocr_ms=2825 | parse_ms=1 | manual_open_to_ingest_ms=4408
[SINK] committed | file_id=be582732704d34fdac1f43cdb8b851036feb0a47 | msg=- | talker=- | create_time=0 | sheet=Página1 | row=558 | ingest_to_commit_ms=2102 | manual_open_to_commit_ms=6510
[SKIP] 1dfd973a2862d954f7127a47cdc1cb01_.jpg | temp_file_disappeared_after_3_attempts
[RETRY] c5009f3371739663925d62da5da2181e_.jpg | attempt=1 | err=FileNotFoundError: Resolved file disappeared: C:\Users\Felipe\Documents\WeChat Files\wxid_xd3703k0ih2p22\FileStorage\Temp\c5009f3371739663925d62da5da2181e_.jpg
[RETRY] a9347fa904396a75c9c5491cee7d470e_.jpg | attempt=2 | err=FileNotFoundError: Resolved file disappeared: C:\Users\Felipe\Documents\WeChat Files\wxid_xd3703k0ih2p22\FileStorage\Temp\a9347fa904396a75c9c5491cee7d470e_.jpg
[SCAN] reconcile complete | queued_or_refreshed=17
[OK] 3b6ff11fa8b14e8ec228a871355cf768.dat | cliente=6 | banco=CLEEND | valor=150.0 | data=27/07/2026 16:00 | sink=staged | resolution=direct_image | verification=CONFIRMADO | manual_open_to_claim_ms=3325 | open_ms=8 | prep_ms=1 | ocr_ms=3468 | parse_ms=2 | manual_open_to_ingest_ms=6810
[SINK] committed | file_id=077731f835170b97752a3c6cdbfd4a31fac4214a | msg=- | talker=- | create_time=0 | sheet=Página1 | row=559 | ingest_to_commit_ms=1446 | manual_open_to_commit_ms=8256
[RETRY] 7621e5da727f540bf816d4dffa8324df_.jpg | attempt=2 | err=FileNotFoundError: Resolved file disappeared: C:\Users\Felipe\Documents\WeChat Files\wxid_xd3703k0ih2p22\FileStorage\Temp\7621e5da727f540bf816d4dffa8324df_.jpg
[RETRY] fc2e561965af488188badac5dfc24097_.jpg | attempt=1 | err=FileNotFoundError: Resolved file disappeared: C:\Users\Felipe\Documents\WeChat Files\wxid_xd3703k0ih2p22\FileStorage\Temp\fc2e561965af488188badac5dfc24097_.jpg
[OK] 872836724354b6537363bfc6404d3f03.dat | cliente=6 | banco=CLEEND | valor=100.0 | data=27/07/2026 16:08 | sink=staged | resolution=direct_image | verification=CONFIRMADO | manual_open_to_claim_ms=1942 | open_ms=12 | prep_ms=1 | ocr_ms=2798 | parse_ms=2 | manual_open_to_ingest_ms=4760
[SINK] committed | file_id=6fba1d98ee276a3cb95b134f128e36afaff75a21 | msg=- | talker=- | create_time=0 | sheet=Página1 | row=560 | ingest_to_commit_ms=1007 | manual_open_to_commit_ms=5767
[RETRY] 3c0802e27d675f1315b8998e2813500a_.jpg | attempt=1 | err=FileNotFoundError: Resolved file disappeared: C:\Users\Felipe\Documents\WeChat Files\wxid_xd3703k0ih2p22\FileStorage\Temp\3c0802e27d675f1315b8998e2813500a_.jpg
[SKIP] 77b4be9ba177b0edaa81da197b195eaf_.jpg | temp_file_disappeared_after_3_attempts
[SKIP] 6892022db998fcd856dce770cc2714c8_.jpg | temp_file_disappeared_after_3_attempts
[RETRY] 5df804580a6c10a22b9fa075e7624a29_.jpg | attempt=2 | err=FileNotFoundError: Resolved file disappeared: C:\Users\Felipe\Documents\WeChat Files\wxid_xd3703k0ih2p22\FileStorage\Temp\5df804580a6c10a22b9fa075e7624a29_.jpg
[OK] 5c2e81b8d627f2f36394856d088bccfb.dat | cliente=6 | banco=CLEEND | valor=89.0 | data=27/07/2026 16:11 | sink=staged | resolution=direct_image | verification=CONFIRMADO | manual_open_to_claim_ms=2052 | open_ms=8 | prep_ms=1 | ocr_ms=1966 | parse_ms=2 | manual_open_to_ingest_ms=4034
[SINK] committed | file_id=23676c76eb173f00403d12de7bc2d535618cf227 | msg=- | talker=- | create_time=0 | sheet=Página1 | row=561 | ingest_to_commit_ms=1240 | manual_open_to_commit_ms=5274
[SKIP] 09bef552faf145f8af7a3f600dc9a069_.jpg | temp_file_disappeared_after_3_attempts
[RETRY] 21bd1eccec8d7337c4387c7e64e3fa93_.jpg | attempt=1 | err=FileNotFoundError: Resolved file disappeared: C:\Users\Felipe\Documents\WeChat Files\wxid_xd3703k0ih2p22\FileStorage\Temp\21bd1eccec8d7337c4387c7e64e3fa93_.jpg
[OK] d88d78b44b5384a37140c4f22ecfc111.dat | cliente=6 | banco=CLEEND | valor=347.9 | data=27/07/2026 14:46 | sink=staged | resolution=direct_image | verification=CONFIRMADO | manual_open_to_claim_ms=1597 | open_ms=9 | prep_ms=1 | ocr_ms=2636 | parse_ms=2 | manual_open_to_ingest_ms=4251
[SINK] committed | file_id=8d6d6fd42bd74371b554d65bb260b06a6431dd18 | msg=- | talker=- | create_time=0 | sheet=Página1 | row=562 | ingest_to_commit_ms=1020 | manual_open_to_commit_ms=5271
[RETRY] c5009f3371739663925d62da5da2181e_.jpg | attempt=2 | err=FileNotFoundError: Resolved file disappeared: C:\Users\Felipe\Documents\WeChat Files\wxid_xd3703k0ih2p22\FileStorage\Temp\c5009f3371739663925d62da5da2181e_.jpg
[RETRY] b823538f2a12b0f91b0a5786e6cd86e4_.jpg | attempt=1 | err=FileNotFoundError: Resolved file disappeared: C:\Users\Felipe\Documents\WeChat Files\wxid_xd3703k0ih2p22\FileStorage\Temp\b823538f2a12b0f91b0a5786e6cd86e4_.jpg
[SKIP] dc748a87726ebd7a8fad4d3c64554675_.jpg | temp_file_disappeared_after_3_attempts
[OK] d46b938d1b5ab4b95dbc4a17e4e1e515.dat | cliente=6 | banco=CLEEND | valor=212.8 | data=27/07/2026 16:42 | sink=staged | resolution=direct_image | verification=CONFIRMADO | manual_open_to_claim_ms=1548 | open_ms=4 | prep_ms=0 | ocr_ms=1193 | parse_ms=2 | manual_open_to_ingest_ms=2753
[SINK] committed | file_id=d11c40da9be4abbabde381bef62fb2622ca1b02f | msg=- | talker=- | create_time=0 | sheet=Página1 | row=563 | ingest_to_commit_ms=943 | manual_open_to_commit_ms=3696
[SKIP] 30230213776df2242867b61eac0227ff_.jpg | temp_file_disappeared_after_3_attempts
[RETRY] fc2e561965af488188badac5dfc24097_.jpg | attempt=2 | err=FileNotFoundError: Resolved file disappeared: C:\Users\Felipe\Documents\WeChat Files\wxid_xd3703k0ih2p22\FileStorage\Temp\fc2e561965af488188badac5dfc24097_.jpg
[RETRY] f4d4ab15928e6c9b0295a4ec74f3f86b_.jpg | attempt=1 | err=FileNotFoundError: Resolved file disappeared: C:\Users\Felipe\Documents\WeChat Files\wxid_xd3703k0ih2p22\FileStorage\Temp\f4d4ab15928e6c9b0295a4ec74f3f86b_.jpg
[RETRY] 3c0802e27d675f1315b8998e2813500a_.jpg | attempt=2 | err=FileNotFoundError: Resolved file disappeared: C:\Users\Felipe\Documents\WeChat Files\wxid_xd3703k0ih2p22\FileStorage\Temp\3c0802e27d675f1315b8998e2813500a_.jpg
[OK] a14380983c086deed50412d8d546b483.dat | cliente=6 | banco=CLEEND | valor=101.0 | data=27/07/2026 10:52 | sink=staged | resolution=direct_image | verification=CONFIRMADO | manual_open_to_claim_ms=1431 | open_ms=18 | prep_ms=2 | ocr_ms=2136 | parse_ms=1 | manual_open_to_ingest_ms=3596
[SINK] committed | file_id=8630eca5d87a56d2dee62b487eb1eb73dd685d23 | msg=- | talker=- | create_time=0 | sheet=Página1 | row=564 | ingest_to_commit_ms=986 | manual_open_to_commit_ms=4582
[RETRY] d243e4ddfc66dbd5ae7ed2102a419ef2_.jpg | attempt=1 | err=FileNotFoundError: Resolved file disappeared: C:\Users\Felipe\Documents\WeChat Files\wxid_xd3703k0ih2p22\FileStorage\Temp\d243e4ddfc66dbd5ae7ed2102a419ef2_.jpg
[SKIP] 95ce8885c592cd3df9f2b09ac4e028a0_.jpg | temp_file_disappeared_after_3_attempts
[RETRY] 21bd1eccec8d7337c4387c7e64e3fa93_.jpg | attempt=2 | err=FileNotFoundError: Resolved file disappeared: C:\Users\Felipe\Documents\WeChat Files\wxid_xd3703k0ih2p22\FileStorage\Temp\21bd1eccec8d7337c4387c7e64e3fa93_.jpg
[OK] ece6da71427b03e0f0e17ab31b992615.dat | cliente=6 | banco=CLEEND | valor=245.0 | data=27/07/2026 10:23 | sink=staged | resolution=direct_image | verification=CONFIRMADO | manual_open_to_claim_ms=1017 | open_ms=8 | prep_ms=1 | ocr_ms=1010 | parse_ms=1 | manual_open_to_ingest_ms=2041
[SINK] committed | file_id=1c9b8c73aa7fd3a6ee28b82ebaefc3c4775110cb | msg=- | talker=- | create_time=0 | sheet=Página1 | row=565 | ingest_to_commit_ms=1064 | manual_open_to_commit_ms=3105
[RETRY] 94e59e2e99531e6d048a405983420412_.jpg | attempt=1 | err=FileNotFoundError: Resolved file disappeared: C:\Users\Felipe\Documents\WeChat Files\wxid_xd3703k0ih2p22\FileStorage\Temp\94e59e2e99531e6d048a405983420412_.jpg
[SKIP] a9347fa904396a75c9c5491cee7d470e_.jpg | temp_file_disappeared_after_3_attempts
[RETRY] b823538f2a12b0f91b0a5786e6cd86e4_.jpg | attempt=2 | err=FileNotFoundError: Resolved file disappeared: C:\Users\Felipe\Documents\WeChat Files\wxid_xd3703k0ih2p22\FileStorage\Temp\b823538f2a12b0f91b0a5786e6cd86e4_.jpg
[OK] 0dd8764b5f30a882c8ea3d0fa3b57d44.dat | cliente=6 | banco=CLEEND | valor=109.9 | data=27/07/2026 10:00 | sink=staged | resolution=direct_image | verification=CONFIRMADO | manual_open_to_claim_ms=1870 | open_ms=8 | prep_ms=1 | ocr_ms=3276 | parse_ms=3 | manual_open_to_ingest_ms=5164
[SINK] committed | file_id=10c04ddba26a04708b792f1b04dd3e3133be408d | msg=- | talker=- | create_time=0 | sheet=Página1 | row=566 | ingest_to_commit_ms=1108 | manual_open_to_commit_ms=6272
[SKIP] 7621e5da727f540bf816d4dffa8324df_.jpg | temp_file_disappeared_after_3_attempts
[RETRY] 4e6398b81b8460e226799d49dd9ce625_.jpg | attempt=1 | err=FileNotFoundError: Resolved file disappeared: C:\Users\Felipe\Documents\WeChat Files\wxid_xd3703k0ih2p22\FileStorage\Temp\4e6398b81b8460e226799d49dd9ce625_.jpg
[RETRY] f4d4ab15928e6c9b0295a4ec74f3f86b_.jpg | attempt=2 | err=FileNotFoundError: Resolved file disappeared: C:\Users\Felipe\Documents\WeChat Files\wxid_xd3703k0ih2p22\FileStorage\Temp\f4d4ab15928e6c9b0295a4ec74f3f86b_.jpg
[OK] 88da59d8279fbce0d9ec140830302127.dat | cliente=6 | banco=CLEEND | valor=160.0 | data=27/07/2026 14:23 | sink=staged | resolution=direct_image | verification=CONFIRMADO | manual_open_to_claim_ms=1243 | open_ms=13 | prep_ms=1 | ocr_ms=1744 | parse_ms=1 | manual_open_to_ingest_ms=3010
[SINK] committed | file_id=5852a08697dcd6d6fe969d1f788f9860a7287b38 | msg=- | talker=- | create_time=0 | sheet=Página1 | row=567 | ingest_to_commit_ms=921 | manual_open_to_commit_ms=3931
[RETRY] 9b9ebf8e9653efb1696718212f4f718b_.jpg | attempt=1 | err=FileNotFoundError: Resolved file disappeared: C:\Users\Felipe\Documents\WeChat Files\wxid_xd3703k0ih2p22\FileStorage\Temp\9b9ebf8e9653efb1696718212f4f718b_.jpg
[SKIP] 5df804580a6c10a22b9fa075e7624a29_.jpg | temp_file_disappeared_after_3_attempts
[RETRY] d243e4ddfc66dbd5ae7ed2102a419ef2_.jpg | attempt=2 | err=FileNotFoundError: Resolved file disappeared: C:\Users\Felipe\Documents\WeChat Files\wxid_xd3703k0ih2p22\FileStorage\Temp\d243e4ddfc66dbd5ae7ed2102a419ef2_.jpg
[OK] a0e1dbeaa5894af458a8697815763d04.dat | cliente=6 | banco=CLEEND | valor=300.9 | data=27/07/2026 12:05 | sink=staged | resolution=direct_image | verification=CONFIRMADO | manual_open_to_claim_ms=1603 | open_ms=7 | prep_ms=0 | ocr_ms=2103 | parse_ms=1 | manual_open_to_ingest_ms=3718
[SINK] committed | file_id=3c45be92929b576110ec2627b826f9fb8e2fda1b | msg=- | talker=- | create_time=0 | sheet=Página1 | row=568 | ingest_to_commit_ms=1311 | manual_open_to_commit_ms=5029
[RETRY] 8f7dbda8e8d4d25c31c418c6afd5af86_.jpg | attempt=1 | err=FileNotFoundError: Resolved file disappeared: C:\Users\Felipe\Documents\WeChat Files\wxid_xd3703k0ih2p22\FileStorage\Temp\8f7dbda8e8d4d25c31c418c6afd5af86_.jpg
[RETRY] 94e59e2e99531e6d048a405983420412_.jpg | attempt=2 | err=FileNotFoundError: Resolved file disappeared: C:\Users\Felipe\Documents\WeChat Files\wxid_xd3703k0ih2p22\FileStorage\Temp\94e59e2e99531e6d048a405983420412_.jpg
[SCAN] reconcile complete | queued_or_refreshed=17
[OK] a64fa3c6e09c41550e45c661fe8cfd7d.dat | cliente=6 | banco=CLEEND | valor=275.0 | data=27/07/2026 14:31 | sink=staged | resolution=direct_image | verification=CONFIRMADO | manual_open_to_claim_ms=4992 | open_ms=11 | prep_ms=1 | ocr_ms=1355 | parse_ms=2 | manual_open_to_ingest_ms=6366
[SINK] committed | file_id=c9c7f1642051ebb126232f342fdf0617b01ed59b | msg=- | talker=- | create_time=0 | sheet=Página1 | row=569 | ingest_to_commit_ms=1008 | manual_open_to_commit_ms=7374
[SKIP] c5009f3371739663925d62da5da2181e_.jpg | temp_file_disappeared_after_3_attempts
[RETRY] 3e30d55bafb858aba53934c904485c78_.jpg | attempt=1 | err=FileNotFoundError: Resolved file disappeared: C:\Users\Felipe\Documents\WeChat Files\wxid_xd3703k0ih2p22\FileStorage\Temp\3e30d55bafb858aba53934c904485c78_.jpg
[OK] a69fbe70e5bd897b45312ddbaadc4455.dat | cliente=6 | banco=CLEEND | valor=338.0 | data=28/07/2026 15:05 | sink=staged | resolution=direct_image | verification=CONFIRMADO | manual_open_to_claim_ms=1079 | open_ms=5 | prep_ms=0 | ocr_ms=2881 | parse_ms=2 | manual_open_to_ingest_ms=3971
[SINK] committed | file_id=af7dc0aa7941ac41780da91c79b2c046ac6ac6fd | msg=- | talker=- | create_time=0 | sheet=Página1 | row=570 | ingest_to_commit_ms=1084 | manual_open_to_commit_ms=5055
[SKIP] fc2e561965af488188badac5dfc24097_.jpg | temp_file_disappeared_after_3_attempts
[RETRY] 4e6398b81b8460e226799d49dd9ce625_.jpg | attempt=2 | err=FileNotFoundError: Resolved file disappeared: C:\Users\Felipe\Documents\WeChat Files\wxid_xd3703k0ih2p22\FileStorage\Temp\4e6398b81b8460e226799d49dd9ce625_.jpg
[RETRY] fcb0f9b3d55b37e4cf44e428c7293763_.jpg | attempt=1 | err=FileNotFoundError: Resolved file disappeared: C:\Users\Felipe\Documents\WeChat Files\wxid_xd3703k0ih2p22\FileStorage\Temp\fcb0f9b3d55b37e4cf44e428c7293763_.jpg
[SKIP] 3c0802e27d675f1315b8998e2813500a_.jpg | temp_file_disappeared_after_3_attempts
[RETRY] 9b9ebf8e9653efb1696718212f4f718b_.jpg | attempt=2 | err=FileNotFoundError: Resolved file disappeared: C:\Users\Felipe\Documents\WeChat Files\wxid_xd3703k0ih2p22\FileStorage\Temp\9b9ebf8e9653efb1696718212f4f718b_.jpg
[OK] 682ed20d77f28b3d70b75068029556df.dat | cliente=6 | banco=CLEEND | valor=110.0 | data=28/07/2026 16:23 | sink=staged | resolution=direct_image | verification=CONFIRMADO | manual_open_to_claim_ms=1514 | open_ms=2 | prep_ms=0 | ocr_ms=1850 | parse_ms=2 | manual_open_to_ingest_ms=3372
[SINK] committed | file_id=e8c191146ff42c5cdf9bf82f38b2c313e58c6d58 | msg=- | talker=- | create_time=0 | sheet=Página1 | row=571 | ingest_to_commit_ms=921 | manual_open_to_commit_ms=4293
[RETRY] 61397f6defbf28822259ea92068574e5_.jpg | attempt=1 | err=FileNotFoundError: Resolved file disappeared: C:\Users\Felipe\Documents\WeChat Files\wxid_xd3703k0ih2p22\FileStorage\Temp\61397f6defbf28822259ea92068574e5_.jpg
[SKIP] 21bd1eccec8d7337c4387c7e64e3fa93_.jpg | temp_file_disappeared_after_3_attempts
[RETRY] 8f7dbda8e8d4d25c31c418c6afd5af86_.jpg | attempt=2 | err=FileNotFoundError: Resolved file disappeared: C:\Users\Felipe\Documents\WeChat Files\wxid_xd3703k0ih2p22\FileStorage\Temp\8f7dbda8e8d4d25c31c418c6afd5af86_.jpg
[OK] e4c680b1b29751554350980ddd8b3637.dat | cliente=6 | banco=CLEEND | valor=275.0 | data=27/07/2026 16:46 | sink=staged | resolution=direct_image | verification=CONFIRMADO | manual_open_to_claim_ms=1765 | open_ms=8 | prep_ms=1 | ocr_ms=2504 | parse_ms=1 | manual_open_to_ingest_ms=4284
[SINK] committed | file_id=e49001512299e2a5d684b723012c35afa57a554d | msg=- | talker=- | create_time=0 | sheet=Página1 | row=572 | ingest_to_commit_ms=1369 | manual_open_to_commit_ms=5653
[RETRY] 5a2b788919c25b0f0b137a84be0706bb_.jpg | attempt=1 | err=FileNotFoundError: Resolved file disappeared: C:\Users\Felipe\Documents\WeChat Files\wxid_xd3703k0ih2p22\FileStorage\Temp\5a2b788919c25b0f0b137a84be0706bb_.jpg
[SKIP] b823538f2a12b0f91b0a5786e6cd86e4_.jpg | temp_file_disappeared_after_3_attempts
[OK] 0479d175bd132f4ae91af35884e45ff5.dat | cliente=6 | banco=CLEEND | valor=429.9 | data=27/07/2026 17:00 | sink=staged | resolution=direct_image | verification=CONFIRMADO | manual_open_to_claim_ms=1876 | open_ms=5 | prep_ms=0 | ocr_ms=2259 | parse_ms=2 | manual_open_to_ingest_ms=4147
[SINK] committed | file_id=1e9a45d8abf8d26d4e7e82216bda0927bb39fe1c | msg=- | talker=- | create_time=0 | sheet=Página1 | row=573 | ingest_to_commit_ms=979 | manual_open_to_commit_ms=5126
[SKIP] f4d4ab15928e6c9b0295a4ec74f3f86b_.jpg | temp_file_disappeared_after_3_attempts
[RETRY] 3e30d55bafb858aba53934c904485c78_.jpg | attempt=2 | err=FileNotFoundError: Resolved file disappeared: C:\Users\Felipe\Documents\WeChat Files\wxid_xd3703k0ih2p22\FileStorage\Temp\3e30d55bafb858aba53934c904485c78_.jpg
[RETRY] 51366ea194bbb7eab6cc155b884fe514_.jpg | attempt=1 | err=FileNotFoundError: Resolved file disappeared: C:\Users\Felipe\Documents\WeChat Files\wxid_xd3703k0ih2p22\FileStorage\Temp\51366ea194bbb7eab6cc155b884fe514_.jpg
[RETRY] fcb0f9b3d55b37e4cf44e428c7293763_.jpg | attempt=2 | err=FileNotFoundError: Resolved file disappeared: C:\Users\Felipe\Documents\WeChat Files\wxid_xd3703k0ih2p22\FileStorage\Temp\fcb0f9b3d55b37e4cf44e428c7293763_.jpg
[OK] 25224cdc020df2bb3b288c1d043313e6.dat | cliente=6 | banco=CLEEND | valor=118.0 | data=27/07/2026 17:14 | sink=staged | resolution=direct_image | verification=CONFIRMADO | manual_open_to_claim_ms=1663 | open_ms=8 | prep_ms=0 | ocr_ms=2615 | parse_ms=1 | manual_open_to_ingest_ms=4292
[SINK] committed | file_id=5dff2ea9befccb5a5425fd14373bd3211ea4d656 | msg=- | talker=- | create_time=0 | sheet=Página1 | row=574 | ingest_to_commit_ms=2198 | manual_open_to_commit_ms=6489
[SKIP] d243e4ddfc66dbd5ae7ed2102a419ef2_.jpg | temp_file_disappeared_after_3_attempts
[RETRY] f9d60ec75c5a35d6d498afaebfc5f087_.jpg | attempt=1 | err=FileNotFoundError: Resolved file disappeared: C:\Users\Felipe\Documents\WeChat Files\wxid_xd3703k0ih2p22\FileStorage\Temp\f9d60ec75c5a35d6d498afaebfc5f087_.jpg
[RETRY] 61397f6defbf28822259ea92068574e5_.jpg | attempt=2 | err=FileNotFoundError: Resolved file disappeared: C:\Users\Felipe\Documents\WeChat Files\wxid_xd3703k0ih2p22\FileStorage\Temp\61397f6defbf28822259ea92068574e5_.jpg
[OK] 66154d0fcad3c2db1c6368516d4e9f0e.dat | cliente=6 | banco=CLEEND | valor=578.7 | data=27/07/2026 11:21 | sink=staged | resolution=direct_image | verification=CONFIRMADO | manual_open_to_claim_ms=1464 | open_ms=9 | prep_ms=1 | ocr_ms=1875 | parse_ms=2 | manual_open_to_ingest_ms=3356
[SINK] committed | file_id=4b058a7359d3f4a79bf457d71fb3df772096bcb1 | msg=- | talker=- | create_time=0 | sheet=Página1 | row=575 | ingest_to_commit_ms=1325 | manual_open_to_commit_ms=4681
[SKIP] 94e59e2e99531e6d048a405983420412_.jpg | temp_file_disappeared_after_3_attempts
[RETRY] 54f51222c1b52c399eaa8c3ca3547830_.jpg | attempt=1 | err=FileNotFoundError: Resolved file disappeared: C:\Users\Felipe\Documents\WeChat Files\wxid_xd3703k0ih2p22\FileStorage\Temp\54f51222c1b52c399eaa8c3ca3547830_.jpg
[RETRY] 5a2b788919c25b0f0b137a84be0706bb_.jpg | attempt=2 | err=FileNotFoundError: Resolved file disappeared: C:\Users\Felipe\Documents\WeChat Files\wxid_xd3703k0ih2p22\FileStorage\Temp\5a2b788919c25b0f0b137a84be0706bb_.jpg
[OK] 3bf22ed76ca55c0c114909cd80891610.dat | cliente=6 | banco=CLEEND | valor=139.0 | data=26/07/2026 00:25 | sink=staged | resolution=direct_image | verification=CONFIRMADO | manual_open_to_claim_ms=2227 | open_ms=10 | prep_ms=1 | ocr_ms=1075 | parse_ms=1 | manual_open_to_ingest_ms=3318
[SINK] committed | file_id=3d9128f50c5b91c55c318afb83ab629af3ce1afa | msg=- | talker=- | create_time=0 | sheet=Página1 | row=576 | ingest_to_commit_ms=1070 | manual_open_to_commit_ms=4388
[RETRY] cf4521b25c8c3dea215c5971116ebe5f_.jpg | attempt=1 | err=FileNotFoundError: Resolved file disappeared: C:\Users\Felipe\Documents\WeChat Files\wxid_xd3703k0ih2p22\FileStorage\Temp\cf4521b25c8c3dea215c5971116ebe5f_.jpg
[RETRY] 51366ea194bbb7eab6cc155b884fe514_.jpg | attempt=2 | err=FileNotFoundError: Resolved file disappeared: C:\Users\Felipe\Documents\WeChat Files\wxid_xd3703k0ih2p22\FileStorage\Temp\51366ea194bbb7eab6cc155b884fe514_.jpg
[OK] 6b6ccac40da59339c36fdbd2eadf5d0c.dat | cliente=6 | banco=CLEEND | valor=530.0 | data=27/07/2026 09:13 | sink=staged | resolution=direct_image | verification=CONFIRMADO | manual_open_to_claim_ms=1790 | open_ms=7 | prep_ms=0 | ocr_ms=3107 | parse_ms=2 | manual_open_to_ingest_ms=4911
[SINK] committed | file_id=34083f273f7138a5b6642b60979bb1614cbaed68 | msg=- | talker=- | create_time=0 | sheet=Página1 | row=577 | ingest_to_commit_ms=1066 | manual_open_to_commit_ms=5977
[SKIP] 4e6398b81b8460e226799d49dd9ce625_.jpg | temp_file_disappeared_after_3_attempts
[SKIP] 9b9ebf8e9653efb1696718212f4f718b_.jpg | temp_file_disappeared_after_3_attempts
[RETRY] 4e92d3f0a2d3c1d7f0a13b9c5ec386dd_.jpg | attempt=1 | err=FileNotFoundError: Resolved file disappeared: C:\Users\Felipe\Documents\WeChat Files\wxid_xd3703k0ih2p22\FileStorage\Temp\4e92d3f0a2d3c1d7f0a13b9c5ec386dd_.jpg
[RETRY] f9d60ec75c5a35d6d498afaebfc5f087_.jpg | attempt=2 | err=FileNotFoundError: Resolved file disappeared: C:\Users\Felipe\Documents\WeChat Files\wxid_xd3703k0ih2p22\FileStorage\Temp\f9d60ec75c5a35d6d498afaebfc5f087_.jpg
[OK] 7dbba04fa11d9f62b34b003a66bbfe37.dat | cliente=6 | banco=CLEEND | valor=688.0 | data=27/07/2026 08:53 | sink=staged | resolution=direct_image | verification=CONFIRMADO | manual_open_to_claim_ms=1031 | open_ms=6 | prep_ms=0 | ocr_ms=1390 | parse_ms=1 | manual_open_to_ingest_ms=2431
[SINK] committed | file_id=5cae34628af29391a807fba5579fa7dee1507a6e | msg=- | talker=- | create_time=0 | sheet=Página1 | row=578 | ingest_to_commit_ms=1509 | manual_open_to_commit_ms=3940
[RETRY] b9f4c690fcd1b7d05f4c46d53c2da3d9_.jpg | attempt=1 | err=FileNotFoundError: Resolved file disappeared: C:\Users\Felipe\Documents\WeChat Files\wxid_xd3703k0ih2p22\FileStorage\Temp\b9f4c690fcd1b7d05f4c46d53c2da3d9_.jpg
[SKIP] 8f7dbda8e8d4d25c31c418c6afd5af86_.jpg | temp_file_disappeared_after_3_attempts
[RETRY] 54f51222c1b52c399eaa8c3ca3547830_.jpg | attempt=2 | err=FileNotFoundError: Resolved file disappeared: C:\Users\Felipe\Documents\WeChat Files\wxid_xd3703k0ih2p22\FileStorage\Temp\54f51222c1b52c399eaa8c3ca3547830_.jpg
[SCAN] reconcile complete | queued_or_refreshed=17
[OK] ba24a3ff7cedd6f5b268cd8533100b74.dat | cliente=6 | banco=CLEEND | valor=160.0 | data=27/07/2026 10:40 | sink=staged | resolution=direct_image | verification=CONFIRMADO | manual_open_to_claim_ms=4683 | open_ms=3 | prep_ms=0 | ocr_ms=1011 | parse_ms=1 | manual_open_to_ingest_ms=5702
[SINK] committed | file_id=669c51b581a32c32cb0cacb4437f13534610b25c | msg=- | talker=- | create_time=0 | sheet=Página1 | row=579 | ingest_to_commit_ms=847 | manual_open_to_commit_ms=6548
[RETRY] 419970e0186d4584c6f037406c4f8023_.jpg | attempt=1 | err=FileNotFoundError: Resolved file disappeared: C:\Users\Felipe\Documents\WeChat Files\wxid_xd3703k0ih2p22\FileStorage\Temp\419970e0186d4584c6f037406c4f8023_.jpg
[RETRY] cf4521b25c8c3dea215c5971116ebe5f_.jpg | attempt=2 | err=FileNotFoundError: Resolved file disappeared: C:\Users\Felipe\Documents\WeChat Files\wxid_xd3703k0ih2p22\FileStorage\Temp\cf4521b25c8c3dea215c5971116ebe5f_.jpg
[OK] 45bbf858f1b979aca0aca51c797de722.dat | cliente=6 | banco=CLEEND | valor=294.8 | data=27/07/2026 14:19 | sink=staged | resolution=direct_image | verification=CONFIRMADO | manual_open_to_claim_ms=1503 | open_ms=6 | prep_ms=0 | ocr_ms=2400 | parse_ms=1 | manual_open_to_ingest_ms=3915
[SINK] committed | file_id=5d911007b49352b1205b2aa02924466906fb7c0f | msg=- | talker=- | create_time=0 | sheet=Página1 | row=580 | ingest_to_commit_ms=984 | manual_open_to_commit_ms=4899
[SKIP] 3e30d55bafb858aba53934c904485c78_.jpg | temp_file_disappeared_after_3_attempts
[RETRY] 6cad2963bc1e0084e55ad8d4ee15d740_.jpg | attempt=1 | err=FileNotFoundError: Resolved file disappeared: C:\Users\Felipe\Documents\WeChat Files\wxid_xd3703k0ih2p22\FileStorage\Temp\6cad2963bc1e0084e55ad8d4ee15d740_.jpg
[SKIP] fcb0f9b3d55b37e4cf44e428c7293763_.jpg | temp_file_disappeared_after_3_attempts
[OK] b8323684f778ef3b5eadc2b1edca496d.dat | cliente=6 | banco=CLEEND | valor=3297.3 | data=27/07/2026 14:36 | sink=staged | resolution=direct_image | verification=CONFIRMADO | manual_open_to_claim_ms=1128 | open_ms=4 | prep_ms=0 | ocr_ms=2665 | parse_ms=2 | manual_open_to_ingest_ms=3803
[SINK] committed | file_id=99848b29144e361a98a78938560efe6abc80b555 | msg=- | talker=- | create_time=0 | sheet=Página1 | row=581 | ingest_to_commit_ms=1036 | manual_open_to_commit_ms=4839
[RETRY] 4e92d3f0a2d3c1d7f0a13b9c5ec386dd_.jpg | attempt=2 | err=FileNotFoundError: Resolved file disappeared: C:\Users\Felipe\Documents\WeChat Files\wxid_xd3703k0ih2p22\FileStorage\Temp\4e92d3f0a2d3c1d7f0a13b9c5ec386dd_.jpg
[SKIP] 61397f6defbf28822259ea92068574e5_.jpg | temp_file_disappeared_after_3_attempts
[RETRY] cb4266be0268a1ab77e2dd499440174e_.jpg | attempt=1 | err=FileNotFoundError: Resolved file disappeared: C:\Users\Felipe\Documents\WeChat Files\wxid_xd3703k0ih2p22\FileStorage\Temp\cb4266be0268a1ab77e2dd499440174e_.jpg
[RETRY] b9f4c690fcd1b7d05f4c46d53c2da3d9_.jpg | attempt=2 | err=FileNotFoundError: Resolved file disappeared: C:\Users\Felipe\Documents\WeChat Files\wxid_xd3703k0ih2p22\FileStorage\Temp\b9f4c690fcd1b7d05f4c46d53c2da3d9_.jpg
[OK] ac21aa7aa4f64c470085f3b5df3ad978.dat | cliente=6 | banco=CLEEND | valor=470.9 | data=24/07/2026 17:22 | sink=staged | resolution=direct_image | verification=CONFIRMADO | manual_open_to_claim_ms=1154 | open_ms=17 | prep_ms=3 | ocr_ms=1267 | parse_ms=1 | manual_open_to_ingest_ms=2449
[SINK] committed | file_id=22a28ecc57fc5093d37aeea425c30b52857a3166 | msg=- | talker=- | create_time=0 | sheet=Página1 | row=582 | ingest_to_commit_ms=899 | manual_open_to_commit_ms=3348
[RETRY] 0f63428509f4bd295aae5fd52998639a_.jpg | attempt=1 | err=FileNotFoundError: Resolved file disappeared: C:\Users\Felipe\Documents\WeChat Files\wxid_xd3703k0ih2p22\FileStorage\Temp\0f63428509f4bd295aae5fd52998639a_.jpg
[SKIP] 5a2b788919c25b0f0b137a84be0706bb_.jpg | temp_file_disappeared_after_3_attempts
[RETRY] 419970e0186d4584c6f037406c4f8023_.jpg | attempt=2 | err=FileNotFoundError: Resolved file disappeared: C:\Users\Felipe\Documents\WeChat Files\wxid_xd3703k0ih2p22\FileStorage\Temp\419970e0186d4584c6f037406c4f8023_.jpg
[OK] e67a5b4b0011b32e16e2783a3a00cdb9.dat | cliente=6 | banco=CLEEND | valor=113.9 | data=27/07/2026 10:22 | sink=staged | resolution=direct_image | verification=CONFIRMADO | manual_open_to_claim_ms=1030 | open_ms=15 | prep_ms=2 | ocr_ms=1824 | parse_ms=1 | manual_open_to_ingest_ms=2878
[SINK] committed | file_id=c6d27f211b664189fb35e320a5edeadfb0ef4491 | msg=- | talker=- | create_time=0 | sheet=Página1 | row=583 | ingest_to_commit_ms=973 | manual_open_to_commit_ms=3850
[RETRY] 7933cd1a5c7d4dcbb6adbc032b70adde_.jpg | attempt=1 | err=FileNotFoundError: Resolved file disappeared: C:\Users\Felipe\Documents\WeChat Files\wxid_xd3703k0ih2p22\FileStorage\Temp\7933cd1a5c7d4dcbb6adbc032b70adde_.jpg
[SKIP] 51366ea194bbb7eab6cc155b884fe514_.jpg | temp_file_disappeared_after_3_attempts
[RETRY] 6cad2963bc1e0084e55ad8d4ee15d740_.jpg | attempt=2 | err=FileNotFoundError: Resolved file disappeared: C:\Users\Felipe\Documents\WeChat Files\wxid_xd3703k0ih2p22\FileStorage\Temp\6cad2963bc1e0084e55ad8d4ee15d740_.jpg
[OK] 50d383fd9825be6d6edab697939d7047.dat | cliente=6 | banco=CLEEND | valor=100.0 | data=28/07/2026 17:57 | sink=staged | resolution=direct_image | verification=CONFIRMADO | manual_open_to_claim_ms=1680 | open_ms=13 | prep_ms=2 | ocr_ms=1326 | parse_ms=1 | manual_open_to_ingest_ms=3030
[SINK] committed | file_id=3f5573f45a7f7b755dba00cdb5df72fe81ca8d40 | msg=- | talker=- | create_time=0 | sheet=Página1 | row=584 | ingest_to_commit_ms=999 | manual_open_to_commit_ms=4029
[RETRY] 36d1a0645c25f8395cbd8bc41ddfee6a_.jpg | attempt=1 | err=FileNotFoundError: Resolved file disappeared: C:\Users\Felipe\Documents\WeChat Files\wxid_xd3703k0ih2p22\FileStorage\Temp\36d1a0645c25f8395cbd8bc41ddfee6a_.jpg
[SKIP] f9d60ec75c5a35d6d498afaebfc5f087_.jpg | temp_file_disappeared_after_3_attempts
[RETRY] cb4266be0268a1ab77e2dd499440174e_.jpg | attempt=2 | err=FileNotFoundError: Resolved file disappeared: C:\Users\Felipe\Documents\WeChat Files\wxid_xd3703k0ih2p22\FileStorage\Temp\cb4266be0268a1ab77e2dd499440174e_.jpg
[OK] 2cad1a487b7fb87f4b6054b8e30059a5.dat | cliente=6 | banco=CLEEND | valor=1385.0 | data=27/07/2026 14:18 | sink=staged | resolution=direct_image | verification=CONFIRMADO | manual_open_to_claim_ms=1089 | open_ms=15 | prep_ms=2 | ocr_ms=1861 | parse_ms=1 | manual_open_to_ingest_ms=2974
[SINK] committed | file_id=c0089b905e08b83bc61bb6fd0f5f9483f8c9db52 | msg=- | talker=- | create_time=0 | sheet=Página1 | row=585 | ingest_to_commit_ms=924 | manual_open_to_commit_ms=3898
[RETRY] 211479d54db10986ff7839b29c459a08_.jpg | attempt=1 | err=FileNotFoundError: Resolved file disappeared: C:\Users\Felipe\Documents\WeChat Files\wxid_xd3703k0ih2p22\FileStorage\Temp\211479d54db10986ff7839b29c459a08_.jpg
[SKIP] 54f51222c1b52c399eaa8c3ca3547830_.jpg | temp_file_disappeared_after_3_attempts
[RETRY] 0f63428509f4bd295aae5fd52998639a_.jpg | attempt=2 | err=FileNotFoundError: Resolved file disappeared: C:\Users\Felipe\Documents\WeChat Files\wxid_xd3703k0ih2p22\FileStorage\Temp\0f63428509f4bd295aae5fd52998639a_.jpg
[OK] f1ae95dfdf73f91ba43dacc049216f7c.dat | cliente=6 | banco=CLEEND | valor=110.0 | data=27/07/2026 18:11 | sink=staged | resolution=direct_image | verification=CONFIRMADO | manual_open_to_claim_ms=1634 | open_ms=7 | prep_ms=1 | ocr_ms=1643 | parse_ms=1 | manual_open_to_ingest_ms=3289
[SINK] committed | file_id=5f5bbcdb5252158ca312aba2d78d358bde207479 | msg=- | talker=- | create_time=0 | sheet=Página1 | row=586 | ingest_to_commit_ms=900 | manual_open_to_commit_ms=4189
[RETRY] 0174f9ad7209dabbd3bae657c79bf918_.jpg | attempt=1 | err=FileNotFoundError: Resolved file disappeared: C:\Users\Felipe\Documents\WeChat Files\wxid_xd3703k0ih2p22\FileStorage\Temp\0174f9ad7209dabbd3bae657c79bf918_.jpg
[SKIP] cf4521b25c8c3dea215c5971116ebe5f_.jpg | temp_file_disappeared_after_3_attempts
[RETRY] 7933cd1a5c7d4dcbb6adbc032b70adde_.jpg | attempt=2 | err=FileNotFoundError: Resolved file disappeared: C:\Users\Felipe\Documents\WeChat Files\wxid_xd3703k0ih2p22\FileStorage\Temp\7933cd1a5c7d4dcbb6adbc032b70adde_.jpg
[OK] 8c5fe21b6698802538c6caa854d645f1.dat | cliente=6 | banco=CLEEND | valor=100.0 | data=02/07/2026 11:38 | sink=staged | resolution=direct_image | verification=CONFIRMADO | manual_open_to_claim_ms=1709 | open_ms=5 | prep_ms=0 | ocr_ms=1518 | parse_ms=2 | manual_open_to_ingest_ms=3238
[SINK] committed | file_id=6dcfedc284a2d54fab53b276446c1d3d847acaf5 | msg=- | talker=- | create_time=0 | sheet=Página1 | row=587 | ingest_to_commit_ms=921 | manual_open_to_commit_ms=4159
[RETRY] 4352947e4b31e9798d211318de36cdbb_.jpg | attempt=1 | err=FileNotFoundError: Resolved file disappeared: C:\Users\Felipe\Documents\WeChat Files\wxid_xd3703k0ih2p22\FileStorage\Temp\4352947e4b31e9798d211318de36cdbb_.jpg
[RETRY] 36d1a0645c25f8395cbd8bc41ddfee6a_.jpg | attempt=2 | err=FileNotFoundError: Resolved file disappeared: C:\Users\Felipe\Documents\WeChat Files\wxid_xd3703k0ih2p22\FileStorage\Temp\36d1a0645c25f8395cbd8bc41ddfee6a_.jpg
[OK] 4c9d1b2a2f7ea360d8d599caa781dc2c.dat | cliente=6 | banco=CLEEND | valor=450.0 | data=27/07/2026 11:22 | sink=staged | resolution=direct_image | verification=CONFIRMADO | manual_open_to_claim_ms=1567 | open_ms=6 | prep_ms=1 | ocr_ms=1844 | parse_ms=1 | manual_open_to_ingest_ms=3423
[SINK] committed | file_id=be1c4dd719edd1c19cd34b4ceb2ae4505ef977d2 | msg=- | talker=- | create_time=0 | sheet=Página1 | row=588 | ingest_to_commit_ms=883 | manual_open_to_commit_ms=4306
[SKIP] 4e92d3f0a2d3c1d7f0a13b9c5ec386dd_.jpg | temp_file_disappeared_after_3_attempts
[RETRY] 09283719648bb6bfcb4bce457c3d86da_.jpg | attempt=1 | err=FileNotFoundError: Resolved file disappeared: C:\Users\Felipe\Documents\WeChat Files\wxid_xd3703k0ih2p22\FileStorage\Temp\09283719648bb6bfcb4bce457c3d86da_.jpg
[SKIP] b9f4c690fcd1b7d05f4c46d53c2da3d9_.jpg | temp_file_disappeared_after_3_attempts
[RETRY] 211479d54db10986ff7839b29c459a08_.jpg | attempt=2 | err=FileNotFoundError: Resolved file disappeared: C:\Users\Felipe\Documents\WeChat Files\wxid_xd3703k0ih2p22\FileStorage\Temp\211479d54db10986ff7839b29c459a08_.jpg
[SCAN] reconcile complete | queued_or_refreshed=16
[SKIP] 419970e0186d4584c6f037406c4f8023_.jpg | temp_file_disappeared_after_3_attempts
[RETRY] 0174f9ad7209dabbd3bae657c79bf918_.jpg | attempt=2 | err=FileNotFoundError: Resolved file disappeared: C:\Users\Felipe\Documents\WeChat Files\wxid_xd3703k0ih2p22\FileStorage\Temp\0174f9ad7209dabbd3bae657c79bf918_.jpg
[SKIP] 6cad2963bc1e0084e55ad8d4ee15d740_.jpg | temp_file_disappeared_after_3_attempts
[RETRY] 4352947e4b31e9798d211318de36cdbb_.jpg | attempt=2 | err=FileNotFoundError: Resolved file disappeared: C:\Users\Felipe\Documents\WeChat Files\wxid_xd3703k0ih2p22\FileStorage\Temp\4352947e4b31e9798d211318de36cdbb_.jpg
[SKIP] cb4266be0268a1ab77e2dd499440174e_.jpg | temp_file_disappeared_after_3_attempts
[RETRY] 09283719648bb6bfcb4bce457c3d86da_.jpg | attempt=2 | err=FileNotFoundError: Resolved file disappeared: C:\Users\Felipe\Documents\WeChat Files\wxid_xd3703k0ih2p22\FileStorage\Temp\09283719648bb6bfcb4bce457c3d86da_.jpg
[SKIP] 0f63428509f4bd295aae5fd52998639a_.jpg | temp_file_disappeared_after_3_attempts
[SKIP] 7933cd1a5c7d4dcbb6adbc032b70adde_.jpg | temp_file_disappeared_after_3_attempts
[SKIP] 36d1a0645c25f8395cbd8bc41ddfee6a_.jpg | temp_file_disappeared_after_3_attempts
[SKIP] 211479d54db10986ff7839b29c459a08_.jpg | temp_file_disappeared_after_3_attempts
[SKIP] 0174f9ad7209dabbd3bae657c79bf918_.jpg | temp_file_disappeared_after_3_attempts
[SKIP] 4352947e4b31e9798d211318de36cdbb_.jpg | temp_file_disappeared_after_3_attempts
[SKIP] 09283719648bb6bfcb4bce457c3d86da_.jpg | temp_file_disappeared_after_3_attempts
[SCAN] reconcile complete | queued_or_refreshed=7
[SCAN] reconcile complete | queued_or_refreshed=3
[SCAN] reconcile complete | queued_or_refreshed=0
[SCAN] reconcile complete | queued_or_refreshed=0
[SCAN] reconcile complete | queued_or_refreshed=0
[SCAN] reconcile complete | queued_or_refreshed=0
[OK] 50f9b8dfee2ad7dd48a258b2b0021946.dat | cliente=6 | banco=CLEEND | valor=90.0 | data=24/07/2026 19:30 | sink=staged | resolution=direct_image | verification=CONFIRMADO | manual_open_to_claim_ms=1171 | open_ms=9 | prep_ms=0 | ocr_ms=1347 | parse_ms=1 | manual_open_to_ingest_ms=2537
[OK] 88e9b9b9151abf99669139ddb2e12c44.dat | cliente=6 | banco=CLEEND | valor=30.0 | data=24/07/2026 15:34 | sink=staged | resolution=direct_image | verification=CONFIRMADO | manual_open_to_claim_ms=3002 | open_ms=5 | prep_ms=0 | ocr_ms=650 | parse_ms=1 | manual_open_to_ingest_ms=3661
[SINK] committed | file_id=57a19967938870a5939e498c2bdb1181aaf18608 | msg=- | talker=- | create_time=0 | sheet=Página1 | row=589 | ingest_to_commit_ms=1999 | manual_open_to_commit_ms=5660
[OK] 9d9f48cfe32065e2c578987de766c989.dat | cliente=6 | banco=CLEEND | valor=45.0 | data=24/07/2026 16:24 | sink=staged | resolution=direct_image | verification=CONFIRMADO | manual_open_to_claim_ms=5555 | open_ms=8 | prep_ms=1 | ocr_ms=657 | parse_ms=1 | manual_open_to_ingest_ms=6227
[SINK] committed | file_id=74ac4bd31ac0deee0465b11f6bddae0764e05c9a | msg=- | talker=- | create_time=0 | sheet=Página1 | row=590 | ingest_to_commit_ms=1041 | manual_open_to_commit_ms=7269
[SINK] committed | file_id=861baf5d79d9f29c64f98f9940238df68b0abbf6 | msg=- | talker=- | create_time=0 | sheet=Página1 | row=591 | ingest_to_commit_ms=6102 | manual_open_to_commit_ms=8638
[OK] d0d953f9dcba98d82a40748a2a7b7cab.dat | cliente=6 | banco=CLEEND | valor=97.0 | data=25/07/2026 15:55 | sink=staged | resolution=direct_image | verification=CONFIRMADO | manual_open_to_claim_ms=6891 | open_ms=4 | prep_ms=1 | ocr_ms=852 | parse_ms=1 | manual_open_to_ingest_ms=7752
[SINK] committed | file_id=3f3312c179b0d705985bbe15945aa600677a5649 | msg=- | talker=- | create_time=0 | sheet=Página1 | row=592 | ingest_to_commit_ms=1678 | manual_open_to_commit_ms=9430
[RETRY] 224413f473d87948037764277beccd1c_.jpg | attempt=1 | err=FileNotFoundError: Resolved file disappeared: C:\Users\Felipe\Documents\WeChat Files\wxid_xd3703k0ih2p22\FileStorage\Temp\224413f473d87948037764277beccd1c_.jpg
[RETRY] 4e6fe0e92123e0354109e326b33f44a1_.jpg | attempt=1 | err=FileNotFoundError: Resolved file disappeared: C:\Users\Felipe\Documents\WeChat Files\wxid_xd3703k0ih2p22\FileStorage\Temp\4e6fe0e92123e0354109e326b33f44a1_.jpg
[RETRY] 88f62be9f9eab6101d9ab39519dc3cf0_.jpg | attempt=1 | err=FileNotFoundError: Resolved file disappeared: C:\Users\Felipe\Documents\WeChat Files\wxid_xd3703k0ih2p22\FileStorage\Temp\88f62be9f9eab6101d9ab39519dc3cf0_.jpg
[RETRY] cd5c8597d8fa9b7ceac68ac2027a0c77_.jpg | attempt=1 | err=FileNotFoundError: Resolved file disappeared: C:\Users\Felipe\Documents\WeChat Files\wxid_xd3703k0ih2p22\FileStorage\Temp\cd5c8597d8fa9b7ceac68ac2027a0c77_.jpg
[OK] cc37a9d515ad775e1e597436823505cf.dat | cliente=6 | banco=CLEEND | valor=65.0 | data=25/07/2026 11:09 | sink=staged | resolution=direct_image | verification=CONFIRMADO | manual_open_to_claim_ms=2125 | open_ms=34 | prep_ms=93 | ocr_ms=2132 | parse_ms=2 | manual_open_to_ingest_ms=4411
[SINK] committed | file_id=aa34ba7312050ca6f68212b6d96a174449a259f3 | msg=- | talker=- | create_time=0 | sheet=Página1 | row=593 | ingest_to_commit_ms=939 | manual_open_to_commit_ms=5350
[RETRY] 2fcc79bf61fc4c9776b65f43388a9168_.jpg | attempt=1 | err=FileNotFoundError: Resolved file disappeared: C:\Users\Felipe\Documents\WeChat Files\wxid_xd3703k0ih2p22\FileStorage\Temp\2fcc79bf61fc4c9776b65f43388a9168_.jpg
[OK] e203237e800fdf2bb701ee17d001a671.dat | cliente=6 | banco=CLEEND | valor=160.0 | data=25/07/2026 16:34 | sink=staged | resolution=direct_image | verification=CONFIRMADO | manual_open_to_claim_ms=1406 | open_ms=34 | prep_ms=94 | ocr_ms=1594 | parse_ms=1 | manual_open_to_ingest_ms=3154
[SINK] committed | file_id=4c2d7d104ffc9de9ca656b2c33609dd517a61d7f | msg=- | talker=- | create_time=0 | sheet=Página1 | row=594 | ingest_to_commit_ms=973 | manual_open_to_commit_ms=4128
[RETRY] ed427eab533b7d06ff9d7bf90c4bab69_.jpg | attempt=1 | err=FileNotFoundError: Resolved file disappeared: C:\Users\Felipe\Documents\WeChat Files\wxid_xd3703k0ih2p22\FileStorage\Temp\ed427eab533b7d06ff9d7bf90c4bab69_.jpg
[OK] bad19d0e2a3df4cb0b82c62d423f595b.dat | cliente=6 | banco=CLEEND | valor=35.0 | data=25/07/2026 16:59 | sink=staged | resolution=direct_image | verification=CONFIRMADO | manual_open_to_claim_ms=1641 | open_ms=34 | prep_ms=95 | ocr_ms=1811 | parse_ms=1 | manual_open_to_ingest_ms=3607
[SINK] committed | file_id=a54f38be69c27d90205034d0deb3d6df20f18c5e | msg=- | talker=- | create_time=0 | sheet=Página1 | row=595 | ingest_to_commit_ms=988 | manual_open_to_commit_ms=4596
[RETRY] 6baee5acd8d951a795ec6e4d7485055d_.jpg | attempt=1 | err=FileNotFoundError: Resolved file disappeared: C:\Users\Felipe\Documents\WeChat Files\wxid_xd3703k0ih2p22\FileStorage\Temp\6baee5acd8d951a795ec6e4d7485055d_.jpg
[RETRY] 224413f473d87948037764277beccd1c_.jpg | attempt=2 | err=FileNotFoundError: Resolved file disappeared: C:\Users\Felipe\Documents\WeChat Files\wxid_xd3703k0ih2p22\FileStorage\Temp\224413f473d87948037764277beccd1c_.jpg
[RETRY] 4e6fe0e92123e0354109e326b33f44a1_.jpg | attempt=2 | err=FileNotFoundError: Resolved file disappeared: C:\Users\Felipe\Documents\WeChat Files\wxid_xd3703k0ih2p22\FileStorage\Temp\4e6fe0e92123e0354109e326b33f44a1_.jpg
[RETRY] 88f62be9f9eab6101d9ab39519dc3cf0_.jpg | attempt=2 | err=FileNotFoundError: Resolved file disappeared: C:\Users\Felipe\Documents\WeChat Files\wxid_xd3703k0ih2p22\FileStorage\Temp\88f62be9f9eab6101d9ab39519dc3cf0_.jpg
[RETRY] cd5c8597d8fa9b7ceac68ac2027a0c77_.jpg | attempt=2 | err=FileNotFoundError: Resolved file disappeared: C:\Users\Felipe\Documents\WeChat Files\wxid_xd3703k0ih2p22\FileStorage\Temp\cd5c8597d8fa9b7ceac68ac2027a0c77_.jpg
[OK] 0961480e1c9d99558be2e5ee775fe54b.dat | cliente=6 | banco=CLEEND | valor=5.0 | data=25/07/2026 17:36 | sink=staged | resolution=direct_image | verification=CONFIRMADO | manual_open_to_claim_ms=2233 | open_ms=36 | prep_ms=94 | ocr_ms=1751 | parse_ms=2 | manual_open_to_ingest_ms=4143
[SINK] committed | file_id=32fd5d81a8e21813aa505c7411fe22895bd675bd | msg=- | talker=- | create_time=0 | sheet=Página1 | row=596 | ingest_to_commit_ms=949 | manual_open_to_commit_ms=5092
[RETRY] 4563ced9a322183ae021d33870d2df88_.jpg | attempt=1 | err=FileNotFoundError: Resolved file disappeared: C:\Users\Felipe\Documents\WeChat Files\wxid_xd3703k0ih2p22\FileStorage\Temp\4563ced9a322183ae021d33870d2df88_.jpg
[SCAN] reconcile complete | queued_or_refreshed=8
[RETRY] 2fcc79bf61fc4c9776b65f43388a9168_.jpg | attempt=2 | err=FileNotFoundError: Resolved file disappeared: C:\Users\Felipe\Documents\WeChat Files\wxid_xd3703k0ih2p22\FileStorage\Temp\2fcc79bf61fc4c9776b65f43388a9168_.jpg
[OK] 67c2faba9ca24e7bfcd1552550cfbcd7.dat | cliente=6 | banco=CLEEND | valor=100.0 | data=27/07/2026 12:23 | sink=staged | resolution=direct_image | verification=CONFIRMADO | manual_open_to_claim_ms=1967 | open_ms=36 | prep_ms=93 | ocr_ms=1961 | parse_ms=2 | manual_open_to_ingest_ms=4085
[SINK] committed | file_id=f0ef28a7a5af1ffab841d8140ea30f392eb392e0 | msg=- | talker=- | create_time=0 | sheet=Página1 | row=597 | ingest_to_commit_ms=922 | manual_open_to_commit_ms=5007
[RETRY] dad0feebeb642d350382762ebb8f70b7_.jpg | attempt=1 | err=FileNotFoundError: Resolved file disappeared: C:\Users\Felipe\Documents\WeChat Files\wxid_xd3703k0ih2p22\FileStorage\Temp\dad0feebeb642d350382762ebb8f70b7_.jpg
[RETRY] ed427eab533b7d06ff9d7bf90c4bab69_.jpg | attempt=2 | err=FileNotFoundError: Resolved file disappeared: C:\Users\Felipe\Documents\WeChat Files\wxid_xd3703k0ih2p22\FileStorage\Temp\ed427eab533b7d06ff9d7bf90c4bab69_.jpg
[OK] 3c0a954001b0c93a22786feb404a96f6.dat | cliente=6 | banco=CLEEND | valor=25.0 | data=24/07/2026 12:11 | sink=staged | resolution=direct_image | verification=CONFIRMADO | manual_open_to_claim_ms=1215 | open_ms=40 | prep_ms=113 | ocr_ms=2275 | parse_ms=1 | manual_open_to_ingest_ms=3671
[SINK] committed | file_id=7d93fa080a36b6c226819f2ee8c88f1a2060a194 | msg=- | talker=- | create_time=0 | sheet=Página1 | row=598 | ingest_to_commit_ms=1109 | manual_open_to_commit_ms=4780
[RETRY] 295b1d82c9ab2ce201ec5658dea7459e_.jpg | attempt=1 | err=FileNotFoundError: Resolved file disappeared: C:\Users\Felipe\Documents\WeChat Files\wxid_xd3703k0ih2p22\FileStorage\Temp\295b1d82c9ab2ce201ec5658dea7459e_.jpg
[RETRY] 6baee5acd8d951a795ec6e4d7485055d_.jpg | attempt=2 | err=FileNotFoundError: Resolved file disappeared: C:\Users\Felipe\Documents\WeChat Files\wxid_xd3703k0ih2p22\FileStorage\Temp\6baee5acd8d951a795ec6e4d7485055d_.jpg
[OK] 45632b24f45bc7da86de78dfe76154e5.dat | cliente=6 | banco=CLEEND | valor=125.0 | data=27/07/2026 16:59 | sink=staged | resolution=direct_image | verification=CONFIRMADO | manual_open_to_claim_ms=2186 | open_ms=34 | prep_ms=84 | ocr_ms=2110 | parse_ms=2 | manual_open_to_ingest_ms=4442
[SINK] committed | file_id=880f7b81ae480f664b4388c4a5c287942891cdab | msg=- | talker=- | create_time=0 | sheet=Página1 | row=599 | ingest_to_commit_ms=1845 | manual_open_to_commit_ms=6287
[RETRY] a0331ec37fda9061e92893c78c8da71b_.jpg | attempt=1 | err=FileNotFoundError: Resolved file disappeared: C:\Users\Felipe\Documents\WeChat Files\wxid_xd3703k0ih2p22\FileStorage\Temp\a0331ec37fda9061e92893c78c8da71b_.jpg
[RETRY] 4563ced9a322183ae021d33870d2df88_.jpg | attempt=2 | err=FileNotFoundError: Resolved file disappeared: C:\Users\Felipe\Documents\WeChat Files\wxid_xd3703k0ih2p22\FileStorage\Temp\4563ced9a322183ae021d33870d2df88_.jpg
[OK] 77b0ab646b747c6082f11d7e8e3565ba.dat | cliente=6 | banco=CLEEND | valor=30.0 | data=24/07/2026 12:02 | sink=staged | resolution=direct_image | verification=CONFIRMADO | manual_open_to_claim_ms=1231 | open_ms=16 | prep_ms=38 | ocr_ms=1756 | parse_ms=1 | manual_open_to_ingest_ms=3052
[SINK] committed | file_id=be60b12c1b613b24e11542b670130d2a99b19d50 | msg=- | talker=- | create_time=0 | sheet=Página1 | row=600 | ingest_to_commit_ms=872 | manual_open_to_commit_ms=3924
[RETRY] 0293b5404fe5cf6ef2ffab08cb853a45_.jpg | attempt=1 | err=FileNotFoundError: Resolved file disappeared: C:\Users\Felipe\Documents\WeChat Files\wxid_xd3703k0ih2p22\FileStorage\Temp\0293b5404fe5cf6ef2ffab08cb853a45_.jpg
[RETRY] dad0feebeb642d350382762ebb8f70b7_.jpg | attempt=2 | err=FileNotFoundError: Resolved file disappeared: C:\Users\Felipe\Documents\WeChat Files\wxid_xd3703k0ih2p22\FileStorage\Temp\dad0feebeb642d350382762ebb8f70b7_.jpg
[OK] d368f76b67577314aa45b4a905a4b476.dat | cliente=6 | banco=CLEEND | valor=200.0 | data=25/07/2026 10:50 | sink=staged | resolution=direct_image | verification=CONFIRMADO | manual_open_to_claim_ms=1446 | open_ms=17 | prep_ms=39 | ocr_ms=1555 | parse_ms=1 | manual_open_to_ingest_ms=3068
[SINK] committed | file_id=0330d23c17ac891a154fda431c33d81396bb3a5a | msg=- | talker=- | create_time=0 | sheet=Página1 | row=601 | ingest_to_commit_ms=1114 | manual_open_to_commit_ms=4183
[RETRY] 228ef93340016deda42c27fcf1447e9b_.jpg | attempt=1 | err=FileNotFoundError: Resolved file disappeared: C:\Users\Felipe\Documents\WeChat Files\wxid_xd3703k0ih2p22\FileStorage\Temp\228ef93340016deda42c27fcf1447e9b_.jpg
[RETRY] 295b1d82c9ab2ce201ec5658dea7459e_.jpg | attempt=2 | err=FileNotFoundError: Resolved file disappeared: C:\Users\Felipe\Documents\WeChat Files\wxid_xd3703k0ih2p22\FileStorage\Temp\295b1d82c9ab2ce201ec5658dea7459e_.jpg
[OK] 9ee456f1588aac3cb162168871603924.dat | cliente=6 | banco=CLEEND | valor=25.0 | data=24/07/2026 14:56 | sink=staged | resolution=direct_image | verification=CONFIRMADO | manual_open_to_claim_ms=1628 | open_ms=19 | prep_ms=45 | ocr_ms=1098 | parse_ms=1 | manual_open_to_ingest_ms=2801
[SINK] committed | file_id=f89e518bcb2eef6de52c73bf69e4c41cc6447958 | msg=- | talker=- | create_time=0 | sheet=Página1 | row=602 | ingest_to_commit_ms=1112 | manual_open_to_commit_ms=3913
[RETRY] d22bae767022e0c42c024d28ecf74e65_.jpg | attempt=1 | err=FileNotFoundError: Resolved file disappeared: C:\Users\Felipe\Documents\WeChat Files\wxid_xd3703k0ih2p22\FileStorage\Temp\d22bae767022e0c42c024d28ecf74e65_.jpg
[SKIP] 224413f473d87948037764277beccd1c_.jpg | temp_file_disappeared_after_3_attempts
[SKIP] 4e6fe0e92123e0354109e326b33f44a1_.jpg | temp_file_disappeared_after_3_attempts
[SKIP] 88f62be9f9eab6101d9ab39519dc3cf0_.jpg | temp_file_disappeared_after_3_attempts
[SKIP] cd5c8597d8fa9b7ceac68ac2027a0c77_.jpg | temp_file_disappeared_after_3_attempts
[OK] 212454622361c9882779dc70f49f3d8d.dat | cliente=6 | banco=CLEEND | valor=40.0 | data=25/07/2026 17:04 | sink=staged | resolution=direct_image | verification=CONFIRMADO | manual_open_to_claim_ms=1563 | open_ms=18 | prep_ms=38 | ocr_ms=1626 | parse_ms=1 | manual_open_to_ingest_ms=3257
[SINK] committed | file_id=0431bb0f9e487e0e34863e14f8a68a5c68436d7f | msg=- | talker=- | create_time=0 | sheet=Página1 | row=603 | ingest_to_commit_ms=966 | manual_open_to_commit_ms=4223
[RETRY] a0331ec37fda9061e92893c78c8da71b_.jpg | attempt=2 | err=FileNotFoundError: Resolved file disappeared: C:\Users\Felipe\Documents\WeChat Files\wxid_xd3703k0ih2p22\FileStorage\Temp\a0331ec37fda9061e92893c78c8da71b_.jpg
[RETRY] e5b9e6fa9d2b7242d04d4ea67248f919_.jpg | attempt=1 | err=FileNotFoundError: Resolved file disappeared: C:\Users\Felipe\Documents\WeChat Files\wxid_xd3703k0ih2p22\FileStorage\Temp\e5b9e6fa9d2b7242d04d4ea67248f919_.jpg
[SKIP] 2fcc79bf61fc4c9776b65f43388a9168_.jpg | temp_file_disappeared_after_3_attempts
[RETRY] 0293b5404fe5cf6ef2ffab08cb853a45_.jpg | attempt=2 | err=FileNotFoundError: Resolved file disappeared: C:\Users\Felipe\Documents\WeChat Files\wxid_xd3703k0ih2p22\FileStorage\Temp\0293b5404fe5cf6ef2ffab08cb853a45_.jpg
[OK] ad28a101a9fb41f1cfd56baba2bea903.dat | cliente=6 | banco=CLEEND | valor=125.0 | data=26/07/2026 11:03 | sink=staged | resolution=direct_image | verification=CONFIRMADO | manual_open_to_claim_ms=1824 | open_ms=18 | prep_ms=39 | ocr_ms=1702 | parse_ms=1 | manual_open_to_ingest_ms=3597
[SINK] committed | file_id=d26116d5fde83780b5efd5e681cda3ec1c7475ec | msg=- | talker=- | create_time=0 | sheet=Página1 | row=604 | ingest_to_commit_ms=1044 | manual_open_to_commit_ms=4641
[SKIP] ed427eab533b7d06ff9d7bf90c4bab69_.jpg | temp_file_disappeared_after_3_attempts
[RETRY] 0982ad3781ee88c550aba04e44731bb7_.jpg | attempt=1 | err=FileNotFoundError: Resolved file disappeared: C:\Users\Felipe\Documents\WeChat Files\wxid_xd3703k0ih2p22\FileStorage\Temp\0982ad3781ee88c550aba04e44731bb7_.jpg
[RETRY] 228ef93340016deda42c27fcf1447e9b_.jpg | attempt=2 | err=FileNotFoundError: Resolved file disappeared: C:\Users\Felipe\Documents\WeChat Files\wxid_xd3703k0ih2p22\FileStorage\Temp\228ef93340016deda42c27fcf1447e9b_.jpg
[OK] 75fcfc46f99a7faf01c5636e95cf7895.dat | cliente=6 | banco=CLEEND | valor=120.0 | data=26/07/2026 11:06 | sink=staged | resolution=direct_image | verification=CONFIRMADO | manual_open_to_claim_ms=2205 | open_ms=17 | prep_ms=40 | ocr_ms=1655 | parse_ms=1 | manual_open_to_ingest_ms=3929
[SINK] committed | file_id=bbcea379fec9e505b114089b67a7621117ff0016 | msg=- | talker=- | create_time=0 | sheet=Página1 | row=605 | ingest_to_commit_ms=894 | manual_open_to_commit_ms=4822
[RETRY] 799ff86e6f0af77df9191a823023bba1_.jpg | attempt=1 | err=FileNotFoundError: Resolved file disappeared: C:\Users\Felipe\Documents\WeChat Files\wxid_xd3703k0ih2p22\FileStorage\Temp\799ff86e6f0af77df9191a823023bba1_.jpg
[SKIP] 6baee5acd8d951a795ec6e4d7485055d_.jpg | temp_file_disappeared_after_3_attempts
[RETRY] d22bae767022e0c42c024d28ecf74e65_.jpg | attempt=2 | err=FileNotFoundError: Resolved file disappeared: C:\Users\Felipe\Documents\WeChat Files\wxid_xd3703k0ih2p22\FileStorage\Temp\d22bae767022e0c42c024d28ecf74e65_.jpg
[OK] 7228abb73b806edb9425e2d32d1e4c59.dat | cliente=6 | banco=CLEEND | valor=100.0 | data=27/07/2026 18:29 | sink=staged | resolution=direct_image | verification=CONFIRMADO | manual_open_to_claim_ms=1038 | open_ms=18 | prep_ms=39 | ocr_ms=1551 | parse_ms=1 | manual_open_to_ingest_ms=2657
[SINK] committed | file_id=50b8ff9de37f1f0f05f62401f5c2a878088a1474 | msg=- | talker=- | create_time=0 | sheet=Página1 | row=606 | ingest_to_commit_ms=889 | manual_open_to_commit_ms=3546
[RETRY] c28d8219067d8b519563da34f003da14_.jpg | attempt=1 | err=FileNotFoundError: Resolved file disappeared: C:\Users\Felipe\Documents\WeChat Files\wxid_xd3703k0ih2p22\FileStorage\Temp\c28d8219067d8b519563da34f003da14_.jpg
[SKIP] 4563ced9a322183ae021d33870d2df88_.jpg | temp_file_disappeared_after_3_attempts
[SCAN] reconcile complete | queued_or_refreshed=19
[OK] 725007ade9ec19151115583073540cf8.dat | cliente=6 | banco=CLEEND | valor=90.0 | data=24/07/2026 11:20 | sink=staged | resolution=direct_image | verification=CONFIRMADO | manual_open_to_claim_ms=4041 | open_ms=7 | prep_ms=1 | ocr_ms=1904 | parse_ms=2 | manual_open_to_ingest_ms=5959
[SINK] committed | file_id=7e5d0c8f7a011cf31f806b97426ed7e12f67ab85 | msg=- | talker=- | create_time=0 | sheet=Página1 | row=607 | ingest_to_commit_ms=997 | manual_open_to_commit_ms=6957
[SKIP] dad0feebeb642d350382762ebb8f70b7_.jpg | temp_file_disappeared_after_3_attempts
[RETRY] e5b9e6fa9d2b7242d04d4ea67248f919_.jpg | attempt=2 | err=FileNotFoundError: Resolved file disappeared: C:\Users\Felipe\Documents\WeChat Files\wxid_xd3703k0ih2p22\FileStorage\Temp\e5b9e6fa9d2b7242d04d4ea67248f919_.jpg
[RETRY] 160bb0a79eb0f15443f48e383a292c79_.jpg | attempt=1 | err=FileNotFoundError: Resolved file disappeared: C:\Users\Felipe\Documents\WeChat Files\wxid_xd3703k0ih2p22\FileStorage\Temp\160bb0a79eb0f15443f48e383a292c79_.jpg
[RETRY] 0982ad3781ee88c550aba04e44731bb7_.jpg | attempt=2 | err=FileNotFoundError: Resolved file disappeared: C:\Users\Felipe\Documents\WeChat Files\wxid_xd3703k0ih2p22\FileStorage\Temp\0982ad3781ee88c550aba04e44731bb7_.jpg
[OK] 68d268fcbbfaa32860590e1a517ddfc4.dat | cliente=6 | banco=CLEEND | valor=70.0 | data=28/07/2026 12:38 | sink=staged | resolution=direct_image | verification=CONFIRMADO | manual_open_to_claim_ms=1999 | open_ms=13 | prep_ms=1 | ocr_ms=1366 | parse_ms=1 | manual_open_to_ingest_ms=3386
[SINK] committed | file_id=5751e01e4618ee910b873c19497d68974a77eba8 | msg=- | talker=- | create_time=0 | sheet=Página1 | row=608 | ingest_to_commit_ms=852 | manual_open_to_commit_ms=4238
[RETRY] 83180c4b6f3a83a9d788a2d249484513_.jpg | attempt=1 | err=FileNotFoundError: Resolved file disappeared: C:\Users\Felipe\Documents\WeChat Files\wxid_xd3703k0ih2p22\FileStorage\Temp\83180c4b6f3a83a9d788a2d249484513_.jpg
[SKIP] 295b1d82c9ab2ce201ec5658dea7459e_.jpg | temp_file_disappeared_after_3_attempts
[RETRY] 799ff86e6f0af77df9191a823023bba1_.jpg | attempt=2 | err=FileNotFoundError: Resolved file disappeared: C:\Users\Felipe\Documents\WeChat Files\wxid_xd3703k0ih2p22\FileStorage\Temp\799ff86e6f0af77df9191a823023bba1_.jpg
[RETRY] c28d8219067d8b519563da34f003da14_.jpg | attempt=2 | err=FileNotFoundError: Resolved file disappeared: C:\Users\Felipe\Documents\WeChat Files\wxid_xd3703k0ih2p22\FileStorage\Temp\c28d8219067d8b519563da34f003da14_.jpg
[OK] aa899bc4761802e153602f90d1bd0cf0.dat | cliente=6 | banco=CLEEND | valor=10.0 | data=25/07/2026 09:24 | sink=staged | resolution=direct_image | verification=CONFIRMADO | manual_open_to_claim_ms=1675 | open_ms=7 | prep_ms=0 | ocr_ms=1486 | parse_ms=1 | manual_open_to_ingest_ms=3175
[SINK] committed | file_id=9bc7301f75573da71845948cf298b3548432b7f0 | msg=- | talker=- | create_time=0 | sheet=Página1 | row=609 | ingest_to_commit_ms=969 | manual_open_to_commit_ms=4144
[SKIP] a0331ec37fda9061e92893c78c8da71b_.jpg | temp_file_disappeared_after_3_attempts
[RETRY] f7a2cdbe3226b392328a212382e0f3bc_.jpg | attempt=1 | err=FileNotFoundError: Resolved file disappeared: C:\Users\Felipe\Documents\WeChat Files\wxid_xd3703k0ih2p22\FileStorage\Temp\f7a2cdbe3226b392328a212382e0f3bc_.jpg
[SKIP] 0293b5404fe5cf6ef2ffab08cb853a45_.jpg | temp_file_disappeared_after_3_attempts
[OK] b009ae0ed21918c9dac19ca1a36452ee.dat | cliente=6 | banco=None | valor=25.0 | data=24/07/2026 18:25 | sink=staged | resolution=direct_image | verification=CONFIRMADO | manual_open_to_claim_ms=1640 | open_ms=3 | prep_ms=0 | ocr_ms=1615 | parse_ms=2 | manual_open_to_ingest_ms=3265
[SINK] committed | file_id=f2c52076774675b269f335636d086ffd54125b4d | msg=- | talker=- | create_time=0 | sheet=Página1 | row=610 | ingest_to_commit_ms=1632 | manual_open_to_commit_ms=4898
[SKIP] 228ef93340016deda42c27fcf1447e9b_.jpg | temp_file_disappeared_after_3_attempts
[RETRY] 160bb0a79eb0f15443f48e383a292c79_.jpg | attempt=2 | err=FileNotFoundError: Resolved file disappeared: C:\Users\Felipe\Documents\WeChat Files\wxid_xd3703k0ih2p22\FileStorage\Temp\160bb0a79eb0f15443f48e383a292c79_.jpg
[RETRY] 4858527a7b85406a9e4c1f10effc07ce_.jpg | attempt=1 | err=FileNotFoundError: Resolved file disappeared: C:\Users\Felipe\Documents\WeChat Files\wxid_xd3703k0ih2p22\FileStorage\Temp\4858527a7b85406a9e4c1f10effc07ce_.jpg
[RETRY] 83180c4b6f3a83a9d788a2d249484513_.jpg | attempt=2 | err=FileNotFoundError: Resolved file disappeared: C:\Users\Felipe\Documents\WeChat Files\wxid_xd3703k0ih2p22\FileStorage\Temp\83180c4b6f3a83a9d788a2d249484513_.jpg
[OK] 283afcd664b2a9d10dd7cda3a0340a7b.dat | cliente=6 | banco=CLEEND | valor=100.0 | data=24/07/2026 18:13 | sink=staged | resolution=direct_image | verification=CONFIRMADO | manual_open_to_claim_ms=1222 | open_ms=5 | prep_ms=0 | ocr_ms=1948 | parse_ms=2 | manual_open_to_ingest_ms=3183
[SINK] committed | file_id=c95d657de37ce3eeda13c1d5b687b84229acc9e0 | msg=- | talker=- | create_time=0 | sheet=Página1 | row=611 | ingest_to_commit_ms=1154 | manual_open_to_commit_ms=4337
[RETRY] a8bac0d09fa01eeebaa4da53a5a30596_.jpg | attempt=1 | err=FileNotFoundError: Resolved file disappeared: C:\Users\Felipe\Documents\WeChat Files\wxid_xd3703k0ih2p22\FileStorage\Temp\a8bac0d09fa01eeebaa4da53a5a30596_.jpg
[SKIP] d22bae767022e0c42c024d28ecf74e65_.jpg | temp_file_disappeared_after_3_attempts
[OK] a65ec2432e7b716e89e09cf2fb3fca65.dat | cliente=6 | banco=CLEEND | valor=20.0 | data=24/07/2026 14:44 | sink=staged | resolution=direct_image | verification=CONFIRMADO | manual_open_to_claim_ms=1774 | open_ms=10 | prep_ms=1 | ocr_ms=974 | parse_ms=1 | manual_open_to_ingest_ms=2765
[SINK] committed | file_id=0ae3e3543cc00a38f2ebf0887405e49d80ed3551 | msg=- | talker=- | create_time=0 | sheet=Página1 | row=612 | ingest_to_commit_ms=860 | manual_open_to_commit_ms=3625
[RETRY] 863d7706dfb5d764564853dbd781c089_.jpg | attempt=1 | err=FileNotFoundError: Resolved file disappeared: C:\Users\Felipe\Documents\WeChat Files\wxid_xd3703k0ih2p22\FileStorage\Temp\863d7706dfb5d764564853dbd781c089_.jpg
[RETRY] f7a2cdbe3226b392328a212382e0f3bc_.jpg | attempt=2 | err=FileNotFoundError: Resolved file disappeared: C:\Users\Felipe\Documents\WeChat Files\wxid_xd3703k0ih2p22\FileStorage\Temp\f7a2cdbe3226b392328a212382e0f3bc_.jpg
[OK] 2f5b61fb2851b7de1a9a8b808cc6793f.dat | cliente=6 | banco=CLEEND | valor=60.0 | data=24/07/2026 18:59 | sink=staged | resolution=direct_image | verification=CONFIRMADO | manual_open_to_claim_ms=1057 | open_ms=12 | prep_ms=2 | ocr_ms=1237 | parse_ms=1 | manual_open_to_ingest_ms=2316
[SINK] committed | file_id=2fc27402cda77ad6408b10df6fd343106a892a7e | msg=- | talker=- | create_time=0 | sheet=Página1 | row=613 | ingest_to_commit_ms=978 | manual_open_to_commit_ms=3294
[RETRY] 29b6d31dad7abae619427378e893cec7_.jpg | attempt=1 | err=FileNotFoundError: Resolved file disappeared: C:\Users\Felipe\Documents\WeChat Files\wxid_xd3703k0ih2p22\FileStorage\Temp\29b6d31dad7abae619427378e893cec7_.jpg
[SKIP] e5b9e6fa9d2b7242d04d4ea67248f919_.jpg | temp_file_disappeared_after_3_attempts
[SKIP] 0982ad3781ee88c550aba04e44731bb7_.jpg | temp_file_disappeared_after_3_attempts
[RETRY] 4858527a7b85406a9e4c1f10effc07ce_.jpg | attempt=2 | err=FileNotFoundError: Resolved file disappeared: C:\Users\Felipe\Documents\WeChat Files\wxid_xd3703k0ih2p22\FileStorage\Temp\4858527a7b85406a9e4c1f10effc07ce_.jpg
[OK] 90dafe88b547ec4ea4c422ee0b0feff4.dat | cliente=6 | banco=CLEEND | valor=145.0 | data=24/07/2026 19:23 | sink=staged | resolution=direct_image | verification=CONFIRMADO | manual_open_to_claim_ms=2115 | open_ms=8 | prep_ms=1 | ocr_ms=2089 | parse_ms=2 | manual_open_to_ingest_ms=4218
[SINK] committed | file_id=d1862b853ff842b922e41258f1401e1f3a34e219 | msg=- | talker=- | create_time=0 | sheet=Página1 | row=614 | ingest_to_commit_ms=1049 | manual_open_to_commit_ms=5267
[SKIP] 799ff86e6f0af77df9191a823023bba1_.jpg | temp_file_disappeared_after_3_attempts
[RETRY] f665b8841dd049c7c134af054c1796e8_.jpg | attempt=1 | err=FileNotFoundError: Resolved file disappeared: C:\Users\Felipe\Documents\WeChat Files\wxid_xd3703k0ih2p22\FileStorage\Temp\f665b8841dd049c7c134af054c1796e8_.jpg
[RETRY] a8bac0d09fa01eeebaa4da53a5a30596_.jpg | attempt=2 | err=FileNotFoundError: Resolved file disappeared: C:\Users\Felipe\Documents\WeChat Files\wxid_xd3703k0ih2p22\FileStorage\Temp\a8bac0d09fa01eeebaa4da53a5a30596_.jpg
[OK] c53e854cd6a100f7711e93d235b4f702.dat | cliente=6 | banco=CLEEND | valor=40.0 | data=24/07/2026 19:14 | sink=staged | resolution=direct_image | verification=CONFIRMADO | manual_open_to_claim_ms=1532 | open_ms=7 | prep_ms=0 | ocr_ms=1848 | parse_ms=1 | manual_open_to_ingest_ms=3393
[SINK] committed | file_id=63a77b402bc5933578af8cffc23b0d97ea3847b2 | msg=- | talker=- | create_time=0 | sheet=Página1 | row=615 | ingest_to_commit_ms=931 | manual_open_to_commit_ms=4324
[SKIP] c28d8219067d8b519563da34f003da14_.jpg | temp_file_disappeared_after_3_attempts
[RETRY] 5d72f61bd77c551be1dfcad84e21d67a_.jpg | attempt=1 | err=FileNotFoundError: Resolved file disappeared: C:\Users\Felipe\Documents\WeChat Files\wxid_xd3703k0ih2p22\FileStorage\Temp\5d72f61bd77c551be1dfcad84e21d67a_.jpg
[RETRY] 863d7706dfb5d764564853dbd781c089_.jpg | attempt=2 | err=FileNotFoundError: Resolved file disappeared: C:\Users\Felipe\Documents\WeChat Files\wxid_xd3703k0ih2p22\FileStorage\Temp\863d7706dfb5d764564853dbd781c089_.jpg
[SCAN] reconcile complete | queued_or_refreshed=16
[OK] 69cc426f33879a3013d7a1c05c7cc1fa.dat | cliente=6 | banco=CLEEND | valor=990.0 | data=24/07/2026 19:10 | sink=staged | resolution=direct_image | verification=CONFIRMADO | manual_open_to_claim_ms=5466 | open_ms=9 | prep_ms=1 | ocr_ms=2400 | parse_ms=2 | manual_open_to_ingest_ms=7882
[SINK] committed | file_id=675c2165cd248829ff2ae924e9874d1a2c388924 | msg=- | talker=- | create_time=0 | sheet=Página1 | row=616 | ingest_to_commit_ms=1310 | manual_open_to_commit_ms=9193
[RETRY] 29b6d31dad7abae619427378e893cec7_.jpg | attempt=2 | err=FileNotFoundError: Resolved file disappeared: C:\Users\Felipe\Documents\WeChat Files\wxid_xd3703k0ih2p22\FileStorage\Temp\29b6d31dad7abae619427378e893cec7_.jpg
[RETRY] 24625819c47d72220ab2106df9961be0_.jpg | attempt=1 | err=FileNotFoundError: Resolved file disappeared: C:\Users\Felipe\Documents\WeChat Files\wxid_xd3703k0ih2p22\FileStorage\Temp\24625819c47d72220ab2106df9961be0_.jpg
[OK] e8fa29893f52c471afb6e35372a341d8.dat | cliente=6 | banco=CLEEND | valor=210.0 | data=24/07/2026 19:09 | sink=staged | resolution=direct_image | verification=CONFIRMADO | manual_open_to_claim_ms=1699 | open_ms=17 | prep_ms=2 | ocr_ms=1386 | parse_ms=1 | manual_open_to_ingest_ms=3112
[SINK] committed | file_id=9655d08db71890d33326646edcb28af36f19bcd7 | msg=- | talker=- | create_time=0 | sheet=Página1 | row=617 | ingest_to_commit_ms=925 | manual_open_to_commit_ms=4037
[SKIP] 160bb0a79eb0f15443f48e383a292c79_.jpg | temp_file_disappeared_after_3_attempts
[RETRY] c3bc6267b29393612c83fd8cec29c644_.jpg | attempt=1 | err=FileNotFoundError: Resolved file disappeared: C:\Users\Felipe\Documents\WeChat Files\wxid_xd3703k0ih2p22\FileStorage\Temp\c3bc6267b29393612c83fd8cec29c644_.jpg
[SKIP] 83180c4b6f3a83a9d788a2d249484513_.jpg | temp_file_disappeared_after_3_attempts
[RETRY] f665b8841dd049c7c134af054c1796e8_.jpg | attempt=2 | err=FileNotFoundError: Resolved file disappeared: C:\Users\Felipe\Documents\WeChat Files\wxid_xd3703k0ih2p22\FileStorage\Temp\f665b8841dd049c7c134af054c1796e8_.jpg
[OK] 33c64c9d6b1024e6537eb23431911a92.dat | cliente=6 | banco=CLEEND | valor=100.0 | data=25/07/2026 16:46 | sink=staged | resolution=direct_image | verification=CONFIRMADO | manual_open_to_claim_ms=2212 | open_ms=5 | prep_ms=0 | ocr_ms=2386 | parse_ms=2 | manual_open_to_ingest_ms=4611
[SINK] committed | file_id=2fe6b1d755aa679bdf02022ae68cda671232ca3d | msg=- | talker=- | create_time=0 | sheet=Página1 | row=618 | ingest_to_commit_ms=2463 | manual_open_to_commit_ms=7074
[RETRY] 6eed65f99e83c2e66932285b18b0de03_.jpg | attempt=1 | err=FileNotFoundError: Resolved file disappeared: C:\Users\Felipe\Documents\WeChat Files\wxid_xd3703k0ih2p22\FileStorage\Temp\6eed65f99e83c2e66932285b18b0de03_.jpg
[RETRY] 5d72f61bd77c551be1dfcad84e21d67a_.jpg | attempt=2 | err=FileNotFoundError: Resolved file disappeared: C:\Users\Felipe\Documents\WeChat Files\wxid_xd3703k0ih2p22\FileStorage\Temp\5d72f61bd77c551be1dfcad84e21d67a_.jpg
[OK] 505e52c383cc446cfcc1b4f21286d6cf.dat | cliente=6 | banco=CLEEND | valor=75.0 | data=25/07/2026 12:28 | sink=staged | resolution=direct_image | verification=CONFIRMADO | manual_open_to_claim_ms=2219 | open_ms=7 | prep_ms=1 | ocr_ms=1737 | parse_ms=1 | manual_open_to_ingest_ms=3968
[SINK] committed | file_id=216e6529ab0999e4c08dba82d51d4d5652f0f702 | msg=- | talker=- | create_time=0 | sheet=Página1 | row=619 | ingest_to_commit_ms=2059 | manual_open_to_commit_ms=6027
[SKIP] f7a2cdbe3226b392328a212382e0f3bc_.jpg | temp_file_disappeared_after_3_attempts
[RETRY] c119d2e3457d69c1e9b9642434613713_.jpg | attempt=1 | err=FileNotFoundError: Resolved file disappeared: C:\Users\Felipe\Documents\WeChat Files\wxid_xd3703k0ih2p22\FileStorage\Temp\c119d2e3457d69c1e9b9642434613713_.jpg
[OK] 76d08668b62819cd52395c06a95a2a24.dat | cliente=6 | banco=CLEEND | valor=100.0 | data=25/07/2026 10:36 | sink=staged | resolution=direct_image | verification=CONFIRMADO | manual_open_to_claim_ms=1002 | open_ms=11 | prep_ms=2 | ocr_ms=1066 | parse_ms=1 | manual_open_to_ingest_ms=2085
[SINK] committed | file_id=fd0f1c86c964a78e6f6709bed08151dbf067c2fa | msg=- | talker=- | create_time=0 | sheet=Página1 | row=620 | ingest_to_commit_ms=1033 | manual_open_to_commit_ms=3118
[RETRY] 75adec2ebfba47da456e3923819e13d9_.jpg | attempt=1 | err=FileNotFoundError: Resolved file disappeared: C:\Users\Felipe\Documents\WeChat Files\wxid_xd3703k0ih2p22\FileStorage\Temp\75adec2ebfba47da456e3923819e13d9_.jpg
[RETRY] 24625819c47d72220ab2106df9961be0_.jpg | attempt=2 | err=FileNotFoundError: Resolved file disappeared: C:\Users\Felipe\Documents\WeChat Files\wxid_xd3703k0ih2p22\FileStorage\Temp\24625819c47d72220ab2106df9961be0_.jpg
[SKIP] 4858527a7b85406a9e4c1f10effc07ce_.jpg | temp_file_disappeared_after_3_attempts
[RETRY] c3bc6267b29393612c83fd8cec29c644_.jpg | attempt=2 | err=FileNotFoundError: Resolved file disappeared: C:\Users\Felipe\Documents\WeChat Files\wxid_xd3703k0ih2p22\FileStorage\Temp\c3bc6267b29393612c83fd8cec29c644_.jpg
[OK] 04f438394a49181a0a0e5cc1be51047e.dat | cliente=6 | banco=CLEEND | valor=250.0 | data=28/07/2026 13:08 | sink=staged | resolution=direct_image | verification=CONFIRMADO | manual_open_to_claim_ms=2062 | open_ms=9 | prep_ms=1 | ocr_ms=2192 | parse_ms=1 | manual_open_to_ingest_ms=4269
[SINK] committed | file_id=3b9fd2f8478324d7c88f8285698dc2cd24325cb7 | msg=- | talker=- | create_time=0 | sheet=Página1 | row=621 | ingest_to_commit_ms=848 | manual_open_to_commit_ms=5117
[SKIP] a8bac0d09fa01eeebaa4da53a5a30596_.jpg | temp_file_disappeared_after_3_attempts
[RETRY] 23fff27c4963efa93d49a954ec8cdf0a_.jpg | attempt=1 | err=FileNotFoundError: Resolved file disappeared: C:\Users\Felipe\Documents\WeChat Files\wxid_xd3703k0ih2p22\FileStorage\Temp\23fff27c4963efa93d49a954ec8cdf0a_.jpg
[OK] 1845f05a15ea680e374fa097d82fdef9.dat | cliente=6 | banco=CLEEND | valor=495.0 | data=25/07/2026 14:36 | sink=staged | resolution=direct_image | verification=CONFIRMADO | manual_open_to_claim_ms=1351 | open_ms=11 | prep_ms=1 | ocr_ms=1373 | parse_ms=1 | manual_open_to_ingest_ms=2744
[SINK] committed | file_id=fd32dff3385663b2a0f25db634a6da09f31a7e70 | msg=- | talker=- | create_time=0 | sheet=Página1 | row=622 | ingest_to_commit_ms=1146 | manual_open_to_commit_ms=3890
[RETRY] 6eed65f99e83c2e66932285b18b0de03_.jpg | attempt=2 | err=FileNotFoundError: Resolved file disappeared: C:\Users\Felipe\Documents\WeChat Files\wxid_xd3703k0ih2p22\FileStorage\Temp\6eed65f99e83c2e66932285b18b0de03_.jpg
[SKIP] 863d7706dfb5d764564853dbd781c089_.jpg | temp_file_disappeared_after_3_attempts
[RETRY] 6fb9158452e91945f7c0dc8ec150fd44_.jpg | attempt=1 | err=FileNotFoundError: Resolved file disappeared: C:\Users\Felipe\Documents\WeChat Files\wxid_xd3703k0ih2p22\FileStorage\Temp\6fb9158452e91945f7c0dc8ec150fd44_.jpg
[RETRY] c119d2e3457d69c1e9b9642434613713_.jpg | attempt=2 | err=FileNotFoundError: Resolved file disappeared: C:\Users\Felipe\Documents\WeChat Files\wxid_xd3703k0ih2p22\FileStorage\Temp\c119d2e3457d69c1e9b9642434613713_.jpg
[OK] dcb8041a366e650b0ec8d1fa54dea6c7.dat | cliente=6 | banco=CLEEND | valor=107.0 | data=25/07/2026 13:46 | sink=staged | resolution=direct_image | verification=CONFIRMADO | manual_open_to_claim_ms=1748 | open_ms=9 | prep_ms=1 | ocr_ms=2582 | parse_ms=2 | manual_open_to_ingest_ms=4345
[SINK] committed | file_id=a0af902db7fb7753248bd87bd6cf2c8d19931557 | msg=- | talker=- | create_time=0 | sheet=Página1 | row=623 | ingest_to_commit_ms=1086 | manual_open_to_commit_ms=5432
[RETRY] 7eff649c6163b48a455edf986eda814b_.jpg | attempt=1 | err=FileNotFoundError: Resolved file disappeared: C:\Users\Felipe\Documents\WeChat Files\wxid_xd3703k0ih2p22\FileStorage\Temp\7eff649c6163b48a455edf986eda814b_.jpg
[SKIP] 29b6d31dad7abae619427378e893cec7_.jpg | temp_file_disappeared_after_3_attempts
[RETRY] 75adec2ebfba47da456e3923819e13d9_.jpg | attempt=2 | err=FileNotFoundError: Resolved file disappeared: C:\Users\Felipe\Documents\WeChat Files\wxid_xd3703k0ih2p22\FileStorage\Temp\75adec2ebfba47da456e3923819e13d9_.jpg
[OK] f5dc3ab1193c07e38f919018f6b869f4.dat | cliente=6 | banco=CLEEND | valor=195.0 | data=25/07/2026 13:28 | sink=staged | resolution=direct_image | verification=CONFIRMADO | manual_open_to_claim_ms=1750 | open_ms=9 | prep_ms=1 | ocr_ms=873 | parse_ms=1 | manual_open_to_ingest_ms=2639
[SINK] committed | file_id=aa61165102b71dfcd6078e27182e9105fea51691 | msg=- | talker=- | create_time=0 | sheet=Página1 | row=624 | ingest_to_commit_ms=4796 | manual_open_to_commit_ms=7435
[SKIP] f665b8841dd049c7c134af054c1796e8_.jpg | temp_file_disappeared_after_3_attempts
[RETRY] d00b5e6cf62e353f9d4fea3a7491ba1e_.jpg | attempt=1 | err=FileNotFoundError: Resolved file disappeared: C:\Users\Felipe\Documents\WeChat Files\wxid_xd3703k0ih2p22\FileStorage\Temp\d00b5e6cf62e353f9d4fea3a7491ba1e_.jpg
[RETRY] 23fff27c4963efa93d49a954ec8cdf0a_.jpg | attempt=2 | err=FileNotFoundError: Resolved file disappeared: C:\Users\Felipe\Documents\WeChat Files\wxid_xd3703k0ih2p22\FileStorage\Temp\23fff27c4963efa93d49a954ec8cdf0a_.jpg
[OK] 4b0dc251b64209c061b9d9a98c7668d1.dat | cliente=6 | banco=CLEEND | valor=85.0 | data=25/07/2026 13:21 | sink=staged | resolution=direct_image | verification=CONFIRMADO | manual_open_to_claim_ms=1253 | open_ms=10 | prep_ms=1 | ocr_ms=1004 | parse_ms=1 | manual_open_to_ingest_ms=2275
[SINK] committed | file_id=8a2322163b2538b7d367abb03ccd4add00daebd8 | msg=- | talker=- | create_time=0 | sheet=Página1 | row=625 | ingest_to_commit_ms=3186 | manual_open_to_commit_ms=5461
[RETRY] 0a9099e5efa9e4ce150081e27726d433_.jpg | attempt=1 | err=FileNotFoundError: Resolved file disappeared: C:\Users\Felipe\Documents\WeChat Files\wxid_xd3703k0ih2p22\FileStorage\Temp\0a9099e5efa9e4ce150081e27726d433_.jpg
[SKIP] 5d72f61bd77c551be1dfcad84e21d67a_.jpg | temp_file_disappeared_after_3_attempts
[RETRY] 6fb9158452e91945f7c0dc8ec150fd44_.jpg | attempt=2 | err=FileNotFoundError: Resolved file disappeared: C:\Users\Felipe\Documents\WeChat Files\wxid_xd3703k0ih2p22\FileStorage\Temp\6fb9158452e91945f7c0dc8ec150fd44_.jpg
[SCAN] reconcile complete | queued_or_refreshed=17
[OK] 67d54523639613665492c73b1fe26ba4.dat | cliente=6 | banco=CLEEND | valor=100.0 | data=25/07/2026 15:08 | sink=staged | resolution=direct_image | verification=CONFIRMADO | manual_open_to_claim_ms=7194 | open_ms=9 | prep_ms=1 | ocr_ms=2127 | parse_ms=2 | manual_open_to_ingest_ms=9338
[SINK] committed | file_id=0d52ea43a02fdf6678179422ae6464864ed57d08 | msg=- | talker=- | create_time=0 | sheet=Página1 | row=626 | ingest_to_commit_ms=1710 | manual_open_to_commit_ms=11048
[OK] 3418d5828c0afca69d3b0ac4bc707fc3.dat | cliente=6 | banco=CLEEND | valor=460.0 | data=25/07/2026 18:56 | sink=staged | resolution=direct_image | verification=CONFIRMADO | manual_open_to_claim_ms=2013 | open_ms=9 | prep_ms=1 | ocr_ms=1986 | parse_ms=1 | manual_open_to_ingest_ms=4014
[SINK] committed | file_id=692a22112fbc3278bebf1597bd983703a53d9bcc | msg=- | talker=- | create_time=0 | sheet=Página1 | row=627 | ingest_to_commit_ms=936 | manual_open_to_commit_ms=4950
[SKIP] 24625819c47d72220ab2106df9961be0_.jpg | temp_file_disappeared_after_3_attempts
[RETRY] 7eff649c6163b48a455edf986eda814b_.jpg | attempt=2 | err=FileNotFoundError: Resolved file disappeared: C:\Users\Felipe\Documents\WeChat Files\wxid_xd3703k0ih2p22\FileStorage\Temp\7eff649c6163b48a455edf986eda814b_.jpg
[RETRY] 9da5c4698d6af06baf0b1c1e4a542819_.jpg | attempt=1 | err=FileNotFoundError: Resolved file disappeared: C:\Users\Felipe\Documents\WeChat Files\wxid_xd3703k0ih2p22\FileStorage\Temp\9da5c4698d6af06baf0b1c1e4a542819_.jpg
[RETRY] 0f21aa0ee470047b0751f5fa67578747_.jpg | attempt=1 | err=FileNotFoundError: Resolved file disappeared: C:\Users\Felipe\Documents\WeChat Files\wxid_xd3703k0ih2p22\FileStorage\Temp\0f21aa0ee470047b0751f5fa67578747_.jpg
[SKIP] c3bc6267b29393612c83fd8cec29c644_.jpg | temp_file_disappeared_after_3_attempts
[OK] 942549ca9a9d80adc7a297b169aabc33.dat | cliente=6 | banco=CLEEND | valor=65.0 | data=25/07/2026 16:53 | sink=staged | resolution=direct_image | verification=CONFIRMADO | manual_open_to_claim_ms=1463 | open_ms=8 | prep_ms=0 | ocr_ms=2222 | parse_ms=1 | manual_open_to_ingest_ms=3699
[SINK] committed | file_id=69cdd4763dc26a1c1189b8cb07828007f0ed9e12 | msg=- | talker=- | create_time=0 | sheet=Página1 | row=628 | ingest_to_commit_ms=976 | manual_open_to_commit_ms=4674
[RETRY] d00b5e6cf62e353f9d4fea3a7491ba1e_.jpg | attempt=2 | err=FileNotFoundError: Resolved file disappeared: C:\Users\Felipe\Documents\WeChat Files\wxid_xd3703k0ih2p22\FileStorage\Temp\d00b5e6cf62e353f9d4fea3a7491ba1e_.jpg
[RETRY] 6f584a5125338e62abe2195b61b4d446_.jpg | attempt=1 | err=FileNotFoundError: Resolved file disappeared: C:\Users\Felipe\Documents\WeChat Files\wxid_xd3703k0ih2p22\FileStorage\Temp\6f584a5125338e62abe2195b61b4d446_.jpg
[RETRY] 0a9099e5efa9e4ce150081e27726d433_.jpg | attempt=2 | err=FileNotFoundError: Resolved file disappeared: C:\Users\Felipe\Documents\WeChat Files\wxid_xd3703k0ih2p22\FileStorage\Temp\0a9099e5efa9e4ce150081e27726d433_.jpg
[OK] ac40f224e4cde9384523c53211f09eae.dat | cliente=6 | banco=CLEEND | valor=60.0 | data=25/07/2026 18:24 | sink=staged | resolution=direct_image | verification=CONFIRMADO | manual_open_to_claim_ms=2194 | open_ms=6 | prep_ms=0 | ocr_ms=1467 | parse_ms=2 | manual_open_to_ingest_ms=3674
[SINK] committed | file_id=387b6054700e8b1dc2b2ca074216cc7428a27b4e | msg=- | talker=- | create_time=0 | sheet=Página1 | row=629 | ingest_to_commit_ms=1444 | manual_open_to_commit_ms=5117
[SKIP] 6eed65f99e83c2e66932285b18b0de03_.jpg | temp_file_disappeared_after_3_attempts
[RETRY] 78fe3e8438596e775cf0e40f422a15d3_.jpg | attempt=1 | err=FileNotFoundError: Resolved file disappeared: C:\Users\Felipe\Documents\WeChat Files\wxid_xd3703k0ih2p22\FileStorage\Temp\78fe3e8438596e775cf0e40f422a15d3_.jpg
[SKIP] c119d2e3457d69c1e9b9642434613713_.jpg | temp_file_disappeared_after_3_attempts
[OK] 030f594670971a1a7e67920a49332710.dat | cliente=6 | banco=CLEEND | valor=225.0 | data=25/07/2026 18:17 | sink=staged | resolution=direct_image | verification=CONFIRMADO | manual_open_to_claim_ms=1451 | open_ms=8 | prep_ms=1 | ocr_ms=2250 | parse_ms=2 | manual_open_to_ingest_ms=3716
[SINK] committed | file_id=d8401071b1303b3d076aaf517720874dae7608cf | msg=- | talker=- | create_time=0 | sheet=Página1 | row=630 | ingest_to_commit_ms=1077 | manual_open_to_commit_ms=4793
[SKIP] 75adec2ebfba47da456e3923819e13d9_.jpg | temp_file_disappeared_after_3_attempts
[RETRY] 68419f61cfa685585ec865ce13bfdf10_.jpg | attempt=1 | err=FileNotFoundError: Resolved file disappeared: C:\Users\Felipe\Documents\WeChat Files\wxid_xd3703k0ih2p22\FileStorage\Temp\68419f61cfa685585ec865ce13bfdf10_.jpg
[RETRY] 9da5c4698d6af06baf0b1c1e4a542819_.jpg | attempt=2 | err=FileNotFoundError: Resolved file disappeared: C:\Users\Felipe\Documents\WeChat Files\wxid_xd3703k0ih2p22\FileStorage\Temp\9da5c4698d6af06baf0b1c1e4a542819_.jpg
[RETRY] 0f21aa0ee470047b0751f5fa67578747_.jpg | attempt=2 | err=FileNotFoundError: Resolved file disappeared: C:\Users\Felipe\Documents\WeChat Files\wxid_xd3703k0ih2p22\FileStorage\Temp\0f21aa0ee470047b0751f5fa67578747_.jpg
[OK] d66afe96fbac64956eaa1c06f77315e6.dat | cliente=6 | banco=CLEEND | valor=100.0 | data=25/07/2026 18:10 | sink=staged | resolution=direct_image | verification=CONFIRMADO | manual_open_to_claim_ms=1320 | open_ms=7 | prep_ms=1 | ocr_ms=2227 | parse_ms=1 | manual_open_to_ingest_ms=3561
[SINK] committed | file_id=0cdf61c6c4725a48f2f5be8cbc44ed097f396f60 | msg=- | talker=- | create_time=0 | sheet=Página1 | row=631 | ingest_to_commit_ms=998 | manual_open_to_commit_ms=4559
[RETRY] 2e0282abedf064eea0e3332317514ea6_.jpg | attempt=1 | err=FileNotFoundError: Resolved file disappeared: C:\Users\Felipe\Documents\WeChat Files\wxid_xd3703k0ih2p22\FileStorage\Temp\2e0282abedf064eea0e3332317514ea6_.jpg
[SKIP] 23fff27c4963efa93d49a954ec8cdf0a_.jpg | temp_file_disappeared_after_3_attempts
[RETRY] 6f584a5125338e62abe2195b61b4d446_.jpg | attempt=2 | err=FileNotFoundError: Resolved file disappeared: C:\Users\Felipe\Documents\WeChat Files\wxid_xd3703k0ih2p22\FileStorage\Temp\6f584a5125338e62abe2195b61b4d446_.jpg
[OK] d7ca7a5f3e41100b097b78cda08507b1.dat | cliente=6 | banco=CLEEND | valor=170.0 | data=25/07/2026 17:13 | sink=staged | resolution=direct_image | verification=CONFIRMADO | manual_open_to_claim_ms=1702 | open_ms=7 | prep_ms=1 | ocr_ms=2915 | parse_ms=2 | manual_open_to_ingest_ms=4633
[SINK] committed | file_id=f9d36445d3ddd23292766fd565eb759a2d343dab | msg=- | talker=- | create_time=0 | sheet=Página1 | row=632 | ingest_to_commit_ms=2151 | manual_open_to_commit_ms=6784
[SKIP] 6fb9158452e91945f7c0dc8ec150fd44_.jpg | temp_file_disappeared_after_3_attempts
[RETRY] 55a0e8ee5340ec83c558d3c8c4cabfad_.jpg | attempt=1 | err=FileNotFoundError: Resolved file disappeared: C:\Users\Felipe\Documents\WeChat Files\wxid_xd3703k0ih2p22\FileStorage\Temp\55a0e8ee5340ec83c558d3c8c4cabfad_.jpg
[RETRY] 78fe3e8438596e775cf0e40f422a15d3_.jpg | attempt=2 | err=FileNotFoundError: Resolved file disappeared: C:\Users\Felipe\Documents\WeChat Files\wxid_xd3703k0ih2p22\FileStorage\Temp\78fe3e8438596e775cf0e40f422a15d3_.jpg
[OK] 9904cc8f10ee5245265868efb4dd95d4.dat | cliente=6 | banco=CLEEND | valor=100.0 | data=25/07/2026 18:30 | sink=staged | resolution=direct_image | verification=CONFIRMADO | manual_open_to_claim_ms=1285 | open_ms=22 | prep_ms=26 | ocr_ms=3004 | parse_ms=2 | manual_open_to_ingest_ms=4346
[SINK] committed | file_id=aface6d2fc9f5c3c26c508f70e288503cc90b065 | msg=- | talker=- | create_time=0 | sheet=Página1 | row=633 | ingest_to_commit_ms=962 | manual_open_to_commit_ms=5308
[RETRY] bbecb70574377b1ea0c2248b5f829c9c_.jpg | attempt=1 | err=FileNotFoundError: Resolved file disappeared: C:\Users\Felipe\Documents\WeChat Files\wxid_xd3703k0ih2p22\FileStorage\Temp\bbecb70574377b1ea0c2248b5f829c9c_.jpg
[RETRY] 68419f61cfa685585ec865ce13bfdf10_.jpg | attempt=2 | err=FileNotFoundError: Resolved file disappeared: C:\Users\Felipe\Documents\WeChat Files\wxid_xd3703k0ih2p22\FileStorage\Temp\68419f61cfa685585ec865ce13bfdf10_.jpg
[OK] 1ad03d5073169df0011ac2f0cc18df7b.dat | cliente=6 | banco=CLEEND | valor=100.0 | data=26/07/2026 10:59 | sink=staged | resolution=direct_image | verification=CONFIRMADO | manual_open_to_claim_ms=1710 | open_ms=9 | prep_ms=1 | ocr_ms=2311 | parse_ms=2 | manual_open_to_ingest_ms=4038
[SINK] committed | file_id=b3d01797158804ecb77bd06b7ab652ba94eb4413 | msg=- | talker=- | create_time=0 | sheet=Página1 | row=634 | ingest_to_commit_ms=1469 | manual_open_to_commit_ms=5507
[SKIP] 7eff649c6163b48a455edf986eda814b_.jpg | temp_file_disappeared_after_3_attempts
[RETRY] bbbd4ddd47611252b2600327ff6515f5_.jpg | attempt=1 | err=FileNotFoundError: Resolved file disappeared: C:\Users\Felipe\Documents\WeChat Files\wxid_xd3703k0ih2p22\FileStorage\Temp\bbbd4ddd47611252b2600327ff6515f5_.jpg
[RETRY] 2e0282abedf064eea0e3332317514ea6_.jpg | attempt=2 | err=FileNotFoundError: Resolved file disappeared: C:\Users\Felipe\Documents\WeChat Files\wxid_xd3703k0ih2p22\FileStorage\Temp\2e0282abedf064eea0e3332317514ea6_.jpg
[OK] 6cca6f0ba39b7227c7c63bdd6fc41485.dat | cliente=6 | banco=CLEEND | valor=72.0 | data=28/07/2026 09:21 | sink=staged | resolution=direct_image | verification=CONFIRMADO | manual_open_to_claim_ms=1906 | open_ms=12 | prep_ms=1 | ocr_ms=2104 | parse_ms=2 | manual_open_to_ingest_ms=4033
[SINK] committed | file_id=0d616c32f612048b3067d1b0234efd8f095b8556 | msg=- | talker=- | create_time=0 | sheet=Página1 | row=635 | ingest_to_commit_ms=1298 | manual_open_to_commit_ms=5331
[SKIP] d00b5e6cf62e353f9d4fea3a7491ba1e_.jpg | temp_file_disappeared_after_3_attempts
[RETRY] 7a4f49d401ddadead6d6d5befcb1f553_.jpg | attempt=1 | err=FileNotFoundError: Resolved file disappeared: C:\Users\Felipe\Documents\WeChat Files\wxid_xd3703k0ih2p22\FileStorage\Temp\7a4f49d401ddadead6d6d5befcb1f553_.jpg
[SKIP] 0a9099e5efa9e4ce150081e27726d433_.jpg | temp_file_disappeared_after_3_attempts
[SCAN] reconcile complete | queued_or_refreshed=17
[OK] 853af4ca093a4daf43dc661f692fc2e1.dat | cliente=6 | banco=CLEEND | valor=117.0 | data=27/07/2026 13:27 | sink=staged | resolution=direct_image | verification=CONFIRMADO | manual_open_to_claim_ms=7507 | open_ms=9 | prep_ms=1 | ocr_ms=1215 | parse_ms=1 | manual_open_to_ingest_ms=8739
[SINK] committed | file_id=18096ff87f01e66889af3ce12888d9d237b021ec | msg=- | talker=- | create_time=0 | sheet=Página1 | row=636 | ingest_to_commit_ms=926 | manual_open_to_commit_ms=9665
[RETRY] 55a0e8ee5340ec83c558d3c8c4cabfad_.jpg | attempt=2 | err=FileNotFoundError: Resolved file disappeared: C:\Users\Felipe\Documents\WeChat Files\wxid_xd3703k0ih2p22\FileStorage\Temp\55a0e8ee5340ec83c558d3c8c4cabfad_.jpg
[RETRY] bbecb70574377b1ea0c2248b5f829c9c_.jpg | attempt=2 | err=FileNotFoundError: Resolved file disappeared: C:\Users\Felipe\Documents\WeChat Files\wxid_xd3703k0ih2p22\FileStorage\Temp\bbecb70574377b1ea0c2248b5f829c9c_.jpg
[RETRY] 7f2c7864b0ab261ccd307765d0307040_.jpg | attempt=1 | err=FileNotFoundError: Resolved file disappeared: C:\Users\Felipe\Documents\WeChat Files\wxid_xd3703k0ih2p22\FileStorage\Temp\7f2c7864b0ab261ccd307765d0307040_.jpg
[OK] 3f9674199f55eac06117921a5414172d.dat | cliente=6 | banco=CLEEND | valor=238.0 | data=25/07/2026 18:55 | sink=staged | resolution=direct_image | verification=CONFIRMADO | manual_open_to_claim_ms=2186 | open_ms=9 | prep_ms=1 | ocr_ms=1115 | parse_ms=1 | manual_open_to_ingest_ms=3318
[SINK] committed | file_id=a0f6919466cbfa82207fa2d04e1ef73c93495b0e | msg=- | talker=- | create_time=0 | sheet=Página1 | row=637 | ingest_to_commit_ms=874 | manual_open_to_commit_ms=4192
[RETRY] b87ed8f02d1a0dc9727baf1ca3e19c53_.jpg | attempt=1 | err=FileNotFoundError: Resolved file disappeared: C:\Users\Felipe\Documents\WeChat Files\wxid_xd3703k0ih2p22\FileStorage\Temp\b87ed8f02d1a0dc9727baf1ca3e19c53_.jpg
[SKIP] 9da5c4698d6af06baf0b1c1e4a542819_.jpg | temp_file_disappeared_after_3_attempts
[SKIP] 0f21aa0ee470047b0751f5fa67578747_.jpg | temp_file_disappeared_after_3_attempts
[RETRY] bbbd4ddd47611252b2600327ff6515f5_.jpg | attempt=2 | err=FileNotFoundError: Resolved file disappeared: C:\Users\Felipe\Documents\WeChat Files\wxid_xd3703k0ih2p22\FileStorage\Temp\bbbd4ddd47611252b2600327ff6515f5_.jpg
[OK] 2a591f5454cc106d4847e09a44f49f8b.dat | cliente=6 | banco=CLEEND | valor=5.0 | data=26/07/2026 11:08 | sink=staged | resolution=direct_image | verification=CONFIRMADO | manual_open_to_claim_ms=1750 | open_ms=7 | prep_ms=1 | ocr_ms=1466 | parse_ms=2 | manual_open_to_ingest_ms=3231
[SINK] committed | file_id=ec1bf6c5170707936b966e05b8d10226036341c0 | msg=- | talker=- | create_time=0 | sheet=Página1 | row=638 | ingest_to_commit_ms=1209 | manual_open_to_commit_ms=4440
[RETRY] 9d08dd846bc02fe600bb03fc3288a803_.jpg | attempt=1 | err=FileNotFoundError: Resolved file disappeared: C:\Users\Felipe\Documents\WeChat Files\wxid_xd3703k0ih2p22\FileStorage\Temp\9d08dd846bc02fe600bb03fc3288a803_.jpg
[SKIP] 6f584a5125338e62abe2195b61b4d446_.jpg | temp_file_disappeared_after_3_attempts
[RETRY] 7a4f49d401ddadead6d6d5befcb1f553_.jpg | attempt=2 | err=FileNotFoundError: Resolved file disappeared: C:\Users\Felipe\Documents\WeChat Files\wxid_xd3703k0ih2p22\FileStorage\Temp\7a4f49d401ddadead6d6d5befcb1f553_.jpg
[OK] 83c8e421ecd66af664a1972b99da4d74.dat | cliente=6 | banco=CLEEND | valor=290.0 | data=26/07/2026 13:24 | sink=staged | resolution=direct_image | verification=CONFIRMADO | manual_open_to_claim_ms=2092 | open_ms=12 | prep_ms=1 | ocr_ms=2653 | parse_ms=2 | manual_open_to_ingest_ms=4767
[SINK] committed | file_id=baa48abc091dbfecc89648f5e44ee667c0c23174 | msg=- | talker=- | create_time=0 | sheet=Página1 | row=639 | ingest_to_commit_ms=1061 | manual_open_to_commit_ms=5828
[SKIP] 78fe3e8438596e775cf0e40f422a15d3_.jpg | temp_file_disappeared_after_3_attempts
[RETRY] 12895e149e9d9d50ff1488294838d185_.jpg | attempt=1 | err=FileNotFoundError: Resolved file disappeared: C:\Users\Felipe\Documents\WeChat Files\wxid_xd3703k0ih2p22\FileStorage\Temp\12895e149e9d9d50ff1488294838d185_.jpg
[OK] 5bd77b8b8dcdc000952803f62260a44b.dat | cliente=6 | banco=CLEEND | valor=380.0 | data=26/07/2026 12:57 | sink=staged | resolution=direct_image | verification=CONFIRMADO | manual_open_to_claim_ms=2247 | open_ms=9 | prep_ms=1 | ocr_ms=2413 | parse_ms=2 | manual_open_to_ingest_ms=4678
[SINK] committed | file_id=b4559ae3b11c2a05f8e25e594e6f77012f70a0b4 | msg=- | talker=- | create_time=0 | sheet=Página1 | row=640 | ingest_to_commit_ms=1274 | manual_open_to_commit_ms=5952
[RETRY] 7f2c7864b0ab261ccd307765d0307040_.jpg | attempt=2 | err=FileNotFoundError: Resolved file disappeared: C:\Users\Felipe\Documents\WeChat Files\wxid_xd3703k0ih2p22\FileStorage\Temp\7f2c7864b0ab261ccd307765d0307040_.jpg
[SKIP] 68419f61cfa685585ec865ce13bfdf10_.jpg | temp_file_disappeared_after_3_attempts
[RETRY] 18e6d9c5fdc94f321c4cb3122505117d_.jpg | attempt=1 | err=FileNotFoundError: Resolved file disappeared: C:\Users\Felipe\Documents\WeChat Files\wxid_xd3703k0ih2p22\FileStorage\Temp\18e6d9c5fdc94f321c4cb3122505117d_.jpg
[RETRY] b87ed8f02d1a0dc9727baf1ca3e19c53_.jpg | attempt=2 | err=FileNotFoundError: Resolved file disappeared: C:\Users\Felipe\Documents\WeChat Files\wxid_xd3703k0ih2p22\FileStorage\Temp\b87ed8f02d1a0dc9727baf1ca3e19c53_.jpg
[OK] e68f3748dce53e273c6ad0c6c1036b62.dat | cliente=6 | banco=CLEEND | valor=870.0 | data=27/07/2026 09:45 | sink=staged | resolution=direct_image | verification=CONFIRMADO | manual_open_to_claim_ms=1573 | open_ms=17 | prep_ms=2 | ocr_ms=3585 | parse_ms=1 | manual_open_to_ingest_ms=5183
[SINK] committed | file_id=b7ad0dbf2997b04f550b16ad8793f86ae65684cf | msg=- | talker=- | create_time=0 | sheet=Página1 | row=641 | ingest_to_commit_ms=3170 | manual_open_to_commit_ms=8354
[SKIP] 2e0282abedf064eea0e3332317514ea6_.jpg | temp_file_disappeared_after_3_attempts
[RETRY] 9d08dd846bc02fe600bb03fc3288a803_.jpg | attempt=2 | err=FileNotFoundError: Resolved file disappeared: C:\Users\Felipe\Documents\WeChat Files\wxid_xd3703k0ih2p22\FileStorage\Temp\9d08dd846bc02fe600bb03fc3288a803_.jpg
[RETRY] 29c3f8865a3550a1d8b9000ad9e2ca87_.jpg | attempt=1 | err=FileNotFoundError: Resolved file disappeared: C:\Users\Felipe\Documents\WeChat Files\wxid_xd3703k0ih2p22\FileStorage\Temp\29c3f8865a3550a1d8b9000ad9e2ca87_.jpg
[OK] 1068698e9e06aa1eed5f9ca5d86c90a2.dat | cliente=6 | banco=CLEEND | valor=97.0 | data=27/07/2026 13:20 | sink=staged | resolution=direct_image | verification=CONFIRMADO | manual_open_to_claim_ms=1227 | open_ms=7 | prep_ms=0 | ocr_ms=2196 | parse_ms=1 | manual_open_to_ingest_ms=3437
[SINK] committed | file_id=c0aa77ca0dbd61fc58b11bf9985ed1c63a380d34 | msg=- | talker=- | create_time=0 | sheet=Página1 | row=642 | ingest_to_commit_ms=975 | manual_open_to_commit_ms=4411
[RETRY] 6e3ff3ea4ff2090f0bf9221ec50a5352_.jpg | attempt=1 | err=FileNotFoundError: Resolved file disappeared: C:\Users\Felipe\Documents\WeChat Files\wxid_xd3703k0ih2p22\FileStorage\Temp\6e3ff3ea4ff2090f0bf9221ec50a5352_.jpg
[RETRY] 12895e149e9d9d50ff1488294838d185_.jpg | attempt=2 | err=FileNotFoundError: Resolved file disappeared: C:\Users\Felipe\Documents\WeChat Files\wxid_xd3703k0ih2p22\FileStorage\Temp\12895e149e9d9d50ff1488294838d185_.jpg
[OK] 5846351afc7bb1f3bf4c012c3653ad72.dat | cliente=6 | banco=CLEEND | valor=70.0 | data=27/07/2026 11:04 | sink=staged | resolution=direct_image | verification=CONFIRMADO | manual_open_to_claim_ms=1860 | open_ms=15 | prep_ms=1 | ocr_ms=1035 | parse_ms=1 | manual_open_to_ingest_ms=2917
[SINK] committed | file_id=0d2f3c16430f0812f7382f4a10b9298169c53143 | msg=- | talker=- | create_time=0 | sheet=Página1 | row=643 | ingest_to_commit_ms=961 | manual_open_to_commit_ms=3878
[RETRY] a41ffbe98e801f022e45e491937f4e71_.jpg | attempt=1 | err=FileNotFoundError: Resolved file disappeared: C:\Users\Felipe\Documents\WeChat Files\wxid_xd3703k0ih2p22\FileStorage\Temp\a41ffbe98e801f022e45e491937f4e71_.jpg
[SKIP] 55a0e8ee5340ec83c558d3c8c4cabfad_.jpg | temp_file_disappeared_after_3_attempts
[SKIP] bbecb70574377b1ea0c2248b5f829c9c_.jpg | temp_file_disappeared_after_3_attempts
[OK] 1a8f2f6dade6bc0b7146d7f40ea2e822.dat | cliente=6 | banco=CLEEND | valor=25.0 | data=27/07/2026 10:43 | sink=staged | resolution=direct_image | verification=CONFIRMADO | manual_open_to_claim_ms=1426 | open_ms=10 | prep_ms=20 | ocr_ms=1007 | parse_ms=1 | manual_open_to_ingest_ms=2468
[SINK] committed | file_id=2a4caaa1e51a681832ac05c8aa51766c1197d4b2 | msg=- | talker=- | create_time=0 | sheet=Página1 | row=644 | ingest_to_commit_ms=892 | manual_open_to_commit_ms=3360
[RETRY] 18e6d9c5fdc94f321c4cb3122505117d_.jpg | attempt=2 | err=FileNotFoundError: Resolved file disappeared: C:\Users\Felipe\Documents\WeChat Files\wxid_xd3703k0ih2p22\FileStorage\Temp\18e6d9c5fdc94f321c4cb3122505117d_.jpg
[RETRY] 79488458a81b2a7fe05fb76e7c6059ed_.jpg | attempt=1 | err=FileNotFoundError: Resolved file disappeared: C:\Users\Felipe\Documents\WeChat Files\wxid_xd3703k0ih2p22\FileStorage\Temp\79488458a81b2a7fe05fb76e7c6059ed_.jpg
[SKIP] bbbd4ddd47611252b2600327ff6515f5_.jpg | temp_file_disappeared_after_3_attempts
[OK] 0856f98c60e9e2c838bc036a7f72865b.dat | cliente=6 | banco=CLEEND | valor=50.0 | data=27/07/2026 17:41 | sink=staged | resolution=direct_image | verification=CONFIRMADO | manual_open_to_claim_ms=2109 | open_ms=6 | prep_ms=1 | ocr_ms=2548 | parse_ms=2 | manual_open_to_ingest_ms=4670
[SINK] committed | file_id=177a32e9b7bd2578d797ec25077632e55691b77e | msg=- | talker=- | create_time=0 | sheet=Página1 | row=645 | ingest_to_commit_ms=898 | manual_open_to_commit_ms=5568
[RETRY] 29c3f8865a3550a1d8b9000ad9e2ca87_.jpg | attempt=2 | err=FileNotFoundError: Resolved file disappeared: C:\Users\Felipe\Documents\WeChat Files\wxid_xd3703k0ih2p22\FileStorage\Temp\29c3f8865a3550a1d8b9000ad9e2ca87_.jpg
[RETRY] a48a935f52e94720b8a96686506bbba6_.jpg | attempt=1 | err=FileNotFoundError: Resolved file disappeared: C:\Users\Felipe\Documents\WeChat Files\wxid_xd3703k0ih2p22\FileStorage\Temp\a48a935f52e94720b8a96686506bbba6_.jpg
[SKIP] 7a4f49d401ddadead6d6d5befcb1f553_.jpg | temp_file_disappeared_after_3_attempts
[RETRY] 6e3ff3ea4ff2090f0bf9221ec50a5352_.jpg | attempt=2 | err=FileNotFoundError: Resolved file disappeared: C:\Users\Felipe\Documents\WeChat Files\wxid_xd3703k0ih2p22\FileStorage\Temp\6e3ff3ea4ff2090f0bf9221ec50a5352_.jpg
[SCAN] reconcile complete | queued_or_refreshed=17
[OK] 0affb36e4baafd908ca86275b49607a5.dat | cliente=6 | banco=CLEEND | valor=25.0 | data=27/07/2026 16:58 | sink=staged | resolution=direct_image | verification=CONFIRMADO | manual_open_to_claim_ms=8528 | open_ms=7 | prep_ms=1 | ocr_ms=1069 | parse_ms=2 | manual_open_to_ingest_ms=9612
[SINK] committed | file_id=e6399c982c7836026557a53fb373273d0d5b71a6 | msg=- | talker=- | create_time=0 | sheet=Página1 | row=646 | ingest_to_commit_ms=1593 | manual_open_to_commit_ms=11205
[OK] e7cc588945211015448908c216be8998.dat | cliente=6 | banco=CLEEND | valor=120.0 | data=27/07/2026 16:13 | sink=staged | resolution=direct_image | verification=CONFIRMADO | manual_open_to_claim_ms=2159 | open_ms=9 | prep_ms=1 | ocr_ms=1761 | parse_ms=1 | manual_open_to_ingest_ms=3936
[SINK] committed | file_id=280053650d329eaf0fc2dbaf8cc3ddd9e4d03f96 | msg=- | talker=- | create_time=0 | sheet=Página1 | row=647 | ingest_to_commit_ms=832 | manual_open_to_commit_ms=4768
[SKIP] 7f2c7864b0ab261ccd307765d0307040_.jpg | temp_file_disappeared_after_3_attempts
[RETRY] a41ffbe98e801f022e45e491937f4e71_.jpg | attempt=2 | err=FileNotFoundError: Resolved file disappeared: C:\Users\Felipe\Documents\WeChat Files\wxid_xd3703k0ih2p22\FileStorage\Temp\a41ffbe98e801f022e45e491937f4e71_.jpg
[SKIP] b87ed8f02d1a0dc9727baf1ca3e19c53_.jpg | temp_file_disappeared_after_3_attempts
[RETRY] 63fbe0a372e4492a04e37e6b02d2cbb0_.jpg | attempt=1 | err=FileNotFoundError: Resolved file disappeared: C:\Users\Felipe\Documents\WeChat Files\wxid_xd3703k0ih2p22\FileStorage\Temp\63fbe0a372e4492a04e37e6b02d2cbb0_.jpg
[RETRY] e8eb673563437463aa7d4a3ed882fab0_.jpg | attempt=1 | err=FileNotFoundError: Resolved file disappeared: C:\Users\Felipe\Documents\WeChat Files\wxid_xd3703k0ih2p22\FileStorage\Temp\e8eb673563437463aa7d4a3ed882fab0_.jpg
[RETRY] 79488458a81b2a7fe05fb76e7c6059ed_.jpg | attempt=2 | err=FileNotFoundError: Resolved file disappeared: C:\Users\Felipe\Documents\WeChat Files\wxid_xd3703k0ih2p22\FileStorage\Temp\79488458a81b2a7fe05fb76e7c6059ed_.jpg
[OK] 75ea3d239986c19909b40c4e3f7f60b0.dat | cliente=6 | banco=CLEEND | valor=72.0 | data=27/07/2026 15:47 | sink=staged | resolution=direct_image | verification=CONFIRMADO | manual_open_to_claim_ms=1462 | open_ms=7 | prep_ms=0 | ocr_ms=1591 | parse_ms=1 | manual_open_to_ingest_ms=3066
[SINK] committed | file_id=5f7fe6e492df0358c8b5bd95461e8a271c34cabb | msg=- | talker=- | create_time=0 | sheet=Página1 | row=648 | ingest_to_commit_ms=1068 | manual_open_to_commit_ms=4134
[RETRY] 49db17dc2a4fc5883f8f75ebd6070f96_.jpg | attempt=1 | err=FileNotFoundError: Resolved file disappeared: C:\Users\Felipe\Documents\WeChat Files\wxid_xd3703k0ih2p22\FileStorage\Temp\49db17dc2a4fc5883f8f75ebd6070f96_.jpg
[SKIP] 9d08dd846bc02fe600bb03fc3288a803_.jpg | temp_file_disappeared_after_3_attempts
[RETRY] a48a935f52e94720b8a96686506bbba6_.jpg | attempt=2 | err=FileNotFoundError: Resolved file disappeared: C:\Users\Felipe\Documents\WeChat Files\wxid_xd3703k0ih2p22\FileStorage\Temp\a48a935f52e94720b8a96686506bbba6_.jpg
[OK] b4da13da49b3644246084f3ae3aadb03.dat | cliente=6 | banco=CLEEND | valor=145.0 | data=27/07/2026 14:51 | sink=staged | resolution=direct_image | verification=CONFIRMADO | manual_open_to_claim_ms=1696 | open_ms=8 | prep_ms=1 | ocr_ms=1609 | parse_ms=2 | manual_open_to_ingest_ms=3321
[SINK] committed | file_id=ef710da194e848f559eeeadfbbf694bc05251646 | msg=- | talker=- | create_time=0 | sheet=Página1 | row=649 | ingest_to_commit_ms=884 | manual_open_to_commit_ms=4205
[RETRY] c6086af9aced3b6cc0d9c95b35d3597a_.jpg | attempt=1 | err=FileNotFoundError: Resolved file disappeared: C:\Users\Felipe\Documents\WeChat Files\wxid_xd3703k0ih2p22\FileStorage\Temp\c6086af9aced3b6cc0d9c95b35d3597a_.jpg
[SKIP] 12895e149e9d9d50ff1488294838d185_.jpg | temp_file_disappeared_after_3_attempts
[OK] 801eeb6688ba1e025a1bfedec5ff6674.dat | cliente=6 | banco=CLEEND | valor=80.0 | data=27/07/2026 17:30 | sink=staged | resolution=direct_image | verification=CONFIRMADO | manual_open_to_claim_ms=1681 | open_ms=9 | prep_ms=4 | ocr_ms=2440 | parse_ms=1 | manual_open_to_ingest_ms=4140
[SINK] committed | file_id=15f97cba5ed58f070bffab4ee635c71f3e5d31a5 | msg=- | talker=- | create_time=0 | sheet=Página1 | row=650 | ingest_to_commit_ms=1185 | manual_open_to_commit_ms=5325
[RETRY] 60204c073d2b0a2c0cea9d500e148b60_.jpg | attempt=1 | err=FileNotFoundError: Resolved file disappeared: C:\Users\Felipe\Documents\WeChat Files\wxid_xd3703k0ih2p22\FileStorage\Temp\60204c073d2b0a2c0cea9d500e148b60_.jpg
[RETRY] 63fbe0a372e4492a04e37e6b02d2cbb0_.jpg | attempt=2 | err=FileNotFoundError: Resolved file disappeared: C:\Users\Felipe\Documents\WeChat Files\wxid_xd3703k0ih2p22\FileStorage\Temp\63fbe0a372e4492a04e37e6b02d2cbb0_.jpg
[RETRY] e8eb673563437463aa7d4a3ed882fab0_.jpg | attempt=2 | err=FileNotFoundError: Resolved file disappeared: C:\Users\Felipe\Documents\WeChat Files\wxid_xd3703k0ih2p22\FileStorage\Temp\e8eb673563437463aa7d4a3ed882fab0_.jpg
[SKIP] 18e6d9c5fdc94f321c4cb3122505117d_.jpg | temp_file_disappeared_after_3_attempts
[OK] 83af60ccf1286058ab2494027f22ad0f.dat | cliente=6 | banco=AMD | valor=180.0 | data=21/07/2026 16:22 | sink=staged | resolution=direct_image | verification=CONFIRMADO | manual_open_to_claim_ms=1801 | open_ms=6 | prep_ms=1 | ocr_ms=1464 | parse_ms=1 | manual_open_to_ingest_ms=3277
[SINK] committed | file_id=377428a06c9cebf535677f9ae8944fcbe779a2ed | msg=- | talker=- | create_time=0 | sheet=Página1 | row=651 | ingest_to_commit_ms=1152 | manual_open_to_commit_ms=4429
[RETRY] ac459df8168f8465d39ce3f497197009_.jpg | attempt=1 | err=FileNotFoundError: Resolved file disappeared: C:\Users\Felipe\Documents\WeChat Files\wxid_xd3703k0ih2p22\FileStorage\Temp\ac459df8168f8465d39ce3f497197009_.jpg
[RETRY] 49db17dc2a4fc5883f8f75ebd6070f96_.jpg | attempt=2 | err=FileNotFoundError: Resolved file disappeared: C:\Users\Felipe\Documents\WeChat Files\wxid_xd3703k0ih2p22\FileStorage\Temp\49db17dc2a4fc5883f8f75ebd6070f96_.jpg
[OK] 827d62397ed9c52e018660968a9db14f.dat | cliente=6 | banco=AMD | valor=170.0 | data=21/07/2026 12:50 | sink=staged | resolution=direct_image | verification=CONFIRMADO | manual_open_to_claim_ms=1887 | open_ms=32 | prep_ms=56 | ocr_ms=1579 | parse_ms=1 | manual_open_to_ingest_ms=3571
[SINK] committed | file_id=6414659d2028e7fe56c2e3bf57857231ce3f6295 | msg=- | talker=- | create_time=0 | sheet=Página1 | row=652 | ingest_to_commit_ms=899 | manual_open_to_commit_ms=4470
[SKIP] 29c3f8865a3550a1d8b9000ad9e2ca87_.jpg | temp_file_disappeared_after_3_attempts
[RETRY] f6f6200eec1cce31b12b6b2573ca5b48_.jpg | attempt=1 | err=FileNotFoundError: Resolved file disappeared: C:\Users\Felipe\Documents\WeChat Files\wxid_xd3703k0ih2p22\FileStorage\Temp\f6f6200eec1cce31b12b6b2573ca5b48_.jpg
[SKIP] 6e3ff3ea4ff2090f0bf9221ec50a5352_.jpg | temp_file_disappeared_after_3_attempts
[RETRY] c6086af9aced3b6cc0d9c95b35d3597a_.jpg | attempt=2 | err=FileNotFoundError: Resolved file disappeared: C:\Users\Felipe\Documents\WeChat Files\wxid_xd3703k0ih2p22\FileStorage\Temp\c6086af9aced3b6cc0d9c95b35d3597a_.jpg
[OK] 553d9a6bf10d30e715169fd4b7306af0.dat | cliente=6 | banco=AMD | valor=100.0 | data=22/07/2026 09:51 | sink=staged | resolution=direct_image | verification=CONFIRMADO | manual_open_to_claim_ms=2036 | open_ms=32 | prep_ms=58 | ocr_ms=1406 | parse_ms=1 | manual_open_to_ingest_ms=3547
[SINK] committed | file_id=6b22ba2431db707c20846d40d869366252db6b8a | msg=- | talker=- | create_time=0 | sheet=Página1 | row=653 | ingest_to_commit_ms=902 | manual_open_to_commit_ms=4450
[OK] c011594b70fd013c63299f181da2d5ab.dat | cliente=6 | banco=AMD | valor=129.0 | data=23/07/2026 11:06 | sink=staged | resolution=direct_image | verification=CONFIRMADO | manual_open_to_claim_ms=3311 | open_ms=31 | prep_ms=55 | ocr_ms=1548 | parse_ms=1 | manual_open_to_ingest_ms=4960
[SINK] committed | file_id=29a6008ec3877fa4d381887df9cef236728cc1c8 | msg=- | talker=- | create_time=0 | sheet=Página1 | row=654 | ingest_to_commit_ms=976 | manual_open_to_commit_ms=5936
[RETRY] e9975a867cff2496d9af68eea6e8add7_.jpg | attempt=1 | err=FileNotFoundError: Resolved file disappeared: C:\Users\Felipe\Documents\WeChat Files\wxid_xd3703k0ih2p22\FileStorage\Temp\e9975a867cff2496d9af68eea6e8add7_.jpg
[RETRY] 844e94a14bed0ed7e77af59b02d0206c_.jpg | attempt=1 | err=FileNotFoundError: Resolved file disappeared: C:\Users\Felipe\Documents\WeChat Files\wxid_xd3703k0ih2p22\FileStorage\Temp\844e94a14bed0ed7e77af59b02d0206c_.jpg
[RETRY] 60204c073d2b0a2c0cea9d500e148b60_.jpg | attempt=2 | err=FileNotFoundError: Resolved file disappeared: C:\Users\Felipe\Documents\WeChat Files\wxid_xd3703k0ih2p22\FileStorage\Temp\60204c073d2b0a2c0cea9d500e148b60_.jpg
[OK] 0718f1a20983849130109ace50ace7f3.dat | cliente=6 | banco=AMD | valor=200.0 | data=24/07/2026 13:15 | sink=staged | resolution=direct_image | verification=CONFIRMADO | manual_open_to_claim_ms=2192 | open_ms=17 | prep_ms=37 | ocr_ms=1321 | parse_ms=1 | manual_open_to_ingest_ms=3577
[SINK] committed | file_id=959cb85c850fb41c21a74c96e8046ea96a26cfa9 | msg=- | talker=- | create_time=0 | sheet=Página1 | row=655 | ingest_to_commit_ms=907 | manual_open_to_commit_ms=4485
[SKIP] a41ffbe98e801f022e45e491937f4e71_.jpg | temp_file_disappeared_after_3_attempts
[SKIP] 79488458a81b2a7fe05fb76e7c6059ed_.jpg | temp_file_disappeared_after_3_attempts
[RETRY] d6c6e029c3281a78edaa7c0ecc75a7fe_.jpg | attempt=1 | err=FileNotFoundError: Resolved file disappeared: C:\Users\Felipe\Documents\WeChat Files\wxid_xd3703k0ih2p22\FileStorage\Temp\d6c6e029c3281a78edaa7c0ecc75a7fe_.jpg
[RETRY] ac459df8168f8465d39ce3f497197009_.jpg | attempt=2 | err=FileNotFoundError: Resolved file disappeared: C:\Users\Felipe\Documents\WeChat Files\wxid_xd3703k0ih2p22\FileStorage\Temp\ac459df8168f8465d39ce3f497197009_.jpg
[OK] ff2d74a3084162b101561d29d937ce06.dat | cliente=6 | banco=None | valor=250.0 | data=24/07/2026 12:58 | sink=staged | resolution=direct_image | verification=CONFIRMADO | manual_open_to_claim_ms=2015 | open_ms=37 | prep_ms=94 | ocr_ms=2505 | parse_ms=2 | manual_open_to_ingest_ms=4679
[SINK] committed | file_id=65c2f4d59c88329501fa1cca2f9d60637b16abc7 | msg=- | talker=- | create_time=0 | sheet=Página1 | row=656 | ingest_to_commit_ms=1345 | manual_open_to_commit_ms=6024
[RETRY] c8055c36cfb56e386c4ef5518a38952e_.jpg | attempt=1 | err=FileNotFoundError: Resolved file disappeared: C:\Users\Felipe\Documents\WeChat Files\wxid_xd3703k0ih2p22\FileStorage\Temp\c8055c36cfb56e386c4ef5518a38952e_.jpg
[SKIP] a48a935f52e94720b8a96686506bbba6_.jpg | temp_file_disappeared_after_3_attempts
[RETRY] f6f6200eec1cce31b12b6b2573ca5b48_.jpg | attempt=2 | err=FileNotFoundError: Resolved file disappeared: C:\Users\Felipe\Documents\WeChat Files\wxid_xd3703k0ih2p22\FileStorage\Temp\f6f6200eec1cce31b12b6b2573ca5b48_.jpg
[OK] 96a146be08cbb8d939ebcc4a90377a03.dat | cliente=6 | banco=AMD | valor=100.0 | data=22/07/2026 18:33 | sink=staged | resolution=direct_image | verification=CONFIRMADO | manual_open_to_claim_ms=1034 | open_ms=42 | prep_ms=93 | ocr_ms=1558 | parse_ms=1 | manual_open_to_ingest_ms=2751
[SINK] committed | file_id=4be3ba5a208507230e967672c7a476c353f30960 | msg=- | talker=- | create_time=0 | sheet=Página1 | row=657 | ingest_to_commit_ms=913 | manual_open_to_commit_ms=3665
[SCAN] reconcile complete | queued_or_refreshed=18
[RETRY] 3ff8d178392b3e7b285720475734f41c_.jpg | attempt=1 | err=FileNotFoundError: Resolved file disappeared: C:\Users\Felipe\Documents\WeChat Files\wxid_xd3703k0ih2p22\FileStorage\Temp\3ff8d178392b3e7b285720475734f41c_.jpg
[RETRY] e9975a867cff2496d9af68eea6e8add7_.jpg | attempt=2 | err=FileNotFoundError: Resolved file disappeared: C:\Users\Felipe\Documents\WeChat Files\wxid_xd3703k0ih2p22\FileStorage\Temp\e9975a867cff2496d9af68eea6e8add7_.jpg
[RETRY] 844e94a14bed0ed7e77af59b02d0206c_.jpg | attempt=2 | err=FileNotFoundError: Resolved file disappeared: C:\Users\Felipe\Documents\WeChat Files\wxid_xd3703k0ih2p22\FileStorage\Temp\844e94a14bed0ed7e77af59b02d0206c_.jpg
[OK] cb3cbe8a3b5b1d2ae227ec36725cce5e.dat | cliente=6 | banco=AMD | valor=125.0 | data=22/07/2026 10:13 | sink=staged | resolution=direct_image | verification=CONFIRMADO | manual_open_to_claim_ms=1691 | open_ms=39 | prep_ms=97 | ocr_ms=1730 | parse_ms=1 | manual_open_to_ingest_ms=3583
[SINK] committed | file_id=d9eb54750b63f694360dfc626203f017dfecb5bc | msg=- | talker=- | create_time=0 | sheet=Página1 | row=658 | ingest_to_commit_ms=974 | manual_open_to_commit_ms=4557
[RETRY] 89c957f5c4c06ffa511967218c4864a6_.jpg | attempt=1 | err=FileNotFoundError: Resolved file disappeared: C:\Users\Felipe\Documents\WeChat Files\wxid_xd3703k0ih2p22\FileStorage\Temp\89c957f5c4c06ffa511967218c4864a6_.jpg
[SKIP] 63fbe0a372e4492a04e37e6b02d2cbb0_.jpg | temp_file_disappeared_after_3_attempts
[SKIP] e8eb673563437463aa7d4a3ed882fab0_.jpg | temp_file_disappeared_after_3_attempts
[RETRY] d6c6e029c3281a78edaa7c0ecc75a7fe_.jpg | attempt=2 | err=FileNotFoundError: Resolved file disappeared: C:\Users\Felipe\Documents\WeChat Files\wxid_xd3703k0ih2p22\FileStorage\Temp\d6c6e029c3281a78edaa7c0ecc75a7fe_.jpg
[OK] e9e3978ae0faee11dd0dd60899f1b54a.dat | cliente=6 | banco=AMD | valor=130.0 | data=22/07/2026 11:21 | sink=staged | resolution=direct_image | verification=CONFIRMADO | manual_open_to_claim_ms=2205 | open_ms=44 | prep_ms=94 | ocr_ms=1639 | parse_ms=1 | manual_open_to_ingest_ms=4009
[SINK] committed | file_id=7f66898d584e3e5c16b5407b9433533da2cd4d4a | msg=- | talker=- | create_time=0 | sheet=Página1 | row=659 | ingest_to_commit_ms=939 | manual_open_to_commit_ms=4949
[RETRY] 97c48eec3067b6cc0c1fc265a4a66cf3_.jpg | attempt=1 | err=FileNotFoundError: Resolved file disappeared: C:\Users\Felipe\Documents\WeChat Files\wxid_xd3703k0ih2p22\FileStorage\Temp\97c48eec3067b6cc0c1fc265a4a66cf3_.jpg
[SKIP] 49db17dc2a4fc5883f8f75ebd6070f96_.jpg | temp_file_disappeared_after_3_attempts
[OK] 9ddafdf204e342913af8249f09875941.dat | cliente=6 | banco=AMD | valor=100.0 | data=23/07/2026 11:52 | sink=staged | resolution=direct_image | verification=CONFIRMADO | manual_open_to_claim_ms=1140 | open_ms=40 | prep_ms=95 | ocr_ms=1364 | parse_ms=1 | manual_open_to_ingest_ms=2665
[SINK] committed | file_id=17733c920d8cdd14e4b47ef32a0c21ed14172fcb | msg=- | talker=- | create_time=0 | sheet=Página1 | row=660 | ingest_to_commit_ms=873 | manual_open_to_commit_ms=3537
[RETRY] c8055c36cfb56e386c4ef5518a38952e_.jpg | attempt=2 | err=FileNotFoundError: Resolved file disappeared: C:\Users\Felipe\Documents\WeChat Files\wxid_xd3703k0ih2p22\FileStorage\Temp\c8055c36cfb56e386c4ef5518a38952e_.jpg
[RETRY] 782a2a19a078eeb241a5531db3282a5f_.jpg | attempt=1 | err=FileNotFoundError: Resolved file disappeared: C:\Users\Felipe\Documents\WeChat Files\wxid_xd3703k0ih2p22\FileStorage\Temp\782a2a19a078eeb241a5531db3282a5f_.jpg
[SKIP] c6086af9aced3b6cc0d9c95b35d3597a_.jpg | temp_file_disappeared_after_3_attempts
[RETRY] 3ff8d178392b3e7b285720475734f41c_.jpg | attempt=2 | err=FileNotFoundError: Resolved file disappeared: C:\Users\Felipe\Documents\WeChat Files\wxid_xd3703k0ih2p22\FileStorage\Temp\3ff8d178392b3e7b285720475734f41c_.jpg
[OK] 813f9dff6546d1115544fdf7602a408e.dat | cliente=6 | banco=AMD | valor=100.0 | data=22/07/2026 13:22 | sink=staged | resolution=direct_image | verification=CONFIRMADO | manual_open_to_claim_ms=1062 | open_ms=42 | prep_ms=98 | ocr_ms=1943 | parse_ms=1 | manual_open_to_ingest_ms=3171
[SINK] committed | file_id=da686315de6535882abbe92ed2fcfa1238cbddbd | msg=- | talker=- | create_time=0 | sheet=Página1 | row=661 | ingest_to_commit_ms=1759 | manual_open_to_commit_ms=4930
[RETRY] 783b8d5a1076d1faab0de5baa763b7c6_.jpg | attempt=1 | err=FileNotFoundError: Resolved file disappeared: C:\Users\Felipe\Documents\WeChat Files\wxid_xd3703k0ih2p22\FileStorage\Temp\783b8d5a1076d1faab0de5baa763b7c6_.jpg
[SKIP] 60204c073d2b0a2c0cea9d500e148b60_.jpg | temp_file_disappeared_after_3_attempts
[RETRY] 89c957f5c4c06ffa511967218c4864a6_.jpg | attempt=2 | err=FileNotFoundError: Resolved file disappeared: C:\Users\Felipe\Documents\WeChat Files\wxid_xd3703k0ih2p22\FileStorage\Temp\89c957f5c4c06ffa511967218c4864a6_.jpg
[OK] e3f88c7d850b80a6a1cbda7095014242.dat | cliente=6 | banco=AMD | valor=100.0 | data=23/07/2026 18:25 | sink=staged | resolution=direct_image | verification=CONFIRMADO | manual_open_to_claim_ms=1192 | open_ms=35 | prep_ms=104 | ocr_ms=1219 | parse_ms=2 | manual_open_to_ingest_ms=2576
[SINK] committed | file_id=d260bdf569e554dd787a25cb75140318ae933393 | msg=- | talker=- | create_time=0 | sheet=Página1 | row=662 | ingest_to_commit_ms=879 | manual_open_to_commit_ms=3455
[RETRY] b576da836bf896f0275b691dc1eb489e_.jpg | attempt=1 | err=FileNotFoundError: Resolved file disappeared: C:\Users\Felipe\Documents\WeChat Files\wxid_xd3703k0ih2p22\FileStorage\Temp\b576da836bf896f0275b691dc1eb489e_.jpg
[SKIP] ac459df8168f8465d39ce3f497197009_.jpg | temp_file_disappeared_after_3_attempts
[RETRY] 97c48eec3067b6cc0c1fc265a4a66cf3_.jpg | attempt=2 | err=FileNotFoundError: Resolved file disappeared: C:\Users\Felipe\Documents\WeChat Files\wxid_xd3703k0ih2p22\FileStorage\Temp\97c48eec3067b6cc0c1fc265a4a66cf3_.jpg
[OK] 5872f0785bedb6f64d3e894bd9332f4e.dat | cliente=6 | banco=AMD | valor=100.0 | data=24/07/2026 14:18 | sink=staged | resolution=direct_image | verification=CONFIRMADO | manual_open_to_claim_ms=2176 | open_ms=36 | prep_ms=91 | ocr_ms=1030 | parse_ms=1 | manual_open_to_ingest_ms=3358
[SINK] committed | file_id=5df86887959a7b3fc149f2e1ff399cd928bee297 | msg=- | talker=- | create_time=0 | sheet=Página1 | row=663 | ingest_to_commit_ms=898 | manual_open_to_commit_ms=4256
[RETRY] 54003cfd86c1796e45cc7067f4812736_.jpg | attempt=1 | err=FileNotFoundError: Resolved file disappeared: C:\Users\Felipe\Documents\WeChat Files\wxid_xd3703k0ih2p22\FileStorage\Temp\54003cfd86c1796e45cc7067f4812736_.jpg
[SKIP] f6f6200eec1cce31b12b6b2573ca5b48_.jpg | temp_file_disappeared_after_3_attempts
[RETRY] 782a2a19a078eeb241a5531db3282a5f_.jpg | attempt=2 | err=FileNotFoundError: Resolved file disappeared: C:\Users\Felipe\Documents\WeChat Files\wxid_xd3703k0ih2p22\FileStorage\Temp\782a2a19a078eeb241a5531db3282a5f_.jpg
[OK] dae84f6e0dcabbd1e6a75ed7866593db.dat | cliente=6 | banco=AMD | valor=65.0 | data=21/07/2026 11:34 | sink=staged | resolution=direct_image | verification=CONFIRMADO | manual_open_to_claim_ms=1801 | open_ms=34 | prep_ms=92 | ocr_ms=1956 | parse_ms=1 | manual_open_to_ingest_ms=3910
[SINK] committed | file_id=6aa2005b5e67c972c6154ed743c2641a4f689bba | msg=- | talker=- | create_time=0 | sheet=Página1 | row=664 | ingest_to_commit_ms=1589 | manual_open_to_commit_ms=5499
[RETRY] 635aefd3db7fa20c1451bc870e8bc7ae_.jpg | attempt=1 | err=FileNotFoundError: Resolved file disappeared: C:\Users\Felipe\Documents\WeChat Files\wxid_xd3703k0ih2p22\FileStorage\Temp\635aefd3db7fa20c1451bc870e8bc7ae_.jpg
[SKIP] e9975a867cff2496d9af68eea6e8add7_.jpg | temp_file_disappeared_after_3_attempts
[SKIP] 844e94a14bed0ed7e77af59b02d0206c_.jpg | temp_file_disappeared_after_3_attempts
[RETRY] 783b8d5a1076d1faab0de5baa763b7c6_.jpg | attempt=2 | err=FileNotFoundError: Resolved file disappeared: C:\Users\Felipe\Documents\WeChat Files\wxid_xd3703k0ih2p22\FileStorage\Temp\783b8d5a1076d1faab0de5baa763b7c6_.jpg
[OK] 6fd6753394a11007c420b27718ac94b0.dat | cliente=6 | banco=AMD | valor=100.0 | data=23/07/2026 09:39 | sink=staged | resolution=direct_image | verification=CONFIRMADO | manual_open_to_claim_ms=1919 | open_ms=45 | prep_ms=95 | ocr_ms=2053 | parse_ms=1 | manual_open_to_ingest_ms=4138
[SINK] committed | file_id=758aee6e4ca7f61e52bd1ba5d0aec01ed72d25ca | msg=- | talker=- | create_time=0 | sheet=Página1 | row=665 | ingest_to_commit_ms=1532 | manual_open_to_commit_ms=5670
[SKIP] d6c6e029c3281a78edaa7c0ecc75a7fe_.jpg | temp_file_disappeared_after_3_attempts
[RETRY] 162876eb3fca2b674c1a7a3f838d3a2e_.jpg | attempt=1 | err=FileNotFoundError: Resolved file disappeared: C:\Users\Felipe\Documents\WeChat Files\wxid_xd3703k0ih2p22\FileStorage\Temp\162876eb3fca2b674c1a7a3f838d3a2e_.jpg
[RETRY] b576da836bf896f0275b691dc1eb489e_.jpg | attempt=2 | err=FileNotFoundError: Resolved file disappeared: C:\Users\Felipe\Documents\WeChat Files\wxid_xd3703k0ih2p22\FileStorage\Temp\b576da836bf896f0275b691dc1eb489e_.jpg
[OK] 3c00083059b0f2d38aee250f13edfed1.dat | cliente=6 | banco=AMD | valor=100.0 | data=23/07/2026 14:59 | sink=staged | resolution=direct_image | verification=CONFIRMADO | manual_open_to_claim_ms=1956 | open_ms=41 | prep_ms=108 | ocr_ms=1793 | parse_ms=1 | manual_open_to_ingest_ms=3927
[SINK] committed | file_id=b39cb34a07aed66654258c2ba16663981120bdaa | msg=- | talker=- | create_time=0 | sheet=Página1 | row=666 | ingest_to_commit_ms=1537 | manual_open_to_commit_ms=5464
[RETRY] 53d816efbdce0a892ad46628d2d90a81_.jpg | attempt=1 | err=FileNotFoundError: Resolved file disappeared: C:\Users\Felipe\Documents\WeChat Files\wxid_xd3703k0ih2p22\FileStorage\Temp\53d816efbdce0a892ad46628d2d90a81_.jpg
[RETRY] 54003cfd86c1796e45cc7067f4812736_.jpg | attempt=2 | err=FileNotFoundError: Resolved file disappeared: C:\Users\Felipe\Documents\WeChat Files\wxid_xd3703k0ih2p22\FileStorage\Temp\54003cfd86c1796e45cc7067f4812736_.jpg
[SKIP] c8055c36cfb56e386c4ef5518a38952e_.jpg | temp_file_disappeared_after_3_attempts
[OK] 85e1cee2e5a783f54e6d0282ca66e5c8.dat | cliente=6 | banco=AMD | valor=170.0 | data=23/07/2026 18:31 | sink=staged | resolution=direct_image | verification=CONFIRMADO | manual_open_to_claim_ms=2066 | open_ms=38 | prep_ms=103 | ocr_ms=2758 | parse_ms=1 | manual_open_to_ingest_ms=4994
[SINK] committed | file_id=b00ebd11f2d33a622abb17bbdf49d3ae83a322f2 | msg=- | talker=- | create_time=0 | sheet=Página1 | row=667 | ingest_to_commit_ms=1191 | manual_open_to_commit_ms=6186
[SCAN] reconcile complete | queued_or_refreshed=18
[OK] cb4438594c722d5ad066566c9efcfd36.dat | cliente=6 | banco=AMD | valor=150.0 | data=22/07/2026 16:57 | sink=staged | resolution=direct_image | verification=CONFIRMADO | manual_open_to_claim_ms=4087 | open_ms=39 | prep_ms=98 | ocr_ms=1464 | parse_ms=1 | manual_open_to_ingest_ms=5715
[SINK] committed | file_id=da08a1dee169adc60dbf8f4812d84486d1b712b9 | msg=- | talker=- | create_time=0 | sheet=Página1 | row=668 | ingest_to_commit_ms=995 | manual_open_to_commit_ms=6710
[SKIP] 3ff8d178392b3e7b285720475734f41c_.jpg | temp_file_disappeared_after_3_attempts
[SKIP] 89c957f5c4c06ffa511967218c4864a6_.jpg | temp_file_disappeared_after_3_attempts
[RETRY] 635aefd3db7fa20c1451bc870e8bc7ae_.jpg | attempt=2 | err=FileNotFoundError: Resolved file disappeared: C:\Users\Felipe\Documents\WeChat Files\wxid_xd3703k0ih2p22\FileStorage\Temp\635aefd3db7fa20c1451bc870e8bc7ae_.jpg
[RETRY] bc5005e46e00b91ede1b4d9f62eafbc4_.jpg | attempt=1 | err=FileNotFoundError: Resolved file disappeared: C:\Users\Felipe\Documents\WeChat Files\wxid_xd3703k0ih2p22\FileStorage\Temp\bc5005e46e00b91ede1b4d9f62eafbc4_.jpg
[RETRY] d75d53bf68ec941e5577daea42d72f72_.jpg | attempt=1 | err=FileNotFoundError: Resolved file disappeared: C:\Users\Felipe\Documents\WeChat Files\wxid_xd3703k0ih2p22\FileStorage\Temp\d75d53bf68ec941e5577daea42d72f72_.jpg
[RETRY] 162876eb3fca2b674c1a7a3f838d3a2e_.jpg | attempt=2 | err=FileNotFoundError: Resolved file disappeared: C:\Users\Felipe\Documents\WeChat Files\wxid_xd3703k0ih2p22\FileStorage\Temp\162876eb3fca2b674c1a7a3f838d3a2e_.jpg
[OK] b708aebecf7df1c38dbbb7b48601c96f.dat | cliente=6 | banco=AMD | valor=100.0 | data=21/07/2026 13:53 | sink=staged | resolution=direct_image | verification=CONFIRMADO | manual_open_to_claim_ms=2129 | open_ms=41 | prep_ms=105 | ocr_ms=1357 | parse_ms=1 | manual_open_to_ingest_ms=3666
[SINK] committed | file_id=386ac7a4d854e89c3ea1414257b43edde53fe95e | msg=- | talker=- | create_time=0 | sheet=Página1 | row=669 | ingest_to_commit_ms=1526 | manual_open_to_commit_ms=5192
[RETRY] a1906f280065000d4e7246d9ad30827e_.jpg | attempt=1 | err=FileNotFoundError: Resolved file disappeared: C:\Users\Felipe\Documents\WeChat Files\wxid_xd3703k0ih2p22\FileStorage\Temp\a1906f280065000d4e7246d9ad30827e_.jpg
[SKIP] 97c48eec3067b6cc0c1fc265a4a66cf3_.jpg | temp_file_disappeared_after_3_attempts
[RETRY] 53d816efbdce0a892ad46628d2d90a81_.jpg | attempt=2 | err=FileNotFoundError: Resolved file disappeared: C:\Users\Felipe\Documents\WeChat Files\wxid_xd3703k0ih2p22\FileStorage\Temp\53d816efbdce0a892ad46628d2d90a81_.jpg
[OK] 585bbec9f65a35b33a671054952d45bd.dat | cliente=6 | banco=AMD | valor=100.0 | data=25/07/2026 11:26 | sink=staged | resolution=direct_image | verification=CONFIRMADO | manual_open_to_claim_ms=1786 | open_ms=53 | prep_ms=97 | ocr_ms=1654 | parse_ms=2 | manual_open_to_ingest_ms=3620
[SINK] committed | file_id=bd036c94f68dcff7294e17b83f88afb558d992ca | msg=- | talker=- | create_time=0 | sheet=Página1 | row=670 | ingest_to_commit_ms=1512 | manual_open_to_commit_ms=5132
[SKIP] 782a2a19a078eeb241a5531db3282a5f_.jpg | temp_file_disappeared_after_3_attempts
[RETRY] d8954b5ae47a6a6e4244ccc3f03fa02f_.jpg | attempt=1 | err=FileNotFoundError: Resolved file disappeared: C:\Users\Felipe\Documents\WeChat Files\wxid_xd3703k0ih2p22\FileStorage\Temp\d8954b5ae47a6a6e4244ccc3f03fa02f_.jpg
[OK] a16e2e3e5362854642f24c079cd55f9d.dat | cliente=6 | banco=AMD | valor=100.0 | data=21/07/2026 12:42 | sink=staged | resolution=direct_image | verification=CONFIRMADO | manual_open_to_claim_ms=1302 | open_ms=36 | prep_ms=99 | ocr_ms=1674 | parse_ms=1 | manual_open_to_ingest_ms=3139
[SINK] committed | file_id=d55ba51f1e30b0fd46429ca2fc167cf39cef2b2f | msg=- | talker=- | create_time=0 | sheet=Página1 | row=671 | ingest_to_commit_ms=1996 | manual_open_to_commit_ms=5136
[RETRY] b049a00c6f5c8ee0238ef7a25e5ba71c_.jpg | attempt=1 | err=FileNotFoundError: Resolved file disappeared: C:\Users\Felipe\Documents\WeChat Files\wxid_xd3703k0ih2p22\FileStorage\Temp\b049a00c6f5c8ee0238ef7a25e5ba71c_.jpg
[SKIP] 783b8d5a1076d1faab0de5baa763b7c6_.jpg | temp_file_disappeared_after_3_attempts
[OK] ec7b8acce51e21857a69ed316489266b.dat | cliente=6 | banco=AMD | valor=130.0 | data=22/07/2026 14:06 | sink=staged | resolution=direct_image | verification=CONFIRMADO | manual_open_to_claim_ms=1738 | open_ms=56 | prep_ms=116 | ocr_ms=1884 | parse_ms=2 | manual_open_to_ingest_ms=3830
[SINK] committed | file_id=2c16ca90ec1ca9b7ade3c298923c9bf8bd7e983f | msg=- | talker=- | create_time=0 | sheet=Página1 | row=672 | ingest_to_commit_ms=3535 | manual_open_to_commit_ms=7365
[SKIP] b576da836bf896f0275b691dc1eb489e_.jpg | temp_file_disappeared_after_3_attempts
[RETRY] bc5005e46e00b91ede1b4d9f62eafbc4_.jpg | attempt=2 | err=FileNotFoundError: Resolved file disappeared: C:\Users\Felipe\Documents\WeChat Files\wxid_xd3703k0ih2p22\FileStorage\Temp\bc5005e46e00b91ede1b4d9f62eafbc4_.jpg
[RETRY] d75d53bf68ec941e5577daea42d72f72_.jpg | attempt=2 | err=FileNotFoundError: Resolved file disappeared: C:\Users\Felipe\Documents\WeChat Files\wxid_xd3703k0ih2p22\FileStorage\Temp\d75d53bf68ec941e5577daea42d72f72_.jpg
[RETRY] 8a8ac51b0ae3c955d0c2e5161d46c2c4_.jpg | attempt=1 | err=FileNotFoundError: Resolved file disappeared: C:\Users\Felipe\Documents\WeChat Files\wxid_xd3703k0ih2p22\FileStorage\Temp\8a8ac51b0ae3c955d0c2e5161d46c2c4_.jpg
[RETRY] a1906f280065000d4e7246d9ad30827e_.jpg | attempt=2 | err=FileNotFoundError: Resolved file disappeared: C:\Users\Felipe\Documents\WeChat Files\wxid_xd3703k0ih2p22\FileStorage\Temp\a1906f280065000d4e7246d9ad30827e_.jpg
[OK] 55e8327dbd36843f11af9dcff733f815.dat | cliente=6 | banco=AMD | valor=250.0 | data=21/07/2026 16:43 | sink=staged | resolution=direct_image | verification=CONFIRMADO | manual_open_to_claim_ms=1654 | open_ms=17 | prep_ms=39 | ocr_ms=1761 | parse_ms=2 | manual_open_to_ingest_ms=3484
[SINK] committed | file_id=eb2a7b20214d0dda7908c603dae0197ea5a668ba | msg=- | talker=- | create_time=0 | sheet=Página1 | row=673 | ingest_to_commit_ms=1022 | manual_open_to_commit_ms=4506
[RETRY] d28cd1eaa0ae13f6c58f650b8ff972f0_.jpg | attempt=1 | err=FileNotFoundError: Resolved file disappeared: C:\Users\Felipe\Documents\WeChat Files\wxid_xd3703k0ih2p22\FileStorage\Temp\d28cd1eaa0ae13f6c58f650b8ff972f0_.jpg
[SKIP] 54003cfd86c1796e45cc7067f4812736_.jpg | temp_file_disappeared_after_3_attempts
[RETRY] d8954b5ae47a6a6e4244ccc3f03fa02f_.jpg | attempt=2 | err=FileNotFoundError: Resolved file disappeared: C:\Users\Felipe\Documents\WeChat Files\wxid_xd3703k0ih2p22\FileStorage\Temp\d8954b5ae47a6a6e4244ccc3f03fa02f_.jpg
[OK] 749e2079dfd992b56e4056263540794b.dat | cliente=6 | banco=AMD | valor=100.0 | data=23/07/2026 13:13 | sink=staged | resolution=direct_image | verification=CONFIRMADO | manual_open_to_claim_ms=2061 | open_ms=17 | prep_ms=38 | ocr_ms=1332 | parse_ms=1 | manual_open_to_ingest_ms=3458
[SINK] committed | file_id=b78a17d93ea596bd8ac921bce477ec4d3cffedab | msg=- | talker=- | create_time=0 | sheet=Página1 | row=674 | ingest_to_commit_ms=12392 | manual_open_to_commit_ms=15850
[OK] 04f07eee65593bd0bbd29e2b11ed799b.dat | cliente=6 | banco=AMD | valor=100.0 | data=25/07/2026 10:59 | sink=staged | resolution=direct_image | verification=CONFIRMADO | manual_open_to_claim_ms=6906 | open_ms=34 | prep_ms=54 | ocr_ms=1067 | parse_ms=1 | manual_open_to_ingest_ms=8080
[SINK] committed | file_id=627969c62c02b529a7f9b9d689672d08436e8ed4 | msg=- | talker=- | create_time=0 | sheet=Página1 | row=675 | ingest_to_commit_ms=2109 | manual_open_to_commit_ms=10188
[OK] 2fa15c5d5a107a67833dcbe1cdbcc9ae.dat | cliente=6 | banco=AMD | valor=80.0 | data=22/07/2026 18:44 | sink=staged | resolution=direct_image | verification=CONFIRMADO | manual_open_to_claim_ms=1236 | open_ms=41 | prep_ms=88 | ocr_ms=2419 | parse_ms=1 | manual_open_to_ingest_ms=3807
[SINK] committed | file_id=dc5ed7d05954c6024f619fe019d664846e1239e2 | msg=- | talker=- | create_time=0 | sheet=Página1 | row=676 | ingest_to_commit_ms=1947 | manual_open_to_commit_ms=5754
[SKIP] 635aefd3db7fa20c1451bc870e8bc7ae_.jpg | temp_file_disappeared_after_3_attempts
[SKIP] 162876eb3fca2b674c1a7a3f838d3a2e_.jpg | temp_file_disappeared_after_3_attempts
[RETRY] b049a00c6f5c8ee0238ef7a25e5ba71c_.jpg | attempt=2 | err=FileNotFoundError: Resolved file disappeared: C:\Users\Felipe\Documents\WeChat Files\wxid_xd3703k0ih2p22\FileStorage\Temp\b049a00c6f5c8ee0238ef7a25e5ba71c_.jpg
[RETRY] 8a8ac51b0ae3c955d0c2e5161d46c2c4_.jpg | attempt=2 | err=FileNotFoundError: Resolved file disappeared: C:\Users\Felipe\Documents\WeChat Files\wxid_xd3703k0ih2p22\FileStorage\Temp\8a8ac51b0ae3c955d0c2e5161d46c2c4_.jpg
[RETRY] 366d2399e2ede8dc61efc848a78476d8_.jpg | attempt=1 | err=FileNotFoundError: Resolved file disappeared: C:\Users\Felipe\Documents\WeChat Files\wxid_xd3703k0ih2p22\FileStorage\Temp\366d2399e2ede8dc61efc848a78476d8_.jpg
[RETRY] a22240a564c4d17361e5350ce2f11325_.jpg | attempt=1 | err=FileNotFoundError: Resolved file disappeared: C:\Users\Felipe\Documents\WeChat Files\wxid_xd3703k0ih2p22\FileStorage\Temp\a22240a564c4d17361e5350ce2f11325_.jpg
[RETRY] 816b3b701d839d0eee4876a6f5a13047_.jpg | attempt=1 | err=FileNotFoundError: Resolved file disappeared: C:\Users\Felipe\Documents\WeChat Files\wxid_xd3703k0ih2p22\FileStorage\Temp\816b3b701d839d0eee4876a6f5a13047_.jpg
[SKIP] 53d816efbdce0a892ad46628d2d90a81_.jpg | temp_file_disappeared_after_3_attempts
[RETRY] d28cd1eaa0ae13f6c58f650b8ff972f0_.jpg | attempt=2 | err=FileNotFoundError: Resolved file disappeared: C:\Users\Felipe\Documents\WeChat Files\wxid_xd3703k0ih2p22\FileStorage\Temp\d28cd1eaa0ae13f6c58f650b8ff972f0_.jpg
[OK] d7768a7d6dc0a488397f77dc258bb631.dat | cliente=6 | banco=AMD | valor=100.0 | data=21/07/2026 15:40 | sink=staged | resolution=direct_image | verification=CONFIRMADO | manual_open_to_claim_ms=1203 | open_ms=6 | prep_ms=0 | ocr_ms=1588 | parse_ms=2 | manual_open_to_ingest_ms=2803
[SINK] committed | file_id=c00de7b995abafb0ae986d43403c1b900c37ab93 | msg=- | talker=- | create_time=0 | sheet=Página1 | row=677 | ingest_to_commit_ms=2492 | manual_open_to_commit_ms=5295
[RETRY] 8a6b359db5131257d85aaf78c9df454c_.jpg | attempt=1 | err=FileNotFoundError: Resolved file disappeared: C:\Users\Felipe\Documents\WeChat Files\wxid_xd3703k0ih2p22\FileStorage\Temp\8a6b359db5131257d85aaf78c9df454c_.jpg
[SCAN] reconcile complete | queued_or_refreshed=18
[OK] 15c78f6aced7ec94427315aba4d50c6c.dat | cliente=6 | banco=AMD | valor=100.0 | data=21/07/2026 11:14 | sink=staged | resolution=direct_image | verification=CONFIRMADO | manual_open_to_claim_ms=8789 | open_ms=10 | prep_ms=1 | ocr_ms=3213 | parse_ms=2 | manual_open_to_ingest_ms=12022
[SINK] committed | file_id=4433c62c7277dfbe6461131a09be46f6dfbe4907 | msg=- | talker=- | create_time=0 | sheet=Página1 | row=678 | ingest_to_commit_ms=2636 | manual_open_to_commit_ms=14658
[OK] 937f2b8e2fa6649325c0ad49671ce9e6.dat | cliente=6 | banco=AMD | valor=155.0 | data=21/07/2026 12:11 | sink=staged | resolution=direct_image | verification=CONFIRMADO | manual_open_to_claim_ms=6361 | open_ms=9 | prep_ms=1 | ocr_ms=1826 | parse_ms=1 | manual_open_to_ingest_ms=8204
[SINK] committed | file_id=42613fbeafde18bce6d0ddb7f209ca240555f9c7 | msg=- | talker=- | create_time=0 | sheet=Página1 | row=679 | ingest_to_commit_ms=867 | manual_open_to_commit_ms=9071
[SKIP] bc5005e46e00b91ede1b4d9f62eafbc4_.jpg | temp_file_disappeared_after_3_attempts
[SKIP] d75d53bf68ec941e5577daea42d72f72_.jpg | temp_file_disappeared_after_3_attempts
[SKIP] a1906f280065000d4e7246d9ad30827e_.jpg | temp_file_disappeared_after_3_attempts
[RETRY] 366d2399e2ede8dc61efc848a78476d8_.jpg | attempt=2 | err=FileNotFoundError: Resolved file disappeared: C:\Users\Felipe\Documents\WeChat Files\wxid_xd3703k0ih2p22\FileStorage\Temp\366d2399e2ede8dc61efc848a78476d8_.jpg
[RETRY] a22240a564c4d17361e5350ce2f11325_.jpg | attempt=2 | err=FileNotFoundError: Resolved file disappeared: C:\Users\Felipe\Documents\WeChat Files\wxid_xd3703k0ih2p22\FileStorage\Temp\a22240a564c4d17361e5350ce2f11325_.jpg
[RETRY] 816b3b701d839d0eee4876a6f5a13047_.jpg | attempt=2 | err=FileNotFoundError: Resolved file disappeared: C:\Users\Felipe\Documents\WeChat Files\wxid_xd3703k0ih2p22\FileStorage\Temp\816b3b701d839d0eee4876a6f5a13047_.jpg
[RETRY] b70337ce6643f51dd6274f85f7370411_.jpg | attempt=1 | err=FileNotFoundError: Resolved file disappeared: C:\Users\Felipe\Documents\WeChat Files\wxid_xd3703k0ih2p22\FileStorage\Temp\b70337ce6643f51dd6274f85f7370411_.jpg
[RETRY] 11fb0998b4460657569706219cfbff81_.jpg | attempt=1 | err=FileNotFoundError: Resolved file disappeared: C:\Users\Felipe\Documents\WeChat Files\wxid_xd3703k0ih2p22\FileStorage\Temp\11fb0998b4460657569706219cfbff81_.jpg
[OK] 18a2e8332d1895a506807a356fd758b0.dat | cliente=6 | banco=AMD | valor=200.0 | data=21/07/2026 12:31 | sink=staged | resolution=direct_image | verification=CONFIRMADO | manual_open_to_claim_ms=1090 | open_ms=10 | prep_ms=1 | ocr_ms=2411 | parse_ms=2 | manual_open_to_ingest_ms=3520
[SINK] committed | file_id=c936665fce7b31052ffbdf80d9342c72329cb055 | msg=- | talker=- | create_time=0 | sheet=Página1 | row=680 | ingest_to_commit_ms=1327 | manual_open_to_commit_ms=4848
[RETRY] 803569bb3c615caf4dfe3a45e62abbc9_.jpg | attempt=1 | err=FileNotFoundError: Resolved file disappeared: C:\Users\Felipe\Documents\WeChat Files\wxid_xd3703k0ih2p22\FileStorage\Temp\803569bb3c615caf4dfe3a45e62abbc9_.jpg
[SKIP] d8954b5ae47a6a6e4244ccc3f03fa02f_.jpg | temp_file_disappeared_after_3_attempts
[RETRY] 8a6b359db5131257d85aaf78c9df454c_.jpg | attempt=2 | err=FileNotFoundError: Resolved file disappeared: C:\Users\Felipe\Documents\WeChat Files\wxid_xd3703k0ih2p22\FileStorage\Temp\8a6b359db5131257d85aaf78c9df454c_.jpg
[OK] 8b47d879bad56f19f9d7f54f033b444a.dat | cliente=6 | banco=AMD | valor=100.0 | data=21/07/2026 12:34 | sink=staged | resolution=direct_image | verification=CONFIRMADO | manual_open_to_claim_ms=1208 | open_ms=5 | prep_ms=0 | ocr_ms=2346 | parse_ms=2 | manual_open_to_ingest_ms=3565
[SINK] committed | file_id=17d8abb24213097add139a8739c6060bef997779 | msg=- | talker=- | create_time=0 | sheet=Página1 | row=681 | ingest_to_commit_ms=1706 | manual_open_to_commit_ms=5271
[RETRY] d5677cb7cb5798032d61e7f3f35cfd2a_.jpg | attempt=1 | err=FileNotFoundError: Resolved file disappeared: C:\Users\Felipe\Documents\WeChat Files\wxid_xd3703k0ih2p22\FileStorage\Temp\d5677cb7cb5798032d61e7f3f35cfd2a_.jpg
[OK] 8a917db6366a6793ea32535a7bf655d8.dat | cliente=6 | banco=AMD | valor=130.0 | data=21/07/2026 12:51 | sink=staged | resolution=direct_image | verification=CONFIRMADO | manual_open_to_claim_ms=1495 | open_ms=9 | prep_ms=1 | ocr_ms=1367 | parse_ms=1 | manual_open_to_ingest_ms=2876
[SINK] committed | file_id=c8cac4ff70f72cb322c5e102fa1a04edc1217a30 | msg=- | talker=- | create_time=0 | sheet=Página1 | row=682 | ingest_to_commit_ms=3242 | manual_open_to_commit_ms=6118
[RETRY] 0be7255f7d89cc491298912783603732_.jpg | attempt=1 | err=FileNotFoundError: Resolved file disappeared: C:\Users\Felipe\Documents\WeChat Files\wxid_xd3703k0ih2p22\FileStorage\Temp\0be7255f7d89cc491298912783603732_.jpg
[OK] 1a61e9d24a23e70d890f8da89372637c.dat | cliente=6 | banco=AMD | valor=165.0 | data=21/07/2026 13:39 | sink=staged | resolution=direct_image | verification=CONFIRMADO | manual_open_to_claim_ms=1059 | open_ms=5 | prep_ms=0 | ocr_ms=1470 | parse_ms=1 | manual_open_to_ingest_ms=2540
[SINK] committed | file_id=c4d16f115ba43d11230d3c0cbd2bc24548a0a8f8 | msg=- | talker=- | create_time=0 | sheet=Página1 | row=683 | ingest_to_commit_ms=2062 | manual_open_to_commit_ms=4602
[SKIP] b049a00c6f5c8ee0238ef7a25e5ba71c_.jpg | temp_file_disappeared_after_3_attempts
[SKIP] 8a8ac51b0ae3c955d0c2e5161d46c2c4_.jpg | temp_file_disappeared_after_3_attempts
[SKIP] d28cd1eaa0ae13f6c58f650b8ff972f0_.jpg | temp_file_disappeared_after_3_attempts
[RETRY] b70337ce6643f51dd6274f85f7370411_.jpg | attempt=2 | err=FileNotFoundError: Resolved file disappeared: C:\Users\Felipe\Documents\WeChat Files\wxid_xd3703k0ih2p22\FileStorage\Temp\b70337ce6643f51dd6274f85f7370411_.jpg
[RETRY] 11fb0998b4460657569706219cfbff81_.jpg | attempt=2 | err=FileNotFoundError: Resolved file disappeared: C:\Users\Felipe\Documents\WeChat Files\wxid_xd3703k0ih2p22\FileStorage\Temp\11fb0998b4460657569706219cfbff81_.jpg
[RETRY] d4e6910015e03dd41975d57e2cc3e153_.jpg | attempt=1 | err=FileNotFoundError: Resolved file disappeared: C:\Users\Felipe\Documents\WeChat Files\wxid_xd3703k0ih2p22\FileStorage\Temp\d4e6910015e03dd41975d57e2cc3e153_.jpg
[RETRY] 803569bb3c615caf4dfe3a45e62abbc9_.jpg | attempt=2 | err=FileNotFoundError: Resolved file disappeared: C:\Users\Felipe\Documents\WeChat Files\wxid_xd3703k0ih2p22\FileStorage\Temp\803569bb3c615caf4dfe3a45e62abbc9_.jpg
[OK] 3dbd2eebb29876010d181ec117aa1a90.dat | cliente=6 | banco=AMD | valor=150.0 | data=21/07/2026 13:45 | sink=staged | resolution=direct_image | verification=CONFIRMADO | manual_open_to_claim_ms=1172 | open_ms=6 | prep_ms=1 | ocr_ms=2872 | parse_ms=2 | manual_open_to_ingest_ms=4058
[SINK] committed | file_id=b59c8e09af271bec135a846fdf89f49c7106ec46 | msg=- | talker=- | create_time=0 | sheet=Página1 | row=684 | ingest_to_commit_ms=893 | manual_open_to_commit_ms=4951
[RETRY] f593dbeda9557fa97c2d9373cffcb81e_.jpg | attempt=1 | err=FileNotFoundError: Resolved file disappeared: C:\Users\Felipe\Documents\WeChat Files\wxid_xd3703k0ih2p22\FileStorage\Temp\f593dbeda9557fa97c2d9373cffcb81e_.jpg
[RETRY] d5677cb7cb5798032d61e7f3f35cfd2a_.jpg | attempt=2 | err=FileNotFoundError: Resolved file disappeared: C:\Users\Felipe\Documents\WeChat Files\wxid_xd3703k0ih2p22\FileStorage\Temp\d5677cb7cb5798032d61e7f3f35cfd2a_.jpg
[OK] c3df488e388a6d9634023bd25eb07d27.dat | cliente=6 | banco=AMD | valor=135.0 | data=21/07/2026 15:10 | sink=staged | resolution=direct_image | verification=CONFIRMADO | manual_open_to_claim_ms=1140 | open_ms=5 | prep_ms=0 | ocr_ms=1713 | parse_ms=2 | manual_open_to_ingest_ms=2863
[SINK] committed | file_id=c2152abd25f49cb83fa75995f9f161d59123b5be | msg=- | talker=- | create_time=0 | sheet=Página1 | row=685 | ingest_to_commit_ms=3117 | manual_open_to_commit_ms=5980
[RETRY] 88ca47ae79fd84d22d84c0f9eb29b72a_.jpg | attempt=1 | err=FileNotFoundError: Resolved file disappeared: C:\Users\Felipe\Documents\WeChat Files\wxid_xd3703k0ih2p22\FileStorage\Temp\88ca47ae79fd84d22d84c0f9eb29b72a_.jpg
[RETRY] 0be7255f7d89cc491298912783603732_.jpg | attempt=2 | err=FileNotFoundError: Resolved file disappeared: C:\Users\Felipe\Documents\WeChat Files\wxid_xd3703k0ih2p22\FileStorage\Temp\0be7255f7d89cc491298912783603732_.jpg
[OK] 58db7817dcdbca9972eb0c63d99de936.dat | cliente=6 | banco=AMD | valor=100.0 | data=28/07/2026 - | sink=staged | resolution=direct_image | verification=CONFIRMADO | manual_open_to_claim_ms=2127 | open_ms=4 | prep_ms=0 | ocr_ms=1592 | parse_ms=0 | manual_open_to_ingest_ms=3725
[SINK] committed | file_id=cecdeb7e3e42fae1fc849fdafb75820b333a8514 | msg=- | talker=- | create_time=0 | sheet=Página1 | row=686 | ingest_to_commit_ms=3023 | manual_open_to_commit_ms=6748
[SKIP] 366d2399e2ede8dc61efc848a78476d8_.jpg | temp_file_disappeared_after_3_attempts
[SKIP] a22240a564c4d17361e5350ce2f11325_.jpg | temp_file_disappeared_after_3_attempts
[SKIP] 816b3b701d839d0eee4876a6f5a13047_.jpg | temp_file_disappeared_after_3_attempts
[RETRY] b951978be114b9a9871511e257da7a8c_.jpg | attempt=1 | err=FileNotFoundError: Resolved file disappeared: C:\Users\Felipe\Documents\WeChat Files\wxid_xd3703k0ih2p22\FileStorage\Temp\b951978be114b9a9871511e257da7a8c_.jpg
[RETRY] d4e6910015e03dd41975d57e2cc3e153_.jpg | attempt=2 | err=FileNotFoundError: Resolved file disappeared: C:\Users\Felipe\Documents\WeChat Files\wxid_xd3703k0ih2p22\FileStorage\Temp\d4e6910015e03dd41975d57e2cc3e153_.jpg
[OK] e8e822b568e78fc1adda0ceca060e048.dat | cliente=6 | banco=AMD | valor=100.0 | data=21/07/2026 16:02 | sink=staged | resolution=direct_image | verification=CONFIRMADO | manual_open_to_claim_ms=1857 | open_ms=7 | prep_ms=0 | ocr_ms=1991 | parse_ms=2 | manual_open_to_ingest_ms=3865
[SINK] committed | file_id=8b3c54cbfc01eebdabbddc7f510d0bb7d44c64ba | msg=- | talker=- | create_time=0 | sheet=Página1 | row=687 | ingest_to_commit_ms=17410 | manual_open_to_commit_ms=21275
[SCAN] reconcile complete | queued_or_refreshed=18
[OK] 9cac1940788c5c2c210d7b9c14ddc0d6.dat | cliente=6 | banco=AMD | valor=190.0 | data=21/07/2026 17:20 | sink=staged | resolution=direct_image | verification=CONFIRMADO | manual_open_to_claim_ms=18555 | open_ms=7 | prep_ms=0 | ocr_ms=1740 | parse_ms=2 | manual_open_to_ingest_ms=20308
[SINK] committed | file_id=3c2a20449f7b0dec7df9c09c0272c3e3d0b8b061 | msg=- | talker=- | create_time=0 | sheet=Página1 | row=688 | ingest_to_commit_ms=1108 | manual_open_to_commit_ms=21417
[OK] e28b3c8f5f1fa430236fecc13fed1dc7.dat | cliente=6 | banco=AMD | valor=100.0 | data=21/07/2026 17:39 | sink=staged | resolution=direct_image | verification=CONFIRMADO | manual_open_to_claim_ms=3500 | open_ms=6 | prep_ms=0 | ocr_ms=2756 | parse_ms=2 | manual_open_to_ingest_ms=6269
[OK] 299d66f4f4f630409864bd5a025dad98.dat | cliente=6 | banco=AMD | valor=100.0 | data=21/07/2026 17:25 | sink=staged | resolution=direct_image | verification=CONFIRMADO | manual_open_to_claim_ms=15361 | open_ms=10 | prep_ms=1 | ocr_ms=1582 | parse_ms=1 | manual_open_to_ingest_ms=16961
[SINK] committed | file_id=c49cfd96eb726a1765444d70324ddd23d2a0edb7 | msg=- | talker=- | create_time=0 | sheet=Página1 | row=689 | ingest_to_commit_ms=1006 | manual_open_to_commit_ms=17967
[SINK] committed | file_id=56f0e51d40631f3adb186cbfb146774b202ec3ac | msg=- | talker=- | create_time=0 | sheet=Página1 | row=690 | ingest_to_commit_ms=3580 | manual_open_to_commit_ms=9849
[SKIP] 8a6b359db5131257d85aaf78c9df454c_.jpg | temp_file_disappeared_after_3_attempts
[SKIP] b70337ce6643f51dd6274f85f7370411_.jpg | temp_file_disappeared_after_3_attempts
[SKIP] 11fb0998b4460657569706219cfbff81_.jpg | temp_file_disappeared_after_3_attempts
[OK] bbf43fec4fdc7cc714df01b4e9c5fa37.dat | cliente=6 | banco=AMD | valor=100.0 | data=22/07/2026 09:44 | sink=staged | resolution=direct_image | verification=CONFIRMADO | manual_open_to_claim_ms=1055 | open_ms=5 | prep_ms=0 | ocr_ms=2335 | parse_ms=1 | manual_open_to_ingest_ms=3401
[SINK] committed | file_id=370b7e443c3d03692732073108810e830c114806 | msg=- | talker=- | create_time=0 | sheet=Página1 | row=691 | ingest_to_commit_ms=1200 | manual_open_to_commit_ms=4601
[SKIP] 803569bb3c615caf4dfe3a45e62abbc9_.jpg | temp_file_disappeared_after_3_attempts
[RETRY] f593dbeda9557fa97c2d9373cffcb81e_.jpg | attempt=2 | err=FileNotFoundError: Resolved file disappeared: C:\Users\Felipe\Documents\WeChat Files\wxid_xd3703k0ih2p22\FileStorage\Temp\f593dbeda9557fa97c2d9373cffcb81e_.jpg
[RETRY] 88ca47ae79fd84d22d84c0f9eb29b72a_.jpg | attempt=2 | err=FileNotFoundError: Resolved file disappeared: C:\Users\Felipe\Documents\WeChat Files\wxid_xd3703k0ih2p22\FileStorage\Temp\88ca47ae79fd84d22d84c0f9eb29b72a_.jpg
[RETRY] b951978be114b9a9871511e257da7a8c_.jpg | attempt=2 | err=FileNotFoundError: Resolved file disappeared: C:\Users\Felipe\Documents\WeChat Files\wxid_xd3703k0ih2p22\FileStorage\Temp\b951978be114b9a9871511e257da7a8c_.jpg
[RETRY] f9b2dbda873305f5423de226122c3dd9_.jpg | attempt=1 | err=FileNotFoundError: Resolved file disappeared: C:\Users\Felipe\Documents\WeChat Files\wxid_xd3703k0ih2p22\FileStorage\Temp\f9b2dbda873305f5423de226122c3dd9_.jpg
[RETRY] ebaaa4376c6ef28e37ae5ba38f09fae0_.jpg | attempt=1 | err=FileNotFoundError: Resolved file disappeared: C:\Users\Felipe\Documents\WeChat Files\wxid_xd3703k0ih2p22\FileStorage\Temp\ebaaa4376c6ef28e37ae5ba38f09fae0_.jpg
[RETRY] e51437f3fee1be6ef608b6baf16657c4_.jpg | attempt=1 | err=FileNotFoundError: Resolved file disappeared: C:\Users\Felipe\Documents\WeChat Files\wxid_xd3703k0ih2p22\FileStorage\Temp\e51437f3fee1be6ef608b6baf16657c4_.jpg
[RETRY] c41bb1a9ef1515f594451e044f9276b6_.jpg | attempt=1 | err=FileNotFoundError: Resolved file disappeared: C:\Users\Felipe\Documents\WeChat Files\wxid_xd3703k0ih2p22\FileStorage\Temp\c41bb1a9ef1515f594451e044f9276b6_.jpg
[RETRY] 960719c5f191ef5e52f494ae1cb3df45_.jpg | attempt=1 | err=FileNotFoundError: Resolved file disappeared: C:\Users\Felipe\Documents\WeChat Files\wxid_xd3703k0ih2p22\FileStorage\Temp\960719c5f191ef5e52f494ae1cb3df45_.jpg
[SKIP] d5677cb7cb5798032d61e7f3f35cfd2a_.jpg | temp_file_disappeared_after_3_attempts
[OK] 1b8fa8c2d356ccfaa980808b2d7c3319.dat | cliente=6 | banco=AMD | valor=160.0 | data=22/07/2026 10:25 | sink=staged | resolution=direct_image | verification=CONFIRMADO | manual_open_to_claim_ms=1556 | open_ms=5 | prep_ms=0 | ocr_ms=2529 | parse_ms=1 | manual_open_to_ingest_ms=4097
[SINK] committed | file_id=334d65c791a1ada55c7a17abe4fa2676623461b4 | msg=- | talker=- | create_time=0 | sheet=Página1 | row=692 | ingest_to_commit_ms=924 | manual_open_to_commit_ms=5020
[RETRY] d5e59e5e143d4089f9189c30b356c257_.jpg | attempt=1 | err=FileNotFoundError: Resolved file disappeared: C:\Users\Felipe\Documents\WeChat Files\wxid_xd3703k0ih2p22\FileStorage\Temp\d5e59e5e143d4089f9189c30b356c257_.jpg
[SKIP] 0be7255f7d89cc491298912783603732_.jpg | temp_file_disappeared_after_3_attempts
[OK] a5a85b6dd69b7c3cfe4a968d37aba006.dat | cliente=6 | banco=AMD | valor=110.0 | data=22/07/2026 10:28 | sink=staged | resolution=direct_image | verification=CONFIRMADO | manual_open_to_claim_ms=1218 | open_ms=8 | prep_ms=0 | ocr_ms=2380 | parse_ms=2 | manual_open_to_ingest_ms=3613
[SINK] committed | file_id=3e6e0599bebb18b228d29d1c663273b5a56081c2 | msg=- | talker=- | create_time=0 | sheet=Página1 | row=693 | ingest_to_commit_ms=884 | manual_open_to_commit_ms=4497
[RETRY] 164fe98a985f977d1d693f7935d6c3e2_.jpg | attempt=1 | err=FileNotFoundError: Resolved file disappeared: C:\Users\Felipe\Documents\WeChat Files\wxid_xd3703k0ih2p22\FileStorage\Temp\164fe98a985f977d1d693f7935d6c3e2_.jpg
[SKIP] d4e6910015e03dd41975d57e2cc3e153_.jpg | temp_file_disappeared_after_3_attempts
[OK] d866c4956a27b5280130cdc2a5ce05bb.dat | cliente=6 | banco=AMD | valor=100.0 | data=28/07/2026 09:28 | sink=staged | resolution=direct_image | verification=CONFIRMADO | manual_open_to_claim_ms=1984 | open_ms=10 | prep_ms=9 | ocr_ms=1344 | parse_ms=1 | manual_open_to_ingest_ms=3353
[SINK] committed | file_id=eb7b260a759c1187bffbf4d6864f53670e31a07b | msg=- | talker=- | create_time=0 | sheet=Página1 | row=694 | ingest_to_commit_ms=1410 | manual_open_to_commit_ms=4763
[RETRY] 235ce87ee8a57d41799e3d125471e48c_.jpg | attempt=1 | err=FileNotFoundError: Resolved file disappeared: C:\Users\Felipe\Documents\WeChat Files\wxid_xd3703k0ih2p22\FileStorage\Temp\235ce87ee8a57d41799e3d125471e48c_.jpg
[RETRY] f9b2dbda873305f5423de226122c3dd9_.jpg | attempt=2 | err=FileNotFoundError: Resolved file disappeared: C:\Users\Felipe\Documents\WeChat Files\wxid_xd3703k0ih2p22\FileStorage\Temp\f9b2dbda873305f5423de226122c3dd9_.jpg
[RETRY] ebaaa4376c6ef28e37ae5ba38f09fae0_.jpg | attempt=2 | err=FileNotFoundError: Resolved file disappeared: C:\Users\Felipe\Documents\WeChat Files\wxid_xd3703k0ih2p22\FileStorage\Temp\ebaaa4376c6ef28e37ae5ba38f09fae0_.jpg
[RETRY] e51437f3fee1be6ef608b6baf16657c4_.jpg | attempt=2 | err=FileNotFoundError: Resolved file disappeared: C:\Users\Felipe\Documents\WeChat Files\wxid_xd3703k0ih2p22\FileStorage\Temp\e51437f3fee1be6ef608b6baf16657c4_.jpg
[RETRY] c41bb1a9ef1515f594451e044f9276b6_.jpg | attempt=2 | err=FileNotFoundError: Resolved file disappeared: C:\Users\Felipe\Documents\WeChat Files\wxid_xd3703k0ih2p22\FileStorage\Temp\c41bb1a9ef1515f594451e044f9276b6_.jpg
[RETRY] 960719c5f191ef5e52f494ae1cb3df45_.jpg | attempt=2 | err=FileNotFoundError: Resolved file disappeared: C:\Users\Felipe\Documents\WeChat Files\wxid_xd3703k0ih2p22\FileStorage\Temp\960719c5f191ef5e52f494ae1cb3df45_.jpg
[OK] 6a9dff87c4c1e9b5a72d0afc7bfa71f6.dat | cliente=6 | banco=None | valor=200.0 | data=23/07/2026 10:19 | sink=staged | resolution=direct_image | verification=CONFIRMADO | manual_open_to_claim_ms=1208 | open_ms=6 | prep_ms=0 | ocr_ms=2758 | parse_ms=2 | manual_open_to_ingest_ms=3979
[SINK] committed | file_id=e0f785d471c538b4e954dd756f0caf5d67aef637 | msg=- | talker=- | create_time=0 | sheet=Página1 | row=695 | ingest_to_commit_ms=844 | manual_open_to_commit_ms=4823
[RETRY] 5547ea34fa091c5e2677d6f54f6a5860_.jpg | attempt=1 | err=FileNotFoundError: Resolved file disappeared: C:\Users\Felipe\Documents\WeChat Files\wxid_xd3703k0ih2p22\FileStorage\Temp\5547ea34fa091c5e2677d6f54f6a5860_.jpg
[RETRY] d5e59e5e143d4089f9189c30b356c257_.jpg | attempt=2 | err=FileNotFoundError: Resolved file disappeared: C:\Users\Felipe\Documents\WeChat Files\wxid_xd3703k0ih2p22\FileStorage\Temp\d5e59e5e143d4089f9189c30b356c257_.jpg
[OK] c674f655487cbde55a78592e88833060.dat | cliente=6 | banco=AMD | valor=100.0 | data=22/07/2026 11:59 | sink=staged | resolution=direct_image | verification=CONFIRMADO | manual_open_to_claim_ms=1092 | open_ms=6 | prep_ms=0 | ocr_ms=2889 | parse_ms=2 | manual_open_to_ingest_ms=3995
[SINK] committed | file_id=b7ad838a1497bfcff445ee80f7a558ef405c0e6c | msg=- | talker=- | create_time=0 | sheet=Página1 | row=696 | ingest_to_commit_ms=924 | manual_open_to_commit_ms=4919
[RETRY] e9f71e565422a308d56fefde0fadee3b_.jpg | attempt=1 | err=FileNotFoundError: Resolved file disappeared: C:\Users\Felipe\Documents\WeChat Files\wxid_xd3703k0ih2p22\FileStorage\Temp\e9f71e565422a308d56fefde0fadee3b_.jpg
[RETRY] 164fe98a985f977d1d693f7935d6c3e2_.jpg | attempt=2 | err=FileNotFoundError: Resolved file disappeared: C:\Users\Felipe\Documents\WeChat Files\wxid_xd3703k0ih2p22\FileStorage\Temp\164fe98a985f977d1d693f7935d6c3e2_.jpg
[OK] 9263f5f56cfe8a6c39461c7be8a477a2.dat | cliente=6 | banco=AMD | valor=150.0 | data=22/07/2026 13:17 | sink=staged | resolution=direct_image | verification=CONFIRMADO | manual_open_to_claim_ms=1119 | open_ms=7 | prep_ms=0 | ocr_ms=1530 | parse_ms=1 | manual_open_to_ingest_ms=2662
[SINK] committed | file_id=02bc93bb3b0f67b2c432299e252822f72f4c12b2 | msg=- | talker=- | create_time=0 | sheet=Página1 | row=697 | ingest_to_commit_ms=7976 | manual_open_to_commit_ms=10638
[OK] f46854f916f5e3187c85b4f2e6de0dfa.dat | cliente=6 | banco=AMD | valor=170.0 | data=22/07/2026 14:10 | sink=staged | resolution=direct_image | verification=CONFIRMADO | manual_open_to_claim_ms=1689 | open_ms=7 | prep_ms=1 | ocr_ms=1697 | parse_ms=1 | manual_open_to_ingest_ms=3399
[SINK] committed | file_id=88c720e57f94d6a43825b3aa39671177a0c7eacd | msg=- | talker=- | create_time=0 | sheet=Página1 | row=698 | ingest_to_commit_ms=1577 | manual_open_to_commit_ms=4976
[SKIP] f593dbeda9557fa97c2d9373cffcb81e_.jpg | temp_file_disappeared_after_3_attempts
[SKIP] 88ca47ae79fd84d22d84c0f9eb29b72a_.jpg | temp_file_disappeared_after_3_attempts
[SKIP] b951978be114b9a9871511e257da7a8c_.jpg | temp_file_disappeared_after_3_attempts
[RETRY] 235ce87ee8a57d41799e3d125471e48c_.jpg | attempt=2 | err=FileNotFoundError: Resolved file disappeared: C:\Users\Felipe\Documents\WeChat Files\wxid_xd3703k0ih2p22\FileStorage\Temp\235ce87ee8a57d41799e3d125471e48c_.jpg
[RETRY] 5415eb421625f95a77f15a119c5305d3_.jpg | attempt=1 | err=FileNotFoundError: Resolved file disappeared: C:\Users\Felipe\Documents\WeChat Files\wxid_xd3703k0ih2p22\FileStorage\Temp\5415eb421625f95a77f15a119c5305d3_.jpg
[RETRY] 4702c46934c6b1d21ab6d56b0709b5ff_.jpg | attempt=1 | err=FileNotFoundError: Resolved file disappeared: C:\Users\Felipe\Documents\WeChat Files\wxid_xd3703k0ih2p22\FileStorage\Temp\4702c46934c6b1d21ab6d56b0709b5ff_.jpg
[RETRY] 5547ea34fa091c5e2677d6f54f6a5860_.jpg | attempt=2 | err=FileNotFoundError: Resolved file disappeared: C:\Users\Felipe\Documents\WeChat Files\wxid_xd3703k0ih2p22\FileStorage\Temp\5547ea34fa091c5e2677d6f54f6a5860_.jpg
[OK] 574782c79a5a76057e963afbdcacbc76.dat | cliente=6 | banco=AMD | valor=100.0 | data=22/07/2026 15:53 | sink=staged | resolution=direct_image | verification=CONFIRMADO | manual_open_to_claim_ms=1574 | open_ms=6 | prep_ms=0 | ocr_ms=2130 | parse_ms=2 | manual_open_to_ingest_ms=3717
[SINK] committed | file_id=3a39e696544162b2b553346f805313074b5b9173 | msg=- | talker=- | create_time=0 | sheet=Página1 | row=699 | ingest_to_commit_ms=899 | manual_open_to_commit_ms=4615
[SCAN] reconcile complete | queued_or_refreshed=17
[RETRY] b35dc7e3cc521b9e95cd789d6925a245_.jpg | attempt=1 | err=FileNotFoundError: Resolved file disappeared: C:\Users\Felipe\Documents\WeChat Files\wxid_xd3703k0ih2p22\FileStorage\Temp\b35dc7e3cc521b9e95cd789d6925a245_.jpg
[RETRY] e9f71e565422a308d56fefde0fadee3b_.jpg | attempt=2 | err=FileNotFoundError: Resolved file disappeared: C:\Users\Felipe\Documents\WeChat Files\wxid_xd3703k0ih2p22\FileStorage\Temp\e9f71e565422a308d56fefde0fadee3b_.jpg
[OK] c27e3f84f8b8feeb10f4c36fb2b5523c.dat | cliente=6 | banco=AMD | valor=100.0 | data=22/07/2026 16:06 | sink=staged | resolution=direct_image | verification=CONFIRMADO | manual_open_to_claim_ms=1297 | open_ms=7 | prep_ms=1 | ocr_ms=2366 | parse_ms=1 | manual_open_to_ingest_ms=3676
[SINK] committed | file_id=264934cf533f83db1a5e7e46aed3c70696a99ef1 | msg=- | talker=- | create_time=0 | sheet=Página1 | row=700 | ingest_to_commit_ms=861 | manual_open_to_commit_ms=4537
[RETRY] 6dbc168ecffff6f8e491de75a479e163_.jpg | attempt=1 | err=FileNotFoundError: Resolved file disappeared: C:\Users\Felipe\Documents\WeChat Files\wxid_xd3703k0ih2p22\FileStorage\Temp\6dbc168ecffff6f8e491de75a479e163_.jpg
[OK] 306388809b5c633604beb829ab2a8a4f.dat | cliente=6 | banco=AMD | valor=170.0 | data=22/07/2026 18:19 | sink=staged | resolution=direct_image | verification=CONFIRMADO | manual_open_to_claim_ms=1916 | open_ms=10 | prep_ms=1 | ocr_ms=1881 | parse_ms=1 | manual_open_to_ingest_ms=3813
[SINK] committed | file_id=3aab14065dace9050c119d22d000c72457868fa8 | msg=- | talker=- | create_time=0 | sheet=Página1 | row=701 | ingest_to_commit_ms=826 | manual_open_to_commit_ms=4640
[RETRY] f1e9ccd5c5a54c0857a408c8f65197d2_.jpg | attempt=1 | err=FileNotFoundError: Resolved file disappeared: C:\Users\Felipe\Documents\WeChat Files\wxid_xd3703k0ih2p22\FileStorage\Temp\f1e9ccd5c5a54c0857a408c8f65197d2_.jpg
[SKIP] f9b2dbda873305f5423de226122c3dd9_.jpg | temp_file_disappeared_after_3_attempts
[SKIP] ebaaa4376c6ef28e37ae5ba38f09fae0_.jpg | temp_file_disappeared_after_3_attempts
[SKIP] e51437f3fee1be6ef608b6baf16657c4_.jpg | temp_file_disappeared_after_3_attempts
[SKIP] c41bb1a9ef1515f594451e044f9276b6_.jpg | temp_file_disappeared_after_3_attempts
[SKIP] 960719c5f191ef5e52f494ae1cb3df45_.jpg | temp_file_disappeared_after_3_attempts
[RETRY] 5415eb421625f95a77f15a119c5305d3_.jpg | attempt=2 | err=FileNotFoundError: Resolved file disappeared: C:\Users\Felipe\Documents\WeChat Files\wxid_xd3703k0ih2p22\FileStorage\Temp\5415eb421625f95a77f15a119c5305d3_.jpg
[RETRY] 4702c46934c6b1d21ab6d56b0709b5ff_.jpg | attempt=2 | err=FileNotFoundError: Resolved file disappeared: C:\Users\Felipe\Documents\WeChat Files\wxid_xd3703k0ih2p22\FileStorage\Temp\4702c46934c6b1d21ab6d56b0709b5ff_.jpg
[OK] 2737f34cb0e846f4ada97b1c5995db80.dat | cliente=6 | banco=AMD | valor=115.0 | data=23/07/2026 09:20 | sink=staged | resolution=direct_image | verification=CONFIRMADO | manual_open_to_claim_ms=1392 | open_ms=11 | prep_ms=1 | ocr_ms=2354 | parse_ms=2 | manual_open_to_ingest_ms=3766
[SINK] committed | file_id=c1e4b3819b29806fd144647dca66382c07719aed | msg=- | talker=- | create_time=0 | sheet=Página1 | row=702 | ingest_to_commit_ms=917 | manual_open_to_commit_ms=4682
[RETRY] b9a4d1e00a6c9522d43b4d12cb0d60b7_.jpg | attempt=1 | err=FileNotFoundError: Resolved file disappeared: C:\Users\Felipe\Documents\WeChat Files\wxid_xd3703k0ih2p22\FileStorage\Temp\b9a4d1e00a6c9522d43b4d12cb0d60b7_.jpg
[SKIP] d5e59e5e143d4089f9189c30b356c257_.jpg | temp_file_disappeared_after_3_attempts
[OK] 966fb04a8467f9228b82479ba47356e7.dat | cliente=6 | banco=AMD | valor=134.0 | data=23/07/2026 09:48 | sink=staged | resolution=direct_image | verification=CONFIRMADO | manual_open_to_claim_ms=2163 | open_ms=8 | prep_ms=0 | ocr_ms=3171 | parse_ms=2 | manual_open_to_ingest_ms=5351
[SINK] committed | file_id=fed24876943ec7c346ba6ba52a2c8e28994bee95 | msg=- | talker=- | create_time=0 | sheet=Página1 | row=703 | ingest_to_commit_ms=996 | manual_open_to_commit_ms=6347
[SKIP] 164fe98a985f977d1d693f7935d6c3e2_.jpg | temp_file_disappeared_after_3_attempts
[RETRY] b35dc7e3cc521b9e95cd789d6925a245_.jpg | attempt=2 | err=FileNotFoundError: Resolved file disappeared: C:\Users\Felipe\Documents\WeChat Files\wxid_xd3703k0ih2p22\FileStorage\Temp\b35dc7e3cc521b9e95cd789d6925a245_.jpg
[RETRY] cb286cd2f4948978fac76c80ab9afd7c_.jpg | attempt=1 | err=FileNotFoundError: Resolved file disappeared: C:\Users\Felipe\Documents\WeChat Files\wxid_xd3703k0ih2p22\FileStorage\Temp\cb286cd2f4948978fac76c80ab9afd7c_.jpg
[RETRY] 6dbc168ecffff6f8e491de75a479e163_.jpg | attempt=2 | err=FileNotFoundError: Resolved file disappeared: C:\Users\Felipe\Documents\WeChat Files\wxid_xd3703k0ih2p22\FileStorage\Temp\6dbc168ecffff6f8e491de75a479e163_.jpg
[OK] 8cd2b5efd542c6fcefe62d28412f37d0.dat | cliente=6 | banco=AMD | valor=100.0 | data=23/07/2026 17:36 | sink=staged | resolution=direct_image | verification=CONFIRMADO | manual_open_to_claim_ms=1591 | open_ms=8 | prep_ms=1 | ocr_ms=1852 | parse_ms=1 | manual_open_to_ingest_ms=3459
[SINK] committed | file_id=86e0b4f984f24106715491b0acac89ab57662745 | msg=- | talker=- | create_time=0 | sheet=Página1 | row=704 | ingest_to_commit_ms=857 | manual_open_to_commit_ms=4316
[RETRY] ade3c7587b823e4a14ff5c10a7311a21_.jpg | attempt=1 | err=FileNotFoundError: Resolved file disappeared: C:\Users\Felipe\Documents\WeChat Files\wxid_xd3703k0ih2p22\FileStorage\Temp\ade3c7587b823e4a14ff5c10a7311a21_.jpg
[RETRY] f1e9ccd5c5a54c0857a408c8f65197d2_.jpg | attempt=2 | err=FileNotFoundError: Resolved file disappeared: C:\Users\Felipe\Documents\WeChat Files\wxid_xd3703k0ih2p22\FileStorage\Temp\f1e9ccd5c5a54c0857a408c8f65197d2_.jpg
[OK] c1f80e4da2153cabdb816f9b75e0bc75.dat | cliente=6 | banco=AMD | valor=120.0 | data=23/07/2026 10:52 | sink=staged | resolution=direct_image | verification=CONFIRMADO | manual_open_to_claim_ms=1795 | open_ms=5 | prep_ms=0 | ocr_ms=1845 | parse_ms=1 | manual_open_to_ingest_ms=3650
[SINK] committed | file_id=38f5497ab9b6606be84400e8a5f5219348a6f6c2 | msg=- | talker=- | create_time=0 | sheet=Página1 | row=705 | ingest_to_commit_ms=867 | manual_open_to_commit_ms=4516
[SKIP] 235ce87ee8a57d41799e3d125471e48c_.jpg | temp_file_disappeared_after_3_attempts
[RETRY] afc06b23efaf13b7ec23915b7844cf21_.jpg | attempt=1 | err=FileNotFoundError: Resolved file disappeared: C:\Users\Felipe\Documents\WeChat Files\wxid_xd3703k0ih2p22\FileStorage\Temp\afc06b23efaf13b7ec23915b7844cf21_.jpg
[SKIP] 5547ea34fa091c5e2677d6f54f6a5860_.jpg | temp_file_disappeared_after_3_attempts
[RETRY] b9a4d1e00a6c9522d43b4d12cb0d60b7_.jpg | attempt=2 | err=FileNotFoundError: Resolved file disappeared: C:\Users\Felipe\Documents\WeChat Files\wxid_xd3703k0ih2p22\FileStorage\Temp\b9a4d1e00a6c9522d43b4d12cb0d60b7_.jpg
[OK] 3ccf2534381db36708596b58df105acd.dat | cliente=6 | banco=AMD | valor=100.0 | data=23/07/2026 - | sink=staged | resolution=direct_image | verification=CONFIRMADO | manual_open_to_claim_ms=2080 | open_ms=8 | prep_ms=1 | ocr_ms=2456 | parse_ms=1 | manual_open_to_ingest_ms=4553
[SINK] committed | file_id=20586ae8fb897aa420dccf319c7174218cc5a1dc | msg=- | talker=- | create_time=0 | sheet=Página1 | row=706 | ingest_to_commit_ms=1212 | manual_open_to_commit_ms=5765
[RETRY] d6436229bc0af444ab57ea515fb015c2_.jpg | attempt=1 | err=FileNotFoundError: Resolved file disappeared: C:\Users\Felipe\Documents\WeChat Files\wxid_xd3703k0ih2p22\FileStorage\Temp\d6436229bc0af444ab57ea515fb015c2_.jpg
[SKIP] e9f71e565422a308d56fefde0fadee3b_.jpg | temp_file_disappeared_after_3_attempts
[RETRY] cb286cd2f4948978fac76c80ab9afd7c_.jpg | attempt=2 | err=FileNotFoundError: Resolved file disappeared: C:\Users\Felipe\Documents\WeChat Files\wxid_xd3703k0ih2p22\FileStorage\Temp\cb286cd2f4948978fac76c80ab9afd7c_.jpg
[OK] 70935e7399b27b21f11275f25fabd1e4.dat | cliente=6 | banco=AMD | valor=100.0 | data=23/07/2026 11:58 | sink=staged | resolution=direct_image | verification=CONFIRMADO | manual_open_to_claim_ms=1913 | open_ms=10 | prep_ms=1 | ocr_ms=1290 | parse_ms=1 | manual_open_to_ingest_ms=3222
[SINK] committed | file_id=2d486717d4e1c099e648559d68096927bc24f0a8 | msg=- | talker=- | create_time=0 | sheet=Página1 | row=707 | ingest_to_commit_ms=852 | manual_open_to_commit_ms=4074
[RETRY] 459f071f4e09f5907f93ff1075394246_.jpg | attempt=1 | err=FileNotFoundError: Resolved file disappeared: C:\Users\Felipe\Documents\WeChat Files\wxid_xd3703k0ih2p22\FileStorage\Temp\459f071f4e09f5907f93ff1075394246_.jpg
[RETRY] ade3c7587b823e4a14ff5c10a7311a21_.jpg | attempt=2 | err=FileNotFoundError: Resolved file disappeared: C:\Users\Felipe\Documents\WeChat Files\wxid_xd3703k0ih2p22\FileStorage\Temp\ade3c7587b823e4a14ff5c10a7311a21_.jpg
[OK] 4ec3d5e193ad3459f57458c234dd939f.dat | cliente=6 | banco=AMD | valor=180.0 | data=23/07/2026 13:12 | sink=staged | resolution=direct_image | verification=CONFIRMADO | manual_open_to_claim_ms=1723 | open_ms=9 | prep_ms=1 | ocr_ms=3138 | parse_ms=3 | manual_open_to_ingest_ms=4880
[SINK] committed | file_id=255cbf06ad8c83c3073df7f46ef63ac406f6f15e | msg=- | talker=- | create_time=0 | sheet=Página1 | row=708 | ingest_to_commit_ms=900 | manual_open_to_commit_ms=5780
[RETRY] 6fc750f17e57bd3d11054d89f6d2e65c_.jpg | attempt=1 | err=FileNotFoundError: Resolved file disappeared: C:\Users\Felipe\Documents\WeChat Files\wxid_xd3703k0ih2p22\FileStorage\Temp\6fc750f17e57bd3d11054d89f6d2e65c_.jpg
[SKIP] 5415eb421625f95a77f15a119c5305d3_.jpg | temp_file_disappeared_after_3_attempts
[SKIP] 4702c46934c6b1d21ab6d56b0709b5ff_.jpg | temp_file_disappeared_after_3_attempts
[RETRY] afc06b23efaf13b7ec23915b7844cf21_.jpg | attempt=2 | err=FileNotFoundError: Resolved file disappeared: C:\Users\Felipe\Documents\WeChat Files\wxid_xd3703k0ih2p22\FileStorage\Temp\afc06b23efaf13b7ec23915b7844cf21_.jpg
[OK] d5f85bb0b2c0decefba740683f511ff6.dat | cliente=6 | banco=AMD | valor=100.0 | data=23/07/2026 14:21 | sink=staged | resolution=direct_image | verification=CONFIRMADO | manual_open_to_claim_ms=2156 | open_ms=8 | prep_ms=0 | ocr_ms=2524 | parse_ms=3 | manual_open_to_ingest_ms=4699
[SINK] committed | file_id=2fc85dd37d8827929d568890b982393de4aadd21 | msg=- | talker=- | create_time=0 | sheet=Página1 | row=709 | ingest_to_commit_ms=942 | manual_open_to_commit_ms=5641
[SCAN] reconcile complete | queued_or_refreshed=17
[RETRY] 1b4f3ceb0363bb8d584e3273af3133ee_.jpg | attempt=1 | err=FileNotFoundError: Resolved file disappeared: C:\Users\Felipe\Documents\WeChat Files\wxid_xd3703k0ih2p22\FileStorage\Temp\1b4f3ceb0363bb8d584e3273af3133ee_.jpg
[OK] 0339d1e9c9ed7242e2159884cdc8ac11.dat | cliente=6 | banco=AMD | valor=160.0 | data=23/07/2026 14:29 | sink=staged | resolution=direct_image | verification=CONFIRMADO | manual_open_to_claim_ms=1016 | open_ms=7 | prep_ms=1 | ocr_ms=2304 | parse_ms=1 | manual_open_to_ingest_ms=3332
[SINK] committed | file_id=6e118be88e6681c25e8d91302312d25a82b740bb | msg=- | talker=- | create_time=0 | sheet=Página1 | row=710 | ingest_to_commit_ms=844 | manual_open_to_commit_ms=4176
[SKIP] b35dc7e3cc521b9e95cd789d6925a245_.jpg | temp_file_disappeared_after_3_attempts
[RETRY] d6436229bc0af444ab57ea515fb015c2_.jpg | attempt=2 | err=FileNotFoundError: Resolved file disappeared: C:\Users\Felipe\Documents\WeChat Files\wxid_xd3703k0ih2p22\FileStorage\Temp\d6436229bc0af444ab57ea515fb015c2_.jpg
[RETRY] cba696f92e76c3e4e262fcf59ff2a8d4_.jpg | attempt=1 | err=FileNotFoundError: Resolved file disappeared: C:\Users\Felipe\Documents\WeChat Files\wxid_xd3703k0ih2p22\FileStorage\Temp\cba696f92e76c3e4e262fcf59ff2a8d4_.jpg
[SKIP] 6dbc168ecffff6f8e491de75a479e163_.jpg | temp_file_disappeared_after_3_attempts
[RETRY] 459f071f4e09f5907f93ff1075394246_.jpg | attempt=2 | err=FileNotFoundError: Resolved file disappeared: C:\Users\Felipe\Documents\WeChat Files\wxid_xd3703k0ih2p22\FileStorage\Temp\459f071f4e09f5907f93ff1075394246_.jpg
[OK] 8b854332886824f67acbec3253e6a595.dat | cliente=6 | banco=AMD | valor=100.0 | data=28/07/2026 15:11 | sink=staged | resolution=direct_image | verification=CONFIRMADO | manual_open_to_claim_ms=1772 | open_ms=5 | prep_ms=0 | ocr_ms=1746 | parse_ms=2 | manual_open_to_ingest_ms=3529
[SINK] committed | file_id=0e34c3fd651b27d59ca26a0c6927a78445ef793d | msg=- | talker=- | create_time=0 | sheet=Página1 | row=711 | ingest_to_commit_ms=1048 | manual_open_to_commit_ms=4577
[RETRY] 1d0d890d001099057b86274185ec6068_.jpg | attempt=1 | err=FileNotFoundError: Resolved file disappeared: C:\Users\Felipe\Documents\WeChat Files\wxid_xd3703k0ih2p22\FileStorage\Temp\1d0d890d001099057b86274185ec6068_.jpg
[SKIP] f1e9ccd5c5a54c0857a408c8f65197d2_.jpg | temp_file_disappeared_after_3_attempts
[RETRY] 6fc750f17e57bd3d11054d89f6d2e65c_.jpg | attempt=2 | err=FileNotFoundError: Resolved file disappeared: C:\Users\Felipe\Documents\WeChat Files\wxid_xd3703k0ih2p22\FileStorage\Temp\6fc750f17e57bd3d11054d89f6d2e65c_.jpg
[OK] e96209ffc7d0b1a7928e4b39ac1a3a19.dat | cliente=6 | banco=AMD | valor=165.0 | data=23/07/2026 17:24 | sink=staged | resolution=direct_image | verification=CONFIRMADO | manual_open_to_claim_ms=2185 | open_ms=34 | prep_ms=48 | ocr_ms=2296 | parse_ms=1 | manual_open_to_ingest_ms=4578
[SINK] committed | file_id=1d487071584bf61ed34a3dc25ad0ac039da7af33 | msg=- | talker=- | create_time=0 | sheet=Página1 | row=712 | ingest_to_commit_ms=1343 | manual_open_to_commit_ms=5921
[SKIP] b9a4d1e00a6c9522d43b4d12cb0d60b7_.jpg | temp_file_disappeared_after_3_attempts
[RETRY] 5bf6438a18feba6fbf511f8afa9ab570_.jpg | attempt=1 | err=FileNotFoundError: Resolved file disappeared: C:\Users\Felipe\Documents\WeChat Files\wxid_xd3703k0ih2p22\FileStorage\Temp\5bf6438a18feba6fbf511f8afa9ab570_.jpg
[OK] 035b9cc5be1eabd37083ec5606a83646.dat | cliente=6 | banco=AMD | valor=100.0 | data=24/07/2026 13:01 | sink=staged | resolution=direct_image | verification=CONFIRMADO | manual_open_to_claim_ms=2141 | open_ms=10 | prep_ms=1 | ocr_ms=1561 | parse_ms=1 | manual_open_to_ingest_ms=3718
[SINK] committed | file_id=0f2a8320cd7af35278c2eac1f11fae0ef0b9034c | msg=- | talker=- | create_time=0 | sheet=Página1 | row=713 | ingest_to_commit_ms=1213 | manual_open_to_commit_ms=4931
[RETRY] 1b4f3ceb0363bb8d584e3273af3133ee_.jpg | attempt=2 | err=FileNotFoundError: Resolved file disappeared: C:\Users\Felipe\Documents\WeChat Files\wxid_xd3703k0ih2p22\FileStorage\Temp\1b4f3ceb0363bb8d584e3273af3133ee_.jpg
[RETRY] 5ac282be33066a2b764fb4666533f16e_.jpg | attempt=1 | err=FileNotFoundError: Resolved file disappeared: C:\Users\Felipe\Documents\WeChat Files\wxid_xd3703k0ih2p22\FileStorage\Temp\5ac282be33066a2b764fb4666533f16e_.jpg
[SKIP] cb286cd2f4948978fac76c80ab9afd7c_.jpg | temp_file_disappeared_after_3_attempts
[RETRY] cba696f92e76c3e4e262fcf59ff2a8d4_.jpg | attempt=2 | err=FileNotFoundError: Resolved file disappeared: C:\Users\Felipe\Documents\WeChat Files\wxid_xd3703k0ih2p22\FileStorage\Temp\cba696f92e76c3e4e262fcf59ff2a8d4_.jpg
[OK] 2af0dcbfae9f9b5a2642988b0f96f3ea.dat | cliente=6 | banco=AMD | valor=100.0 | data=23/07/2026 18:12 | sink=staged | resolution=direct_image | verification=CONFIRMADO | manual_open_to_claim_ms=1241 | open_ms=6 | prep_ms=0 | ocr_ms=1456 | parse_ms=2 | manual_open_to_ingest_ms=2710
[SINK] committed | file_id=fd159b72f8a3501903aee932ab3ed0a4f5f7496e | msg=- | talker=- | create_time=0 | sheet=Página1 | row=714 | ingest_to_commit_ms=1055 | manual_open_to_commit_ms=3765
[RETRY] 8c0731de53d1f7c34cec4cc0c3959697_.jpg | attempt=1 | err=FileNotFoundError: Resolved file disappeared: C:\Users\Felipe\Documents\WeChat Files\wxid_xd3703k0ih2p22\FileStorage\Temp\8c0731de53d1f7c34cec4cc0c3959697_.jpg
[SKIP] ade3c7587b823e4a14ff5c10a7311a21_.jpg | temp_file_disappeared_after_3_attempts
[RETRY] 1d0d890d001099057b86274185ec6068_.jpg | attempt=2 | err=FileNotFoundError: Resolved file disappeared: C:\Users\Felipe\Documents\WeChat Files\wxid_xd3703k0ih2p22\FileStorage\Temp\1d0d890d001099057b86274185ec6068_.jpg
[OK] aaa862cc64f8f318163f3a96993e2ccf.dat | cliente=6 | banco=AMD | valor=100.0 | data=23/07/2026 18:19 | sink=staged | resolution=direct_image | verification=CONFIRMADO | manual_open_to_claim_ms=1301 | open_ms=10 | prep_ms=1 | ocr_ms=1248 | parse_ms=1 | manual_open_to_ingest_ms=2565
[SINK] committed | file_id=2c83867b0b503fd8bbff991880136efc38d78d4d | msg=- | talker=- | create_time=0 | sheet=Página1 | row=715 | ingest_to_commit_ms=1139 | manual_open_to_commit_ms=3704
[RETRY] 0ecd2be9257b35cf5b8640799ea6854f_.jpg | attempt=1 | err=FileNotFoundError: Resolved file disappeared: C:\Users\Felipe\Documents\WeChat Files\wxid_xd3703k0ih2p22\FileStorage\Temp\0ecd2be9257b35cf5b8640799ea6854f_.jpg
[SKIP] afc06b23efaf13b7ec23915b7844cf21_.jpg | temp_file_disappeared_after_3_attempts
[OK] e87a34d0cfca0808f8ac0c9bc7466054.dat | cliente=6 | banco=AMD | valor=100.0 | data=24/07/2026 08:31 | sink=staged | resolution=direct_image | verification=CONFIRMADO | manual_open_to_claim_ms=1142 | open_ms=7 | prep_ms=0 | ocr_ms=1463 | parse_ms=1 | manual_open_to_ingest_ms=2618
[SINK] committed | file_id=b6fa7c8b63304ff027202859ea67ac88b0cfe189 | msg=- | talker=- | create_time=0 | sheet=Página1 | row=716 | ingest_to_commit_ms=851 | manual_open_to_commit_ms=3469
[RETRY] 5bf6438a18feba6fbf511f8afa9ab570_.jpg | attempt=2 | err=FileNotFoundError: Resolved file disappeared: C:\Users\Felipe\Documents\WeChat Files\wxid_xd3703k0ih2p22\FileStorage\Temp\5bf6438a18feba6fbf511f8afa9ab570_.jpg
[RETRY] 552e33b090b6354d56c5532c2c291033_.jpg | attempt=1 | err=FileNotFoundError: Resolved file disappeared: C:\Users\Felipe\Documents\WeChat Files\wxid_xd3703k0ih2p22\FileStorage\Temp\552e33b090b6354d56c5532c2c291033_.jpg
[RETRY] 5ac282be33066a2b764fb4666533f16e_.jpg | attempt=2 | err=FileNotFoundError: Resolved file disappeared: C:\Users\Felipe\Documents\WeChat Files\wxid_xd3703k0ih2p22\FileStorage\Temp\5ac282be33066a2b764fb4666533f16e_.jpg
[OK] 37311ea6e38e6f3d912c81150089d370.dat | cliente=6 | banco=AMD | valor=170.0 | data=24/07/2026 09:07 | sink=staged | resolution=direct_image | verification=CONFIRMADO | manual_open_to_claim_ms=2220 | open_ms=5 | prep_ms=0 | ocr_ms=2091 | parse_ms=2 | manual_open_to_ingest_ms=4321
[SINK] committed | file_id=fd18d26f3f11dd62999b28ee1649c3fb0024d813 | msg=- | talker=- | create_time=0 | sheet=Página1 | row=717 | ingest_to_commit_ms=835 | manual_open_to_commit_ms=5156
[SKIP] d6436229bc0af444ab57ea515fb015c2_.jpg | temp_file_disappeared_after_3_attempts
[RETRY] c59e58e5824da91713538481a43bedb1_.jpg | attempt=1 | err=FileNotFoundError: Resolved file disappeared: C:\Users\Felipe\Documents\WeChat Files\wxid_xd3703k0ih2p22\FileStorage\Temp\c59e58e5824da91713538481a43bedb1_.jpg
[SKIP] 459f071f4e09f5907f93ff1075394246_.jpg | temp_file_disappeared_after_3_attempts
[RETRY] 8c0731de53d1f7c34cec4cc0c3959697_.jpg | attempt=2 | err=FileNotFoundError: Resolved file disappeared: C:\Users\Felipe\Documents\WeChat Files\wxid_xd3703k0ih2p22\FileStorage\Temp\8c0731de53d1f7c34cec4cc0c3959697_.jpg
[OK] 651e0efc40ff477a028ceda875c17328.dat | cliente=6 | banco=AMD | valor=315.0 | data=23/07/2026 20:34 | sink=staged | resolution=direct_image | verification=CONFIRMADO | manual_open_to_claim_ms=1479 | open_ms=9 | prep_ms=0 | ocr_ms=2025 | parse_ms=2 | manual_open_to_ingest_ms=3520
[SINK] committed | file_id=86d5fc44a9648dbabe42ae52ca71f31d1adfe8ec | msg=- | talker=- | create_time=0 | sheet=Página1 | row=718 | ingest_to_commit_ms=1701 | manual_open_to_commit_ms=5221
[RETRY] befd92695827f19b59d319d63b9d3310_.jpg | attempt=1 | err=FileNotFoundError: Resolved file disappeared: C:\Users\Felipe\Documents\WeChat Files\wxid_xd3703k0ih2p22\FileStorage\Temp\befd92695827f19b59d319d63b9d3310_.jpg
[SKIP] 6fc750f17e57bd3d11054d89f6d2e65c_.jpg | temp_file_disappeared_after_3_attempts
[RETRY] 0ecd2be9257b35cf5b8640799ea6854f_.jpg | attempt=2 | err=FileNotFoundError: Resolved file disappeared: C:\Users\Felipe\Documents\WeChat Files\wxid_xd3703k0ih2p22\FileStorage\Temp\0ecd2be9257b35cf5b8640799ea6854f_.jpg
[OK] c2755daf3a70369f3a8dea84cc977ac7.dat | cliente=6 | banco=AMD | valor=170.0 | data=24/07/2026 10:19 | sink=staged | resolution=direct_image | verification=CONFIRMADO | manual_open_to_claim_ms=1507 | open_ms=16 | prep_ms=2 | ocr_ms=3082 | parse_ms=2 | manual_open_to_ingest_ms=4617
[SINK] committed | file_id=29867e6169abfe42510ea67d5eac594d50315314 | msg=- | talker=- | create_time=0 | sheet=Página1 | row=719 | ingest_to_commit_ms=972 | manual_open_to_commit_ms=5589
[SCAN] reconcile complete | queued_or_refreshed=17
[OK] c313d2f4db8f8b81f0a1880181229fc7.dat | cliente=6 | banco=AMD | valor=100.0 | data=24/07/2026 11:55 | sink=staged | resolution=direct_image | verification=CONFIRMADO | manual_open_to_claim_ms=4669 | open_ms=12 | prep_ms=1 | ocr_ms=1824 | parse_ms=2 | manual_open_to_ingest_ms=6513
[SINK] committed | file_id=4e21e4e67545635f9aa779d3917cc64155d9ee05 | msg=- | talker=- | create_time=0 | sheet=Página1 | row=720 | ingest_to_commit_ms=938 | manual_open_to_commit_ms=7451
[SKIP] 1b4f3ceb0363bb8d584e3273af3133ee_.jpg | temp_file_disappeared_after_3_attempts
[SKIP] cba696f92e76c3e4e262fcf59ff2a8d4_.jpg | temp_file_disappeared_after_3_attempts
[RETRY] 552e33b090b6354d56c5532c2c291033_.jpg | attempt=2 | err=FileNotFoundError: Resolved file disappeared: C:\Users\Felipe\Documents\WeChat Files\wxid_xd3703k0ih2p22\FileStorage\Temp\552e33b090b6354d56c5532c2c291033_.jpg
[RETRY] 893fe2c5379f7613beeafe8219de2363_.jpg | attempt=1 | err=FileNotFoundError: Resolved file disappeared: C:\Users\Felipe\Documents\WeChat Files\wxid_xd3703k0ih2p22\FileStorage\Temp\893fe2c5379f7613beeafe8219de2363_.jpg
[RETRY] 1558b38d243d11258eddc1c095eccfb8_.jpg | attempt=1 | err=FileNotFoundError: Resolved file disappeared: C:\Users\Felipe\Documents\WeChat Files\wxid_xd3703k0ih2p22\FileStorage\Temp\1558b38d243d11258eddc1c095eccfb8_.jpg
[RETRY] c59e58e5824da91713538481a43bedb1_.jpg | attempt=2 | err=FileNotFoundError: Resolved file disappeared: C:\Users\Felipe\Documents\WeChat Files\wxid_xd3703k0ih2p22\FileStorage\Temp\c59e58e5824da91713538481a43bedb1_.jpg
[OK] 1fe8daf390cd16f6c1c50058ffd253ed.dat | cliente=6 | banco=AMD | valor=170.0 | data=24/07/2026 12:06 | sink=staged | resolution=direct_image | verification=CONFIRMADO | manual_open_to_claim_ms=1598 | open_ms=10 | prep_ms=1 | ocr_ms=1280 | parse_ms=1 | manual_open_to_ingest_ms=2897
[SINK] committed | file_id=b2d1c64bb209d5843ada10d50210b9aaaee2a525 | msg=- | talker=- | create_time=0 | sheet=Página1 | row=721 | ingest_to_commit_ms=896 | manual_open_to_commit_ms=3793
[RETRY] 39af3b8e601d28d96e473d0aa1c0695a_.jpg | attempt=1 | err=FileNotFoundError: Resolved file disappeared: C:\Users\Felipe\Documents\WeChat Files\wxid_xd3703k0ih2p22\FileStorage\Temp\39af3b8e601d28d96e473d0aa1c0695a_.jpg
[SKIP] 1d0d890d001099057b86274185ec6068_.jpg | temp_file_disappeared_after_3_attempts
[RETRY] befd92695827f19b59d319d63b9d3310_.jpg | attempt=2 | err=FileNotFoundError: Resolved file disappeared: C:\Users\Felipe\Documents\WeChat Files\wxid_xd3703k0ih2p22\FileStorage\Temp\befd92695827f19b59d319d63b9d3310_.jpg
[OK] 4d920a7536114018f41747e872885fb8.dat | cliente=6 | banco=AMD | valor=100.0 | data=25/07/2026 10:50 | sink=staged | resolution=direct_image | verification=CONFIRMADO | manual_open_to_claim_ms=1230 | open_ms=13 | prep_ms=2 | ocr_ms=894 | parse_ms=1 | manual_open_to_ingest_ms=2146
[SINK] committed | file_id=f7ce96e15965d3ee584412b07b206bb9ecc19955 | msg=- | talker=- | create_time=0 | sheet=Página1 | row=722 | ingest_to_commit_ms=885 | manual_open_to_commit_ms=3031
[RETRY] 95c3389f2b4279e6316f501bb1ea7d84_.jpg | attempt=1 | err=FileNotFoundError: Resolved file disappeared: C:\Users\Felipe\Documents\WeChat Files\wxid_xd3703k0ih2p22\FileStorage\Temp\95c3389f2b4279e6316f501bb1ea7d84_.jpg
[OK] 2249c7e89c200f7aae7a7dfbf6340a64.dat | cliente=6 | banco=AMD | valor=100.0 | data=24/07/2026 13:30 | sink=staged | resolution=direct_image | verification=CONFIRMADO | manual_open_to_claim_ms=1803 | open_ms=6 | prep_ms=1 | ocr_ms=1470 | parse_ms=1 | manual_open_to_ingest_ms=3285
[SINK] committed | file_id=291ce168ef6359350586114889a1bf87405ba618 | msg=- | talker=- | create_time=0 | sheet=Página1 | row=723 | ingest_to_commit_ms=1450 | manual_open_to_commit_ms=4735
[SKIP] 5bf6438a18feba6fbf511f8afa9ab570_.jpg | temp_file_disappeared_after_3_attempts
[RETRY] 675060255e48669667ff4c47dc322490_.jpg | attempt=1 | err=FileNotFoundError: Resolved file disappeared: C:\Users\Felipe\Documents\WeChat Files\wxid_xd3703k0ih2p22\FileStorage\Temp\675060255e48669667ff4c47dc322490_.jpg
[SKIP] 5ac282be33066a2b764fb4666533f16e_.jpg | temp_file_disappeared_after_3_attempts
[OK] 876d228e97a62a416d177070819f1b99.dat | cliente=6 | banco=AMD | valor=170.0 | data=24/07/2026 14:25 | sink=staged | resolution=direct_image | verification=CONFIRMADO | manual_open_to_claim_ms=2245 | open_ms=7 | prep_ms=1 | ocr_ms=2338 | parse_ms=1 | manual_open_to_ingest_ms=4595
[SINK] committed | file_id=0160b7aa515d8a138aea60fef9175d3349a8d864 | msg=- | talker=- | create_time=0 | sheet=Página1 | row=724 | ingest_to_commit_ms=1493 | manual_open_to_commit_ms=6088
[SKIP] 8c0731de53d1f7c34cec4cc0c3959697_.jpg | temp_file_disappeared_after_3_attempts
[RETRY] 893fe2c5379f7613beeafe8219de2363_.jpg | attempt=2 | err=FileNotFoundError: Resolved file disappeared: C:\Users\Felipe\Documents\WeChat Files\wxid_xd3703k0ih2p22\FileStorage\Temp\893fe2c5379f7613beeafe8219de2363_.jpg
[RETRY] 1558b38d243d11258eddc1c095eccfb8_.jpg | attempt=2 | err=FileNotFoundError: Resolved file disappeared: C:\Users\Felipe\Documents\WeChat Files\wxid_xd3703k0ih2p22\FileStorage\Temp\1558b38d243d11258eddc1c095eccfb8_.jpg
[RETRY] 1a0bbc92a6d88730a809249ecaab581e_.jpg | attempt=1 | err=FileNotFoundError: Resolved file disappeared: C:\Users\Felipe\Documents\WeChat Files\wxid_xd3703k0ih2p22\FileStorage\Temp\1a0bbc92a6d88730a809249ecaab581e_.jpg
[RETRY] 39af3b8e601d28d96e473d0aa1c0695a_.jpg | attempt=2 | err=FileNotFoundError: Resolved file disappeared: C:\Users\Felipe\Documents\WeChat Files\wxid_xd3703k0ih2p22\FileStorage\Temp\39af3b8e601d28d96e473d0aa1c0695a_.jpg
[OK] bcddd9b215fff59f9411d64aab9b5d67.dat | cliente=6 | banco=AMD | valor=145.0 | data=24/07/2026 15:45 | sink=staged | resolution=direct_image | verification=CONFIRMADO | manual_open_to_claim_ms=1211 | open_ms=13 | prep_ms=1 | ocr_ms=1123 | parse_ms=1 | manual_open_to_ingest_ms=2353
[SINK] committed | file_id=3df21fe99e4b76b809533a98a22ca03b3f2953bf | msg=- | talker=- | create_time=0 | sheet=Página1 | row=725 | ingest_to_commit_ms=883 | manual_open_to_commit_ms=3237
[RETRY] 9c4dbbf7296272cc121f8c5d8c3e1bb4_.jpg | attempt=1 | err=FileNotFoundError: Resolved file disappeared: C:\Users\Felipe\Documents\WeChat Files\wxid_xd3703k0ih2p22\FileStorage\Temp\9c4dbbf7296272cc121f8c5d8c3e1bb4_.jpg
[SKIP] 0ecd2be9257b35cf5b8640799ea6854f_.jpg | temp_file_disappeared_after_3_attempts
[RETRY] 95c3389f2b4279e6316f501bb1ea7d84_.jpg | attempt=2 | err=FileNotFoundError: Resolved file disappeared: C:\Users\Felipe\Documents\WeChat Files\wxid_xd3703k0ih2p22\FileStorage\Temp\95c3389f2b4279e6316f501bb1ea7d84_.jpg
[OK] 8bd5564eb9595bf276d5d0df9274d9ff.dat | cliente=6 | banco=AMD | valor=180.0 | data=24/07/2026 16:50 | sink=staged | resolution=direct_image | verification=CONFIRMADO | manual_open_to_claim_ms=1987 | open_ms=43 | prep_ms=51 | ocr_ms=3742 | parse_ms=2 | manual_open_to_ingest_ms=5838
[SINK] committed | file_id=241f84697c0d76e22c0263fd411feb69dc6eb73d | msg=- | talker=- | create_time=0 | sheet=Página1 | row=726 | ingest_to_commit_ms=1026 | manual_open_to_commit_ms=6864
[OK] f44c4a716a9f5104b455a5980bb8db54.dat | cliente=6 | banco=AMD | valor=100.0 | data=24/07/2026 18:24 | sink=staged | resolution=direct_image | verification=CONFIRMADO | manual_open_to_claim_ms=1036 | open_ms=5 | prep_ms=0 | ocr_ms=2499 | parse_ms=2 | manual_open_to_ingest_ms=3547
[SINK] committed | file_id=71422d371d70e0443a7b4b17219e8288ca848890 | msg=- | talker=- | create_time=0 | sheet=Página1 | row=727 | ingest_to_commit_ms=868 | manual_open_to_commit_ms=4415
[OK] 55ee788decf199879656f4d3e4004e44.dat | cliente=6 | banco=AMD | valor=125.0 | data=25/07/2026 09:25 | sink=staged | resolution=direct_image | verification=CONFIRMADO | manual_open_to_claim_ms=1349 | open_ms=21 | prep_ms=2 | ocr_ms=716 | parse_ms=1 | manual_open_to_ingest_ms=2095
[OK] 548c0b87f05439dff90a4adc8af8374b.dat | cliente=6 | banco=AMD | valor=100.0 | data=24/07/2026 18:53 | sink=staged | resolution=direct_image | verification=CONFIRMADO | manual_open_to_claim_ms=3102 | open_ms=10 | prep_ms=1 | ocr_ms=2998 | parse_ms=1 | manual_open_to_ingest_ms=6118
[SINK] committed | file_id=994fdb20eb804c12f8997889aaaf8a43f87515c0 | msg=- | talker=- | create_time=0 | sheet=Página1 | row=728 | ingest_to_commit_ms=857 | manual_open_to_commit_ms=6975
[SINK] committed | file_id=fb4a91c6a7ced2d7690ab947c062bb50cf683148 | msg=- | talker=- | create_time=0 | sheet=Página1 | row=729 | ingest_to_commit_ms=4817 | manual_open_to_commit_ms=6913
[SKIP] 552e33b090b6354d56c5532c2c291033_.jpg | temp_file_disappeared_after_3_attempts
[SKIP] c59e58e5824da91713538481a43bedb1_.jpg | temp_file_disappeared_after_3_attempts
[RETRY] 675060255e48669667ff4c47dc322490_.jpg | attempt=2 | err=FileNotFoundError: Resolved file disappeared: C:\Users\Felipe\Documents\WeChat Files\wxid_xd3703k0ih2p22\FileStorage\Temp\675060255e48669667ff4c47dc322490_.jpg
[RETRY] 19ac567eac3d5a06d72b14a98dbe5a7f_.jpg | attempt=1 | err=FileNotFoundError: Resolved file disappeared: C:\Users\Felipe\Documents\WeChat Files\wxid_xd3703k0ih2p22\FileStorage\Temp\19ac567eac3d5a06d72b14a98dbe5a7f_.jpg
[RETRY] 2e7bba8f29782ec894326d0b0be46c71_.jpg | attempt=1 | err=FileNotFoundError: Resolved file disappeared: C:\Users\Felipe\Documents\WeChat Files\wxid_xd3703k0ih2p22\FileStorage\Temp\2e7bba8f29782ec894326d0b0be46c71_.jpg
[RETRY] 328df51a5197d2bcbdc5c818ed858807_.jpg | attempt=1 | err=FileNotFoundError: Resolved file disappeared: C:\Users\Felipe\Documents\WeChat Files\wxid_xd3703k0ih2p22\FileStorage\Temp\328df51a5197d2bcbdc5c818ed858807_.jpg
[RETRY] 2a1b7317d4cdbeb24ca14f20db63094a_.jpg | attempt=1 | err=FileNotFoundError: Resolved file disappeared: C:\Users\Felipe\Documents\WeChat Files\wxid_xd3703k0ih2p22\FileStorage\Temp\2a1b7317d4cdbeb24ca14f20db63094a_.jpg
[RETRY] 1a0bbc92a6d88730a809249ecaab581e_.jpg | attempt=2 | err=FileNotFoundError: Resolved file disappeared: C:\Users\Felipe\Documents\WeChat Files\wxid_xd3703k0ih2p22\FileStorage\Temp\1a0bbc92a6d88730a809249ecaab581e_.jpg
[OK] 9084b965c1bb9d9f1d033c1affd77eba.dat | cliente=6 | banco=AMD | valor=105.0 | data=25/07/2026 10:29 | sink=staged | resolution=direct_image | verification=CONFIRMADO | manual_open_to_claim_ms=1028 | open_ms=7 | prep_ms=1 | ocr_ms=2516 | parse_ms=2 | manual_open_to_ingest_ms=3557
[SINK] committed | file_id=51ebb87962f9a5ed2395786cf3ba2e143bb21da0 | msg=- | talker=- | create_time=0 | sheet=Página1 | row=730 | ingest_to_commit_ms=867 | manual_open_to_commit_ms=4424
[RETRY] c6421c160b04a9f9e6fa185e6db1f610_.jpg | attempt=1 | err=FileNotFoundError: Resolved file disappeared: C:\Users\Felipe\Documents\WeChat Files\wxid_xd3703k0ih2p22\FileStorage\Temp\c6421c160b04a9f9e6fa185e6db1f610_.jpg
[SKIP] befd92695827f19b59d319d63b9d3310_.jpg | temp_file_disappeared_after_3_attempts
[RETRY] 9c4dbbf7296272cc121f8c5d8c3e1bb4_.jpg | attempt=2 | err=FileNotFoundError: Resolved file disappeared: C:\Users\Felipe\Documents\WeChat Files\wxid_xd3703k0ih2p22\FileStorage\Temp\9c4dbbf7296272cc121f8c5d8c3e1bb4_.jpg
[OK] 0cbe7448a0bddc4e0eb304da1e75f922.dat | cliente=6 | banco=AMD | valor=145.0 | data=25/07/2026 11:15 | sink=staged | resolution=direct_image | verification=CONFIRMADO | manual_open_to_claim_ms=1882 | open_ms=10 | prep_ms=1 | ocr_ms=1450 | parse_ms=1 | manual_open_to_ingest_ms=3351
[SINK] committed | file_id=892816782316caf17ddc1d6bf047f5b04120bf86 | msg=- | talker=- | create_time=0 | sheet=Página1 | row=731 | ingest_to_commit_ms=2311 | manual_open_to_commit_ms=5663
[RETRY] fd23a28272166e924c4a346a6cfc2da5_.jpg | attempt=1 | err=FileNotFoundError: Resolved file disappeared: C:\Users\Felipe\Documents\WeChat Files\wxid_xd3703k0ih2p22\FileStorage\Temp\fd23a28272166e924c4a346a6cfc2da5_.jpg
[SCAN] reconcile complete | queued_or_refreshed=19
[OK] 7eb2e18135f59cd3298f196023e0a097.dat | cliente=6 | banco=AMD | valor=100.0 | data=25/07/2026 11:30 | sink=staged | resolution=direct_image | verification=CONFIRMADO | manual_open_to_claim_ms=1075 | open_ms=5 | prep_ms=1 | ocr_ms=1096 | parse_ms=1 | manual_open_to_ingest_ms=2182
[SINK] committed | file_id=29f09a161fff91e277a0acc601f49366f3b72f99 | msg=- | talker=- | create_time=0 | sheet=Página1 | row=732 | ingest_to_commit_ms=838 | manual_open_to_commit_ms=3020
[RETRY] 735b9a179ebce7b9d720456777fa60d6_.jpg | attempt=1 | err=FileNotFoundError: Resolved file disappeared: C:\Users\Felipe\Documents\WeChat Files\wxid_xd3703k0ih2p22\FileStorage\Temp\735b9a179ebce7b9d720456777fa60d6_.jpg
[OK] 6ae852d0fead78ee345a363a859b8a1c.dat | cliente=6 | banco=AMD | valor=120.0 | data=25/07/2026 11:45 | sink=staged | resolution=direct_image | verification=CONFIRMADO | manual_open_to_claim_ms=1676 | open_ms=5 | prep_ms=0 | ocr_ms=1903 | parse_ms=1 | manual_open_to_ingest_ms=3590
[SINK] committed | file_id=6f41f9556c73269954f05ae2a8dfbed2facb722d | msg=- | talker=- | create_time=0 | sheet=Página1 | row=733 | ingest_to_commit_ms=1075 | manual_open_to_commit_ms=4664
[SKIP] 893fe2c5379f7613beeafe8219de2363_.jpg | temp_file_disappeared_after_3_attempts
[SKIP] 1558b38d243d11258eddc1c095eccfb8_.jpg | temp_file_disappeared_after_3_attempts
[SKIP] 39af3b8e601d28d96e473d0aa1c0695a_.jpg | temp_file_disappeared_after_3_attempts
[RETRY] 19ac567eac3d5a06d72b14a98dbe5a7f_.jpg | attempt=2 | err=FileNotFoundError: Resolved file disappeared: C:\Users\Felipe\Documents\WeChat Files\wxid_xd3703k0ih2p22\FileStorage\Temp\19ac567eac3d5a06d72b14a98dbe5a7f_.jpg
[RETRY] 2e7bba8f29782ec894326d0b0be46c71_.jpg | attempt=2 | err=FileNotFoundError: Resolved file disappeared: C:\Users\Felipe\Documents\WeChat Files\wxid_xd3703k0ih2p22\FileStorage\Temp\2e7bba8f29782ec894326d0b0be46c71_.jpg
[RETRY] 328df51a5197d2bcbdc5c818ed858807_.jpg | attempt=2 | err=FileNotFoundError: Resolved file disappeared: C:\Users\Felipe\Documents\WeChat Files\wxid_xd3703k0ih2p22\FileStorage\Temp\328df51a5197d2bcbdc5c818ed858807_.jpg
[RETRY] 2a1b7317d4cdbeb24ca14f20db63094a_.jpg | attempt=2 | err=FileNotFoundError: Resolved file disappeared: C:\Users\Felipe\Documents\WeChat Files\wxid_xd3703k0ih2p22\FileStorage\Temp\2a1b7317d4cdbeb24ca14f20db63094a_.jpg
[RETRY] 9f419d413ca697f2344c4150fd90b4d8_.jpg | attempt=1 | err=FileNotFoundError: Resolved file disappeared: C:\Users\Felipe\Documents\WeChat Files\wxid_xd3703k0ih2p22\FileStorage\Temp\9f419d413ca697f2344c4150fd90b4d8_.jpg
[RETRY] c6421c160b04a9f9e6fa185e6db1f610_.jpg | attempt=2 | err=FileNotFoundError: Resolved file disappeared: C:\Users\Felipe\Documents\WeChat Files\wxid_xd3703k0ih2p22\FileStorage\Temp\c6421c160b04a9f9e6fa185e6db1f610_.jpg
[OK] 3a674fe4bd78ba011954953de99b8a63.dat | cliente=6 | banco=AMD | valor=100.0 | data=25/07/2026 11:03 | sink=staged | resolution=direct_image | verification=CONFIRMADO | manual_open_to_claim_ms=1378 | open_ms=14 | prep_ms=2 | ocr_ms=1286 | parse_ms=1 | manual_open_to_ingest_ms=2689
[SINK] committed | file_id=462165218fb02c5ece4b7d8c5054cc91c6f0a6da | msg=- | talker=- | create_time=0 | sheet=Página1 | row=734 | ingest_to_commit_ms=918 | manual_open_to_commit_ms=3607
[RETRY] 31c107d139b940e6e788ed818d61812e_.jpg | attempt=1 | err=FileNotFoundError: Resolved file disappeared: C:\Users\Felipe\Documents\WeChat Files\wxid_xd3703k0ih2p22\FileStorage\Temp\31c107d139b940e6e788ed818d61812e_.jpg
[SKIP] 95c3389f2b4279e6316f501bb1ea7d84_.jpg | temp_file_disappeared_after_3_attempts
[RETRY] fd23a28272166e924c4a346a6cfc2da5_.jpg | attempt=2 | err=FileNotFoundError: Resolved file disappeared: C:\Users\Felipe\Documents\WeChat Files\wxid_xd3703k0ih2p22\FileStorage\Temp\fd23a28272166e924c4a346a6cfc2da5_.jpg
[OK] b385e400c1137e4c0de6cf91e0b196a8.dat | cliente=6 | banco=AMD | valor=160.0 | data=25/07/2026 12:16 | sink=staged | resolution=direct_image | verification=CONFIRMADO | manual_open_to_claim_ms=1079 | open_ms=8 | prep_ms=0 | ocr_ms=1190 | parse_ms=1 | manual_open_to_ingest_ms=2282
[SINK] committed | file_id=6b7363e34c16f12196ef3542b820557d0cd5e183 | msg=- | talker=- | create_time=0 | sheet=Página1 | row=735 | ingest_to_commit_ms=981 | manual_open_to_commit_ms=3263
[RETRY] be7f9bab47cb6dd11eebdf31e82e1d42_.jpg | attempt=1 | err=FileNotFoundError: Resolved file disappeared: C:\Users\Felipe\Documents\WeChat Files\wxid_xd3703k0ih2p22\FileStorage\Temp\be7f9bab47cb6dd11eebdf31e82e1d42_.jpg
[RETRY] 735b9a179ebce7b9d720456777fa60d6_.jpg | attempt=2 | err=FileNotFoundError: Resolved file disappeared: C:\Users\Felipe\Documents\WeChat Files\wxid_xd3703k0ih2p22\FileStorage\Temp\735b9a179ebce7b9d720456777fa60d6_.jpg
[OK] 5afcb3286c4cfa9a04ae2fa115544e0c.dat | cliente=6 | banco=AMD | valor=165.0 | data=25/07/2026 14:00 | sink=staged | resolution=direct_image | verification=CONFIRMADO | manual_open_to_claim_ms=1954 | open_ms=5 | prep_ms=1 | ocr_ms=735 | parse_ms=1 | manual_open_to_ingest_ms=2698
[SINK] committed | file_id=b94b338a727c41bf749987b6ccc13ae2b5e9ce21 | msg=- | talker=- | create_time=0 | sheet=Página1 | row=736 | ingest_to_commit_ms=864 | manual_open_to_commit_ms=3562
[RETRY] 18a2eee2bf67ab34a335355cc5fe404b_.jpg | attempt=1 | err=FileNotFoundError: Resolved file disappeared: C:\Users\Felipe\Documents\WeChat Files\wxid_xd3703k0ih2p22\FileStorage\Temp\18a2eee2bf67ab34a335355cc5fe404b_.jpg
[SKIP] 675060255e48669667ff4c47dc322490_.jpg | temp_file_disappeared_after_3_attempts
[SKIP] 1a0bbc92a6d88730a809249ecaab581e_.jpg | temp_file_disappeared_after_3_attempts
[RETRY] 9f419d413ca697f2344c4150fd90b4d8_.jpg | attempt=2 | err=FileNotFoundError: Resolved file disappeared: C:\Users\Felipe\Documents\WeChat Files\wxid_xd3703k0ih2p22\FileStorage\Temp\9f419d413ca697f2344c4150fd90b4d8_.jpg
[OK] e9d40ed7e4ce8ed03bfe40dc978ad530.dat | cliente=6 | banco=AMD | valor=100.0 | data=25/07/2026 14:04 | sink=staged | resolution=direct_image | verification=CONFIRMADO | manual_open_to_claim_ms=1270 | open_ms=8 | prep_ms=1 | ocr_ms=1696 | parse_ms=1 | manual_open_to_ingest_ms=2981
[SINK] committed | file_id=3e0ba5ab9ce87230b067ed5eb5f517d598131261 | msg=- | talker=- | create_time=0 | sheet=Página1 | row=737 | ingest_to_commit_ms=913 | manual_open_to_commit_ms=3894
[RETRY] 2e29552712c29afa12f8a6767db87c7c_.jpg | attempt=1 | err=FileNotFoundError: Resolved file disappeared: C:\Users\Felipe\Documents\WeChat Files\wxid_xd3703k0ih2p22\FileStorage\Temp\2e29552712c29afa12f8a6767db87c7c_.jpg
[SKIP] 9c4dbbf7296272cc121f8c5d8c3e1bb4_.jpg | temp_file_disappeared_after_3_attempts
[RETRY] 31c107d139b940e6e788ed818d61812e_.jpg | attempt=2 | err=FileNotFoundError: Resolved file disappeared: C:\Users\Felipe\Documents\WeChat Files\wxid_xd3703k0ih2p22\FileStorage\Temp\31c107d139b940e6e788ed818d61812e_.jpg
[OK] d54c07f921b3c0eefbe28c1b274a4c26.dat | cliente=6 | banco=AMD | valor=140.0 | data=25/07/2026 15:35 | sink=staged | resolution=direct_image | verification=CONFIRMADO | manual_open_to_claim_ms=1490 | open_ms=9 | prep_ms=0 | ocr_ms=1905 | parse_ms=1 | manual_open_to_ingest_ms=3409
[SINK] committed | file_id=f45aa566c468295e2b95290a8755d8281f46a794 | msg=- | talker=- | create_time=0 | sheet=Página1 | row=738 | ingest_to_commit_ms=1353 | manual_open_to_commit_ms=4763
[RETRY] 5f215480f37f004e4e06864f9d50e9d2_.jpg | attempt=1 | err=FileNotFoundError: Resolved file disappeared: C:\Users\Felipe\Documents\WeChat Files\wxid_xd3703k0ih2p22\FileStorage\Temp\5f215480f37f004e4e06864f9d50e9d2_.jpg
[RETRY] be7f9bab47cb6dd11eebdf31e82e1d42_.jpg | attempt=2 | err=FileNotFoundError: Resolved file disappeared: C:\Users\Felipe\Documents\WeChat Files\wxid_xd3703k0ih2p22\FileStorage\Temp\be7f9bab47cb6dd11eebdf31e82e1d42_.jpg
[OK] b7c454f13791d1d8a3ea7a1f834bcdd0.dat | cliente=6 | banco=AMD | valor=100.0 | data=25/07/2026 16:54 | sink=staged | resolution=direct_image | verification=CONFIRMADO | manual_open_to_claim_ms=1699 | open_ms=14 | prep_ms=1 | ocr_ms=1050 | parse_ms=1 | manual_open_to_ingest_ms=2769
[SINK] committed | file_id=5ba5e386590761c31f2b66b11655df3824ee4642 | msg=- | talker=- | create_time=0 | sheet=Página1 | row=739 | ingest_to_commit_ms=1284 | manual_open_to_commit_ms=4053
[RETRY] 950adb35a3ff3014dab525da3e4002e1_.jpg | attempt=1 | err=FileNotFoundError: Resolved file disappeared: C:\Users\Felipe\Documents\WeChat Files\wxid_xd3703k0ih2p22\FileStorage\Temp\950adb35a3ff3014dab525da3e4002e1_.jpg
[RETRY] 18a2eee2bf67ab34a335355cc5fe404b_.jpg | attempt=2 | err=FileNotFoundError: Resolved file disappeared: C:\Users\Felipe\Documents\WeChat Files\wxid_xd3703k0ih2p22\FileStorage\Temp\18a2eee2bf67ab34a335355cc5fe404b_.jpg
[OK] 71c2375738171a27658eb3a3cc9e2371.dat | cliente=6 | banco=CLEEND | valor=1000.0 | data=28/07/2026 08:59 | sink=staged | resolution=direct_image | verification=CONFIRMADO | manual_open_to_claim_ms=1633 | open_ms=5 | prep_ms=0 | ocr_ms=1645 | parse_ms=1 | manual_open_to_ingest_ms=3288
[SINK] committed | file_id=8db2dada8cd798557e426babc3bef605daa6dd10 | msg=- | talker=- | create_time=0 | sheet=Página1 | row=740 | ingest_to_commit_ms=999 | manual_open_to_commit_ms=4287
[SKIP] 19ac567eac3d5a06d72b14a98dbe5a7f_.jpg | temp_file_disappeared_after_3_attempts
[SKIP] 2e7bba8f29782ec894326d0b0be46c71_.jpg | temp_file_disappeared_after_3_attempts
[SKIP] 328df51a5197d2bcbdc5c818ed858807_.jpg | temp_file_disappeared_after_3_attempts
[SKIP] 2a1b7317d4cdbeb24ca14f20db63094a_.jpg | temp_file_disappeared_after_3_attempts
[RETRY] b3b6c9651f3826e0dab70aa35dcc7b62_.jpg | attempt=1 | err=FileNotFoundError: Resolved file disappeared: C:\Users\Felipe\Documents\WeChat Files\wxid_xd3703k0ih2p22\FileStorage\Temp\b3b6c9651f3826e0dab70aa35dcc7b62_.jpg
[SKIP] c6421c160b04a9f9e6fa185e6db1f610_.jpg | temp_file_disappeared_after_3_attempts
[RETRY] 2e29552712c29afa12f8a6767db87c7c_.jpg | attempt=2 | err=FileNotFoundError: Resolved file disappeared: C:\Users\Felipe\Documents\WeChat Files\wxid_xd3703k0ih2p22\FileStorage\Temp\2e29552712c29afa12f8a6767db87c7c_.jpg
[OK] a90e6517a11352bce7573cda14107f9b.dat | cliente=6 | banco=CLEEND | valor=860.0 | data=28/07/2026 11:33 | sink=staged | resolution=direct_image | verification=CONFIRMADO | manual_open_to_claim_ms=2142 | open_ms=4 | prep_ms=0 | ocr_ms=1333 | parse_ms=1 | manual_open_to_ingest_ms=3483
[SINK] committed | file_id=0cdb6a00f51aa2b11436ceab5bebe018a5fc6fb1 | msg=- | talker=- | create_time=0 | sheet=Página1 | row=741 | ingest_to_commit_ms=930 | manual_open_to_commit_ms=4413
[RETRY] ae9983a291e6f29a28e220794243535a_.jpg | attempt=1 | err=FileNotFoundError: Resolved file disappeared: C:\Users\Felipe\Documents\WeChat Files\wxid_xd3703k0ih2p22\FileStorage\Temp\ae9983a291e6f29a28e220794243535a_.jpg
[SCAN] reconcile complete | queued_or_refreshed=19
[OK] 8b48cd66f7c8468c0273ee338a6f4433.dat | cliente=6 | banco=CLEEND | valor=1640.0 | data=28/07/2026 11:34 | sink=staged | resolution=direct_image | verification=CONFIRMADO | manual_open_to_claim_ms=2922 | open_ms=12 | prep_ms=1 | ocr_ms=1694 | parse_ms=2 | manual_open_to_ingest_ms=4636
[SINK] committed | file_id=9e1b8317649981119a09d30fc46eae5404079a04 | msg=- | talker=- | create_time=0 | sheet=Página1 | row=742 | ingest_to_commit_ms=923 | manual_open_to_commit_ms=5559
[SKIP] fd23a28272166e924c4a346a6cfc2da5_.jpg | temp_file_disappeared_after_3_attempts
[SKIP] 735b9a179ebce7b9d720456777fa60d6_.jpg | temp_file_disappeared_after_3_attempts
[RETRY] 5f215480f37f004e4e06864f9d50e9d2_.jpg | attempt=2 | err=FileNotFoundError: Resolved file disappeared: C:\Users\Felipe\Documents\WeChat Files\wxid_xd3703k0ih2p22\FileStorage\Temp\5f215480f37f004e4e06864f9d50e9d2_.jpg
[RETRY] 2974a52dd6280a422661c1baee690814_.jpg | attempt=1 | err=FileNotFoundError: Resolved file disappeared: C:\Users\Felipe\Documents\WeChat Files\wxid_xd3703k0ih2p22\FileStorage\Temp\2974a52dd6280a422661c1baee690814_.jpg
[RETRY] 950adb35a3ff3014dab525da3e4002e1_.jpg | attempt=2 | err=FileNotFoundError: Resolved file disappeared: C:\Users\Felipe\Documents\WeChat Files\wxid_xd3703k0ih2p22\FileStorage\Temp\950adb35a3ff3014dab525da3e4002e1_.jpg
[OK] 8e33aabb25aa683a5881f7a7cc848fdd.dat | cliente=6 | banco=CLEEND | valor=1302.0 | data=28/07/2026 - | sink=staged | resolution=direct_image | verification=CONFIRMADO | manual_open_to_claim_ms=2003 | open_ms=7 | prep_ms=55 | ocr_ms=934 | parse_ms=1 | manual_open_to_ingest_ms=3002
[SINK] committed | file_id=051c9b39070c6f9d72440513241d2b9ddfc4e3cc | msg=- | talker=- | create_time=0 | sheet=Página1 | row=743 | ingest_to_commit_ms=1146 | manual_open_to_commit_ms=4148
[RETRY] 5581965a0a123d5f3489b0e30af02d8a_.jpg | attempt=1 | err=FileNotFoundError: Resolved file disappeared: C:\Users\Felipe\Documents\WeChat Files\wxid_xd3703k0ih2p22\FileStorage\Temp\5581965a0a123d5f3489b0e30af02d8a_.jpg
[SKIP] 9f419d413ca697f2344c4150fd90b4d8_.jpg | temp_file_disappeared_after_3_attempts
[RETRY] b3b6c9651f3826e0dab70aa35dcc7b62_.jpg | attempt=2 | err=FileNotFoundError: Resolved file disappeared: C:\Users\Felipe\Documents\WeChat Files\wxid_xd3703k0ih2p22\FileStorage\Temp\b3b6c9651f3826e0dab70aa35dcc7b62_.jpg
[OK] 41442559637dc9a653a0a772c6738de3.dat | cliente=6 | banco=CLEEND | valor=1137.0 | data=28/07/2026 - | sink=staged | resolution=direct_image | verification=CONFIRMADO | manual_open_to_claim_ms=1721 | open_ms=7 | prep_ms=40 | ocr_ms=1965 | parse_ms=1 | manual_open_to_ingest_ms=3736
[SINK] committed | file_id=60d1bfa82b6d7ffead3bfce0042812aee0f0754a | msg=- | talker=- | create_time=0 | sheet=Página1 | row=744 | ingest_to_commit_ms=2048 | manual_open_to_commit_ms=5784
[SKIP] 31c107d139b940e6e788ed818d61812e_.jpg | temp_file_disappeared_after_3_attempts
[RETRY] f39cfe22670de83e21cf08b4483b2fa4_.jpg | attempt=1 | err=FileNotFoundError: Resolved file disappeared: C:\Users\Felipe\Documents\WeChat Files\wxid_xd3703k0ih2p22\FileStorage\Temp\f39cfe22670de83e21cf08b4483b2fa4_.jpg
[RETRY] ae9983a291e6f29a28e220794243535a_.jpg | attempt=2 | err=FileNotFoundError: Resolved file disappeared: C:\Users\Felipe\Documents\WeChat Files\wxid_xd3703k0ih2p22\FileStorage\Temp\ae9983a291e6f29a28e220794243535a_.jpg
[SKIP] be7f9bab47cb6dd11eebdf31e82e1d42_.jpg | temp_file_disappeared_after_3_attempts
[RETRY] 2974a52dd6280a422661c1baee690814_.jpg | attempt=2 | err=FileNotFoundError: Resolved file disappeared: C:\Users\Felipe\Documents\WeChat Files\wxid_xd3703k0ih2p22\FileStorage\Temp\2974a52dd6280a422661c1baee690814_.jpg
[SKIP] 18a2eee2bf67ab34a335355cc5fe404b_.jpg | temp_file_disappeared_after_3_attempts
[RETRY] 5581965a0a123d5f3489b0e30af02d8a_.jpg | attempt=2 | err=FileNotFoundError: Resolved file disappeared: C:\Users\Felipe\Documents\WeChat Files\wxid_xd3703k0ih2p22\FileStorage\Temp\5581965a0a123d5f3489b0e30af02d8a_.jpg
[SKIP] 2e29552712c29afa12f8a6767db87c7c_.jpg | temp_file_disappeared_after_3_attempts
[RETRY] f39cfe22670de83e21cf08b4483b2fa4_.jpg | attempt=2 | err=FileNotFoundError: Resolved file disappeared: C:\Users\Felipe\Documents\WeChat Files\wxid_xd3703k0ih2p22\FileStorage\Temp\f39cfe22670de83e21cf08b4483b2fa4_.jpg
[OK] 3e81962952cc26e4a74fa78355a05d7e.dat | cliente=6 | banco=CLEEND | valor=2400.0 | data=28/07/2026 12:18 | sink=staged | resolution=direct_image | verification=CONFIRMADO | manual_open_to_claim_ms=2037 | open_ms=2 | prep_ms=0 | ocr_ms=606 | parse_ms=1 | manual_open_to_ingest_ms=2649
[SINK] committed | file_id=77b9193c8a505e281f070baccc1f767e197b48e8 | msg=- | talker=- | create_time=0 | sheet=Página1 | row=745 | ingest_to_commit_ms=1291 | manual_open_to_commit_ms=3940
[RETRY] 7100550484625a881458ef6807347c52_.jpg | attempt=1 | err=FileNotFoundError: Resolved file disappeared: C:\Users\Felipe\Documents\WeChat Files\wxid_xd3703k0ih2p22\FileStorage\Temp\7100550484625a881458ef6807347c52_.jpg
[SKIP] 5f215480f37f004e4e06864f9d50e9d2_.jpg | temp_file_disappeared_after_3_attempts
[SKIP] 950adb35a3ff3014dab525da3e4002e1_.jpg | temp_file_disappeared_after_3_attempts
[OK] 9729a2fae6053ceb65bf94416cfb2015.dat | cliente=6 | banco=CLEEND | valor=2000.0 | data=27/07/2026 21:17 | sink=staged | resolution=direct_image | verification=CONFIRMADO | manual_open_to_claim_ms=1203 | open_ms=4 | prep_ms=0 | ocr_ms=1551 | parse_ms=1 | manual_open_to_ingest_ms=2762
[SINK] committed | file_id=077ad1506cc694c612a4c90e4061627c7d3e2871 | msg=- | talker=- | create_time=0 | sheet=Página1 | row=746 | ingest_to_commit_ms=886 | manual_open_to_commit_ms=3648
[RETRY] 14e123471c02865eaac306ef7167a039_.jpg | attempt=1 | err=FileNotFoundError: Resolved file disappeared: C:\Users\Felipe\Documents\WeChat Files\wxid_xd3703k0ih2p22\FileStorage\Temp\14e123471c02865eaac306ef7167a039_.jpg
[OK] bdc0604e1f1b71cb689ebabb376dbd5c.dat | cliente=6 | banco=CLEEND | valor=3528.0 | data=28/07/2026 11:56 | sink=staged | resolution=direct_image | verification=CONFIRMADO | manual_open_to_claim_ms=1753 | open_ms=16 | prep_ms=1 | ocr_ms=2071 | parse_ms=1 | manual_open_to_ingest_ms=3847
[SINK] committed | file_id=2cbcbecf12f394fd38d816aa0cfc237f89159660 | msg=- | talker=- | create_time=0 | sheet=Página1 | row=747 | ingest_to_commit_ms=2116 | manual_open_to_commit_ms=5963
[OK] 9d1a332e20a1e41a9d3321ac6d6b5c1e.dat | cliente=6 | banco=CLEEND | valor=585.0 | data=28/07/2026 14:48 | sink=staged | resolution=direct_image | verification=CONFIRMADO | manual_open_to_claim_ms=5264 | open_ms=13 | prep_ms=1 | ocr_ms=946 | parse_ms=1 | manual_open_to_ingest_ms=6228
[SINK] committed | file_id=031790081fd978f162992f79415d5a838ed21805 | msg=- | talker=- | create_time=0 | sheet=Página1 | row=748 | ingest_to_commit_ms=1439 | manual_open_to_commit_ms=7667
[OK] 8187e7477fc00a9ccfe699be671186c6.dat | cliente=6 | banco=CLEEND | valor=1025.0 | data=28/07/2026 15:19 | sink=staged | resolution=direct_image | verification=CONFIRMADO | manual_open_to_claim_ms=2376 | open_ms=20 | prep_ms=1 | ocr_ms=843 | parse_ms=1 | manual_open_to_ingest_ms=3246
[SINK] committed | file_id=a2877a43e6e5f71061af479daa695044f1b01b27 | msg=- | talker=- | create_time=0 | sheet=Página1 | row=749 | ingest_to_commit_ms=1041 | manual_open_to_commit_ms=4287
[OK] 1fd40499ebab025ff56278239391dcce.dat | cliente=6 | banco=CLEEND | valor=6641.88 | data=28/07/2026 15:08 | sink=staged | resolution=direct_image | verification=CONFIRMADO | manual_open_to_claim_ms=1125 | open_ms=2 | prep_ms=0 | ocr_ms=1109 | parse_ms=1 | manual_open_to_ingest_ms=2241
[SINK] committed | file_id=210d02f233796c3e629fe2b79bd9f3b55c5b73b6 | msg=- | talker=- | create_time=0 | sheet=Página1 | row=750 | ingest_to_commit_ms=1864 | manual_open_to_commit_ms=4105
[SCAN] reconcile complete | queued_or_refreshed=18
[OK] daf0fe28539690a63e96f61288f5cd7e.dat | cliente=6 | banco=CLEEND | valor=3400.0 | data=28/07/2026 15:24 | sink=staged | resolution=direct_image | verification=CONFIRMADO | manual_open_to_claim_ms=4504 | open_ms=18 | prep_ms=19 | ocr_ms=1278 | parse_ms=1 | manual_open_to_ingest_ms=5825
[OK] 7a1996700598582715d37a7b9950b78c.dat | cliente=6 | banco=CLEEND | valor=8000.0 | data=28/07/2026 15:22 | sink=staged | resolution=direct_image | verification=CONFIRMADO | manual_open_to_claim_ms=7780 | open_ms=22 | prep_ms=1 | ocr_ms=863 | parse_ms=1 | manual_open_to_ingest_ms=8671
[SINK] committed | file_id=7fe4a9209706f221ef74a37d2d1fc0f4281a27c3 | msg=- | talker=- | create_time=0 | sheet=Página1 | row=751 | ingest_to_commit_ms=1536 | manual_open_to_commit_ms=10207
[SINK] committed | file_id=b0fc448b0e354a8691c998aefe48407b49753f22 | msg=- | talker=- | create_time=0 | sheet=Página1 | row=752 | ingest_to_commit_ms=3483 | manual_open_to_commit_ms=9308
[OK] 1c07aae06e1a2b1b12a0b4436bd9f958.dat | cliente=6 | banco=CLEEND | valor=3880.0 | data=28/07/2026 15:17 | sink=staged | resolution=direct_image | verification=CONFIRMADO | manual_open_to_claim_ms=2269 | open_ms=2 | prep_ms=0 | ocr_ms=915 | parse_ms=1 | manual_open_to_ingest_ms=3190
[SINK] committed | file_id=d4628044894661ce83c87d8a6c87bc1f5465de1f | msg=- | talker=- | create_time=0 | sheet=Página1 | row=753 | ingest_to_commit_ms=889 | manual_open_to_commit_ms=4079
[SKIP] b3b6c9651f3826e0dab70aa35dcc7b62_.jpg | temp_file_disappeared_after_3_attempts
[SKIP] ae9983a291e6f29a28e220794243535a_.jpg | temp_file_disappeared_after_3_attempts
[SKIP] 2974a52dd6280a422661c1baee690814_.jpg | temp_file_disappeared_after_3_attempts
[RETRY] 7100550484625a881458ef6807347c52_.jpg | attempt=2 | err=FileNotFoundError: Resolved file disappeared: C:\Users\Felipe\Documents\WeChat Files\wxid_xd3703k0ih2p22\FileStorage\Temp\7100550484625a881458ef6807347c52_.jpg
[RETRY] eba4751ab131aa1717ddf3039ca620bc_.jpg | attempt=1 | err=FileNotFoundError: Resolved file disappeared: C:\Users\Felipe\Documents\WeChat Files\wxid_xd3703k0ih2p22\FileStorage\Temp\eba4751ab131aa1717ddf3039ca620bc_.jpg
[RETRY] d02e9f0efc085b0fc9822c9c66756543_.jpg | attempt=1 | err=FileNotFoundError: Resolved file disappeared: C:\Users\Felipe\Documents\WeChat Files\wxid_xd3703k0ih2p22\FileStorage\Temp\d02e9f0efc085b0fc9822c9c66756543_.jpg
[RETRY] 5f24291c82f5d3f8b10f6924aa0ce111_.jpg | attempt=1 | err=FileNotFoundError: Resolved file disappeared: C:\Users\Felipe\Documents\WeChat Files\wxid_xd3703k0ih2p22\FileStorage\Temp\5f24291c82f5d3f8b10f6924aa0ce111_.jpg
[RETRY] fe5b36875e02f1dbcf12c6ab1bfd4610_.jpg | attempt=1 | err=FileNotFoundError: Resolved file disappeared: C:\Users\Felipe\Documents\WeChat Files\wxid_xd3703k0ih2p22\FileStorage\Temp\fe5b36875e02f1dbcf12c6ab1bfd4610_.jpg
[RETRY] 03bdcc8b0755d1390bf99f34d614f95e_.jpg | attempt=1 | err=FileNotFoundError: Resolved file disappeared: C:\Users\Felipe\Documents\WeChat Files\wxid_xd3703k0ih2p22\FileStorage\Temp\03bdcc8b0755d1390bf99f34d614f95e_.jpg
[RETRY] 84fd76d9fd8c36a5528ea9a830ed9486_.jpg | attempt=1 | err=FileNotFoundError: Resolved file disappeared: C:\Users\Felipe\Documents\WeChat Files\wxid_xd3703k0ih2p22\FileStorage\Temp\84fd76d9fd8c36a5528ea9a830ed9486_.jpg
[RETRY] 5c67aeac5b6e7f420c1233145a6a0f6d_.jpg | attempt=1 | err=FileNotFoundError: Resolved file disappeared: C:\Users\Felipe\Documents\WeChat Files\wxid_xd3703k0ih2p22\FileStorage\Temp\5c67aeac5b6e7f420c1233145a6a0f6d_.jpg
[RETRY] 14e123471c02865eaac306ef7167a039_.jpg | attempt=2 | err=FileNotFoundError: Resolved file disappeared: C:\Users\Felipe\Documents\WeChat Files\wxid_xd3703k0ih2p22\FileStorage\Temp\14e123471c02865eaac306ef7167a039_.jpg
[OK] 4af7f3c5f443021928a819c53d008dfa.dat | cliente=6 | banco=CLEEND | valor=1500.0 | data=27/07/2026 15:08 | sink=staged | resolution=direct_image | verification=CONFIRMADO | manual_open_to_claim_ms=1022 | open_ms=5 | prep_ms=0 | ocr_ms=1750 | parse_ms=1 | manual_open_to_ingest_ms=2781
[OK] 51c209b7c00662f8fb41c2e09a27438f.dat | cliente=6 | banco=CLEEND | valor=725.2 | data=28/07/2026 14:59 | sink=staged | resolution=direct_image | verification=CONFIRMADO | manual_open_to_claim_ms=3922 | open_ms=13 | prep_ms=1 | ocr_ms=2526 | parse_ms=1 | manual_open_to_ingest_ms=6466
[SINK] committed | file_id=71f363663b39e6244b1c98ef0a09cc865e13e1b6 | msg=- | talker=- | create_time=0 | sheet=Página1 | row=754 | ingest_to_commit_ms=1067 | manual_open_to_commit_ms=7533
[SINK] committed | file_id=5672a7dce939be337ae1b85fa05d9fd74c3240b4 | msg=- | talker=- | create_time=0 | sheet=Página1 | row=755 | ingest_to_commit_ms=4634 | manual_open_to_commit_ms=7415
[SKIP] 5581965a0a123d5f3489b0e30af02d8a_.jpg | temp_file_disappeared_after_3_attempts
[RETRY] 707bdc3d9186cc73601e8f46766f4390_.jpg | attempt=1 | err=FileNotFoundError: Resolved file disappeared: C:\Users\Felipe\Documents\WeChat Files\wxid_xd3703k0ih2p22\FileStorage\Temp\707bdc3d9186cc73601e8f46766f4390_.jpg
[RETRY] 83a7824b88fa474f9bd287f2008f11a1_.jpg | attempt=1 | err=FileNotFoundError: Resolved file disappeared: C:\Users\Felipe\Documents\WeChat Files\wxid_xd3703k0ih2p22\FileStorage\Temp\83a7824b88fa474f9bd287f2008f11a1_.jpg
[OK] dd6d23f31f8eb7140aba9924e94ab060.dat | cliente=6 | banco=CLEEND | valor=423.0 | data=28/07/2026 13:53 | sink=staged | resolution=direct_image | verification=CONFIRMADO | manual_open_to_claim_ms=1003 | open_ms=3 | prep_ms=0 | ocr_ms=1291 | parse_ms=1 | manual_open_to_ingest_ms=2301
[OK] e1ecd8fa16e2e1ab64b43deee8e613dc.dat | cliente=6 | banco=CLEEND | valor=363.0 | data=28/07/2026 11:25 | sink=staged | resolution=direct_image | verification=CONFIRMADO | manual_open_to_claim_ms=2511 | open_ms=17 | prep_ms=1 | ocr_ms=866 | parse_ms=1 | manual_open_to_ingest_ms=3399
[SINK] committed | file_id=bd3b8b970839c59b2f3f8e78f9bd6ad4d65afeb9 | msg=- | talker=- | create_time=0 | sheet=Página1 | row=756 | ingest_to_commit_ms=1130 | manual_open_to_commit_ms=4529
[SINK] committed | file_id=9fafc825232d23cbc9191cd21fb65a4f930e9853 | msg=- | talker=- | create_time=0 | sheet=Página1 | row=757 | ingest_to_commit_ms=3137 | manual_open_to_commit_ms=5438
[SKIP] f39cfe22670de83e21cf08b4483b2fa4_.jpg | temp_file_disappeared_after_3_attempts
[RETRY] b7aba4a8ebcdcc7551412989d1920121_.jpg | attempt=1 | err=FileNotFoundError: Resolved file disappeared: C:\Users\Felipe\Documents\WeChat Files\wxid_xd3703k0ih2p22\FileStorage\Temp\b7aba4a8ebcdcc7551412989d1920121_.jpg
[RETRY] dfe3c3dda710c759707b55ade73da864_.jpg | attempt=1 | err=FileNotFoundError: Resolved file disappeared: C:\Users\Felipe\Documents\WeChat Files\wxid_xd3703k0ih2p22\FileStorage\Temp\dfe3c3dda710c759707b55ade73da864_.jpg
[OK] 97e8e66727349abac837788017bd8567.dat | cliente=6 | banco=CLEEND | valor=2500.0 | data=28/07/2026 14:07 | sink=staged | resolution=direct_image | verification=CONFIRMADO | manual_open_to_claim_ms=1713 | open_ms=4 | prep_ms=0 | ocr_ms=1116 | parse_ms=1 | manual_open_to_ingest_ms=2838
[SINK] committed | file_id=4aef2f7db4e1218db87f11a51c2ea0c45e6990b7 | msg=- | talker=- | create_time=0 | sheet=Página1 | row=758 | ingest_to_commit_ms=2316 | manual_open_to_commit_ms=5154
[OK] d56724c14de8b9eb45f305842c1ede57.dat | cliente=6 | banco=CLEEND | valor=90.0 | data=28/07/2026 16:14 | sink=staged | resolution=direct_image | verification=CONFIRMADO | manual_open_to_claim_ms=2198 | open_ms=23 | prep_ms=1 | ocr_ms=1192 | parse_ms=1 | manual_open_to_ingest_ms=3419
[SINK] committed | file_id=3e8be3ef5183ec4c74a2734deb2d06c7e6c204c0 | msg=- | talker=- | create_time=0 | sheet=Página1 | row=759 | ingest_to_commit_ms=1549 | manual_open_to_commit_ms=4969
[RETRY] eba4751ab131aa1717ddf3039ca620bc_.jpg | attempt=2 | err=FileNotFoundError: Resolved file disappeared: C:\Users\Felipe\Documents\WeChat Files\wxid_xd3703k0ih2p22\FileStorage\Temp\eba4751ab131aa1717ddf3039ca620bc_.jpg
[RETRY] d02e9f0efc085b0fc9822c9c66756543_.jpg | attempt=2 | err=FileNotFoundError: Resolved file disappeared: C:\Users\Felipe\Documents\WeChat Files\wxid_xd3703k0ih2p22\FileStorage\Temp\d02e9f0efc085b0fc9822c9c66756543_.jpg
[RETRY] 5f24291c82f5d3f8b10f6924aa0ce111_.jpg | attempt=2 | err=FileNotFoundError: Resolved file disappeared: C:\Users\Felipe\Documents\WeChat Files\wxid_xd3703k0ih2p22\FileStorage\Temp\5f24291c82f5d3f8b10f6924aa0ce111_.jpg
[RETRY] fe5b36875e02f1dbcf12c6ab1bfd4610_.jpg | attempt=2 | err=FileNotFoundError: Resolved file disappeared: C:\Users\Felipe\Documents\WeChat Files\wxid_xd3703k0ih2p22\FileStorage\Temp\fe5b36875e02f1dbcf12c6ab1bfd4610_.jpg
[RETRY] 03bdcc8b0755d1390bf99f34d614f95e_.jpg | attempt=2 | err=FileNotFoundError: Resolved file disappeared: C:\Users\Felipe\Documents\WeChat Files\wxid_xd3703k0ih2p22\FileStorage\Temp\03bdcc8b0755d1390bf99f34d614f95e_.jpg
[RETRY] 84fd76d9fd8c36a5528ea9a830ed9486_.jpg | attempt=2 | err=FileNotFoundError: Resolved file disappeared: C:\Users\Felipe\Documents\WeChat Files\wxid_xd3703k0ih2p22\FileStorage\Temp\84fd76d9fd8c36a5528ea9a830ed9486_.jpg
[RETRY] 5c67aeac5b6e7f420c1233145a6a0f6d_.jpg | attempt=2 | err=FileNotFoundError: Resolved file disappeared: C:\Users\Felipe\Documents\WeChat Files\wxid_xd3703k0ih2p22\FileStorage\Temp\5c67aeac5b6e7f420c1233145a6a0f6d_.jpg
[RETRY] a3ea652f2b72b04640f04d96387af8ca_.jpg | attempt=1 | err=FileNotFoundError: Resolved file disappeared: C:\Users\Felipe\Documents\WeChat Files\wxid_xd3703k0ih2p22\FileStorage\Temp\a3ea652f2b72b04640f04d96387af8ca_.jpg
[RETRY] 58cb478b41fbd1fb3323ccfb89016972_.jpg | attempt=1 | err=FileNotFoundError: Resolved file disappeared: C:\Users\Felipe\Documents\WeChat Files\wxid_xd3703k0ih2p22\FileStorage\Temp\58cb478b41fbd1fb3323ccfb89016972_.jpg
[RETRY] 707bdc3d9186cc73601e8f46766f4390_.jpg | attempt=2 | err=FileNotFoundError: Resolved file disappeared: C:\Users\Felipe\Documents\WeChat Files\wxid_xd3703k0ih2p22\FileStorage\Temp\707bdc3d9186cc73601e8f46766f4390_.jpg
[RETRY] 83a7824b88fa474f9bd287f2008f11a1_.jpg | attempt=2 | err=FileNotFoundError: Resolved file disappeared: C:\Users\Felipe\Documents\WeChat Files\wxid_xd3703k0ih2p22\FileStorage\Temp\83a7824b88fa474f9bd287f2008f11a1_.jpg
[RETRY] b7aba4a8ebcdcc7551412989d1920121_.jpg | attempt=2 | err=FileNotFoundError: Resolved file disappeared: C:\Users\Felipe\Documents\WeChat Files\wxid_xd3703k0ih2p22\FileStorage\Temp\b7aba4a8ebcdcc7551412989d1920121_.jpg
[RETRY] dfe3c3dda710c759707b55ade73da864_.jpg | attempt=2 | err=FileNotFoundError: Resolved file disappeared: C:\Users\Felipe\Documents\WeChat Files\wxid_xd3703k0ih2p22\FileStorage\Temp\dfe3c3dda710c759707b55ade73da864_.jpg
[SKIP] 7100550484625a881458ef6807347c52_.jpg | temp_file_disappeared_after_3_attempts
[RETRY] a3ea652f2b72b04640f04d96387af8ca_.jpg | attempt=2 | err=FileNotFoundError: Resolved file disappeared: C:\Users\Felipe\Documents\WeChat Files\wxid_xd3703k0ih2p22\FileStorage\Temp\a3ea652f2b72b04640f04d96387af8ca_.jpg
[RETRY] 58cb478b41fbd1fb3323ccfb89016972_.jpg | attempt=2 | err=FileNotFoundError: Resolved file disappeared: C:\Users\Felipe\Documents\WeChat Files\wxid_xd3703k0ih2p22\FileStorage\Temp\58cb478b41fbd1fb3323ccfb89016972_.jpg
[SKIP] 14e123471c02865eaac306ef7167a039_.jpg | temp_file_disappeared_after_3_attempts
[SCAN] reconcile complete | queued_or_refreshed=16
[OK] b13f930ac302b6084f98b4a9c0ce76de.dat | cliente=69 | banco=DIAMOND | valor=5000.0 | data=28/07/2026 08:28 | sink=staged | resolution=direct_image | verification=CONFIRMADO | manual_open_to_claim_ms=3887 | open_ms=18 | prep_ms=38 | ocr_ms=2107 | parse_ms=1 | manual_open_to_ingest_ms=6062
[SINK] committed | file_id=7dcd635bb8fbddea9a104bafc1d27d599a75786a | msg=- | talker=- | create_time=0 | sheet=Página1 | row=759 | ingest_to_commit_ms=968 | manual_open_to_commit_ms=7030
[RETRY] 5d29ccdf548ea63d075d72a6aaa1616b_.jpg | attempt=1 | err=FileNotFoundError: Resolved file disappeared: C:\Users\Felipe\Documents\WeChat Files\wxid_xd3703k0ih2p22\FileStorage\Temp\5d29ccdf548ea63d075d72a6aaa1616b_.jpg
[SKIP] eba4751ab131aa1717ddf3039ca620bc_.jpg | temp_file_disappeared_after_3_attempts
[SKIP] d02e9f0efc085b0fc9822c9c66756543_.jpg | temp_file_disappeared_after_3_attempts
[SKIP] 5f24291c82f5d3f8b10f6924aa0ce111_.jpg | temp_file_disappeared_after_3_attempts
[SKIP] fe5b36875e02f1dbcf12c6ab1bfd4610_.jpg | temp_file_disappeared_after_3_attempts
[SKIP] 03bdcc8b0755d1390bf99f34d614f95e_.jpg | temp_file_disappeared_after_3_attempts
[SKIP] 84fd76d9fd8c36a5528ea9a830ed9486_.jpg | temp_file_disappeared_after_3_attempts
[SKIP] 5c67aeac5b6e7f420c1233145a6a0f6d_.jpg | temp_file_disappeared_after_3_attempts
[SKIP] 707bdc3d9186cc73601e8f46766f4390_.jpg | temp_file_disappeared_after_3_attempts
[SKIP] 83a7824b88fa474f9bd287f2008f11a1_.jpg | temp_file_disappeared_after_3_attempts
[SKIP] b7aba4a8ebcdcc7551412989d1920121_.jpg | temp_file_disappeared_after_3_attempts
[SKIP] dfe3c3dda710c759707b55ade73da864_.jpg | temp_file_disappeared_after_3_attempts
[SKIP] 251dab03061e28c75418d9d7da3dcb79.dat | not_receipt=BALANCE_SUMMARY
[RETRY] 5d29ccdf548ea63d075d72a6aaa1616b_.jpg | attempt=2 | err=FileNotFoundError: Resolved file disappeared: C:\Users\Felipe\Documents\WeChat Files\wxid_xd3703k0ih2p22\FileStorage\Temp\5d29ccdf548ea63d075d72a6aaa1616b_.jpg
[SKIP] a3ea652f2b72b04640f04d96387af8ca_.jpg | temp_file_disappeared_after_3_attempts
[SKIP] 58cb478b41fbd1fb3323ccfb89016972_.jpg | temp_file_disappeared_after_3_attempts
[SCAN] reconcile complete | queued_or_refreshed=3
[SKIP] 5d29ccdf548ea63d075d72a6aaa1616b_.jpg | temp_file_disappeared_after_3_attempts
[OK] b5c4b4b3017d1ecb709b64df44219c18.dat | cliente=98 | banco=CLEEND | valor=1338.0 | data=27/07/2026 17:12 | sink=staged | resolution=direct_image | verification=CONFIRMADO | manual_open_to_claim_ms=1654 | open_ms=15 | prep_ms=30 | ocr_ms=1057 | parse_ms=1 | manual_open_to_ingest_ms=2764
[SINK] committed | file_id=9484de10b6ecccf9a08ed395130f2c71a67155a7 | msg=- | talker=- | create_time=0 | sheet=Página1 | row=760 | ingest_to_commit_ms=927 | manual_open_to_commit_ms=3691
[RETRY] 26ee25411142532b0018047f37c117cf_.jpg | attempt=1 | err=FileNotFoundError: Resolved file disappeared: C:\Users\Felipe\Documents\WeChat Files\wxid_xd3703k0ih2p22\FileStorage\Temp\26ee25411142532b0018047f37c117cf_.jpg
[OK] 1e7ba8d003196392279436e57d31725a.dat | cliente=98 | banco=CLEEND | valor=2380.0 | data=28/07/2026 08:58 | sink=staged | resolution=direct_image | verification=CONFIRMADO | manual_open_to_claim_ms=1622 | open_ms=15 | prep_ms=30 | ocr_ms=1568 | parse_ms=1 | manual_open_to_ingest_ms=3244
[SINK] committed | file_id=a00d3262df37f04b37d58c8752a073d501290edc | msg=- | talker=- | create_time=0 | sheet=Página1 | row=761 | ingest_to_commit_ms=1036 | manual_open_to_commit_ms=4281
[RETRY] d6ffd7b50beeeab33a21a5de576392c5_.jpg | attempt=1 | err=FileNotFoundError: Resolved file disappeared: C:\Users\Felipe\Documents\WeChat Files\wxid_xd3703k0ih2p22\FileStorage\Temp\d6ffd7b50beeeab33a21a5de576392c5_.jpg
[OK] b753f63a7f9204f539ce52abab4fab20.dat | cliente=568 | banco=AMD | valor=5531.0 | data=28/07/2026 08:48 | sink=staged | resolution=direct_image | verification=CONFIRMADO | manual_open_to_claim_ms=1763 | open_ms=10 | prep_ms=1 | ocr_ms=1787 | parse_ms=1 | manual_open_to_ingest_ms=3568
[SINK] committed | file_id=26c53b8ce72885d4788d92f65d2a334ef32383aa | msg=- | talker=- | create_time=0 | sheet=Página1 | row=762 | ingest_to_commit_ms=3977 | manual_open_to_commit_ms=7545
[SKIP] f040dcf1e63bc0d2af6c05b8e38bc4e9_.jpg | temp_without_unique_context
[OK] a9e76d451e51180337e99af045cc2c15.dat | cliente=199 | banco=AMD | valor=5000.0 | data=27/07/2026 18:25 | sink=staged | resolution=direct_image | verification=CONFIRMADO | manual_open_to_claim_ms=1769 | open_ms=14 | prep_ms=34 | ocr_ms=1831 | parse_ms=1 | manual_open_to_ingest_ms=3656
[SINK] committed | file_id=bd138bffa4dc8875c6f2c80b0a1b7a7a50222d7d | msg=- | talker=- | create_time=0 | sheet=Página1 | row=763 | ingest_to_commit_ms=2276 | manual_open_to_commit_ms=5932
[HOLD] 65f6cbc82b06b4e0f3c407ecc7724be0_.jpg | waiting_temp_context
[SKIP] 65f6cbc82b06b4e0f3c407ecc7724be0_.jpg | temp_without_unique_context
[SKIP] 26ee25411142532b0018047f37c117cf_.jpg | temp_without_unique_context
[SKIP] d6ffd7b50beeeab33a21a5de576392c5_.jpg | temp_without_unique_context
[SCAN] reconcile complete | queued_or_refreshed=5
[SCAN] reconcile complete | queued_or_refreshed=4
[OK] 0a4fe87dc53e056c7a9bc65d70ed4110.dat | cliente=28 | banco=AMD | valor=4415.97 | data=28/07/2026 - | sink=staged | resolution=direct_image | verification=CONFIRMADO | manual_open_to_claim_ms=1403 | open_ms=6 | prep_ms=1 | ocr_ms=1296 | parse_ms=1 | manual_open_to_ingest_ms=2712
[SINK] committed | file_id=76a6e9e445a35a48af7b47f2e78cabebe0665938 | msg=- | talker=- | create_time=0 | sheet=Página1 | row=777 | ingest_to_commit_ms=1830 | manual_open_to_commit_ms=4541
[HOLD] ad53dfe0bbc5042cb2769f19b7889906_.jpg | waiting_temp_context
[OK] 056669814d0203bd649052a709080a3b.dat | cliente=58 | banco=AMD | valor=5470.0 | data=28/07/2026 13:21 | sink=staged | resolution=direct_image | verification=CONFIRMADO | manual_open_to_claim_ms=1573 | open_ms=4 | prep_ms=1 | ocr_ms=756 | parse_ms=1 | manual_open_to_ingest_ms=2340
[SINK] committed | file_id=ccb937563e0408cd0f5ebc56f5e91e6baa5a4b12 | msg=- | talker=- | create_time=0 | sheet=Página1 | row=778 | ingest_to_commit_ms=967 | manual_open_to_commit_ms=3307
[OK] 24e11b18d13e00ab54c0cc9100774de5.dat | cliente=58 | banco=AMD | valor=9004.0 | data=28/07/2026 14:24 | sink=staged | resolution=direct_image | verification=CONFIRMADO | manual_open_to_claim_ms=1181 | open_ms=2 | prep_ms=0 | ocr_ms=1161 | parse_ms=1 | manual_open_to_ingest_ms=2348
[SINK] committed | file_id=de889e0e716a1d4f7e8c31a70fd8930b991ce834 | msg=- | talker=- | create_time=0 | sheet=Página1 | row=779 | ingest_to_commit_ms=2571 | manual_open_to_commit_ms=4919
[SKIP] ad53dfe0bbc5042cb2769f19b7889906_.jpg | temp_without_unique_context
[SKIP] 9fc1337a807d100555850c3f2328f8ec_.jpg | temp_without_unique_context
[HOLD] da5e501ae813543926a15795afdf5289_.jpg | waiting_temp_context
[SKIP] da5e501ae813543926a15795afdf5289_.jpg | temp_without_unique_context
[OK] f3d73428f36f4ffa7ec145140b64330e.dat | cliente=65 | banco=AMD | valor=1000.0 | data=28/07/2026 15:36 | sink=staged | resolution=direct_image | verification=CONFIRMADO | manual_open_to_claim_ms=1685 | open_ms=3 | prep_ms=0 | ocr_ms=1086 | parse_ms=1 | manual_open_to_ingest_ms=2778
[SINK] committed | file_id=75458b1381044630a8501c063eefe817bc4ce204 | msg=- | talker=- | create_time=0 | sheet=Página1 | row=780 | ingest_to_commit_ms=3915 | manual_open_to_commit_ms=6693
[OK] 1d11fb42d613c2a5308106b9f7e82fbb.dat | cliente=66 | banco=DIAMOND | valor=3230.34 | data=28/07/2026 14:58 | sink=staged | resolution=direct_image | verification=CONFIRMADO | manual_open_to_claim_ms=1308 | open_ms=15 | prep_ms=31 | ocr_ms=1880 | parse_ms=1 | manual_open_to_ingest_ms=3242
[SINK] committed | file_id=960cdd604eaf7b03784e92622ff9af37da583900 | msg=- | talker=- | create_time=0 | sheet=Página1 | row=781 | ingest_to_commit_ms=4225 | manual_open_to_commit_ms=7467
[OK] 91eb9ad936102b3046a4a58a3c3d78f7.dat | cliente=66 | banco=DIAMOND | valor=2260.0 | data=28/07/2026 15:55 | sink=staged | resolution=direct_image | verification=CONFIRMADO | manual_open_to_claim_ms=6006 | open_ms=9 | prep_ms=0 | ocr_ms=2169 | parse_ms=2 | manual_open_to_ingest_ms=8191
[SINK] committed | file_id=d78e96f8ccb073862a823dbcad62a82591b1bae7 | msg=- | talker=- | create_time=0 | sheet=Página1 | row=782 | ingest_to_commit_ms=1928 | manual_open_to_commit_ms=10118
[SKIP] 841f1328b3bd13d445577ea9a356a7b6_.jpg | temp_without_unique_context
[SKIP] 1cae383784ba29892b480b9a211bd502_.jpg | temp_without_unique_context
[SKIP] dede05865c94fc7ce164c51bb230c9d9_.jpg | temp_without_unique_context
[OK] 665f5fc962b0817382f5d4ae6f7b010b.dat | cliente=168 | banco=CLEEND | valor=4409.91 | data=27/07/2026 16:37 | sink=staged | resolution=direct_image | verification=CONFIRMADO | manual_open_to_claim_ms=2089 | open_ms=17 | prep_ms=42 | ocr_ms=3014 | parse_ms=1 | manual_open_to_ingest_ms=5176
[SINK] committed | file_id=bf7157c8fd2e8b0c7c8800c62fc1e0257e31be7c | msg=- | talker=- | create_time=0 | sheet=Página1 | row=783 | ingest_to_commit_ms=9301 | manual_open_to_commit_ms=14476
[OK] 3a34157a0990a951b746bd8e54b73690.dat | cliente=168 | banco=CLEEND | valor=1957.42 | data=27/07/2026 18:28 | sink=staged | resolution=direct_image | verification=CONFIRMADO | manual_open_to_claim_ms=11872 | open_ms=7 | prep_ms=1 | ocr_ms=1826 | parse_ms=2 | manual_open_to_ingest_ms=13713
[SINK] committed | file_id=068f71785ec5bb35d97dab01261eb5eecab7adc0 | msg=- | talker=- | create_time=0 | sheet=Página1 | row=784 | ingest_to_commit_ms=1820 | manual_open_to_commit_ms=15533
[SKIP] 148f5ea6b196b12b4cafc44a56319433_.jpg | temp_without_unique_context
[SKIP] 0968e9687c6792df976507cb671ba89a_.jpg | temp_without_unique_context
[OK] e0ba8fdb5e3b0bdbdd480e6c0a5b882f.dat | cliente=2026 VALEG🍇🍇🍇🍇🍇 | banco=CLEEND | valor=45000.0 | data=28/07/2026 12:16 | sink=staged | resolution=direct_image | verification=CONFIRMADO | manual_open_to_claim_ms=1727 | open_ms=15 | prep_ms=32 | ocr_ms=1520 | parse_ms=1 | manual_open_to_ingest_ms=3303
[SINK] committed | file_id=463c447565297a24f5e7428dc7fff3432b87fde9 | msg=- | talker=- | create_time=0 | sheet=Página1 | row=785 | ingest_to_commit_ms=917 | manual_open_to_commit_ms=4220
[HOLD] 662bb296ac404dc96c43e5528ed398d2_.jpg | waiting_temp_context
[SKIP] 662bb296ac404dc96c43e5528ed398d2_.jpg | temp_without_unique_context
[SCAN] reconcile complete | queued_or_refreshed=9
[OK] bb964573377a0742b28e4088549098fa.dat | cliente=2026 VALEG🍇🍇🍇🍇🍇 | banco=CLEEND | valor=35000.0 | data=28/07/2026 12:17 | sink=staged | resolution=direct_image | verification=CONFIRMADO | manual_open_to_claim_ms=1563 | open_ms=13 | prep_ms=30 | ocr_ms=1232 | parse_ms=1 | manual_open_to_ingest_ms=2847
[SINK] committed | file_id=4e924b4baf6c7bd5a0de037277565ad0c7d6b339 | msg=- | talker=- | create_time=0 | sheet=Página1 | row=786 | ingest_to_commit_ms=935 | manual_open_to_commit_ms=3782
[RETRY] 5fd1153eb66d3b9fc987c7f6ab5e5fc3_.jpg | attempt=1 | err=FileNotFoundError: Resolved file disappeared: C:\Users\Felipe\Documents\WeChat Files\wxid_xd3703k0ih2p22\FileStorage\Temp\5fd1153eb66d3b9fc987c7f6ab5e5fc3_.jpg
[OK] d46e3baf06d9f044e13d0dfb4aed5870.dat | cliente=2026 VALEG🍇🍇🍇🍇🍇 | banco=CLEEND | valor=49500.0 | data=28/07/2026 13:00 | sink=staged | resolution=direct_image | verification=CONFIRMADO | manual_open_to_claim_ms=1579 | open_ms=8 | prep_ms=1 | ocr_ms=1590 | parse_ms=2 | manual_open_to_ingest_ms=3187
[SINK] committed | file_id=1e3de98884bfed5aa33bd0c2a06cfa503282da5d | msg=- | talker=- | create_time=0 | sheet=Página1 | row=787 | ingest_to_commit_ms=872 | manual_open_to_commit_ms=4058
[RETRY] 245a5f42f378e3cb54c04e019e2dd3cf_.jpg | attempt=1 | err=FileNotFoundError: Resolved file disappeared: C:\Users\Felipe\Documents\WeChat Files\wxid_xd3703k0ih2p22\FileStorage\Temp\245a5f42f378e3cb54c04e019e2dd3cf_.jpg
[RETRY] 5fd1153eb66d3b9fc987c7f6ab5e5fc3_.jpg | attempt=2 | err=FileNotFoundError: Resolved file disappeared: C:\Users\Felipe\Documents\WeChat Files\wxid_xd3703k0ih2p22\FileStorage\Temp\5fd1153eb66d3b9fc987c7f6ab5e5fc3_.jpg
[RETRY] 245a5f42f378e3cb54c04e019e2dd3cf_.jpg | attempt=2 | err=FileNotFoundError: Resolved file disappeared: C:\Users\Felipe\Documents\WeChat Files\wxid_xd3703k0ih2p22\FileStorage\Temp\245a5f42f378e3cb54c04e019e2dd3cf_.jpg
[SCAN] reconcile complete | queued_or_refreshed=10
[SKIP] 5fd1153eb66d3b9fc987c7f6ab5e5fc3_.jpg | temp_file_disappeared_after_3_attempts
[SKIP] 245a5f42f378e3cb54c04e019e2dd3cf_.jpg | temp_file_disappeared_after_3_attempts
[SCAN] reconcile complete | queued_or_refreshed=3
[SCAN] reconcile complete | queued_or_refreshed=0
[OK] 86bc98848579ea16b532afacc59dc865.dat | cliente=2026 VALEG🍇🍇🍇🍇🍇 | banco=CLEEND | valor=15000.0 | data=28/07/2026 13:02 | sink=staged | resolution=direct_image | verification=CONFIRMADO | manual_open_to_claim_ms=1070 | open_ms=17 | prep_ms=32 | ocr_ms=1683 | parse_ms=3 | manual_open_to_ingest_ms=2815
[SINK] committed | file_id=c4d87d4f95c9b0fe57e6075a1dcaf38b58330791 | msg=- | talker=- | create_time=0 | sheet=Página1 | row=788 | ingest_to_commit_ms=1637 | manual_open_to_commit_ms=4452
[OK] a51636cbb94d9a76deff56497e5ec6a1.dat | cliente=2026 VALEG🍇🍇🍇🍇🍇 | banco=CLEEND | valor=31353.0 | data=28/07/2026 13:04 | sink=staged | resolution=direct_image | verification=CONFIRMADO | manual_open_to_claim_ms=1082 | open_ms=15 | prep_ms=32 | ocr_ms=1952 | parse_ms=2 | manual_open_to_ingest_ms=3093
[SINK] committed | file_id=c4fdb882b18ec27cfd2d4015e036afd81d841712 | msg=- | talker=- | create_time=0 | sheet=Página1 | row=789 | ingest_to_commit_ms=1016 | manual_open_to_commit_ms=4109
[RETRY] da69354bbe510c6b8e4f071dc3cb3878_.jpg | attempt=1 | err=FileNotFoundError: Resolved file disappeared: C:\Users\Felipe\Documents\WeChat Files\wxid_xd3703k0ih2p22\FileStorage\Temp\da69354bbe510c6b8e4f071dc3cb3878_.jpg
[RETRY] 2f449197d5cf720a70383dc689239763_.jpg | attempt=1 | err=FileNotFoundError: Resolved file disappeared: C:\Users\Felipe\Documents\WeChat Files\wxid_xd3703k0ih2p22\FileStorage\Temp\2f449197d5cf720a70383dc689239763_.jpg
[RETRY] da69354bbe510c6b8e4f071dc3cb3878_.jpg | attempt=2 | err=FileNotFoundError: Resolved file disappeared: C:\Users\Felipe\Documents\WeChat Files\wxid_xd3703k0ih2p22\FileStorage\Temp\da69354bbe510c6b8e4f071dc3cb3878_.jpg
[RETRY] 2f449197d5cf720a70383dc689239763_.jpg | attempt=2 | err=FileNotFoundError: Resolved file disappeared: C:\Users\Felipe\Documents\WeChat Files\wxid_xd3703k0ih2p22\FileStorage\Temp\2f449197d5cf720a70383dc689239763_.jpg
[SCAN] reconcile complete | queued_or_refreshed=2
[OK] 1fc938df2c5c99f7cbc75d2689559eb6.dat | cliente=116A | banco=AMD | valor=15222.0 | data=28/07/2026 15:08 | sink=staged | resolution=direct_image | verification=CONFIRMADO | manual_open_to_claim_ms=1374 | open_ms=5 | prep_ms=1 | ocr_ms=1566 | parse_ms=1 | manual_open_to_ingest_ms=2951
[SINK] committed | file_id=3cb07fd1d4c0f5f6a7c24d126dce8116b9d8a122 | msg=- | talker=- | create_time=0 | sheet=Página1 | row=790 | ingest_to_commit_ms=1012 | manual_open_to_commit_ms=3963
[RETRY] 49c8b10a626026fbb4f7e7ade7e3d8f4_.jpg | attempt=1 | err=FileNotFoundError: Resolved file disappeared: C:\Users\Felipe\Documents\WeChat Files\wxid_xd3703k0ih2p22\FileStorage\Temp\49c8b10a626026fbb4f7e7ade7e3d8f4_.jpg
[SKIP] da69354bbe510c6b8e4f071dc3cb3878_.jpg | temp_file_disappeared_after_3_attempts
[SKIP] 2f449197d5cf720a70383dc689239763_.jpg | temp_file_disappeared_after_3_attempts
[RETRY] 49c8b10a626026fbb4f7e7ade7e3d8f4_.jpg | attempt=2 | err=FileNotFoundError: Resolved file disappeared: C:\Users\Felipe\Documents\WeChat Files\wxid_xd3703k0ih2p22\FileStorage\Temp\49c8b10a626026fbb4f7e7ade7e3d8f4_.jpg
[SCAN] reconcile complete | queued_or_refreshed=3
[SKIP] 49c8b10a626026fbb4f7e7ade7e3d8f4_.jpg | temp_file_disappeared_after_3_attempts
[SCAN] reconcile complete | queued_or_refreshed=1
[SCAN] reconcile complete | queued_or_refreshed=0
[SCAN] reconcile complete | queued_or_refreshed=0
[SCAN] reconcile complete | queued_or_refreshed=0
[SCAN] reconcile complete | queued_or_refreshed=0
[SCAN] reconcile complete | queued_or_refreshed=0
[SCAN] reconcile complete | queued_or_refreshed=0
[SCAN] reconcile complete | queued_or_refreshed=0
[SCAN] reconcile complete | queued_or_refreshed=0
[SCAN] reconcile complete | queued_or_refreshed=0
[SCAN] reconcile complete | queued_or_refreshed=0
[SCAN] reconcile complete | queued_or_refreshed=0
[SCAN] reconcile complete | queued_or_refreshed=0
[SCAN] reconcile complete | queued_or_refreshed=0
[SCAN] reconcile complete | queued_or_refreshed=0
[SCAN] reconcile complete | queued_or_refreshed=0
[SCAN] reconcile complete | queued_or_refreshed=0
[SCAN] reconcile complete | queued_or_refreshed=0
[SCAN] reconcile complete | queued_or_refreshed=0
[SCAN] reconcile complete | queued_or_refreshed=0
[SCAN] reconcile complete | queued_or_refreshed=0
[SCAN] reconcile complete | queued_or_refreshed=0
[SCAN] reconcile complete | queued_or_refreshed=0
[SCAN] reconcile complete | queued_or_refreshed=0
[SCAN] reconcile complete | queued_or_refreshed=0
[SCAN] reconcile complete | queued_or_refreshed=0
[SCAN] reconcile complete | queued_or_refreshed=0
[SCAN] reconcile complete | queued_or_refreshed=0
[SCAN] reconcile complete | queued_or_refreshed=0
[SCAN] reconcile complete | queued_or_refreshed=0
[SCAN] reconcile complete | queued_or_refreshed=0
[SCAN] reconcile complete | queued_or_refreshed=0
[SCAN] reconcile complete | queued_or_refreshed=0
[SCAN] reconcile complete | queued_or_refreshed=0
[SCAN] reconcile complete | queued_or_refreshed=0
[SKIP] c2c797ed731960d4a525ad5acbce1cf7.dat | IGNORED_BY_USER
[SCAN] reconcile complete | queued_or_refreshed=1
[SCAN] reconcile complete | queued_or_refreshed=1
[SCAN] reconcile complete | queued_or_refreshed=0
[SCAN] reconcile complete | queued_or_refreshed=0
[SCAN] reconcile complete | queued_or_refreshed=0
[HOLD] COMPROVANTE -AMD -20000,00(1).pdf | grupo_sem_mapa=SEM_GRUPO
[HOLD] COMPROVANTE -AMD 27500,00(1).pdf | grupo_sem_mapa=SEM_GRUPO
[SCAN] reconcile complete | queued_or_refreshed=0
[HOLD] COMPROVANTE -AMD -20000,00(1).pdf | grupo_sem_mapa=SEM_GRUPO
[HOLD] COMPROVANTE -AMD 27500,00(1).pdf | grupo_sem_mapa=SEM_GRUPO
[SCAN] reconcile complete | queued_or_refreshed=0
[SCAN] reconcile complete | queued_or_refreshed=0
[HOLD] COMPROVANTE -AMD -20000,00(1).pdf | grupo_sem_mapa=SEM_GRUPO
[HOLD] COMPROVANTE -AMD 27500,00(1).pdf | grupo_sem_mapa=SEM_GRUPO
[SCAN] reconcile complete | queued_or_refreshed=0
[HOLD] COMPROVANTE -AMD -20000,00(1).pdf | grupo_sem_mapa=SEM_GRUPO
[HOLD] COMPROVANTE -AMD 27500,00(1).pdf | grupo_sem_mapa=SEM_GRUPO
[SCAN] reconcile complete | queued_or_refreshed=0
[INFO] COMPROVANTE -AMD -20000,00(1).pdf | grupo_sem_mapa=SEM_GRUPO mas prosseguindo (abertura manual/file_transfer)
[OK] COMPROVANTE -AMD -20000,00(1).pdf | cliente=- | banco=AMD | valor=20000.0 | data=28/07/2026 12:58 | sink=staged | resolution=file_pdf | verification=CONFIRMADO | manual_open_to_claim_ms=483280 | open_ms=100 | prep_ms=0 | ocr_ms=0 | parse_ms=2 | manual_open_to_ingest_ms=483397
[SINK] committed | file_id=701d4fd20003f318d0b8764457c027ad94ddade4 | msg=- | talker=- | create_time=0 | sheet=Página1 | row=791 | ingest_to_commit_ms=2867 | manual_open_to_commit_ms=486264
[INFO] COMPROVANTE -AMD 27500,00(1).pdf | grupo_sem_mapa=SEM_GRUPO mas prosseguindo (abertura manual/file_transfer)
[OK] COMPROVANTE -AMD 27500,00(1).pdf | cliente=- | banco=AMD | valor=27500.0 | data=28/07/2026 13:05 | sink=staged | resolution=file_pdf | verification=CONFIRMADO | manual_open_to_claim_ms=486497 | open_ms=8 | prep_ms=0 | ocr_ms=0 | parse_ms=2 | manual_open_to_ingest_ms=486514
[SINK] committed | file_id=8d258d84254b044b7cc04ca24156723f05311ec7 | msg=- | talker=- | create_time=0 | sheet=Página1 | row=792 | ingest_to_commit_ms=971 | manual_open_to_commit_ms=487485
[SCAN] reconcile complete | queued_or_refreshed=0
[SCAN] reconcile complete | queued_or_refreshed=0
[SCAN] reconcile complete | queued_or_refreshed=0
[SCAN] reconcile complete | queued_or_refreshed=0
[SCAN] reconcile complete | queued_or_refreshed=0
[SCAN] reconcile complete | queued_or_refreshed=0
[SCAN] reconcile complete | queued_or_refreshed=0
[SCAN] reconcile complete | queued_or_refreshed=0
[SCAN] reconcile complete | queued_or_refreshed=0
[SCAN] reconcile complete | queued_or_refreshed=0
[SCAN] reconcile complete | queued_or_refreshed=0
[SCAN] reconcile complete | queued_or_refreshed=0
[SCAN] reconcile complete | queued_or_refreshed=0
[SCAN] reconcile complete | queued_or_refreshed=0
[SCAN] reconcile complete | queued_or_refreshed=0
[SCAN] reconcile complete | queued_or_refreshed=0
[SCAN] reconcile complete | queued_or_refreshed=0
[SCAN] reconcile complete | queued_or_refreshed=0
[SCAN] reconcile complete | queued_or_refreshed=0
[SCAN] reconcile complete | queued_or_refreshed=0
[SCAN] reconcile complete | queued_or_refreshed=0
[SCAN] reconcile complete | queued_or_refreshed=0
[SCAN] reconcile complete | queued_or_refreshed=0
[SCAN] reconcile complete | queued_or_refreshed=0
[SCAN] reconcile complete | queued_or_refreshed=0
[SCAN] reconcile complete | queued_or_refreshed=0
[SCAN] reconcile complete | queued_or_refreshed=0
[SCAN] reconcile complete | queued_or_refreshed=0
[SCAN] reconcile complete | queued_or_refreshed=0
[SCAN] reconcile complete | queued_or_refreshed=0
[SCAN] reconcile complete | queued_or_refreshed=0
[SCAN] reconcile complete | queued_or_refreshed=0
[SKIP] 911e5f296d856aa834399509ab209f84.dat | IGNORED_BY_USER
[SKIP] 1785274544173.jpg | IGNORED_BY_USER
[SKIP] 1785274544173(1).jpg | IGNORED_BY_USER
[SCAN] reconcile complete | queued_or_refreshed=3
[SCAN] reconcile complete | queued_or_refreshed=3
[SCAN] reconcile complete | queued_or_refreshed=3
[SCAN] reconcile complete | queued_or_refreshed=0
[SCAN] reconcile complete | queued_or_refreshed=0
[SCAN] reconcile complete | queued_or_refreshed=0
[SCAN] reconcile complete | queued_or_refreshed=0
[SCAN] reconcile complete | queued_or_refreshed=0
[SCAN] reconcile complete | queued_or_refreshed=0
[SCAN] reconcile complete | queued_or_refreshed=0
[SCAN] reconcile complete | queued_or_refreshed=0
[SCAN] reconcile complete | queued_or_refreshed=0
[SCAN] reconcile complete | queued_or_refreshed=0
[SCAN] reconcile complete | queued_or_refreshed=0
[HOLD] 1785277946744.png | waiting_temp_context
[HOLD] 1785277946761.png | waiting_temp_context
[SKIP] 1785277946744.png | temp_without_unique_context
[SKIP] 1785277946761.png | temp_without_unique_context
[SCAN] reconcile complete | queued_or_refreshed=2
[SCAN] reconcile complete | queued_or_refreshed=2
[SCAN] reconcile complete | queued_or_refreshed=0
[SCAN] reconcile complete | queued_or_refreshed=0
[SCAN] reconcile complete | queued_or_refreshed=0
[SCAN] reconcile complete | queued_or_refreshed=0
[SCAN] reconcile complete | queued_or_refreshed=0
[SCAN] reconcile complete | queued_or_refreshed=0
[SCAN] reconcile complete | queued_or_refreshed=0
[SCAN] reconcile complete | queued_or_refreshed=0
[HOLD] 1785278887008.png | waiting_temp_context
[HOLD] 1785278887020.png | waiting_temp_context
[SKIP] 1785278887008.png | temp_without_unique_context
[SKIP] 1785278887020.png | temp_without_unique_context
[SCAN] reconcile complete | queued_or_refreshed=2
[SCAN] reconcile complete | queued_or_refreshed=2
[SCAN] reconcile complete | queued_or_refreshed=0
[SCAN] reconcile complete | queued_or_refreshed=0
[SCAN] reconcile complete | queued_or_refreshed=0
[SCAN] reconcile complete | queued_or_refreshed=0
[SCAN] reconcile complete | queued_or_refreshed=0
[SCAN] reconcile complete | queued_or_refreshed=0
[SCAN] reconcile complete | queued_or_refreshed=0
[SCAN] reconcile complete | queued_or_refreshed=0
[SCAN] reconcile complete | queued_or_refreshed=0
[SCAN] reconcile complete | queued_or_refreshed=0
[SCAN] reconcile complete | queued_or_refreshed=0
[SCAN] reconcile complete | queued_or_refreshed=0
[SCAN] reconcile complete | queued_or_refreshed=0
[SCAN] reconcile complete | queued_or_refreshed=0
[SCAN] reconcile complete | queued_or_refreshed=0
[SCAN] reconcile complete | queued_or_refreshed=0
[SCAN] reconcile complete | queued_or_refreshed=0
[SCAN] reconcile complete | queued_or_refreshed=0
[SCAN] reconcile complete | queued_or_refreshed=0
[SCAN] reconcile complete | queued_or_refreshed=0
[SCAN] reconcile complete | queued_or_refreshed=0
[SCAN] reconcile complete | queued_or_refreshed=0
[SKIP] 60bdb635fab36390c9e3081768440cd1.dat | IGNORED_BY_USER
[SCAN] reconcile complete | queued_or_refreshed=1
[SCAN] reconcile complete | queued_or_refreshed=1
[HOLD] 1785281234397.jpg | waiting_temp_context
[HOLD] 1785281234429.jpg | waiting_temp_context
[HOLD] 1785281235855.jpg | waiting_temp_context
[HOLD] 1785281235872.jpg | waiting_temp_context
[SKIP] 1785281234397.jpg | temp_without_unique_context
[SKIP] 1785281234429.jpg | temp_without_unique_context
[SKIP] 1785281235855.jpg | temp_without_unique_context
[SKIP] 1785281235872.jpg | temp_without_unique_context
[HOLD] 1785281241334.jpg | waiting_temp_context
[HOLD] 1785281241349.jpg | waiting_temp_context
[HOLD] 1785281242783.jpg | waiting_temp_context
[HOLD] 1785281242799.jpg | waiting_temp_context
[SKIP] 1785281241334.jpg | temp_without_unique_context
[SKIP] 1785281241349.jpg | temp_without_unique_context
[SKIP] 1785281242783.jpg | temp_without_unique_context
[SKIP] 1785281242799.jpg | temp_without_unique_context
[HOLD] 1785281248245.jpg | waiting_temp_context
[HOLD] 1785281248257.jpg | waiting_temp_context
[SKIP] 1785281248245.jpg | temp_without_unique_context
[SKIP] 1785281248257.jpg | temp_without_unique_context
[HOLD] 1785281253766.jpg | waiting_temp_context
[HOLD] 1785281253813.jpg | waiting_temp_context
[HOLD] 1785281255236.jpg | waiting_temp_context
[HOLD] 1785281255236(1).jpg | waiting_temp_context
[SKIP] 1785281253766.jpg | temp_without_unique_context
[SKIP] 1785281253813.jpg | temp_without_unique_context
[SKIP] 1785281255236.jpg | temp_without_unique_context
[SKIP] 1785281255236(1).jpg | temp_without_unique_context
[HOLD] 1785281260743.jpg | waiting_temp_context
[HOLD] 1785281260759.jpg | waiting_temp_context
[SKIP] 1785281260743.jpg | temp_without_unique_context
[SKIP] 1785281260759.jpg | temp_without_unique_context
[HOLD] 1785281269108.jpg | waiting_temp_context
[HOLD] 1785281269108(1).jpg | waiting_temp_context
[SKIP] 1785281269108.jpg | temp_without_unique_context
[SKIP] 1785281269108(1).jpg | temp_without_unique_context
[SCAN] reconcile complete | queued_or_refreshed=22
[HOLD] 1785281276030.jpg | waiting_temp_context
[HOLD] 1785281276046.jpg | waiting_temp_context
[SKIP] 1785281276030.jpg | temp_without_unique_context
[SKIP] 1785281276046.jpg | temp_without_unique_context
[HOLD] 1785281281536.jpg | waiting_temp_context
[HOLD] 1785281281548.jpg | waiting_temp_context
[HOLD] 1785281282992.jpg | waiting_temp_context
[HOLD] 1785281283007.jpg | waiting_temp_context
[SKIP] 1785281281536.jpg | temp_without_unique_context
[SKIP] 1785281281548.jpg | temp_without_unique_context
[SKIP] 1785281282992.jpg | temp_without_unique_context
[SKIP] 1785281283007.jpg | temp_without_unique_context
[HOLD] 1785281288501.jpg | waiting_temp_context
[HOLD] 1785281288516.jpg | waiting_temp_context
[SKIP] 1785281288501.jpg | temp_without_unique_context
[SKIP] 1785281288516.jpg | temp_without_unique_context
[HOLD] 1785281295433.jpg | waiting_temp_context
[HOLD] 1785281295449.jpg | waiting_temp_context
[SKIP] 1785281295433.jpg | temp_without_unique_context
[SKIP] 1785281295449.jpg | temp_without_unique_context
[HOLD] 1785281302369.jpg | waiting_temp_context
[HOLD] 1785281302369(1).jpg | waiting_temp_context
[HOLD] 1785281303794.jpg | waiting_temp_context
[HOLD] 1785281303810.jpg | waiting_temp_context
[SKIP] 1785281302369.jpg | temp_without_unique_context
[SKIP] 1785281302369(1).jpg | temp_without_unique_context
[SKIP] 1785281303794.jpg | temp_without_unique_context
[SKIP] 1785281303810.jpg | temp_without_unique_context
[HOLD] 1785281309317.jpg | waiting_temp_context
[HOLD] 1785281309349.jpg | waiting_temp_context
[SKIP] 1785281309317.jpg | temp_without_unique_context
[SKIP] 1785281309349.jpg | temp_without_unique_context
[HOLD] 1785281317681.jpg | waiting_temp_context
[HOLD] 1785281317696.jpg | waiting_temp_context
[SKIP] 1785281317681.jpg | temp_without_unique_context
[SKIP] 1785281317696.jpg | temp_without_unique_context
[HOLD] 1785281323549.jpg | waiting_temp_context
[HOLD] 1785281323783.jpg | waiting_temp_context
[HOLD] 1785281324959.jpg | waiting_temp_context
[HOLD] 1785281324974.jpg | waiting_temp_context
[SKIP] 1785281323549.jpg | temp_without_unique_context
[SKIP] 1785281323783.jpg | temp_without_unique_context
[SKIP] 1785281324959.jpg | temp_without_unique_context
[SKIP] 1785281324974.jpg | temp_without_unique_context
[HOLD] 1785281330981.jpg | waiting_temp_context
[HOLD] 1785281331278.jpg | waiting_temp_context
[HOLD] 1785281332403.jpg | waiting_temp_context
[HOLD] 1785281332419.jpg | waiting_temp_context
[SKIP] 1785281330981.jpg | temp_without_unique_context
[SKIP] 1785281331278.jpg | temp_without_unique_context
[SKIP] 1785281332403.jpg | temp_without_unique_context
[SKIP] 1785281332419.jpg | temp_without_unique_context
[HOLD] 1785281337928.jpg | waiting_temp_context
[HOLD] 1785281337959.jpg | waiting_temp_context
[HOLD] 1785281339366.jpg | waiting_temp_context
[HOLD] 1785281339382.jpg | waiting_temp_context
[SKIP] 1785281337928.jpg | temp_without_unique_context
[SKIP] 1785281337959.jpg | temp_without_unique_context
[SKIP] 1785281339366.jpg | temp_without_unique_context
[SKIP] 1785281339382.jpg | temp_without_unique_context
[HOLD] 1785281344909.jpg | waiting_temp_context
[HOLD] 1785281344924.jpg | waiting_temp_context
[HOLD] 1785281346371.jpg | waiting_temp_context
[HOLD] 1785281346387.jpg | waiting_temp_context
[SKIP] 1785281344909.jpg | temp_without_unique_context
[SKIP] 1785281344924.jpg | temp_without_unique_context
[SKIP] 1785281346371.jpg | temp_without_unique_context
[SKIP] 1785281346387.jpg | temp_without_unique_context
[HOLD] 1785281359433.jpg | waiting_temp_context
[HOLD] 1785281359751.jpg | waiting_temp_context
[HOLD] 1785281360822.jpg | waiting_temp_context
[HOLD] 1785281360837.jpg | waiting_temp_context
[SKIP] 1785281359433.jpg | temp_without_unique_context
[SKIP] 1785281359751.jpg | temp_without_unique_context
[SKIP] 1785281360822.jpg | temp_without_unique_context
[SKIP] 1785281360837.jpg | temp_without_unique_context
[SCAN] reconcile complete | queued_or_refreshed=58
[HOLD] 1785281367663.jpg | waiting_temp_context
[HOLD] 1785281367663(1).jpg | waiting_temp_context
[SKIP] 1785281367663.jpg | temp_without_unique_context
[SKIP] 1785281367663(1).jpg | temp_without_unique_context
[HOLD] 1785281373181.jpg | waiting_temp_context
[HOLD] 1785281373181(1).jpg | waiting_temp_context
[SKIP] 1785281373181.jpg | temp_without_unique_context
[SKIP] 1785281373181(1).jpg | temp_without_unique_context
[SCAN] reconcile complete | queued_or_refreshed=28
[SCAN] reconcile complete | queued_or_refreshed=12
[HOLD] 1785281589352.jpg | waiting_temp_context
[HOLD] 1785281589368.jpg | waiting_temp_context
[SKIP] 1785281589352.jpg | temp_without_unique_context
[SKIP] 1785281589368.jpg | temp_without_unique_context
[SCAN] reconcile complete | queued_or_refreshed=0
[HOLD] 1785281659843.jpg | waiting_temp_context
[HOLD] 1785281659858.jpg | waiting_temp_context
[SKIP] 1785281659843.jpg | temp_without_unique_context
[SKIP] 1785281659858.jpg | temp_without_unique_context
[OCR] Attempting raw image fallback for 04eda18337ba45de448bfddad8c1b6cd.dat (is_receipt=False, has_amount=False)
[SKIP] 04eda18337ba45de448bfddad8c1b6cd.dat | not_receipt=TABULAR_TRANSFER_LIST
[SKIP] 433877593c4f100b872315124cc4fc4f.dat | not_receipt=BALANCE_SUMMARY
[OK] 808bdf0b861b8627665cffc90fce050b.dat | cliente=116A | banco=None | valor=None | data=28/07/2026 - | sink=staged | resolution=direct_image | verification=CONFIRMADO | manual_open_to_claim_ms=4322 | open_ms=1 | prep_ms=0 | ocr_ms=1392 | parse_ms=42 | manual_open_to_ingest_ms=5761
[SINK] committed | file_id=6f0404ad85d6f7b35b0d5db52701c9d7c5666ff4 | msg=- | talker=- | create_time=0 | sheet=Página1 | row=793 | ingest_to_commit_ms=2848 | manual_open_to_commit_ms=8609
[OK] 1785281690364.jpg | cliente=116A | banco=None | valor=None | data=28/07/2026 - | sink=staged | resolution=temp_preview | verification=TEMP_PREVIEW | manual_open_to_claim_ms=8992 | open_ms=1 | prep_ms=0 | ocr_ms=964 | parse_ms=34 | manual_open_to_ingest_ms=10009
[SINK] committed | file_id=6250428602d74483f7d3d4077547292996559f77 | msg=- | talker=- | create_time=0 | sheet=Página1 | row=794 | ingest_to_commit_ms=1135 | manual_open_to_commit_ms=11144
[OK] 1785281690368.jpg | cliente=116A | banco=None | valor=None | data=28/07/2026 - | sink=staged | resolution=temp_preview | verification=TEMP_PREVIEW | manual_open_to_claim_ms=11195 | open_ms=1 | prep_ms=0 | ocr_ms=982 | parse_ms=38 | manual_open_to_ingest_ms=12234
[SINK] committed | file_id=8a202d411ff94d2f279518e4de2e49d5f12726e9 | msg=- | talker=- | create_time=0 | sheet=Página1 | row=795 | ingest_to_commit_ms=1087 | manual_open_to_commit_ms=13321
[SCAN] reconcile complete | queued_or_refreshed=7
[HOLD] 1785281773812.jpg | waiting_temp_context
[HOLD] 1785281773820.jpg | waiting_temp_context
[SKIP] 1785281773812.jpg | temp_without_unique_context
[SKIP] 1785281773820.jpg | temp_without_unique_context
[OCR] Attempting raw image fallback for 5d0629817b4fe120a045ee7de5f5fa17.dat (is_receipt=False, has_amount=False)
[SKIP] 5d0629817b4fe120a045ee7de5f5fa17.dat | not_receipt=TABULAR_TRANSFER_LIST
[SKIP] 61d98ec98e197847559e24d2c3a9a709.dat | not_receipt=BALANCE_SUMMARY
[SCAN] reconcile complete | queued_or_refreshed=9
[OCR] Attempting raw image fallback for 11df5605cfe0345e8fbae01da463fc74.dat (is_receipt=False, has_amount=False)
[SKIP] 11df5605cfe0345e8fbae01da463fc74.dat | not_receipt=TABULAR_TRANSFER_LIST
[HOLD] 1785281861918.jpg | waiting_temp_context
[SKIP] 1785281861918.jpg | temp_without_unique_context
[OCR] Attempting raw image fallback for 6c740c7d5ea7fa1bb13671da368e35b5.dat (is_receipt=False, has_amount=False)
[SKIP] 6c740c7d5ea7fa1bb13671da368e35b5.dat | not_receipt=TABULAR_TRANSFER_LIST
[SKIP] 1785281875495.jpg | temp_without_unique_context
[SKIP] 1785281875512.jpg | temp_without_unique_context
[SKIP] 1785281899895.jpg | not_receipt=BALANCE_SUMMARY
[SKIP] 1785281899895(1).jpg | not_receipt=BALANCE_SUMMARY
[SCAN] reconcile complete | queued_or_refreshed=7
[SKIP] 10dd1937fd7047d6fa7abdecd3b6f93e.dat | not_receipt=BALANCE_SUMMARY
[OCR] Attempting raw image fallback for b514192ad6fdb1cd6e1887e4e2972415.dat (is_receipt=False, has_amount=False)
[SKIP] b514192ad6fdb1cd6e1887e4e2972415.dat | not_receipt=TABULAR_TRANSFER_LIST
[HOLD] 1785281997517.jpg | waiting_temp_context
[SCAN] reconcile complete | queued_or_refreshed=6
[SKIP] 1785281997517.jpg | temp_without_unique_context
[EXCEPTION] 16828bd45349f4aefbfda8b91c16abd5.dat | missing_core_fields | verification=CONFIRMADO
[EXCEPTION] 1785282013694.jpg | missing_core_fields | verification=TEMP_PREVIEW
[EXCEPTION] 1785282013699.jpg | missing_core_fields | verification=TEMP_PREVIEW
[SKIP] 665bc3925c04d796352fdc5aa01a85f2.dat | not_receipt=BALANCE_SUMMARY
[SKIP] 1785282025699.jpg | not_receipt=BALANCE_SUMMARY
[SKIP] 1785282025713.jpg | not_receipt=BALANCE_SUMMARY
[SKIP] 1785282080742.jpg | not_receipt=BALANCE_SUMMARY
[OCR] Attempting raw image fallback for 66b7b13273addc75af73c360400c6709.dat (is_receipt=False, has_amount=False)
[SKIP] 66b7b13273addc75af73c360400c6709.dat | not_receipt=TABULAR_TRANSFER_LIST
[OCR] Attempting raw image fallback for 1785282085470.jpg (is_receipt=False, has_amount=False)
[SKIP] 1785282085470.jpg | not_receipt=TABULAR_TRANSFER_LIST
[OCR] Attempting raw image fallback for 1785282085480.jpg (is_receipt=False, has_amount=False)
[SKIP] 1785282085480.jpg | not_receipt=TABULAR_TRANSFER_LIST
[SCAN] reconcile complete | queued_or_refreshed=13
[SKIP] 93bdc90b3ba80f4f6c946f9b04a35598.dat | not_receipt=BALANCE_SUMMARY
[SKIP] 1785282090867.jpg | not_receipt=BALANCE_SUMMARY
[SKIP] 1785282090883.jpg | not_receipt=BALANCE_SUMMARY
[SKIP] 1785282109900.jpg | not_receipt=BALANCE_SUMMARY
[OCR] Attempting raw image fallback for 3ec1d872bf133f3351f5e6f75befa3fa.dat (is_receipt=False, has_amount=False)
[SKIP] 3ec1d872bf133f3351f5e6f75befa3fa.dat | not_receipt=TABULAR_TRANSFER_LIST
[SKIP] 23ab0ea68be95f7983d5dfe175d51754.dat | not_receipt=BALANCE_SUMMARY
[OCR] Attempting raw image fallback for 1785282113671.jpg (is_receipt=False, has_amount=False)
[SKIP] 1785282113671.jpg | not_receipt=TABULAR_TRANSFER_LIST
[OCR] Attempting raw image fallback for 1785282113680.jpg (is_receipt=False, has_amount=False)
[SKIP] 1785282113680.jpg | not_receipt=TABULAR_TRANSFER_LIST
[SCAN] reconcile complete | queued_or_refreshed=10
[SCAN] reconcile complete | queued_or_refreshed=10
[SCAN] reconcile complete | queued_or_refreshed=0
[SCAN] reconcile complete | queued_or_refreshed=0
[SCAN] reconcile complete | queued_or_refreshed=0
[SCAN] reconcile complete | queued_or_refreshed=0
[SCAN] reconcile complete | queued_or_refreshed=0
[SCAN] reconcile complete | queued_or_refreshed=0
[SCAN] reconcile complete | queued_or_refreshed=0
[SCAN] reconcile complete | queued_or_refreshed=0
[SCAN] reconcile complete | queued_or_refreshed=0
[SCAN] reconcile complete | queued_or_refreshed=0
[SCAN] reconcile complete | queued_or_refreshed=0
[SCAN] reconcile complete | queued_or_refreshed=0
[SCAN] reconcile complete | queued_or_refreshed=0
[SCAN] reconcile complete | queued_or_refreshed=0
[SCAN] reconcile complete | queued_or_refreshed=0
[SCAN] reconcile complete | queued_or_refreshed=0
[SCAN] reconcile complete | queued_or_refreshed=0
[SCAN] reconcile complete | queued_or_refreshed=0
[SCAN] reconcile complete | queued_or_refreshed=0
[SCAN] reconcile complete | queued_or_refreshed=0
[OCR] Attempting raw image fallback for 4b1b90703ff02e6e850538d1b63c74ce.dat (is_receipt=False, has_amount=False)
[SKIP] 4b1b90703ff02e6e850538d1b63c74ce.dat | not_receipt=TABULAR_TRANSFER_LIST
[SKIP] 971bff9ca3ae939753deb72fcbcfcd00.dat | not_receipt=BALANCE_SUMMARY
[HOLD] 1785284129628.jpg | waiting_temp_context
[HOLD] 1785284129644.jpg | waiting_temp_context
[SKIP] 1785284129628.jpg | temp_without_unique_context
[SKIP] 1785284129644.jpg | temp_without_unique_context
[OCR] Attempting raw image fallback for 4e9ffa440bae51f269fe7b09ebcfa901.dat (is_receipt=False, has_amount=False)
[SKIP] 4e9ffa440bae51f269fe7b09ebcfa901.dat | not_receipt=TABULAR_TRANSFER_LIST
[HOLD] 1785284146506.jpg | waiting_temp_context
[SKIP] 1785284146506.jpg | temp_without_unique_context
[SKIP] 13e1412f1b6cb35f7ecd726098c10df8.dat | not_receipt=BALANCE_SUMMARY
[SKIP] 1785284167068.jpg | not_receipt=BALANCE_SUMMARY
[SKIP] 1785284167084.jpg | not_receipt=BALANCE_SUMMARY
[SCAN] reconcile complete | queued_or_refreshed=6
[OCR] Attempting raw image fallback for 266b520718c975306dca934892368491.dat (is_receipt=False, has_amount=False)
[SKIP] 266b520718c975306dca934892368491.dat | not_receipt=TABULAR_TRANSFER_LIST
[HOLD] 1785284190671.jpg | waiting_temp_context
[SKIP] 1785284190671.jpg | temp_without_unique_context
[SKIP] 1785284209417.jpg | not_receipt=BALANCE_SUMMARY
[SKIP] 1785284209432.jpg | not_receipt=BALANCE_SUMMARY
[SKIP] 8cc389b2bb0c1cf724a193175d2c8550.dat | not_receipt=BALANCE_SUMMARY
[OCR] Attempting raw image fallback for 1b9221b5bcae2df34c3056a3e4b5b8a5.dat (is_receipt=False, has_amount=False)
[SKIP] 1b9221b5bcae2df34c3056a3e4b5b8a5.dat | not_receipt=TABULAR_TRANSFER_LIST
[SKIP] b629b0107959ef591752722dd3e069c3.dat | not_receipt=BALANCE_SUMMARY
[HOLD] 1785284235932.jpg | waiting_temp_context
[HOLD] 1785284235945.jpg | waiting_temp_context
[SKIP] 1785284235932.jpg | temp_without_unique_context
[SKIP] 1785284235945.jpg | temp_without_unique_context
[OCR] Attempting raw image fallback for d6866e1f57fa501f89a88cc558c92d66.dat (is_receipt=False, has_amount=False)
[SKIP] d6866e1f57fa501f89a88cc558c92d66.dat | not_receipt=TABULAR_TRANSFER_LIST
[HOLD] 1785284255046.jpg | waiting_temp_context
[SKIP] 1785284255046.jpg | temp_without_unique_context
[SKIP] f674ce51e8108123c24e7d2c48c32d1a.dat | not_receipt=BALANCE_SUMMARY
[SCAN] reconcile complete | queued_or_refreshed=16
[HOLD] 1785284265363.jpg | waiting_temp_context
[HOLD] 1785284265379.jpg | waiting_temp_context
[SKIP] 1785284265363.jpg | temp_without_unique_context
[SKIP] 1785284265379.jpg | temp_without_unique_context
[HOLD] 1785284296524.jpg | waiting_temp_context
[SKIP] 1785284296524.jpg | temp_without_unique_context
[HOLD] 1785284301384.jpg | waiting_temp_context
[HOLD] 1785284301399.jpg | waiting_temp_context
[SKIP] 1785284301384.jpg | temp_without_unique_context
[SKIP] 1785284301399.jpg | temp_without_unique_context
[OCR] Attempting raw image fallback for 4e43b9d5a67ddfd231200ecdf1558257.dat (is_receipt=False, has_amount=False)
[SKIP] 4e43b9d5a67ddfd231200ecdf1558257.dat | not_receipt=TABULAR_TRANSFER_LIST
[SKIP] 9191c6b382d066564ff8c69916f3c1f1.dat | not_receipt=BALANCE_SUMMARY
[OK] 4517ff2e20d7ae9f5e6f7f36aa906f1b.dat | cliente=652 | banco=CLEEND | valor=39444.0 | data=27/07/2006 10:19 | sink=staged | resolution=direct_image | verification=CONFIRMADO | manual_open_to_claim_ms=1272 | open_ms=82 | prep_ms=162 | ocr_ms=4106 | parse_ms=18 | manual_open_to_ingest_ms=5713
[SINK] committed | file_id=61e4efe5d1d233e45c9c646a494c02ff9e9aa723 | msg=- | talker=- | create_time=0 | sheet=Página1 | row=796 | ingest_to_commit_ms=2484 | manual_open_to_commit_ms=8197
[SCAN] reconcile complete | queued_or_refreshed=15
[SKIP] 7e9de543a9560bc65b797bcfc8d2ee0f.dat | not_receipt=BALANCE_SUMMARY
[SKIP] 1785284355329.jpg | temp_without_unique_context
[SKIP] 1785284355392.jpg | temp_without_unique_context
[SCAN] reconcile complete | queued_or_refreshed=6
[HOLD] 1785284500617.jpg | waiting_temp_context
[HOLD] 1785284500742.jpg | waiting_temp_context
[SKIP] 2faafae4c4eada727cc0ab11740b1ed8.dat | not_receipt=BALANCE_SUMMARY
[HOLD] 1785284500617.jpg | waiting_temp_context
[HOLD] 1785284500742.jpg | waiting_temp_context
[SKIP] 1785284500617.jpg | temp_without_unique_context
[SKIP] 1785284500742.jpg | temp_without_unique_context
[OCR] Attempting raw image fallback for 8d2d95e027322ab5267486217788f0ea.dat (is_receipt=False, has_amount=False)
[SKIP] 8d2d95e027322ab5267486217788f0ea.dat | not_receipt=TABULAR_TRANSFER_LIST
[SKIP] efae3f844b9030ba7ec24e53b4097507.dat | not_receipt=BALANCE_SUMMARY
[HOLD] 1785284525038.jpg | waiting_temp_context
[HOLD] 1785284525053.jpg | waiting_temp_context
[SKIP] 1785284525038.jpg | temp_without_unique_context
[SKIP] 1785284525053.jpg | temp_without_unique_context
[SCAN] reconcile complete | queued_or_refreshed=5
[OCR] Attempting raw image fallback for 8874b8d01c2ced4588e2ff86930707b1.dat (is_receipt=False, has_amount=False)
[SKIP] 8874b8d01c2ced4588e2ff86930707b1.dat | not_receipt=TABULAR_TRANSFER_LIST
[SKIP] 162261ee22d8edc108bb23180b8d6c0c.dat | not_receipt=BALANCE_SUMMARY
[HOLD] 1785284546784.jpg | waiting_temp_context
[HOLD] 1785284546784(1).jpg | waiting_temp_context
[SKIP] 1785284546784.jpg | temp_without_unique_context
[SKIP] 1785284546784(1).jpg | temp_without_unique_context
[SCAN] reconcile complete | queued_or_refreshed=6
[HOLD] 1785284633194.jpg | waiting_temp_context
[HOLD] 1785284633210.jpg | waiting_temp_context
[SKIP] 90adf4184fc63b9c93f237d808ca9488.dat | not_receipt=BALANCE_SUMMARY
[SKIP] 1785284633194.jpg | not_receipt=BALANCE_SUMMARY
[SKIP] 1785284633210.jpg | not_receipt=BALANCE_SUMMARY
[SCAN] reconcile complete | queued_or_refreshed=3
[SKIP] 03aecb6e250d9b29f3b267f6dc043450.dat | not_receipt=BALANCE_SUMMARY
[SKIP] 1785284767306.jpg | not_receipt=BALANCE_SUMMARY
[SKIP] 1785284767314.jpg | not_receipt=BALANCE_SUMMARY
[EXCEPTION] de5a6cae659e6c5a59a3f42165acd876.dat | missing_core_fields | verification=CONFIRMADO
[EXCEPTION] 1785284776205.jpg | missing_core_fields | verification=TEMP_PREVIEW
[EXCEPTION] 1785284776221.jpg | missing_core_fields | verification=TEMP_PREVIEW
[SCAN] reconcile complete | queued_or_refreshed=10
[SKIP] e31b4180cdf59631221f97be7f30c8f2.dat | not_receipt=BALANCE_SUMMARY
[SKIP] 1785284819168.jpg | not_receipt=BALANCE_SUMMARY
[SKIP] 1785284819184.jpg | not_receipt=BALANCE_SUMMARY
[OCR] Attempting raw image fallback for 1785284860533.jpg (is_receipt=False, has_amount=False)
[SKIP] 1785284860533.jpg | not_receipt=TABULAR_TRANSFER_LIST
[OCR] Attempting raw image fallback for 1785284860548.jpg (is_receipt=False, has_amount=False)
[SKIP] 1785284860548.jpg | not_receipt=TABULAR_TRANSFER_LIST
[OCR] Attempting raw image fallback for 91a7faba28e62d772e273502f4dd4705.dat (is_receipt=False, has_amount=False)
[SKIP] 91a7faba28e62d772e273502f4dd4705.dat | not_receipt=TABULAR_TRANSFER_LIST
[SKIP] f54a70eb1a5c01384b00a71d467bc801.dat | not_receipt=BALANCE_SUMMARY
[SKIP] 1785284864973.jpg | not_receipt=BALANCE_SUMMARY
[SKIP] 1785284864973(1).jpg | not_receipt=BALANCE_SUMMARY
[OK] 1785284882146.jpg | cliente=991 | banco=AMD | valor=15.05 | data=28/07/2026 16:00 | sink=staged | resolution=temp_preview | verification=TEMP_PREVIEW | manual_open_to_claim_ms=3393 | open_ms=63 | prep_ms=186 | ocr_ms=4843 | parse_ms=5 | manual_open_to_ingest_ms=8584
[SINK] committed | file_id=0f2407d35790aa471cb9949a754771d9211c6b7e | msg=- | talker=- | create_time=0 | sheet=Página1 | row=797 | ingest_to_commit_ms=1853 | manual_open_to_commit_ms=10437
[SKIP] 1785284882286.jpg | not_receipt=BALANCE_SUMMARY
[SCAN] reconcile complete | queued_or_refreshed=14
[OK] 6dd84cbce88f3bfe8f4ce3aa3ffbba35.dat | cliente=6 | banco=AMD | valor=15.05 | data=28/07/2026 16:00 | sink=staged | resolution=direct_image | verification=CONFIRMADO | manual_open_to_claim_ms=2172 | open_ms=110 | prep_ms=182 | ocr_ms=4079 | parse_ms=5 | manual_open_to_ingest_ms=6613
[SINK] committed | file_id=3990b26bf93567e6af38250988b5483d5e36be6c | msg=- | talker=- | create_time=0 | sheet=Página1 | row=798 | ingest_to_commit_ms=1276 | manual_open_to_commit_ms=7889
[SKIP] 4ac61428c65b48efaffbe7d2da3bc35c.dat | not_receipt=BALANCE_SUMMARY
[SKIP] 1785284930830.jpg | not_receipt=BALANCE_SUMMARY
[SKIP] 1785284930846.jpg | not_receipt=BALANCE_SUMMARY
[SKIP] 1785284969981.jpg | not_receipt=BALANCE_SUMMARY
[OCR] Attempting raw image fallback for 0ad8ce8ae1d4c442d578af1e2820b0b4.dat (is_receipt=False, has_amount=False)
[SKIP] 0ad8ce8ae1d4c442d578af1e2820b0b4.dat | not_receipt=TABULAR_TRANSFER_LIST
[SKIP] 888f35c92b9dff2555a3526c5e45b0e5.dat | not_receipt=BALANCE_SUMMARY
[OCR] Attempting raw image fallback for 1785284975075.jpg (is_receipt=False, has_amount=False)
[SKIP] 1785284975075.jpg | not_receipt=TABULAR_TRANSFER_LIST
[OCR] Attempting raw image fallback for 1785284975075(1).jpg (is_receipt=False, has_amount=False)
[SKIP] 1785284975075(1).jpg | not_receipt=TABULAR_TRANSFER_LIST
[OCR] Attempting raw image fallback for ef6abe6da29e8c755b3f5e3f88548c32.dat (is_receipt=False, has_amount=False)
[SKIP] ef6abe6da29e8c755b3f5e3f88548c32.dat | not_receipt=TABULAR_TRANSFER_LIST
[OCR] Attempting raw image fallback for 1785284991048.jpg (is_receipt=False, has_amount=False)
[SKIP] 1785284991048.jpg | not_receipt=TABULAR_TRANSFER_LIST
[SKIP] d079c9eac2c45c0442a61ddd5adfc995.dat | not_receipt=BALANCE_SUMMARY
[SCAN] reconcile complete | queued_or_refreshed=21
[SKIP] 1785284997176.jpg | not_receipt=BALANCE_SUMMARY
[SKIP] 1785284997191.jpg | not_receipt=BALANCE_SUMMARY
[OCR] Attempting raw image fallback for 1785285034515.jpg (is_receipt=False, has_amount=False)
[SKIP] 1785285034515.jpg | not_receipt=TABULAR_TRANSFER_LIST
[OCR] Attempting raw image fallback for 1785285034531.jpg (is_receipt=False, has_amount=False)
[SKIP] 1785285034531.jpg | not_receipt=TABULAR_TRANSFER_LIST
[OCR] Attempting raw image fallback for b1b031f0e90da9d65cb461d6ce42596d.dat (is_receipt=False, has_amount=False)
[SKIP] b1b031f0e90da9d65cb461d6ce42596d.dat | not_receipt=TABULAR_TRANSFER_LIST
[SKIP] 09484a36313d24c4ae5d78b66c8eff3c.dat | not_receipt=BALANCE_SUMMARY
[SKIP] 1785285066280.jpg | not_receipt=BALANCE_SUMMARY
[SKIP] 1785285066280(1).jpg | not_receipt=BALANCE_SUMMARY
[SCAN] reconcile complete | queued_or_refreshed=14
[SCAN] reconcile complete | queued_or_refreshed=6
[SCAN] reconcile complete | queued_or_refreshed=4
[SKIP] b4a9279946df48dd34802dd3e67036bc.dat | IGNORED_BY_USER
[SKIP] 1785285278118.jpg | IGNORED_BY_USER
[SKIP] 1785285278134.jpg | IGNORED_BY_USER
[SKIP] 011b38de5e29c2c85df74fc182a695db.dat | IGNORED_BY_USER
[SKIP] 1785285285082.jpg | IGNORED_BY_USER
[SKIP] 1785285285211.jpg | IGNORED_BY_USER
[SKIP] c5c67e83f940feaad9940e4240f894f2.dat | IGNORED_BY_USER
[SKIP] d54283bae0073283dca35404adc53d49.dat | IGNORED_BY_USER
[SKIP] 1785285287274.jpg | IGNORED_BY_USER
[SKIP] 1785285287278.jpg | IGNORED_BY_USER
[SKIP] 1785285289434.jpg | IGNORED_BY_USER
[SKIP] 1785285289434(1).jpg | IGNORED_BY_USER
[SKIP] e27378ecbf58651cb286b5bd86282ee1.dat | IGNORED_BY_USER
[SKIP] b955587608e4c814892877dc14ca306a.dat | IGNORED_BY_USER
[SKIP] 1785285291613.jpg | IGNORED_BY_USER
[SKIP] 1785285291629.jpg | IGNORED_BY_USER
[SKIP] 1785285293794.jpg | IGNORED_BY_USER
[SKIP] 1785285293794(1).jpg | IGNORED_BY_USER
[SKIP] b1137715bc1c83997637f5f5422b3009.dat | IGNORED_BY_USER
[SCAN] reconcile complete | queued_or_refreshed=19
[SKIP] 1785285285211.jpg | IGNORED_BY_USER
[SCAN] reconcile complete | queued_or_refreshed=19
[HOLD] VALEG + OUT 28.07.2026.pdf | grupo_sem_mapa=SEM_GRUPO
[HOLD] Saldo  cliente 28.07.26.pdf | grupo_sem_mapa=SEM_GRUPO
[SCAN] reconcile complete | queued_or_refreshed=0
[OK] cc491e822f2cd2b5d9fe34dfd918cfe7.dat | cliente=1 | banco=AMD | valor=4832.0 | data=27/07/2026 16:26 | sink=staged | resolution=direct_image | verification=CONFIRMADO | manual_open_to_claim_ms=2236 | open_ms=15 | prep_ms=42 | ocr_ms=1523 | parse_ms=1 | manual_open_to_ingest_ms=3829
[SINK] committed | file_id=5420ae15afde74353b7e4aa70c2c54c67b26287c | msg=- | talker=- | create_time=0 | sheet=Página1 | row=2 | ingest_to_commit_ms=2445 | manual_open_to_commit_ms=6274
[RETRY] 56ffb539660b2294fdc97c5e429a1549_.jpg | attempt=1 | err=FileNotFoundError: Resolved file disappeared: C:\Users\Felipe\Documents\WeChat Files\wxid_xd3703k0ih2p22\FileStorage\Temp\56ffb539660b2294fdc97c5e429a1549_.jpg
[OK] 0f422c1647eb99175577fbb4a60a8ecd.dat | cliente=1 | banco=AMD | valor=70.0 | data=27/07/2026 18:05 | sink=staged | resolution=direct_image | verification=CONFIRMADO | manual_open_to_claim_ms=1830 | open_ms=15 | prep_ms=41 | ocr_ms=822 | parse_ms=1 | manual_open_to_ingest_ms=2720
[SINK] committed | file_id=db60f42433bb60d9f972ad83d36eb8432f91c07e | msg=- | talker=- | create_time=0 | sheet=Página1 | row=3 | ingest_to_commit_ms=1340 | manual_open_to_commit_ms=4059
[RETRY] 0f70de2774eb919b347fcc10f08ccb5b_.jpg | attempt=1 | err=FileNotFoundError: Resolved file disappeared: C:\Users\Felipe\Documents\WeChat Files\wxid_xd3703k0ih2p22\FileStorage\Temp\0f70de2774eb919b347fcc10f08ccb5b_.jpg
[OK] ef7f7721dedf2578560799a4d43c184e.dat | cliente=1 | banco=AMD | valor=2398.0 | data=27/07/2026 15:40 | sink=staged | resolution=direct_image | verification=CONFIRMADO | manual_open_to_claim_ms=1452 | open_ms=14 | prep_ms=41 | ocr_ms=2561 | parse_ms=2 | manual_open_to_ingest_ms=4084
[SINK] committed | file_id=cd5fcf460cc2c38596b6b9f1e57461282ed756ac | msg=- | talker=- | create_time=0 | sheet=Página1 | row=4 | ingest_to_commit_ms=1512 | manual_open_to_commit_ms=5596
[RETRY] 56ffb539660b2294fdc97c5e429a1549_.jpg | attempt=2 | err=FileNotFoundError: Resolved file disappeared: C:\Users\Felipe\Documents\WeChat Files\wxid_xd3703k0ih2p22\FileStorage\Temp\56ffb539660b2294fdc97c5e429a1549_.jpg
[RETRY] 119074d1d140fb08ac03d2592c614573_.jpg | attempt=1 | err=FileNotFoundError: Resolved file disappeared: C:\Users\Felipe\Documents\WeChat Files\wxid_xd3703k0ih2p22\FileStorage\Temp\119074d1d140fb08ac03d2592c614573_.jpg
[HOLD] VALEG + OUT 28.07.2026.pdf | grupo_sem_mapa=SEM_GRUPO
[HOLD] Saldo  cliente 28.07.26.pdf | grupo_sem_mapa=SEM_GRUPO
[SCAN] reconcile complete | queued_or_refreshed=4
[OK] 036d3e7966d4c0fc028d7c4d41dfcf62.dat | cliente=1 | banco=AMD | valor=825.0 | data=28/07/2026 09:13 | sink=staged | resolution=direct_image | verification=CONFIRMADO | manual_open_to_claim_ms=3297 | open_ms=15 | prep_ms=41 | ocr_ms=1062 | parse_ms=1 | manual_open_to_ingest_ms=4427
[SINK] committed | file_id=93984997cf019b8a728763c26b62d6ba71371b3b | msg=- | talker=- | create_time=0 | sheet=Página1 | row=5 | ingest_to_commit_ms=1246 | manual_open_to_commit_ms=5673
[RETRY] c65ee4b34f8e7c98409b8f7d52064a13_.jpg | attempt=1 | err=FileNotFoundError: Resolved file disappeared: C:\Users\Felipe\Documents\WeChat Files\wxid_xd3703k0ih2p22\FileStorage\Temp\c65ee4b34f8e7c98409b8f7d52064a13_.jpg
[OK] ffa1687925f4a5426a38bad05af67d5d.dat | cliente=1 | banco=AMD | valor=9630.0 | data=28/07/2026 09:21 | sink=staged | resolution=direct_image | verification=CONFIRMADO | manual_open_to_claim_ms=1780 | open_ms=15 | prep_ms=41 | ocr_ms=2282 | parse_ms=1 | manual_open_to_ingest_ms=4130
[SINK] committed | file_id=764c6f2133c18f8de6ac4f8f35381724c5ffc6fb | msg=- | talker=- | create_time=0 | sheet=Página1 | row=6 | ingest_to_commit_ms=1122 | manual_open_to_commit_ms=5252
[RETRY] 036da6aa832c665f2d1aaaabf71396f5_.jpg | attempt=1 | err=FileNotFoundError: Resolved file disappeared: C:\Users\Felipe\Documents\WeChat Files\wxid_xd3703k0ih2p22\FileStorage\Temp\036da6aa832c665f2d1aaaabf71396f5_.jpg
[RETRY] 0f70de2774eb919b347fcc10f08ccb5b_.jpg | attempt=2 | err=FileNotFoundError: Resolved file disappeared: C:\Users\Felipe\Documents\WeChat Files\wxid_xd3703k0ih2p22\FileStorage\Temp\0f70de2774eb919b347fcc10f08ccb5b_.jpg
[OK] a9870c7ea1784132338f02761282984a.dat | cliente=1 | banco=AMD | valor=50.0 | data=28/07/2026 09:10 | sink=staged | resolution=direct_image | verification=CONFIRMADO | manual_open_to_claim_ms=1376 | open_ms=18 | prep_ms=43 | ocr_ms=2156 | parse_ms=2 | manual_open_to_ingest_ms=3610
[SINK] committed | file_id=bcc1df5ca9ea70e109c4a11a477b8979f8dee6d6 | msg=- | talker=- | create_time=0 | sheet=Página1 | row=7 | ingest_to_commit_ms=1341 | manual_open_to_commit_ms=4950
[RETRY] 05cb3b65022f4e7a155de02939d46051_.jpg | attempt=1 | err=FileNotFoundError: Resolved file disappeared: C:\Users\Felipe\Documents\WeChat Files\wxid_xd3703k0ih2p22\FileStorage\Temp\05cb3b65022f4e7a155de02939d46051_.jpg
[RETRY] 119074d1d140fb08ac03d2592c614573_.jpg | attempt=2 | err=FileNotFoundError: Resolved file disappeared: C:\Users\Felipe\Documents\WeChat Files\wxid_xd3703k0ih2p22\FileStorage\Temp\119074d1d140fb08ac03d2592c614573_.jpg
[OK] 57008fafee00cc6d797d287e978a77da.dat | cliente=1 | banco=AMD | valor=218.0 | data=27/07/2026 16:43 | sink=staged | resolution=direct_image | verification=CONFIRMADO | manual_open_to_claim_ms=1168 | open_ms=14 | prep_ms=43 | ocr_ms=1312 | parse_ms=1 | manual_open_to_ingest_ms=2550
[SINK] committed | file_id=ab349741f0108e88b3f8caadcb576e7fda787c92 | msg=- | talker=- | create_time=0 | sheet=Página1 | row=8 | ingest_to_commit_ms=1294 | manual_open_to_commit_ms=3844
[RETRY] 07ef3aa62e7151fa2c3ecf703aa055ac_.jpg | attempt=1 | err=FileNotFoundError: Resolved file disappeared: C:\Users\Felipe\Documents\WeChat Files\wxid_xd3703k0ih2p22\FileStorage\Temp\07ef3aa62e7151fa2c3ecf703aa055ac_.jpg
[RETRY] c65ee4b34f8e7c98409b8f7d52064a13_.jpg | attempt=2 | err=FileNotFoundError: Resolved file disappeared: C:\Users\Felipe\Documents\WeChat Files\wxid_xd3703k0ih2p22\FileStorage\Temp\c65ee4b34f8e7c98409b8f7d52064a13_.jpg
[OK] 175cc2f9b86645b95a80d4f6dd6ac29b.dat | cliente=1 | banco=AMD | valor=2200.0 | data=28/07/2026 09:44 | sink=staged | resolution=direct_image | verification=CONFIRMADO | manual_open_to_claim_ms=1222 | open_ms=18 | prep_ms=45 | ocr_ms=1179 | parse_ms=1 | manual_open_to_ingest_ms=2476
[SINK] committed | file_id=df6bef5585e54aef52d7e50fdbeffdee29ce7a0c | msg=- | talker=- | create_time=0 | sheet=Página1 | row=9 | ingest_to_commit_ms=968 | manual_open_to_commit_ms=3443
[RETRY] 58087eec195e46769b76e40a67b88eb9_.jpg | attempt=1 | err=FileNotFoundError: Resolved file disappeared: C:\Users\Felipe\Documents\WeChat Files\wxid_xd3703k0ih2p22\FileStorage\Temp\58087eec195e46769b76e40a67b88eb9_.jpg
[RETRY] 036da6aa832c665f2d1aaaabf71396f5_.jpg | attempt=2 | err=FileNotFoundError: Resolved file disappeared: C:\Users\Felipe\Documents\WeChat Files\wxid_xd3703k0ih2p22\FileStorage\Temp\036da6aa832c665f2d1aaaabf71396f5_.jpg
[OK] 73bb5fd64b3b53de6486809525f2c64d.dat | cliente=1 | banco=AMD | valor=2552.0 | data=28/07/2026 10:38 | sink=staged | resolution=direct_image | verification=CONFIRMADO | manual_open_to_claim_ms=2152 | open_ms=15 | prep_ms=42 | ocr_ms=780 | parse_ms=1 | manual_open_to_ingest_ms=3000
[SINK] committed | file_id=6ed12ba8bc4835fc5f2c93fcdfba775296035ef4 | msg=- | talker=- | create_time=0 | sheet=Página1 | row=10 | ingest_to_commit_ms=955 | manual_open_to_commit_ms=3955
[RETRY] 944185531c17721a2d5f1ce37b1aa941_.jpg | attempt=1 | err=FileNotFoundError: Resolved file disappeared: C:\Users\Felipe\Documents\WeChat Files\wxid_xd3703k0ih2p22\FileStorage\Temp\944185531c17721a2d5f1ce37b1aa941_.jpg
[RETRY] 05cb3b65022f4e7a155de02939d46051_.jpg | attempt=2 | err=FileNotFoundError: Resolved file disappeared: C:\Users\Felipe\Documents\WeChat Files\wxid_xd3703k0ih2p22\FileStorage\Temp\05cb3b65022f4e7a155de02939d46051_.jpg
[OK] 5709298155a9acd28d591d32c64c9967.dat | cliente=1 | banco=AMD | valor=8735.0 | data=28/07/2026 11:00 | sink=staged | resolution=direct_image | verification=CONFIRMADO | manual_open_to_claim_ms=1402 | open_ms=14 | prep_ms=41 | ocr_ms=1566 | parse_ms=2 | manual_open_to_ingest_ms=3039
[SINK] committed | file_id=630d8dfce86341c077e1102347b80265e2b45e72 | msg=- | talker=- | create_time=0 | sheet=Página1 | row=11 | ingest_to_commit_ms=1022 | manual_open_to_commit_ms=4061
[SKIP] 56ffb539660b2294fdc97c5e429a1549_.jpg | temp_file_disappeared_after_3_attempts
[RETRY] 1d8c78d4a107f0802782f4006ae96146_.jpg | attempt=1 | err=FileNotFoundError: Resolved file disappeared: C:\Users\Felipe\Documents\WeChat Files\wxid_xd3703k0ih2p22\FileStorage\Temp\1d8c78d4a107f0802782f4006ae96146_.jpg
[RETRY] 07ef3aa62e7151fa2c3ecf703aa055ac_.jpg | attempt=2 | err=FileNotFoundError: Resolved file disappeared: C:\Users\Felipe\Documents\WeChat Files\wxid_xd3703k0ih2p22\FileStorage\Temp\07ef3aa62e7151fa2c3ecf703aa055ac_.jpg
[OK] e7bade684bddae09f4364a3032bc283a.dat | cliente=1 | banco=AMD | valor=128.0 | data=28/07/2026 11:11 | sink=staged | resolution=direct_image | verification=CONFIRMADO | manual_open_to_claim_ms=1554 | open_ms=18 | prep_ms=45 | ocr_ms=1724 | parse_ms=1 | manual_open_to_ingest_ms=3354
[SINK] committed | file_id=f2f8a1179a69e7b43311f36afe916cd1a977dbbb | msg=- | talker=- | create_time=0 | sheet=Página1 | row=12 | ingest_to_commit_ms=1165 | manual_open_to_commit_ms=4519
[RETRY] b36466346aa7f135e22c33e2f0772c3e_.jpg | attempt=1 | err=FileNotFoundError: Resolved file disappeared: C:\Users\Felipe\Documents\WeChat Files\wxid_xd3703k0ih2p22\FileStorage\Temp\b36466346aa7f135e22c33e2f0772c3e_.jpg
[RETRY] 58087eec195e46769b76e40a67b88eb9_.jpg | attempt=2 | err=FileNotFoundError: Resolved file disappeared: C:\Users\Felipe\Documents\WeChat Files\wxid_xd3703k0ih2p22\FileStorage\Temp\58087eec195e46769b76e40a67b88eb9_.jpg
[OK] b991cfc4a06f48445c26574eb8080a27.dat | cliente=1 | banco=AMD | valor=650.0 | data=27/07/2026 16:14 | sink=staged | resolution=direct_image | verification=CONFIRMADO | manual_open_to_claim_ms=1938 | open_ms=14 | prep_ms=41 | ocr_ms=2112 | parse_ms=1 | manual_open_to_ingest_ms=4119
[SINK] committed | file_id=e797626c1e6cbcca43ecebedd1c933d588f32b46 | msg=- | talker=- | create_time=0 | sheet=Página1 | row=13 | ingest_to_commit_ms=1156 | manual_open_to_commit_ms=5274
[SKIP] 0f70de2774eb919b347fcc10f08ccb5b_.jpg | temp_file_disappeared_after_3_attempts
[RETRY] 38fd4faacbfa03972879da0913a13b83_.jpg | attempt=1 | err=FileNotFoundError: Resolved file disappeared: C:\Users\Felipe\Documents\WeChat Files\wxid_xd3703k0ih2p22\FileStorage\Temp\38fd4faacbfa03972879da0913a13b83_.jpg
[RETRY] 944185531c17721a2d5f1ce37b1aa941_.jpg | attempt=2 | err=FileNotFoundError: Resolved file disappeared: C:\Users\Felipe\Documents\WeChat Files\wxid_xd3703k0ih2p22\FileStorage\Temp\944185531c17721a2d5f1ce37b1aa941_.jpg
[OK] 719a68f17916f56115182114294208b1.dat | cliente=1 | banco=AMD | valor=1070.0 | data=27/07/2026 17:45 | sink=staged | resolution=direct_image | verification=CONFIRMADO | manual_open_to_claim_ms=1485 | open_ms=12 | prep_ms=41 | ocr_ms=1068 | parse_ms=1 | manual_open_to_ingest_ms=2619
[SINK] committed | file_id=d64657e781d83d6952638e58787c555d75ac1664 | msg=- | talker=- | create_time=0 | sheet=Página1 | row=14 | ingest_to_commit_ms=929 | manual_open_to_commit_ms=3547
[RETRY] 978c7ebbb6dfdac106d34db55c60f698_.jpg | attempt=1 | err=FileNotFoundError: Resolved file disappeared: C:\Users\Felipe\Documents\WeChat Files\wxid_xd3703k0ih2p22\FileStorage\Temp\978c7ebbb6dfdac106d34db55c60f698_.jpg
[SKIP] 119074d1d140fb08ac03d2592c614573_.jpg | temp_file_disappeared_after_3_attempts
[RETRY] 1d8c78d4a107f0802782f4006ae96146_.jpg | attempt=2 | err=FileNotFoundError: Resolved file disappeared: C:\Users\Felipe\Documents\WeChat Files\wxid_xd3703k0ih2p22\FileStorage\Temp\1d8c78d4a107f0802782f4006ae96146_.jpg
[SCAN] reconcile complete | queued_or_refreshed=14
[OK] cb7b6f1a6d839f7b7484a7e1612e80ef.dat | cliente=1 | banco=AMD | valor=4546.0 | data=28/07/2026 11:45 | sink=staged | resolution=direct_image | verification=CONFIRMADO | manual_open_to_claim_ms=3665 | open_ms=15 | prep_ms=41 | ocr_ms=2218 | parse_ms=1 | manual_open_to_ingest_ms=5952
[SINK] committed | file_id=3a3684ac8f0615a4d1b52a0ba137365a5786df9e | msg=- | talker=- | create_time=0 | sheet=Página1 | row=15 | ingest_to_commit_ms=1111 | manual_open_to_commit_ms=7063
[SKIP] c65ee4b34f8e7c98409b8f7d52064a13_.jpg | temp_file_disappeared_after_3_attempts
[RETRY] 9ff15e3afd3e56d42fabd50e908aaec4_.jpg | attempt=1 | err=FileNotFoundError: Resolved file disappeared: C:\Users\Felipe\Documents\WeChat Files\wxid_xd3703k0ih2p22\FileStorage\Temp\9ff15e3afd3e56d42fabd50e908aaec4_.jpg
[RETRY] b36466346aa7f135e22c33e2f0772c3e_.jpg | attempt=2 | err=FileNotFoundError: Resolved file disappeared: C:\Users\Felipe\Documents\WeChat Files\wxid_xd3703k0ih2p22\FileStorage\Temp\b36466346aa7f135e22c33e2f0772c3e_.jpg
[OK] 5de00096fedf9ee661707b5f10bc5160.dat | cliente=1 | banco=AMD | valor=10682.0 | data=28/07/2026 11:43 | sink=staged | resolution=direct_image | verification=CONFIRMADO | manual_open_to_claim_ms=2072 | open_ms=14 | prep_ms=41 | ocr_ms=1679 | parse_ms=2 | manual_open_to_ingest_ms=3821
[SINK] committed | file_id=f15a25949d6466c10d97dde0cf10deb2f405bd25 | msg=- | talker=- | create_time=0 | sheet=Página1 | row=16 | ingest_to_commit_ms=969 | manual_open_to_commit_ms=4790
[RETRY] 390789bd5cc5dc5a5bb15cf759e96adc_.jpg | attempt=1 | err=FileNotFoundError: Resolved file disappeared: C:\Users\Felipe\Documents\WeChat Files\wxid_xd3703k0ih2p22\FileStorage\Temp\390789bd5cc5dc5a5bb15cf759e96adc_.jpg
[SKIP] 036da6aa832c665f2d1aaaabf71396f5_.jpg | temp_file_disappeared_after_3_attempts
[RETRY] 38fd4faacbfa03972879da0913a13b83_.jpg | attempt=2 | err=FileNotFoundError: Resolved file disappeared: C:\Users\Felipe\Documents\WeChat Files\wxid_xd3703k0ih2p22\FileStorage\Temp\38fd4faacbfa03972879da0913a13b83_.jpg
[OK] e999074693f2fb8c2b349313891a4c1f.dat | cliente=1 | banco=AMD | valor=22870.0 | data=28/07/2026 11:50 | sink=staged | resolution=direct_image | verification=CONFIRMADO | manual_open_to_claim_ms=2238 | open_ms=14 | prep_ms=42 | ocr_ms=1993 | parse_ms=2 | manual_open_to_ingest_ms=4302
[SINK] committed | file_id=2d2909b09da90dfe4e8f78b88656250ec3ab42f1 | msg=- | talker=- | create_time=0 | sheet=Página1 | row=17 | ingest_to_commit_ms=899 | manual_open_to_commit_ms=5201
[RETRY] 736b4a9f5eb6bbcfc467e302ad2bf690_.jpg | attempt=1 | err=FileNotFoundError: Resolved file disappeared: C:\Users\Felipe\Documents\WeChat Files\wxid_xd3703k0ih2p22\FileStorage\Temp\736b4a9f5eb6bbcfc467e302ad2bf690_.jpg
[SKIP] 05cb3b65022f4e7a155de02939d46051_.jpg | temp_file_disappeared_after_3_attempts
[RETRY] 978c7ebbb6dfdac106d34db55c60f698_.jpg | attempt=2 | err=FileNotFoundError: Resolved file disappeared: C:\Users\Felipe\Documents\WeChat Files\wxid_xd3703k0ih2p22\FileStorage\Temp\978c7ebbb6dfdac106d34db55c60f698_.jpg
[HOLD] VALEG + OUT 28.07.2026.pdf | grupo_sem_mapa=SEM_GRUPO
[HOLD] Saldo  cliente 28.07.26.pdf | grupo_sem_mapa=SEM_GRUPO
[OK] 422c5525a7ed4182501dbf0da31bd873.dat | cliente=1 | banco=AMD | valor=160.0 | data=28/07/2026 - | sink=staged | resolution=direct_image | verification=CONFIRMADO | manual_open_to_claim_ms=1591 | open_ms=13 | prep_ms=42 | ocr_ms=1361 | parse_ms=2 | manual_open_to_ingest_ms=3020
[SINK] committed | file_id=d7d5e89a9dcd562a0753a92e8ff2da75ff198af5 | msg=- | talker=- | create_time=0 | sheet=Página1 | row=18 | ingest_to_commit_ms=927 | manual_open_to_commit_ms=3947
[RETRY] a2a5092ca23175bc2a76b17d2513dff9_.jpg | attempt=1 | err=FileNotFoundError: Resolved file disappeared: C:\Users\Felipe\Documents\WeChat Files\wxid_xd3703k0ih2p22\FileStorage\Temp\a2a5092ca23175bc2a76b17d2513dff9_.jpg
[SKIP] 07ef3aa62e7151fa2c3ecf703aa055ac_.jpg | temp_file_disappeared_after_3_attempts
[OK] afab2727ce0a953e898fc99e65931e6b.dat | cliente=1 | banco=AMD | valor=2688.0 | data=28/07/2026 12:36 | sink=staged | resolution=direct_image | verification=CONFIRMADO | manual_open_to_claim_ms=1353 | open_ms=13 | prep_ms=41 | ocr_ms=1063 | parse_ms=1 | manual_open_to_ingest_ms=2485
[SINK] committed | file_id=16864dc0306decb37689e144b2672ce1d2930b0e | msg=- | talker=- | create_time=0 | sheet=Página1 | row=19 | ingest_to_commit_ms=903 | manual_open_to_commit_ms=3388
[RETRY] 9ff15e3afd3e56d42fabd50e908aaec4_.jpg | attempt=2 | err=FileNotFoundError: Resolved file disappeared: C:\Users\Felipe\Documents\WeChat Files\wxid_xd3703k0ih2p22\FileStorage\Temp\9ff15e3afd3e56d42fabd50e908aaec4_.jpg
[RETRY] e43481c8077bd2785734f83ab2bb18be_.jpg | attempt=1 | err=FileNotFoundError: Resolved file disappeared: C:\Users\Felipe\Documents\WeChat Files\wxid_xd3703k0ih2p22\FileStorage\Temp\e43481c8077bd2785734f83ab2bb18be_.jpg
[SKIP] 58087eec195e46769b76e40a67b88eb9_.jpg | temp_file_disappeared_after_3_attempts
[RETRY] 390789bd5cc5dc5a5bb15cf759e96adc_.jpg | attempt=2 | err=FileNotFoundError: Resolved file disappeared: C:\Users\Felipe\Documents\WeChat Files\wxid_xd3703k0ih2p22\FileStorage\Temp\390789bd5cc5dc5a5bb15cf759e96adc_.jpg
[OK] 4bbb87286fb184f8adb47178ea052955.dat | cliente=1 | banco=AMD | valor=96.0 | data=28/07/2026 12:52 | sink=staged | resolution=direct_image | verification=CONFIRMADO | manual_open_to_claim_ms=2141 | open_ms=15 | prep_ms=42 | ocr_ms=1359 | parse_ms=1 | manual_open_to_ingest_ms=3569
[SINK] committed | file_id=46edc4c4c9903d99f6104dfa21431845ebf489ee | msg=- | talker=- | create_time=0 | sheet=Página1 | row=20 | ingest_to_commit_ms=1093 | manual_open_to_commit_ms=4661
[RETRY] 6fa72f853f95db9111b933fc39fdb03d_.jpg | attempt=1 | err=FileNotFoundError: Resolved file disappeared: C:\Users\Felipe\Documents\WeChat Files\wxid_xd3703k0ih2p22\FileStorage\Temp\6fa72f853f95db9111b933fc39fdb03d_.jpg
[SKIP] 944185531c17721a2d5f1ce37b1aa941_.jpg | temp_file_disappeared_after_3_attempts
[RETRY] 736b4a9f5eb6bbcfc467e302ad2bf690_.jpg | attempt=2 | err=FileNotFoundError: Resolved file disappeared: C:\Users\Felipe\Documents\WeChat Files\wxid_xd3703k0ih2p22\FileStorage\Temp\736b4a9f5eb6bbcfc467e302ad2bf690_.jpg
[OK] 4b5a15292df4d135638f752efb4d32e8.dat | cliente=1 | banco=AMD | valor=580.0 | data=28/07/2026 14:16 | sink=staged | resolution=direct_image | verification=CONFIRMADO | manual_open_to_claim_ms=2145 | open_ms=15 | prep_ms=41 | ocr_ms=1171 | parse_ms=1 | manual_open_to_ingest_ms=3384
[SINK] committed | file_id=a12940becc364b0755a2433455d18bba72f48e75 | msg=- | talker=- | create_time=0 | sheet=Página1 | row=21 | ingest_to_commit_ms=907 | manual_open_to_commit_ms=4291
[RETRY] 40134d05564a80157857430f3e2bb41f_.jpg | attempt=1 | err=FileNotFoundError: Resolved file disappeared: C:\Users\Felipe\Documents\WeChat Files\wxid_xd3703k0ih2p22\FileStorage\Temp\40134d05564a80157857430f3e2bb41f_.jpg
[SKIP] 1d8c78d4a107f0802782f4006ae96146_.jpg | temp_file_disappeared_after_3_attempts
[RETRY] a2a5092ca23175bc2a76b17d2513dff9_.jpg | attempt=2 | err=FileNotFoundError: Resolved file disappeared: C:\Users\Felipe\Documents\WeChat Files\wxid_xd3703k0ih2p22\FileStorage\Temp\a2a5092ca23175bc2a76b17d2513dff9_.jpg
[OK] 004c4fb652eb650725cbaf570c5aceab.dat | cliente=1 | banco=AMD | valor=521.0 | data=28/07/2026 14:24 | sink=staged | resolution=direct_image | verification=CONFIRMADO | manual_open_to_claim_ms=1750 | open_ms=14 | prep_ms=42 | ocr_ms=1573 | parse_ms=1 | manual_open_to_ingest_ms=3390
[SINK] committed | file_id=0722083e96dbd4c09e0b39943ff12fe6e072dd3b | msg=- | talker=- | create_time=0 | sheet=Página1 | row=22 | ingest_to_commit_ms=906 | manual_open_to_commit_ms=4296
[RETRY] 0abea83c81f55bafb17797bba83a42ee_.jpg | attempt=1 | err=FileNotFoundError: Resolved file disappeared: C:\Users\Felipe\Documents\WeChat Files\wxid_xd3703k0ih2p22\FileStorage\Temp\0abea83c81f55bafb17797bba83a42ee_.jpg
[SKIP] b36466346aa7f135e22c33e2f0772c3e_.jpg | temp_file_disappeared_after_3_attempts
[RETRY] e43481c8077bd2785734f83ab2bb18be_.jpg | attempt=2 | err=FileNotFoundError: Resolved file disappeared: C:\Users\Felipe\Documents\WeChat Files\wxid_xd3703k0ih2p22\FileStorage\Temp\e43481c8077bd2785734f83ab2bb18be_.jpg
[OK] 61c5bd73d0c64aa1551445a3ec575d33.dat | cliente=1 | banco=AMD | valor=4307.0 | data=28/07/2026 14:11 | sink=staged | resolution=direct_image | verification=CONFIRMADO | manual_open_to_claim_ms=1805 | open_ms=14 | prep_ms=41 | ocr_ms=681 | parse_ms=1 | manual_open_to_ingest_ms=2551
[SINK] committed | file_id=16e7295942833fbd37bc9e11e013ad8b56b10c8c | msg=- | talker=- | create_time=0 | sheet=Página1 | row=23 | ingest_to_commit_ms=883 | manual_open_to_commit_ms=3434
[RETRY] ec604c0b6309b387cd6f123c01fb9d1a_.jpg | attempt=1 | err=FileNotFoundError: Resolved file disappeared: C:\Users\Felipe\Documents\WeChat Files\wxid_xd3703k0ih2p22\FileStorage\Temp\ec604c0b6309b387cd6f123c01fb9d1a_.jpg
[SKIP] 38fd4faacbfa03972879da0913a13b83_.jpg | temp_file_disappeared_after_3_attempts
[RETRY] 6fa72f853f95db9111b933fc39fdb03d_.jpg | attempt=2 | err=FileNotFoundError: Resolved file disappeared: C:\Users\Felipe\Documents\WeChat Files\wxid_xd3703k0ih2p22\FileStorage\Temp\6fa72f853f95db9111b933fc39fdb03d_.jpg
[OK] 3eb44169b8a1fd9c9e78e247d4c44fcc.dat | cliente=1 | banco=AMD | valor=2371.0 | data=28/07/2026 14:59 | sink=staged | resolution=direct_image | verification=CONFIRMADO | manual_open_to_claim_ms=2149 | open_ms=15 | prep_ms=41 | ocr_ms=1969 | parse_ms=1 | manual_open_to_ingest_ms=4187
[SINK] committed | file_id=13113f65896376ee0dd263c8f6b2a7a2e7d3c74a | msg=- | talker=- | create_time=0 | sheet=Página1 | row=24 | ingest_to_commit_ms=875 | manual_open_to_commit_ms=5063
[SKIP] 978c7ebbb6dfdac106d34db55c60f698_.jpg | temp_file_disappeared_after_3_attempts
[RETRY] 61f4f88068e4239f390a5f9758c32223_.jpg | attempt=1 | err=FileNotFoundError: Resolved file disappeared: C:\Users\Felipe\Documents\WeChat Files\wxid_xd3703k0ih2p22\FileStorage\Temp\61f4f88068e4239f390a5f9758c32223_.jpg
[RETRY] 40134d05564a80157857430f3e2bb41f_.jpg | attempt=2 | err=FileNotFoundError: Resolved file disappeared: C:\Users\Felipe\Documents\WeChat Files\wxid_xd3703k0ih2p22\FileStorage\Temp\40134d05564a80157857430f3e2bb41f_.jpg
[SCAN] reconcile complete | queued_or_refreshed=17
[OK] 1c4508313b946ed838c9db28a239779c.dat | cliente=1 | banco=AMD | valor=2003.0 | data=28/07/2026 16:12 | sink=staged | resolution=direct_image | verification=CONFIRMADO | manual_open_to_claim_ms=3947 | open_ms=15 | prep_ms=42 | ocr_ms=1604 | parse_ms=2 | manual_open_to_ingest_ms=5624
[SINK] committed | file_id=e5aed25185897124df7c1aca83ed0f3b23b1ff16 | msg=- | talker=- | create_time=0 | sheet=Página1 | row=25 | ingest_to_commit_ms=876 | manual_open_to_commit_ms=6500
[RETRY] fd7bbc4bb6e2de404d2bdc43ad39c8a4_.jpg | attempt=1 | err=FileNotFoundError: Resolved file disappeared: C:\Users\Felipe\Documents\WeChat Files\wxid_xd3703k0ih2p22\FileStorage\Temp\fd7bbc4bb6e2de404d2bdc43ad39c8a4_.jpg
[RETRY] 0abea83c81f55bafb17797bba83a42ee_.jpg | attempt=2 | err=FileNotFoundError: Resolved file disappeared: C:\Users\Felipe\Documents\WeChat Files\wxid_xd3703k0ih2p22\FileStorage\Temp\0abea83c81f55bafb17797bba83a42ee_.jpg
[OK] 449bf3094a06502fc75c313a728ed986.dat | cliente=1 | banco=AMD | valor=33000.0 | data=28/07/2026 16:02 | sink=staged | resolution=direct_image | verification=CONFIRMADO | manual_open_to_claim_ms=1445 | open_ms=15 | prep_ms=42 | ocr_ms=786 | parse_ms=1 | manual_open_to_ingest_ms=2299
[SINK] committed | file_id=7551dc8c4293388fb4de2cfa1c8c4b4ea8cd258a | msg=- | talker=- | create_time=0 | sheet=Página1 | row=26 | ingest_to_commit_ms=860 | manual_open_to_commit_ms=3159
[SKIP] 9ff15e3afd3e56d42fabd50e908aaec4_.jpg | temp_file_disappeared_after_3_attempts
[RETRY] 39ee38218970abc2401fc93fb4455869_.jpg | attempt=1 | err=FileNotFoundError: Resolved file disappeared: C:\Users\Felipe\Documents\WeChat Files\wxid_xd3703k0ih2p22\FileStorage\Temp\39ee38218970abc2401fc93fb4455869_.jpg
[SKIP] 390789bd5cc5dc5a5bb15cf759e96adc_.jpg | temp_file_disappeared_after_3_attempts
[RETRY] ec604c0b6309b387cd6f123c01fb9d1a_.jpg | attempt=2 | err=FileNotFoundError: Resolved file disappeared: C:\Users\Felipe\Documents\WeChat Files\wxid_xd3703k0ih2p22\FileStorage\Temp\ec604c0b6309b387cd6f123c01fb9d1a_.jpg
[OK] 00b20bb1f376058fe7da3ea9ed923507.dat | cliente=1 | banco=AMD | valor=6200.0 | data=28/07/2026 16:29 | sink=staged | resolution=direct_image | verification=CONFIRMADO | manual_open_to_claim_ms=1845 | open_ms=13 | prep_ms=41 | ocr_ms=1696 | parse_ms=1 | manual_open_to_ingest_ms=3607
[SINK] committed | file_id=d8cef1a4b90272db3b9fd112187570cc6429be2a | msg=- | talker=- | create_time=0 | sheet=Página1 | row=27 | ingest_to_commit_ms=973 | manual_open_to_commit_ms=4580
[RETRY] 6cac5dde9c016111a13837f263e51548_.jpg | attempt=1 | err=FileNotFoundError: Resolved file disappeared: C:\Users\Felipe\Documents\WeChat Files\wxid_xd3703k0ih2p22\FileStorage\Temp\6cac5dde9c016111a13837f263e51548_.jpg
[SKIP] 736b4a9f5eb6bbcfc467e302ad2bf690_.jpg | temp_file_disappeared_after_3_attempts
[RETRY] 61f4f88068e4239f390a5f9758c32223_.jpg | attempt=2 | err=FileNotFoundError: Resolved file disappeared: C:\Users\Felipe\Documents\WeChat Files\wxid_xd3703k0ih2p22\FileStorage\Temp\61f4f88068e4239f390a5f9758c32223_.jpg
[OK] b926d01909776706275eaea2a46793df.dat | cliente=1 | banco=AMD | valor=112.0 | data=28/07/2026 16:30 | sink=staged | resolution=direct_image | verification=CONFIRMADO | manual_open_to_claim_ms=2152 | open_ms=15 | prep_ms=43 | ocr_ms=1827 | parse_ms=1 | manual_open_to_ingest_ms=4050
[SINK] committed | file_id=9becb37eb70bbc0c966d559d5ce2153e06570231 | msg=- | talker=- | create_time=0 | sheet=Página1 | row=28 | ingest_to_commit_ms=1134 | manual_open_to_commit_ms=5184
[SKIP] a2a5092ca23175bc2a76b17d2513dff9_.jpg | temp_file_disappeared_after_3_attempts
[RETRY] 3e5d1131d7cff09d2a4da18bfea7d099_.jpg | attempt=1 | err=FileNotFoundError: Resolved file disappeared: C:\Users\Felipe\Documents\WeChat Files\wxid_xd3703k0ih2p22\FileStorage\Temp\3e5d1131d7cff09d2a4da18bfea7d099_.jpg
[OK] 151e979f3fabac2992add9c7373cc73f.dat | cliente=1 | banco=AMD | valor=1527.0 | data=28/07/2026 16:20 | sink=staged | resolution=direct_image | verification=CONFIRMADO | manual_open_to_claim_ms=1323 | open_ms=13 | prep_ms=41 | ocr_ms=1404 | parse_ms=1 | manual_open_to_ingest_ms=2795
[SINK] committed | file_id=4031be28f3229f96c534c6103dbb46bd40a66627 | msg=- | talker=- | create_time=0 | sheet=Página1 | row=29 | ingest_to_commit_ms=870 | manual_open_to_commit_ms=3665
[RETRY] fd7bbc4bb6e2de404d2bdc43ad39c8a4_.jpg | attempt=2 | err=FileNotFoundError: Resolved file disappeared: C:\Users\Felipe\Documents\WeChat Files\wxid_xd3703k0ih2p22\FileStorage\Temp\fd7bbc4bb6e2de404d2bdc43ad39c8a4_.jpg
[RETRY] b809da7a9f6ee5dedce60931dc90f64d_.jpg | attempt=1 | err=FileNotFoundError: Resolved file disappeared: C:\Users\Felipe\Documents\WeChat Files\wxid_xd3703k0ih2p22\FileStorage\Temp\b809da7a9f6ee5dedce60931dc90f64d_.jpg
[SKIP] e43481c8077bd2785734f83ab2bb18be_.jpg | temp_file_disappeared_after_3_attempts
[RETRY] 39ee38218970abc2401fc93fb4455869_.jpg | attempt=2 | err=FileNotFoundError: Resolved file disappeared: C:\Users\Felipe\Documents\WeChat Files\wxid_xd3703k0ih2p22\FileStorage\Temp\39ee38218970abc2401fc93fb4455869_.jpg
[OK] 0950ef5b7d224e694161c9b7b7696999.dat | cliente=1 | banco=AMD | valor=2765.0 | data=28/07/2026 15:48 | sink=staged | resolution=direct_image | verification=CONFIRMADO | manual_open_to_claim_ms=1208 | open_ms=13 | prep_ms=41 | ocr_ms=912 | parse_ms=1 | manual_open_to_ingest_ms=2186
[SINK] committed | file_id=664fde1a6911c9d63c8f3b607bfefa4cefdd7840 | msg=- | talker=- | create_time=0 | sheet=Página1 | row=30 | ingest_to_commit_ms=1137 | manual_open_to_commit_ms=3323
[RETRY] bd84e463555978c4e39477b03dffe62f_.jpg | attempt=1 | err=FileNotFoundError: Resolved file disappeared: C:\Users\Felipe\Documents\WeChat Files\wxid_xd3703k0ih2p22\FileStorage\Temp\bd84e463555978c4e39477b03dffe62f_.jpg
[SKIP] 6fa72f853f95db9111b933fc39fdb03d_.jpg | temp_file_disappeared_after_3_attempts
[RETRY] 6cac5dde9c016111a13837f263e51548_.jpg | attempt=2 | err=FileNotFoundError: Resolved file disappeared: C:\Users\Felipe\Documents\WeChat Files\wxid_xd3703k0ih2p22\FileStorage\Temp\6cac5dde9c016111a13837f263e51548_.jpg
[OK] d391d7eb15111dc215c32bbf9ca8ba74.dat | cliente=1 | banco=AMD | valor=32.0 | data=28/07/2026 16:57 | sink=staged | resolution=direct_image | verification=CONFIRMADO | manual_open_to_claim_ms=2054 | open_ms=15 | prep_ms=41 | ocr_ms=1057 | parse_ms=1 | manual_open_to_ingest_ms=3178
[SINK] committed | file_id=dfe98a51a102eaf5fdacd36842c2670d65e240cf | msg=- | talker=- | create_time=0 | sheet=Página1 | row=31 | ingest_to_commit_ms=949 | manual_open_to_commit_ms=4127
[RETRY] 9be29d15339891053e302c7ab4f2743c_.jpg | attempt=1 | err=FileNotFoundError: Resolved file disappeared: C:\Users\Felipe\Documents\WeChat Files\wxid_xd3703k0ih2p22\FileStorage\Temp\9be29d15339891053e302c7ab4f2743c_.jpg
[HOLD] VALEG + OUT 28.07.2026.pdf | grupo_sem_mapa=SEM_GRUPO
[HOLD] Saldo  cliente 28.07.26.pdf | grupo_sem_mapa=SEM_GRUPO
[SKIP] 40134d05564a80157857430f3e2bb41f_.jpg | temp_file_disappeared_after_3_attempts
[RETRY] 3e5d1131d7cff09d2a4da18bfea7d099_.jpg | attempt=2 | err=FileNotFoundError: Resolved file disappeared: C:\Users\Felipe\Documents\WeChat Files\wxid_xd3703k0ih2p22\FileStorage\Temp\3e5d1131d7cff09d2a4da18bfea7d099_.jpg
[OK] 75a942c291a0593c503e87f2e1a47457.dat | cliente=1 | banco=AMD | valor=10800.0 | data=28/07/2026 10:22 | sink=staged | resolution=direct_image | verification=CONFIRMADO | manual_open_to_claim_ms=1672 | open_ms=6 | prep_ms=1 | ocr_ms=1756 | parse_ms=1 | manual_open_to_ingest_ms=3439
[SINK] committed | file_id=161fa6e65223305ffb2e02bf98977202993076cb | msg=- | talker=- | create_time=0 | sheet=Página1 | row=32 | ingest_to_commit_ms=921 | manual_open_to_commit_ms=4360
[RETRY] 1b8feba0b3d5e1facee608570c04ab32_.jpg | attempt=1 | err=FileNotFoundError: Resolved file disappeared: C:\Users\Felipe\Documents\WeChat Files\wxid_xd3703k0ih2p22\FileStorage\Temp\1b8feba0b3d5e1facee608570c04ab32_.jpg
[SKIP] 0abea83c81f55bafb17797bba83a42ee_.jpg | temp_file_disappeared_after_3_attempts
[RETRY] b809da7a9f6ee5dedce60931dc90f64d_.jpg | attempt=2 | err=FileNotFoundError: Resolved file disappeared: C:\Users\Felipe\Documents\WeChat Files\wxid_xd3703k0ih2p22\FileStorage\Temp\b809da7a9f6ee5dedce60931dc90f64d_.jpg
[OK] 192f663f712c5e1792dbce86f18eae1f.dat | cliente=1 | banco=AMD | valor=9200.0 | data=28/07/2026 10:25 | sink=staged | resolution=direct_image | verification=CONFIRMADO | manual_open_to_claim_ms=1836 | open_ms=7 | prep_ms=1 | ocr_ms=933 | parse_ms=1 | manual_open_to_ingest_ms=2782
[SINK] committed | file_id=ac23a8d4a0b52e1a8edf1c25a14cfcef0e60a711 | msg=- | talker=- | create_time=0 | sheet=Página1 | row=33 | ingest_to_commit_ms=896 | manual_open_to_commit_ms=3678
[RETRY] 78311695faafb46654d698ef757acd92_.jpg | attempt=1 | err=FileNotFoundError: Resolved file disappeared: C:\Users\Felipe\Documents\WeChat Files\wxid_xd3703k0ih2p22\FileStorage\Temp\78311695faafb46654d698ef757acd92_.jpg
[SKIP] ec604c0b6309b387cd6f123c01fb9d1a_.jpg | temp_file_disappeared_after_3_attempts
[RETRY] bd84e463555978c4e39477b03dffe62f_.jpg | attempt=2 | err=FileNotFoundError: Resolved file disappeared: C:\Users\Felipe\Documents\WeChat Files\wxid_xd3703k0ih2p22\FileStorage\Temp\bd84e463555978c4e39477b03dffe62f_.jpg
[OK] 47d902175d621409ef38bb33ff2ae64f.dat | cliente=1 | banco=AMD | valor=10000.0 | data=28/07/2026 10:39 | sink=staged | resolution=direct_image | verification=CONFIRMADO | manual_open_to_claim_ms=1181 | open_ms=11 | prep_ms=33 | ocr_ms=1475 | parse_ms=1 | manual_open_to_ingest_ms=2707
[SINK] committed | file_id=9401a5b555475b5279e4cba57f2ced6b01ce1410 | msg=- | talker=- | create_time=0 | sheet=Página1 | row=34 | ingest_to_commit_ms=965 | manual_open_to_commit_ms=3672
[RETRY] 3dea35fe1f919dc47680252485dc90b6_.jpg | attempt=1 | err=FileNotFoundError: Resolved file disappeared: C:\Users\Felipe\Documents\WeChat Files\wxid_xd3703k0ih2p22\FileStorage\Temp\3dea35fe1f919dc47680252485dc90b6_.jpg
[SKIP] 61f4f88068e4239f390a5f9758c32223_.jpg | temp_file_disappeared_after_3_attempts
[RETRY] 9be29d15339891053e302c7ab4f2743c_.jpg | attempt=2 | err=FileNotFoundError: Resolved file disappeared: C:\Users\Felipe\Documents\WeChat Files\wxid_xd3703k0ih2p22\FileStorage\Temp\9be29d15339891053e302c7ab4f2743c_.jpg
[OK] 2f2b66793160c1ceee1cf9fe5a0d2a5e.dat | cliente=1 | banco=AMD | valor=14000.0 | data=28/07/2026 10:40 | sink=staged | resolution=direct_image | verification=CONFIRMADO | manual_open_to_claim_ms=1086 | open_ms=8 | prep_ms=21 | ocr_ms=1238 | parse_ms=1 | manual_open_to_ingest_ms=2362
[SINK] committed | file_id=0c2e1fff9d2e605d89f182ffc161eb4048831524 | msg=- | talker=- | create_time=0 | sheet=Página1 | row=35 | ingest_to_commit_ms=890 | manual_open_to_commit_ms=3251
[SCAN] reconcile complete | queued_or_refreshed=17
[RETRY] 6a09c3ea6b89a2223d65a8f46240cac7_.jpg | attempt=1 | err=FileNotFoundError: Resolved file disappeared: C:\Users\Felipe\Documents\WeChat Files\wxid_xd3703k0ih2p22\FileStorage\Temp\6a09c3ea6b89a2223d65a8f46240cac7_.jpg
[RETRY] 1b8feba0b3d5e1facee608570c04ab32_.jpg | attempt=2 | err=FileNotFoundError: Resolved file disappeared: C:\Users\Felipe\Documents\WeChat Files\wxid_xd3703k0ih2p22\FileStorage\Temp\1b8feba0b3d5e1facee608570c04ab32_.jpg
[SKIP] fd7bbc4bb6e2de404d2bdc43ad39c8a4_.jpg | temp_file_disappeared_after_3_attempts
[OK] 74c4e322057da9fe7e1662399050eff1.dat | cliente=1 | banco=AMD | valor=6000.0 | data=28/07/2026 10:42 | sink=staged | resolution=direct_image | verification=CONFIRMADO | manual_open_to_claim_ms=2180 | open_ms=8 | prep_ms=21 | ocr_ms=1267 | parse_ms=1 | manual_open_to_ingest_ms=3483
[SINK] committed | file_id=c3f73796e563c443b6266df80b973157ad1389ce | msg=- | talker=- | create_time=0 | sheet=Página1 | row=36 | ingest_to_commit_ms=953 | manual_open_to_commit_ms=4436
[SKIP] 39ee38218970abc2401fc93fb4455869_.jpg | temp_file_disappeared_after_3_attempts
[RETRY] f30f86bf8ab302fd7d31c359aa47516f_.jpg | attempt=1 | err=FileNotFoundError: Resolved file disappeared: C:\Users\Felipe\Documents\WeChat Files\wxid_xd3703k0ih2p22\FileStorage\Temp\f30f86bf8ab302fd7d31c359aa47516f_.jpg
[RETRY] 78311695faafb46654d698ef757acd92_.jpg | attempt=2 | err=FileNotFoundError: Resolved file disappeared: C:\Users\Felipe\Documents\WeChat Files\wxid_xd3703k0ih2p22\FileStorage\Temp\78311695faafb46654d698ef757acd92_.jpg
[OK] 27fccbdb4e78b91bc2fafd1056781568.dat | cliente=1 | banco=AMD | valor=1600.0 | data=28/07/2026 11:06 | sink=staged | resolution=direct_image | verification=CONFIRMADO | manual_open_to_claim_ms=1904 | open_ms=15 | prep_ms=38 | ocr_ms=1739 | parse_ms=1 | manual_open_to_ingest_ms=3707
[SINK] committed | file_id=b9f64c16a062ea93a4a7b68fb5f43fb6a43c6a18 | msg=- | talker=- | create_time=0 | sheet=Página1 | row=37 | ingest_to_commit_ms=1017 | manual_open_to_commit_ms=4724
[RETRY] 507a455e64d46b1a43e0494235ae69d3_.jpg | attempt=1 | err=FileNotFoundError: Resolved file disappeared: C:\Users\Felipe\Documents\WeChat Files\wxid_xd3703k0ih2p22\FileStorage\Temp\507a455e64d46b1a43e0494235ae69d3_.jpg
[SKIP] 6cac5dde9c016111a13837f263e51548_.jpg | temp_file_disappeared_after_3_attempts
[RETRY] 3dea35fe1f919dc47680252485dc90b6_.jpg | attempt=2 | err=FileNotFoundError: Resolved file disappeared: C:\Users\Felipe\Documents\WeChat Files\wxid_xd3703k0ih2p22\FileStorage\Temp\3dea35fe1f919dc47680252485dc90b6_.jpg
[OK] 0d789f683b9d18ddd453dc12ca314a51.dat | cliente=1 | banco=AMD | valor=411.0 | data=28/07/2026 11:06 | sink=staged | resolution=direct_image | verification=CONFIRMADO | manual_open_to_claim_ms=2181 | open_ms=3 | prep_ms=0 | ocr_ms=1131 | parse_ms=1 | manual_open_to_ingest_ms=3318
[SINK] committed | file_id=fb3985e802bd103e235e6a894f0b7c466b3cac2b | msg=- | talker=- | create_time=0 | sheet=Página1 | row=38 | ingest_to_commit_ms=910 | manual_open_to_commit_ms=4228
[RETRY] ade7519a7742018cf896c7b231e47b0b_.jpg | attempt=1 | err=FileNotFoundError: Resolved file disappeared: C:\Users\Felipe\Documents\WeChat Files\wxid_xd3703k0ih2p22\FileStorage\Temp\ade7519a7742018cf896c7b231e47b0b_.jpg
[SKIP] 3e5d1131d7cff09d2a4da18bfea7d099_.jpg | temp_file_disappeared_after_3_attempts
[RETRY] 6a09c3ea6b89a2223d65a8f46240cac7_.jpg | attempt=2 | err=FileNotFoundError: Resolved file disappeared: C:\Users\Felipe\Documents\WeChat Files\wxid_xd3703k0ih2p22\FileStorage\Temp\6a09c3ea6b89a2223d65a8f46240cac7_.jpg
[OK] a07aec8c1ecc7db61d5b94557232e343.dat | cliente=1 | banco=AMD | valor=1016.0 | data=28/07/2026 14:04 | sink=staged | resolution=direct_image | verification=CONFIRMADO | manual_open_to_claim_ms=1713 | open_ms=13 | prep_ms=37 | ocr_ms=960 | parse_ms=1 | manual_open_to_ingest_ms=2733
[SINK] committed | file_id=b0239699b708fc435abe1761978853c0fbf5798a | msg=- | talker=- | create_time=0 | sheet=Página1 | row=39 | ingest_to_commit_ms=916 | manual_open_to_commit_ms=3649
[RETRY] 803992f98f53114d9c23e7ea86d74e62_.jpg | attempt=1 | err=FileNotFoundError: Resolved file disappeared: C:\Users\Felipe\Documents\WeChat Files\wxid_xd3703k0ih2p22\FileStorage\Temp\803992f98f53114d9c23e7ea86d74e62_.jpg
[SKIP] b809da7a9f6ee5dedce60931dc90f64d_.jpg | temp_file_disappeared_after_3_attempts
[RETRY] f30f86bf8ab302fd7d31c359aa47516f_.jpg | attempt=2 | err=FileNotFoundError: Resolved file disappeared: C:\Users\Felipe\Documents\WeChat Files\wxid_xd3703k0ih2p22\FileStorage\Temp\f30f86bf8ab302fd7d31c359aa47516f_.jpg
[OK] c09856923b03bcdf159b4d8803299486.dat | cliente=1 | banco=AMD | valor=1930.0 | data=28/07/2026 14:06 | sink=staged | resolution=direct_image | verification=CONFIRMADO | manual_open_to_claim_ms=1079 | open_ms=6 | prep_ms=1 | ocr_ms=1359 | parse_ms=1 | manual_open_to_ingest_ms=2450
[SINK] committed | file_id=2da36716a85ecf4eed1a34e7baa2679931cee591 | msg=- | talker=- | create_time=0 | sheet=Página1 | row=40 | ingest_to_commit_ms=937 | manual_open_to_commit_ms=3387
[RETRY] a0443cb4469b538cfbda24e69fb03334_.jpg | attempt=1 | err=FileNotFoundError: Resolved file disappeared: C:\Users\Felipe\Documents\WeChat Files\wxid_xd3703k0ih2p22\FileStorage\Temp\a0443cb4469b538cfbda24e69fb03334_.jpg
[SKIP] bd84e463555978c4e39477b03dffe62f_.jpg | temp_file_disappeared_after_3_attempts
[RETRY] 507a455e64d46b1a43e0494235ae69d3_.jpg | attempt=2 | err=FileNotFoundError: Resolved file disappeared: C:\Users\Felipe\Documents\WeChat Files\wxid_xd3703k0ih2p22\FileStorage\Temp\507a455e64d46b1a43e0494235ae69d3_.jpg
[OK] 18303121e3e01983942aa1e5c8a4e927.dat | cliente=1 | banco=AMD | valor=3225.0 | data=28/07/2026 14:26 | sink=staged | resolution=direct_image | verification=CONFIRMADO | manual_open_to_claim_ms=2123 | open_ms=7 | prep_ms=1 | ocr_ms=1128 | parse_ms=1 | manual_open_to_ingest_ms=3265
[SINK] committed | file_id=92d2336e7a71232cf955a947cb57e87001c71bc7 | msg=- | talker=- | create_time=0 | sheet=Página1 | row=41 | ingest_to_commit_ms=949 | manual_open_to_commit_ms=4214
[RETRY] c789ec597f287c7e7b0a3dae37245b42_.jpg | attempt=1 | err=FileNotFoundError: Resolved file disappeared: C:\Users\Felipe\Documents\WeChat Files\wxid_xd3703k0ih2p22\FileStorage\Temp\c789ec597f287c7e7b0a3dae37245b42_.jpg
[SKIP] 9be29d15339891053e302c7ab4f2743c_.jpg | temp_file_disappeared_after_3_attempts
[RETRY] ade7519a7742018cf896c7b231e47b0b_.jpg | attempt=2 | err=FileNotFoundError: Resolved file disappeared: C:\Users\Felipe\Documents\WeChat Files\wxid_xd3703k0ih2p22\FileStorage\Temp\ade7519a7742018cf896c7b231e47b0b_.jpg
[OK] af98d2d59025df83e73ce6f17962870d.dat | cliente=1 | banco=AMD | valor=10000.0 | data=28/07/2026 14:16 | sink=staged | resolution=direct_image | verification=CONFIRMADO | manual_open_to_claim_ms=1671 | open_ms=10 | prep_ms=28 | ocr_ms=971 | parse_ms=1 | manual_open_to_ingest_ms=2688
[SINK] committed | file_id=e7ab9d15c0a42f8c999476d7b7cc29f076674f34 | msg=- | talker=- | create_time=0 | sheet=Página1 | row=42 | ingest_to_commit_ms=984 | manual_open_to_commit_ms=3672
[RETRY] d9e21199e6bb60ce347a33574f4d3a19_.jpg | attempt=1 | err=FileNotFoundError: Resolved file disappeared: C:\Users\Felipe\Documents\WeChat Files\wxid_xd3703k0ih2p22\FileStorage\Temp\d9e21199e6bb60ce347a33574f4d3a19_.jpg
[SKIP] 1b8feba0b3d5e1facee608570c04ab32_.jpg | temp_file_disappeared_after_3_attempts
[RETRY] 803992f98f53114d9c23e7ea86d74e62_.jpg | attempt=2 | err=FileNotFoundError: Resolved file disappeared: C:\Users\Felipe\Documents\WeChat Files\wxid_xd3703k0ih2p22\FileStorage\Temp\803992f98f53114d9c23e7ea86d74e62_.jpg
[OK] 64bfd3d5e2e7820d83be4ec75f2f06eb.dat | cliente=1 | banco=AMD | valor=570.0 | data=28/07/2026 14:42 | sink=staged | resolution=direct_image | verification=CONFIRMADO | manual_open_to_claim_ms=1120 | open_ms=12 | prep_ms=35 | ocr_ms=1533 | parse_ms=1 | manual_open_to_ingest_ms=2709
[SINK] committed | file_id=a6bdc97ac4bfdba7f6f0663399be4e37ec068281 | msg=- | talker=- | create_time=0 | sheet=Página1 | row=43 | ingest_to_commit_ms=933 | manual_open_to_commit_ms=3643
[RETRY] 7c630fa77fe41ec2a29b2a2c4f9d8ea4_.jpg | attempt=1 | err=FileNotFoundError: Resolved file disappeared: C:\Users\Felipe\Documents\WeChat Files\wxid_xd3703k0ih2p22\FileStorage\Temp\7c630fa77fe41ec2a29b2a2c4f9d8ea4_.jpg
[SKIP] 78311695faafb46654d698ef757acd92_.jpg | temp_file_disappeared_after_3_attempts
[RETRY] a0443cb4469b538cfbda24e69fb03334_.jpg | attempt=2 | err=FileNotFoundError: Resolved file disappeared: C:\Users\Felipe\Documents\WeChat Files\wxid_xd3703k0ih2p22\FileStorage\Temp\a0443cb4469b538cfbda24e69fb03334_.jpg
[OK] 6319d9ce53298ecc7a610cea201573ba.dat | cliente=1 | banco=AMD | valor=48496.0 | data=28/07/2026 14:41 | sink=staged | resolution=direct_image | verification=CONFIRMADO | manual_open_to_claim_ms=1145 | open_ms=12 | prep_ms=31 | ocr_ms=1519 | parse_ms=1 | manual_open_to_ingest_ms=2715
[SINK] committed | file_id=708653eb7c593f2583c1b3cc2f754bc991d9a3ba | msg=- | talker=- | create_time=0 | sheet=Página1 | row=44 | ingest_to_commit_ms=1002 | manual_open_to_commit_ms=3717
[RETRY] 949d5312071925869aca7480f5c49ce1_.jpg | attempt=1 | err=FileNotFoundError: Resolved file disappeared: C:\Users\Felipe\Documents\WeChat Files\wxid_xd3703k0ih2p22\FileStorage\Temp\949d5312071925869aca7480f5c49ce1_.jpg
[SKIP] 3dea35fe1f919dc47680252485dc90b6_.jpg | temp_file_disappeared_after_3_attempts
[RETRY] c789ec597f287c7e7b0a3dae37245b42_.jpg | attempt=2 | err=FileNotFoundError: Resolved file disappeared: C:\Users\Felipe\Documents\WeChat Files\wxid_xd3703k0ih2p22\FileStorage\Temp\c789ec597f287c7e7b0a3dae37245b42_.jpg
[INFO] VALEG + OUT 28.07.2026.pdf | grupo_sem_mapa=SEM_GRUPO mas prosseguindo (abertura manual/file_transfer)
[SKIP] VALEG + OUT 28.07.2026.pdf | not_receipt=TABULAR_TRANSFER_LIST
[INFO] Saldo  cliente 28.07.26.pdf | grupo_sem_mapa=SEM_GRUPO mas prosseguindo (abertura manual/file_transfer)
[SKIP] Saldo  cliente 28.07.26.pdf | not_receipt=BALANCE_SUMMARY
[OK] 4f59b67d01ad6930763c437ced643204.dat | cliente=1 | banco=AMD | valor=30000.0 | data=28/07/2026 14:02 | sink=staged | resolution=direct_image | verification=CONFIRMADO | manual_open_to_claim_ms=1327 | open_ms=5 | prep_ms=1 | ocr_ms=1580 | parse_ms=1 | manual_open_to_ingest_ms=2918
[SINK] committed | file_id=f85ee8030584895c9e48d2217239b5f2f8b1a9aa | msg=- | talker=- | create_time=0 | sheet=Página1 | row=45 | ingest_to_commit_ms=1176 | manual_open_to_commit_ms=4093
[SCAN] reconcile complete | queued_or_refreshed=17
[SKIP] 6a09c3ea6b89a2223d65a8f46240cac7_.jpg | temp_file_disappeared_after_3_attempts
[RETRY] d9e21199e6bb60ce347a33574f4d3a19_.jpg | attempt=2 | err=FileNotFoundError: Resolved file disappeared: C:\Users\Felipe\Documents\WeChat Files\wxid_xd3703k0ih2p22\FileStorage\Temp\d9e21199e6bb60ce347a33574f4d3a19_.jpg
[RETRY] 9c271f3e3be13fd420a250ce8e7de9b7_.jpg | attempt=1 | err=FileNotFoundError: Resolved file disappeared: C:\Users\Felipe\Documents\WeChat Files\wxid_xd3703k0ih2p22\FileStorage\Temp\9c271f3e3be13fd420a250ce8e7de9b7_.jpg
[OK] 35e346af771457aa1112f689febea035.dat | cliente=1 | banco=AMD | valor=10330.0 | data=27/07/2026 15:24 | sink=staged | resolution=direct_image | verification=CONFIRMADO | manual_open_to_claim_ms=1820 | open_ms=17 | prep_ms=35 | ocr_ms=1941 | parse_ms=1 | manual_open_to_ingest_ms=3826
[SINK] committed | file_id=ac72ef1ec50a77f3afd1bf460d4fc8f76a955e15 | msg=- | talker=- | create_time=0 | sheet=Página1 | row=46 | ingest_to_commit_ms=1460 | manual_open_to_commit_ms=5285
[RETRY] d504c9f5b1a48ea099c31fa96618c8aa_.jpg | attempt=1 | err=FileNotFoundError: Resolved file disappeared: C:\Users\Felipe\Documents\WeChat Files\wxid_xd3703k0ih2p22\FileStorage\Temp\d504c9f5b1a48ea099c31fa96618c8aa_.jpg
[SKIP] f30f86bf8ab302fd7d31c359aa47516f_.jpg | temp_file_disappeared_after_3_attempts
[RETRY] 7c630fa77fe41ec2a29b2a2c4f9d8ea4_.jpg | attempt=2 | err=FileNotFoundError: Resolved file disappeared: C:\Users\Felipe\Documents\WeChat Files\wxid_xd3703k0ih2p22\FileStorage\Temp\7c630fa77fe41ec2a29b2a2c4f9d8ea4_.jpg
[OK] 3302734e9565bb6ce1f7e4241aef086d.dat | cliente=1 | banco=AMD | valor=10000.0 | data=27/07/2026 15:25 | sink=staged | resolution=direct_image | verification=CONFIRMADO | manual_open_to_claim_ms=1502 | open_ms=17 | prep_ms=36 | ocr_ms=1509 | parse_ms=1 | manual_open_to_ingest_ms=3074
[SINK] committed | file_id=d7ab8956119720c6124cdbba40474552361f6647 | msg=- | talker=- | create_time=0 | sheet=Página1 | row=47 | ingest_to_commit_ms=1099 | manual_open_to_commit_ms=4172
[RETRY] 0bc5124a09cb3e2b8df18d17a067f8d3_.jpg | attempt=1 | err=FileNotFoundError: Resolved file disappeared: C:\Users\Felipe\Documents\WeChat Files\wxid_xd3703k0ih2p22\FileStorage\Temp\0bc5124a09cb3e2b8df18d17a067f8d3_.jpg
[SKIP] 507a455e64d46b1a43e0494235ae69d3_.jpg | temp_file_disappeared_after_3_attempts
[RETRY] 949d5312071925869aca7480f5c49ce1_.jpg | attempt=2 | err=FileNotFoundError: Resolved file disappeared: C:\Users\Felipe\Documents\WeChat Files\wxid_xd3703k0ih2p22\FileStorage\Temp\949d5312071925869aca7480f5c49ce1_.jpg
[OK] 48c823b7563e39db1b84c97160299d72.dat | cliente=1 | banco=AMD | valor=45000.0 | data=27/07/2026 15:24 | sink=staged | resolution=direct_image | verification=CONFIRMADO | manual_open_to_claim_ms=1682 | open_ms=22 | prep_ms=40 | ocr_ms=2657 | parse_ms=1 | manual_open_to_ingest_ms=4415
[SINK] committed | file_id=eba52b50a1cecdf7d3cee48e353c3480876909cd | msg=- | talker=- | create_time=0 | sheet=Página1 | row=48 | ingest_to_commit_ms=879 | manual_open_to_commit_ms=5293
[SKIP] ade7519a7742018cf896c7b231e47b0b_.jpg | temp_file_disappeared_after_3_attempts
[RETRY] a3904eb11e9db1426c805bfdb4276780_.jpg | attempt=1 | err=FileNotFoundError: Resolved file disappeared: C:\Users\Felipe\Documents\WeChat Files\wxid_xd3703k0ih2p22\FileStorage\Temp\a3904eb11e9db1426c805bfdb4276780_.jpg
[OK] d2b8944a3f65204cca7399a02ec10dcb.dat | cliente=1 | banco=AMD | valor=40000.0 | data=27/07/2026 15:18 | sink=staged | resolution=direct_image | verification=CONFIRMADO | manual_open_to_claim_ms=1429 | open_ms=22 | prep_ms=47 | ocr_ms=1951 | parse_ms=1 | manual_open_to_ingest_ms=3464
[SINK] committed | file_id=12c9502c7d1f7f1e702222ac2d2d8339aa7a5da8 | msg=- | talker=- | create_time=0 | sheet=Página1 | row=49 | ingest_to_commit_ms=899 | manual_open_to_commit_ms=4363
[RETRY] 9c271f3e3be13fd420a250ce8e7de9b7_.jpg | attempt=2 | err=FileNotFoundError: Resolved file disappeared: C:\Users\Felipe\Documents\WeChat Files\wxid_xd3703k0ih2p22\FileStorage\Temp\9c271f3e3be13fd420a250ce8e7de9b7_.jpg
[RETRY] be771055d70e78146de4ed611ac3a206_.jpg | attempt=1 | err=FileNotFoundError: Resolved file disappeared: C:\Users\Felipe\Documents\WeChat Files\wxid_xd3703k0ih2p22\FileStorage\Temp\be771055d70e78146de4ed611ac3a206_.jpg
[SKIP] 803992f98f53114d9c23e7ea86d74e62_.jpg | temp_file_disappeared_after_3_attempts
[RETRY] d504c9f5b1a48ea099c31fa96618c8aa_.jpg | attempt=2 | err=FileNotFoundError: Resolved file disappeared: C:\Users\Felipe\Documents\WeChat Files\wxid_xd3703k0ih2p22\FileStorage\Temp\d504c9f5b1a48ea099c31fa96618c8aa_.jpg
[OK] d18a854720e35183dca88dbae506d73a.dat | cliente=1 | banco=AMD | valor=3582.5 | data=28/07/2026 09:28 | sink=staged | resolution=direct_image | verification=CONFIRMADO | manual_open_to_claim_ms=1931 | open_ms=15 | prep_ms=41 | ocr_ms=1894 | parse_ms=2 | manual_open_to_ingest_ms=3896
[SINK] committed | file_id=dc17f27d1813c9b203fe17b7ddd6398cad13a308 | msg=- | talker=- | create_time=0 | sheet=Página1 | row=50 | ingest_to_commit_ms=1063 | manual_open_to_commit_ms=4959
[SKIP] a0443cb4469b538cfbda24e69fb03334_.jpg | temp_file_disappeared_after_3_attempts
[RETRY] 0bcdf5dd35bad06b6f2e20b3f4def4de_.jpg | attempt=1 | err=FileNotFoundError: Resolved file disappeared: C:\Users\Felipe\Documents\WeChat Files\wxid_xd3703k0ih2p22\FileStorage\Temp\0bcdf5dd35bad06b6f2e20b3f4def4de_.jpg
[RETRY] 0bc5124a09cb3e2b8df18d17a067f8d3_.jpg | attempt=2 | err=FileNotFoundError: Resolved file disappeared: C:\Users\Felipe\Documents\WeChat Files\wxid_xd3703k0ih2p22\FileStorage\Temp\0bc5124a09cb3e2b8df18d17a067f8d3_.jpg
[OK] 6037cbfe701040cdc1033532c436be18.dat | cliente=1 | banco=AMD | valor=2603.0 | data=28/07/2026 10:19 | sink=staged | resolution=direct_image | verification=CONFIRMADO | manual_open_to_claim_ms=1191 | open_ms=14 | prep_ms=41 | ocr_ms=1073 | parse_ms=1 | manual_open_to_ingest_ms=2332
[SINK] committed | file_id=10e2e82a0ded529d8480b06c88310590645eb2fd | msg=- | talker=- | create_time=0 | sheet=Página1 | row=51 | ingest_to_commit_ms=1088 | manual_open_to_commit_ms=3420
[RETRY] cd0d2106a63d715dee40b05a3333d6af_.jpg | attempt=1 | err=FileNotFoundError: Resolved file disappeared: C:\Users\Felipe\Documents\WeChat Files\wxid_xd3703k0ih2p22\FileStorage\Temp\cd0d2106a63d715dee40b05a3333d6af_.jpg
[SKIP] c789ec597f287c7e7b0a3dae37245b42_.jpg | temp_file_disappeared_after_3_attempts
[RETRY] a3904eb11e9db1426c805bfdb4276780_.jpg | attempt=2 | err=FileNotFoundError: Resolved file disappeared: C:\Users\Felipe\Documents\WeChat Files\wxid_xd3703k0ih2p22\FileStorage\Temp\a3904eb11e9db1426c805bfdb4276780_.jpg
[OK] e772e44f2de6e03bbad7f31b262c0ea8.dat | cliente=1 | banco=AMD | valor=5000.0 | data=28/07/2026 15:09 | sink=staged | resolution=direct_image | verification=CONFIRMADO | manual_open_to_claim_ms=2107 | open_ms=15 | prep_ms=43 | ocr_ms=1448 | parse_ms=1 | manual_open_to_ingest_ms=3625
[SINK] committed | file_id=164c5c1da768396423df25200fee5a4325f896a7 | msg=- | talker=- | create_time=0 | sheet=Página1 | row=52 | ingest_to_commit_ms=948 | manual_open_to_commit_ms=4573
[SKIP] d9e21199e6bb60ce347a33574f4d3a19_.jpg | temp_file_disappeared_after_3_attempts
[RETRY] e93de6eb0c51b147bc0c89d9c45fccf4_.jpg | attempt=1 | err=FileNotFoundError: Resolved file disappeared: C:\Users\Felipe\Documents\WeChat Files\wxid_xd3703k0ih2p22\FileStorage\Temp\e93de6eb0c51b147bc0c89d9c45fccf4_.jpg
[RETRY] be771055d70e78146de4ed611ac3a206_.jpg | attempt=2 | err=FileNotFoundError: Resolved file disappeared: C:\Users\Felipe\Documents\WeChat Files\wxid_xd3703k0ih2p22\FileStorage\Temp\be771055d70e78146de4ed611ac3a206_.jpg
[OK] a7af6766156bd6283e6008cee5ce5813.dat | cliente=1 | banco=AMD | valor=4000.0 | data=28/07/2026 14:32 | sink=staged | resolution=direct_image | verification=CONFIRMADO | manual_open_to_claim_ms=2001 | open_ms=16 | prep_ms=41 | ocr_ms=1636 | parse_ms=2 | manual_open_to_ingest_ms=3707
[SINK] committed | file_id=1840cc30646738bb112841665fa9e937110ce53b | msg=- | talker=- | create_time=0 | sheet=Página1 | row=53 | ingest_to_commit_ms=898 | manual_open_to_commit_ms=4605
[SKIP] 7c630fa77fe41ec2a29b2a2c4f9d8ea4_.jpg | temp_file_disappeared_after_3_attempts
[RETRY] 0cfda643999a4b3364f460cdb15b64a8_.jpg | attempt=1 | err=FileNotFoundError: Resolved file disappeared: C:\Users\Felipe\Documents\WeChat Files\wxid_xd3703k0ih2p22\FileStorage\Temp\0cfda643999a4b3364f460cdb15b64a8_.jpg
[RETRY] 0bcdf5dd35bad06b6f2e20b3f4def4de_.jpg | attempt=2 | err=FileNotFoundError: Resolved file disappeared: C:\Users\Felipe\Documents\WeChat Files\wxid_xd3703k0ih2p22\FileStorage\Temp\0bcdf5dd35bad06b6f2e20b3f4def4de_.jpg
[OK] 43f0bb1d334919a4259a01315aa3e2c7.dat | cliente=1 | banco=AMD | valor=3360.0 | data=27/07/2026 10:56 | sink=staged | resolution=direct_image | verification=CONFIRMADO | manual_open_to_claim_ms=2126 | open_ms=13 | prep_ms=41 | ocr_ms=941 | parse_ms=1 | manual_open_to_ingest_ms=3134
[SINK] committed | file_id=91e51f6354dd745a78c65365210ceb15a4d8fcc8 | msg=- | talker=- | create_time=0 | sheet=Página1 | row=54 | ingest_to_commit_ms=890 | manual_open_to_commit_ms=4024
[SKIP] 949d5312071925869aca7480f5c49ce1_.jpg | temp_file_disappeared_after_3_attempts
[RETRY] 90b07451a408b2c08c283f9bc1464499_.jpg | attempt=1 | err=FileNotFoundError: Resolved file disappeared: C:\Users\Felipe\Documents\WeChat Files\wxid_xd3703k0ih2p22\FileStorage\Temp\90b07451a408b2c08c283f9bc1464499_.jpg
[RETRY] cd0d2106a63d715dee40b05a3333d6af_.jpg | attempt=2 | err=FileNotFoundError: Resolved file disappeared: C:\Users\Felipe\Documents\WeChat Files\wxid_xd3703k0ih2p22\FileStorage\Temp\cd0d2106a63d715dee40b05a3333d6af_.jpg
[OK] bb63de3d50a490402c5f4e1d4a2ea8b1.dat | cliente=1 | banco=AMD | valor=3770.0 | data=27/07/2026 11:08 | sink=staged | resolution=direct_image | verification=CONFIRMADO | manual_open_to_claim_ms=1493 | open_ms=15 | prep_ms=42 | ocr_ms=1222 | parse_ms=1 | manual_open_to_ingest_ms=2784
[SINK] committed | file_id=5469463b28ac3f8f6b510b72e493e634840566a7 | msg=- | talker=- | create_time=0 | sheet=Página1 | row=55 | ingest_to_commit_ms=944 | manual_open_to_commit_ms=3728
[RETRY] 624f178ece3257cba33a444c6d717580_.jpg | attempt=1 | err=FileNotFoundError: Resolved file disappeared: C:\Users\Felipe\Documents\WeChat Files\wxid_xd3703k0ih2p22\FileStorage\Temp\624f178ece3257cba33a444c6d717580_.jpg
[SCAN] reconcile complete | queued_or_refreshed=17
[RETRY] e93de6eb0c51b147bc0c89d9c45fccf4_.jpg | attempt=2 | err=FileNotFoundError: Resolved file disappeared: C:\Users\Felipe\Documents\WeChat Files\wxid_xd3703k0ih2p22\FileStorage\Temp\e93de6eb0c51b147bc0c89d9c45fccf4_.jpg
[OK] f3cb701694ca8de1c97bf1add7e2a52d.dat | cliente=1 | banco=AMD | valor=4941.0 | data=27/07/2026 12:17 | sink=staged | resolution=direct_image | verification=CONFIRMADO | manual_open_to_claim_ms=1306 | open_ms=15 | prep_ms=41 | ocr_ms=1073 | parse_ms=1 | manual_open_to_ingest_ms=2446
[SINK] committed | file_id=088bbb52daa755c2a05714a04610cfbe22810ebc | msg=- | talker=- | create_time=0 | sheet=Página1 | row=56 | ingest_to_commit_ms=906 | manual_open_to_commit_ms=3352
[SKIP] 9c271f3e3be13fd420a250ce8e7de9b7_.jpg | temp_file_disappeared_after_3_attempts
[RETRY] bb58572cfbff90530182dd34dbf0db77_.jpg | attempt=1 | err=FileNotFoundError: Resolved file disappeared: C:\Users\Felipe\Documents\WeChat Files\wxid_xd3703k0ih2p22\FileStorage\Temp\bb58572cfbff90530182dd34dbf0db77_.jpg
[SKIP] d504c9f5b1a48ea099c31fa96618c8aa_.jpg | temp_file_disappeared_after_3_attempts
[RETRY] 0cfda643999a4b3364f460cdb15b64a8_.jpg | attempt=2 | err=FileNotFoundError: Resolved file disappeared: C:\Users\Felipe\Documents\WeChat Files\wxid_xd3703k0ih2p22\FileStorage\Temp\0cfda643999a4b3364f460cdb15b64a8_.jpg
[OK] 4a6409a3a4b49d184845fc50668ad6dd.dat | cliente=1 | banco=AMD | valor=3002.0 | data=27/07/2026 13:06 | sink=staged | resolution=direct_image | verification=CONFIRMADO | manual_open_to_claim_ms=2179 | open_ms=15 | prep_ms=41 | ocr_ms=2296 | parse_ms=2 | manual_open_to_ingest_ms=4546
[SINK] committed | file_id=d116456c232cd84f7f61226028b9c4064fdc22a6 | msg=- | talker=- | create_time=0 | sheet=Página1 | row=57 | ingest_to_commit_ms=905 | manual_open_to_commit_ms=5451
[SKIP] 0bc5124a09cb3e2b8df18d17a067f8d3_.jpg | temp_file_disappeared_after_3_attempts
[RETRY] 67f1f4250f6dad4eec0b06ee7c05258e_.jpg | attempt=1 | err=FileNotFoundError: Resolved file disappeared: C:\Users\Felipe\Documents\WeChat Files\wxid_xd3703k0ih2p22\FileStorage\Temp\67f1f4250f6dad4eec0b06ee7c05258e_.jpg
[RETRY] 90b07451a408b2c08c283f9bc1464499_.jpg | attempt=2 | err=FileNotFoundError: Resolved file disappeared: C:\Users\Felipe\Documents\WeChat Files\wxid_xd3703k0ih2p22\FileStorage\Temp\90b07451a408b2c08c283f9bc1464499_.jpg
[OK] 406e4a94951a41e845d8b5ad4ae050ee.dat | cliente=1 | banco=AMD | valor=2104.0 | data=27/07/2026 13:44 | sink=staged | resolution=direct_image | verification=CONFIRMADO | manual_open_to_claim_ms=1666 | open_ms=15 | prep_ms=41 | ocr_ms=1167 | parse_ms=1 | manual_open_to_ingest_ms=2899
[SINK] committed | file_id=ec2638338a83b3c0b4701719291e03504073b1f0 | msg=- | talker=- | create_time=0 | sheet=Página1 | row=58 | ingest_to_commit_ms=941 | manual_open_to_commit_ms=3841
[RETRY] 097d5356e416c994f8fa72068667ccfd_.jpg | attempt=1 | err=FileNotFoundError: Resolved file disappeared: C:\Users\Felipe\Documents\WeChat Files\wxid_xd3703k0ih2p22\FileStorage\Temp\097d5356e416c994f8fa72068667ccfd_.jpg
[SKIP] a3904eb11e9db1426c805bfdb4276780_.jpg | temp_file_disappeared_after_3_attempts
[RETRY] 624f178ece3257cba33a444c6d717580_.jpg | attempt=2 | err=FileNotFoundError: Resolved file disappeared: C:\Users\Felipe\Documents\WeChat Files\wxid_xd3703k0ih2p22\FileStorage\Temp\624f178ece3257cba33a444c6d717580_.jpg
[OK] 86b5c99c7039c5753d94a8bc2ea00119.dat | cliente=1 | banco=AMD | valor=7696.0 | data=27/07/2026 15:18 | sink=staged | resolution=direct_image | verification=CONFIRMADO | manual_open_to_claim_ms=1309 | open_ms=16 | prep_ms=41 | ocr_ms=1031 | parse_ms=1 | manual_open_to_ingest_ms=2408
[SINK] committed | file_id=9103725f99c353aa5fcb6b5791555bb90b9dc684 | msg=- | talker=- | create_time=0 | sheet=Página1 | row=59 | ingest_to_commit_ms=888 | manual_open_to_commit_ms=3296
[RETRY] 68d444f31745b0ba3f8c0afdef7d34e5_.jpg | attempt=1 | err=FileNotFoundError: Resolved file disappeared: C:\Users\Felipe\Documents\WeChat Files\wxid_xd3703k0ih2p22\FileStorage\Temp\68d444f31745b0ba3f8c0afdef7d34e5_.jpg
[SKIP] be771055d70e78146de4ed611ac3a206_.jpg | temp_file_disappeared_after_3_attempts
[RETRY] bb58572cfbff90530182dd34dbf0db77_.jpg | attempt=2 | err=FileNotFoundError: Resolved file disappeared: C:\Users\Felipe\Documents\WeChat Files\wxid_xd3703k0ih2p22\FileStorage\Temp\bb58572cfbff90530182dd34dbf0db77_.jpg
[OK] f962fd4bf3a773c22ef0069b58772bb4.dat | cliente=1 | banco=AMD | valor=9716.0 | data=27/07/2026 15:39 | sink=staged | resolution=direct_image | verification=CONFIRMADO | manual_open_to_claim_ms=2020 | open_ms=15 | prep_ms=42 | ocr_ms=875 | parse_ms=1 | manual_open_to_ingest_ms=2963
[SINK] committed | file_id=6fee97e0b6c74848795499b5401ff8f3ba93f938 | msg=- | talker=- | create_time=0 | sheet=Página1 | row=60 | ingest_to_commit_ms=908 | manual_open_to_commit_ms=3871
[RETRY] 35c8d66d5441ded5ecae088c83ccf192_.jpg | attempt=1 | err=FileNotFoundError: Resolved file disappeared: C:\Users\Felipe\Documents\WeChat Files\wxid_xd3703k0ih2p22\FileStorage\Temp\35c8d66d5441ded5ecae088c83ccf192_.jpg
[SKIP] 0bcdf5dd35bad06b6f2e20b3f4def4de_.jpg | temp_file_disappeared_after_3_attempts
[RETRY] 67f1f4250f6dad4eec0b06ee7c05258e_.jpg | attempt=2 | err=FileNotFoundError: Resolved file disappeared: C:\Users\Felipe\Documents\WeChat Files\wxid_xd3703k0ih2p22\FileStorage\Temp\67f1f4250f6dad4eec0b06ee7c05258e_.jpg
[OCR] Attempting raw image fallback for ceeadd71b9819bc7a3337606be9e8eb0.dat (is_receipt=False, has_amount=False)
[SKIP] ceeadd71b9819bc7a3337606be9e8eb0.dat | not_receipt=TABULAR_TRANSFER_LIST
[SKIP] cd0d2106a63d715dee40b05a3333d6af_.jpg | temp_file_disappeared_after_3_attempts
[RETRY] 3a1f7036e4d89740f4e67a70e22f3cc3_.jpg | attempt=1 | err=FileNotFoundError: Resolved file disappeared: C:\Users\Felipe\Documents\WeChat Files\wxid_xd3703k0ih2p22\FileStorage\Temp\3a1f7036e4d89740f4e67a70e22f3cc3_.jpg
[RETRY] 097d5356e416c994f8fa72068667ccfd_.jpg | attempt=2 | err=FileNotFoundError: Resolved file disappeared: C:\Users\Felipe\Documents\WeChat Files\wxid_xd3703k0ih2p22\FileStorage\Temp\097d5356e416c994f8fa72068667ccfd_.jpg
[OK] e273f99efe47752579c59d654930d04a.dat | cliente=1 | banco=AMD | valor=1300.0 | data=28/07/2026 12:32 | sink=staged | resolution=direct_image | verification=CONFIRMADO | manual_open_to_claim_ms=1641 | open_ms=12 | prep_ms=32 | ocr_ms=3328 | parse_ms=2 | manual_open_to_ingest_ms=5025
[SINK] committed | file_id=44fc4536363bbc5ca2072623e6b52165decf5a95 | msg=- | talker=- | create_time=0 | sheet=Página1 | row=61 | ingest_to_commit_ms=887 | manual_open_to_commit_ms=5913
[SKIP] e93de6eb0c51b147bc0c89d9c45fccf4_.jpg | temp_file_disappeared_after_3_attempts
[RETRY] efda53252a81be7317901255b4e1b193_.jpg | attempt=1 | err=FileNotFoundError: Resolved file disappeared: C:\Users\Felipe\Documents\WeChat Files\wxid_xd3703k0ih2p22\FileStorage\Temp\efda53252a81be7317901255b4e1b193_.jpg
[RETRY] 68d444f31745b0ba3f8c0afdef7d34e5_.jpg | attempt=2 | err=FileNotFoundError: Resolved file disappeared: C:\Users\Felipe\Documents\WeChat Files\wxid_xd3703k0ih2p22\FileStorage\Temp\68d444f31745b0ba3f8c0afdef7d34e5_.jpg
[OK] e6698ef8864ee42449e5a0be8b4ac82d.dat | cliente=1 | banco=AMD | valor=420.0 | data=27/07/2026 18:23 | sink=staged | resolution=direct_image | verification=CONFIRMADO | manual_open_to_claim_ms=2127 | open_ms=14 | prep_ms=35 | ocr_ms=616 | parse_ms=1 | manual_open_to_ingest_ms=2801
[SINK] committed | file_id=73efc1a3e47577e68b188a5a6b09ece5df8f9548 | msg=- | talker=- | create_time=0 | sheet=Página1 | row=62 | ingest_to_commit_ms=872 | manual_open_to_commit_ms=3672
[RETRY] 5da4b0238726c4ead81bf17b2c2ece74_.jpg | attempt=1 | err=FileNotFoundError: Resolved file disappeared: C:\Users\Felipe\Documents\WeChat Files\wxid_xd3703k0ih2p22\FileStorage\Temp\5da4b0238726c4ead81bf17b2c2ece74_.jpg
[SKIP] 0cfda643999a4b3364f460cdb15b64a8_.jpg | temp_file_disappeared_after_3_attempts
[RETRY] 35c8d66d5441ded5ecae088c83ccf192_.jpg | attempt=2 | err=FileNotFoundError: Resolved file disappeared: C:\Users\Felipe\Documents\WeChat Files\wxid_xd3703k0ih2p22\FileStorage\Temp\35c8d66d5441ded5ecae088c83ccf192_.jpg
[OK] 9b0a23b3e294eba61a90a434320dd1db.dat | cliente=1 | banco=AMD | valor=1865.44 | data=28/07/2026 08:36 | sink=staged | resolution=direct_image | verification=CONFIRMADO | manual_open_to_claim_ms=1124 | open_ms=13 | prep_ms=35 | ocr_ms=1240 | parse_ms=2 | manual_open_to_ingest_ms=2425
[SINK] committed | file_id=fc2177883fdf5d4e3028f8bd960ed68b8ec0b4cb | msg=- | talker=- | create_time=0 | sheet=Página1 | row=63 | ingest_to_commit_ms=1144 | manual_open_to_commit_ms=3569
[RETRY] c6e49cd2bc1b4f48715050857253355a_.jpg | attempt=1 | err=FileNotFoundError: Resolved file disappeared: C:\Users\Felipe\Documents\WeChat Files\wxid_xd3703k0ih2p22\FileStorage\Temp\c6e49cd2bc1b4f48715050857253355a_.jpg
[SKIP] 90b07451a408b2c08c283f9bc1464499_.jpg | temp_file_disappeared_after_3_attempts
[RETRY] 3a1f7036e4d89740f4e67a70e22f3cc3_.jpg | attempt=2 | err=FileNotFoundError: Resolved file disappeared: C:\Users\Felipe\Documents\WeChat Files\wxid_xd3703k0ih2p22\FileStorage\Temp\3a1f7036e4d89740f4e67a70e22f3cc3_.jpg
[OK] ccc99efd0334fcb7c8e353c2a1e5750e.dat | cliente=1 | banco=AMD | valor=417.89 | data=27/07/2026 18:56 | sink=staged | resolution=direct_image | verification=CONFIRMADO | manual_open_to_claim_ms=1061 | open_ms=5 | prep_ms=0 | ocr_ms=2064 | parse_ms=2 | manual_open_to_ingest_ms=3137
[SINK] committed | file_id=852340fa5a3ee6bfa8bd19f63791329a30ee0468 | msg=- | talker=- | create_time=0 | sheet=Página1 | row=64 | ingest_to_commit_ms=941 | manual_open_to_commit_ms=4078
[RETRY] d4ca9c0dab0df6699db92da74ce184ee_.jpg | attempt=1 | err=FileNotFoundError: Resolved file disappeared: C:\Users\Felipe\Documents\WeChat Files\wxid_xd3703k0ih2p22\FileStorage\Temp\d4ca9c0dab0df6699db92da74ce184ee_.jpg
[SCAN] reconcile complete | queued_or_refreshed=17
[SKIP] 624f178ece3257cba33a444c6d717580_.jpg | temp_file_disappeared_after_3_attempts
[RETRY] efda53252a81be7317901255b4e1b193_.jpg | attempt=2 | err=FileNotFoundError: Resolved file disappeared: C:\Users\Felipe\Documents\WeChat Files\wxid_xd3703k0ih2p22\FileStorage\Temp\efda53252a81be7317901255b4e1b193_.jpg
[OK] 447854875a4760d2305835265f1dd0fb.dat | cliente=1 | banco=AMD | valor=496.73 | data=27/07/2026 10:54 | sink=staged | resolution=direct_image | verification=CONFIRMADO | manual_open_to_claim_ms=1724 | open_ms=6 | prep_ms=1 | ocr_ms=920 | parse_ms=1 | manual_open_to_ingest_ms=2657
[SINK] committed | file_id=2c868448c1e8fbb969690f9ab647a1cf3d8ee084 | msg=- | talker=- | create_time=0 | sheet=Página1 | row=65 | ingest_to_commit_ms=1124 | manual_open_to_commit_ms=3781
[RETRY] 660069e91cd65a44798c124b7c0fe4c6_.jpg | attempt=1 | err=FileNotFoundError: Resolved file disappeared: C:\Users\Felipe\Documents\WeChat Files\wxid_xd3703k0ih2p22\FileStorage\Temp\660069e91cd65a44798c124b7c0fe4c6_.jpg
[SKIP] bb58572cfbff90530182dd34dbf0db77_.jpg | temp_file_disappeared_after_3_attempts
[RETRY] 5da4b0238726c4ead81bf17b2c2ece74_.jpg | attempt=2 | err=FileNotFoundError: Resolved file disappeared: C:\Users\Felipe\Documents\WeChat Files\wxid_xd3703k0ih2p22\FileStorage\Temp\5da4b0238726c4ead81bf17b2c2ece74_.jpg
[OK] 9cc75290194ace5bbbe6583cabd4dfb8.dat | cliente=1 | banco=AMD | valor=1474.0 | data=28/07/2026 09:12 | sink=staged | resolution=direct_image | verification=CONFIRMADO | manual_open_to_claim_ms=1276 | open_ms=3 | prep_ms=0 | ocr_ms=1282 | parse_ms=2 | manual_open_to_ingest_ms=2567
[SINK] committed | file_id=36b74fb02b441747fefd178dff217eae164d4238 | msg=- | talker=- | create_time=0 | sheet=Página1 | row=66 | ingest_to_commit_ms=1091 | manual_open_to_commit_ms=3658
[RETRY] 907febef8f9b5c3073b79ca9852fc3db_.jpg | attempt=1 | err=FileNotFoundError: Resolved file disappeared: C:\Users\Felipe\Documents\WeChat Files\wxid_xd3703k0ih2p22\FileStorage\Temp\907febef8f9b5c3073b79ca9852fc3db_.jpg
[SKIP] 67f1f4250f6dad4eec0b06ee7c05258e_.jpg | temp_file_disappeared_after_3_attempts
[RETRY] c6e49cd2bc1b4f48715050857253355a_.jpg | attempt=2 | err=FileNotFoundError: Resolved file disappeared: C:\Users\Felipe\Documents\WeChat Files\wxid_xd3703k0ih2p22\FileStorage\Temp\c6e49cd2bc1b4f48715050857253355a_.jpg
[OK] 21ab13f5cef1de8eccec16c731152093.dat | cliente=1 | banco=AMD | valor=1100.0 | data=28/07/2026 09:45 | sink=staged | resolution=direct_image | verification=CONFIRMADO | manual_open_to_claim_ms=1178 | open_ms=2 | prep_ms=0 | ocr_ms=642 | parse_ms=1 | manual_open_to_ingest_ms=1825
[SINK] committed | file_id=553bcd2b8163c2444ee761c29b96bbebfef2d9fc | msg=- | talker=- | create_time=0 | sheet=Página1 | row=67 | ingest_to_commit_ms=928 | manual_open_to_commit_ms=2753
[RETRY] 785b90b29d17bedf53c65660bb157bd4_.jpg | attempt=1 | err=FileNotFoundError: Resolved file disappeared: C:\Users\Felipe\Documents\WeChat Files\wxid_xd3703k0ih2p22\FileStorage\Temp\785b90b29d17bedf53c65660bb157bd4_.jpg
[SKIP] 097d5356e416c994f8fa72068667ccfd_.jpg | temp_file_disappeared_after_3_attempts
[RETRY] d4ca9c0dab0df6699db92da74ce184ee_.jpg | attempt=2 | err=FileNotFoundError: Resolved file disappeared: C:\Users\Felipe\Documents\WeChat Files\wxid_xd3703k0ih2p22\FileStorage\Temp\d4ca9c0dab0df6699db92da74ce184ee_.jpg
[OK] 8402ec13567fe9e071b4e7b5288c6213.dat | cliente=1 | banco=CLEEND | valor=9500.0 | data=28/07/2026 09:30 | sink=staged | resolution=direct_image | verification=CONFIRMADO | manual_open_to_claim_ms=1483 | open_ms=3 | prep_ms=0 | ocr_ms=1496 | parse_ms=2 | manual_open_to_ingest_ms=2988
[SINK] committed | file_id=83209873beb22867756238f18b41cb755c61fbbb | msg=- | talker=- | create_time=0 | sheet=Página1 | row=68 | ingest_to_commit_ms=975 | manual_open_to_commit_ms=3963
[RETRY] f32536c685a14d45a2349e27b12ac502_.jpg | attempt=1 | err=FileNotFoundError: Resolved file disappeared: C:\Users\Felipe\Documents\WeChat Files\wxid_xd3703k0ih2p22\FileStorage\Temp\f32536c685a14d45a2349e27b12ac502_.jpg
[SKIP] 68d444f31745b0ba3f8c0afdef7d34e5_.jpg | temp_file_disappeared_after_3_attempts
[RETRY] 660069e91cd65a44798c124b7c0fe4c6_.jpg | attempt=2 | err=FileNotFoundError: Resolved file disappeared: C:\Users\Felipe\Documents\WeChat Files\wxid_xd3703k0ih2p22\FileStorage\Temp\660069e91cd65a44798c124b7c0fe4c6_.jpg
[OK] a94b94f441cc055df81886be284e28a9.dat | cliente=1 | banco=CLEEND | valor=3687.4 | data=28/07/2026 09:32 | sink=staged | resolution=direct_image | verification=CONFIRMADO | manual_open_to_claim_ms=1444 | open_ms=4 | prep_ms=0 | ocr_ms=1454 | parse_ms=1 | manual_open_to_ingest_ms=2906
[SINK] committed | file_id=1707a8044400733f72727d7530ce8c3978d0345a | msg=- | talker=- | create_time=0 | sheet=Página1 | row=69 | ingest_to_commit_ms=973 | manual_open_to_commit_ms=3879
[RETRY] ccc99efd0334fcb7c8e353c2a1e5750e_.jpg | attempt=1 | err=FileNotFoundError: Resolved file disappeared: C:\Users\Felipe\Documents\WeChat Files\wxid_xd3703k0ih2p22\FileStorage\Temp\ccc99efd0334fcb7c8e353c2a1e5750e_.jpg
[SKIP] 35c8d66d5441ded5ecae088c83ccf192_.jpg | temp_file_disappeared_after_3_attempts
[RETRY] 907febef8f9b5c3073b79ca9852fc3db_.jpg | attempt=2 | err=FileNotFoundError: Resolved file disappeared: C:\Users\Felipe\Documents\WeChat Files\wxid_xd3703k0ih2p22\FileStorage\Temp\907febef8f9b5c3073b79ca9852fc3db_.jpg
[OK] 98378affbd1c25f641ef808e98343c17.dat | cliente=1 | banco=AMD | valor=1128.0 | data=28/07/2026 10:17 | sink=staged | resolution=direct_image | verification=CONFIRMADO | manual_open_to_claim_ms=1370 | open_ms=14 | prep_ms=35 | ocr_ms=901 | parse_ms=1 | manual_open_to_ingest_ms=2329
[SINK] committed | file_id=8ac37b9df69a156491db9bfd462ec4b4d15327fe | msg=- | talker=- | create_time=0 | sheet=Página1 | row=70 | ingest_to_commit_ms=966 | manual_open_to_commit_ms=3294
[RETRY] 2a8466f55c533986f5628f35a7d1f155_.jpg | attempt=1 | err=FileNotFoundError: Resolved file disappeared: C:\Users\Felipe\Documents\WeChat Files\wxid_xd3703k0ih2p22\FileStorage\Temp\2a8466f55c533986f5628f35a7d1f155_.jpg
[SKIP] 3a1f7036e4d89740f4e67a70e22f3cc3_.jpg | temp_file_disappeared_after_3_attempts
[RETRY] 785b90b29d17bedf53c65660bb157bd4_.jpg | attempt=2 | err=FileNotFoundError: Resolved file disappeared: C:\Users\Felipe\Documents\WeChat Files\wxid_xd3703k0ih2p22\FileStorage\Temp\785b90b29d17bedf53c65660bb157bd4_.jpg
[OK] bacd9d72aff7e007e1889adfc62159f5.dat | cliente=1 | banco=AMD | valor=1701.51 | data=28/07/2026 10:18 | sink=staged | resolution=direct_image | verification=CONFIRMADO | manual_open_to_claim_ms=1961 | open_ms=5 | prep_ms=1 | ocr_ms=1340 | parse_ms=1 | manual_open_to_ingest_ms=3311
[SINK] committed | file_id=59b69e49bd845009046601a5f94d9c271121b342 | msg=- | talker=- | create_time=0 | sheet=Página1 | row=71 | ingest_to_commit_ms=972 | manual_open_to_commit_ms=4283
[RETRY] 5ec1349dc814ff351b8a2ece7bb13979_.jpg | attempt=1 | err=FileNotFoundError: Resolved file disappeared: C:\Users\Felipe\Documents\WeChat Files\wxid_xd3703k0ih2p22\FileStorage\Temp\5ec1349dc814ff351b8a2ece7bb13979_.jpg
[SKIP] efda53252a81be7317901255b4e1b193_.jpg | temp_file_disappeared_after_3_attempts
[RETRY] f32536c685a14d45a2349e27b12ac502_.jpg | attempt=2 | err=FileNotFoundError: Resolved file disappeared: C:\Users\Felipe\Documents\WeChat Files\wxid_xd3703k0ih2p22\FileStorage\Temp\f32536c685a14d45a2349e27b12ac502_.jpg
[OK] 6d2fc5c186eb4797d450c509bea41dec.dat | cliente=1 | banco=AMD | valor=1241.4 | data=28/07/2026 10:31 | sink=staged | resolution=direct_image | verification=CONFIRMADO | manual_open_to_claim_ms=1791 | open_ms=2 | prep_ms=0 | ocr_ms=698 | parse_ms=1 | manual_open_to_ingest_ms=2493
[SINK] committed | file_id=a56028b167f5dd3ef67a38516415a3006b61c50f | msg=- | talker=- | create_time=0 | sheet=Página1 | row=72 | ingest_to_commit_ms=916 | manual_open_to_commit_ms=3409
[RETRY] 9d9257bc6ab004f9eb49540b782b8206_.jpg | attempt=1 | err=FileNotFoundError: Resolved file disappeared: C:\Users\Felipe\Documents\WeChat Files\wxid_xd3703k0ih2p22\FileStorage\Temp\9d9257bc6ab004f9eb49540b782b8206_.jpg
[SKIP] 5da4b0238726c4ead81bf17b2c2ece74_.jpg | temp_file_disappeared_after_3_attempts
[RETRY] ccc99efd0334fcb7c8e353c2a1e5750e_.jpg | attempt=2 | err=FileNotFoundError: Resolved file disappeared: C:\Users\Felipe\Documents\WeChat Files\wxid_xd3703k0ih2p22\FileStorage\Temp\ccc99efd0334fcb7c8e353c2a1e5750e_.jpg
[OK] 8abef5b7f35410d43603dde01367ccc9.dat | cliente=1 | banco=AMD | valor=902.0 | data=28/07/2026 10:31 | sink=staged | resolution=direct_image | verification=CONFIRMADO | manual_open_to_claim_ms=2117 | open_ms=14 | prep_ms=35 | ocr_ms=1185 | parse_ms=1 | manual_open_to_ingest_ms=3359
[SINK] committed | file_id=1686dc91f05adf3a3fe53c674d924530db7c07f7 | msg=- | talker=- | create_time=0 | sheet=Página1 | row=73 | ingest_to_commit_ms=918 | manual_open_to_commit_ms=4277
[RETRY] 8fda6aa93e9f2df421e4102933290b41_.jpg | attempt=1 | err=FileNotFoundError: Resolved file disappeared: C:\Users\Felipe\Documents\WeChat Files\wxid_xd3703k0ih2p22\FileStorage\Temp\8fda6aa93e9f2df421e4102933290b41_.jpg
[SKIP] c6e49cd2bc1b4f48715050857253355a_.jpg | temp_file_disappeared_after_3_attempts
[RETRY] 2a8466f55c533986f5628f35a7d1f155_.jpg | attempt=2 | err=FileNotFoundError: Resolved file disappeared: C:\Users\Felipe\Documents\WeChat Files\wxid_xd3703k0ih2p22\FileStorage\Temp\2a8466f55c533986f5628f35a7d1f155_.jpg
[OK] 1a881a760ad344758906dee3117eaeb1.dat | cliente=1 | banco=AMD | valor=4953.0 | data=28/07/2026 10:29 | sink=staged | resolution=direct_image | verification=CONFIRMADO | manual_open_to_claim_ms=1745 | open_ms=13 | prep_ms=35 | ocr_ms=973 | parse_ms=1 | manual_open_to_ingest_ms=2775
[SINK] committed | file_id=0a8a201f9f49c4e3af64d6a25496807c57aa7ceb | msg=- | talker=- | create_time=0 | sheet=Página1 | row=74 | ingest_to_commit_ms=967 | manual_open_to_commit_ms=3742
[RETRY] 36065a23a322dfecb82aea96fc57124c_.jpg | attempt=1 | err=FileNotFoundError: Resolved file disappeared: C:\Users\Felipe\Documents\WeChat Files\wxid_xd3703k0ih2p22\FileStorage\Temp\36065a23a322dfecb82aea96fc57124c_.jpg
[SKIP] d4ca9c0dab0df6699db92da74ce184ee_.jpg | temp_file_disappeared_after_3_attempts
[SCAN] reconcile complete | queued_or_refreshed=17
[RETRY] 5ec1349dc814ff351b8a2ece7bb13979_.jpg | attempt=2 | err=FileNotFoundError: Resolved file disappeared: C:\Users\Felipe\Documents\WeChat Files\wxid_xd3703k0ih2p22\FileStorage\Temp\5ec1349dc814ff351b8a2ece7bb13979_.jpg
[OK] 0f01dc63f98d14ea249fa209b5208786.dat | cliente=1 | banco=CLEEND | valor=2300.0 | data=28/07/2026 10:42 | sink=staged | resolution=direct_image | verification=CONFIRMADO | manual_open_to_claim_ms=1448 | open_ms=13 | prep_ms=35 | ocr_ms=1395 | parse_ms=1 | manual_open_to_ingest_ms=2900
[SINK] committed | file_id=29acacd65a5c25aea62f29ba4fbafb5b259572f3 | msg=- | talker=- | create_time=0 | sheet=Página1 | row=75 | ingest_to_commit_ms=951 | manual_open_to_commit_ms=3852
[RETRY] 8cc314315d8214af02a7bd512c87958b_.jpg | attempt=1 | err=FileNotFoundError: Resolved file disappeared: C:\Users\Felipe\Documents\WeChat Files\wxid_xd3703k0ih2p22\FileStorage\Temp\8cc314315d8214af02a7bd512c87958b_.jpg
[SKIP] 660069e91cd65a44798c124b7c0fe4c6_.jpg | temp_file_disappeared_after_3_attempts
[RETRY] 9d9257bc6ab004f9eb49540b782b8206_.jpg | attempt=2 | err=FileNotFoundError: Resolved file disappeared: C:\Users\Felipe\Documents\WeChat Files\wxid_xd3703k0ih2p22\FileStorage\Temp\9d9257bc6ab004f9eb49540b782b8206_.jpg
[OK] 6b144060396fa502e5a124441248ce5c.dat | cliente=1 | banco=CLEEND | valor=543.77 | data=28/07/2026 10:45 | sink=staged | resolution=direct_image | verification=CONFIRMADO | manual_open_to_claim_ms=1335 | open_ms=13 | prep_ms=35 | ocr_ms=1362 | parse_ms=1 | manual_open_to_ingest_ms=2755
[SINK] committed | file_id=5bf1fb2ec5c345a5ccb8725d56787e4adcd183a6 | msg=- | talker=- | create_time=0 | sheet=Página1 | row=76 | ingest_to_commit_ms=921 | manual_open_to_commit_ms=3676
[RETRY] 7fbde24fbd866a87f74a4dac57d9f8a7_.jpg | attempt=1 | err=FileNotFoundError: Resolved file disappeared: C:\Users\Felipe\Documents\WeChat Files\wxid_xd3703k0ih2p22\FileStorage\Temp\7fbde24fbd866a87f74a4dac57d9f8a7_.jpg
[SKIP] 907febef8f9b5c3073b79ca9852fc3db_.jpg | temp_file_disappeared_after_3_attempts
[RETRY] 8fda6aa93e9f2df421e4102933290b41_.jpg | attempt=2 | err=FileNotFoundError: Resolved file disappeared: C:\Users\Felipe\Documents\WeChat Files\wxid_xd3703k0ih2p22\FileStorage\Temp\8fda6aa93e9f2df421e4102933290b41_.jpg
[OK] 544d11173a017bd65bad568925150f9a.dat | cliente=1 | banco=AMD | valor=4000.0 | data=28/07/2026 10:29 | sink=staged | resolution=direct_image | verification=CONFIRMADO | manual_open_to_claim_ms=1128 | open_ms=4 | prep_ms=0 | ocr_ms=1041 | parse_ms=1 | manual_open_to_ingest_ms=2178
[SINK] committed | file_id=e4fd602f1008ff620c643c4324551889557e09f5 | msg=- | talker=- | create_time=0 | sheet=Página1 | row=77 | ingest_to_commit_ms=1244 | manual_open_to_commit_ms=3423
[RETRY] 1f89784619d11210237bf1fcc54b377d_.jpg | attempt=1 | err=FileNotFoundError: Resolved file disappeared: C:\Users\Felipe\Documents\WeChat Files\wxid_xd3703k0ih2p22\FileStorage\Temp\1f89784619d11210237bf1fcc54b377d_.jpg
[SKIP] 785b90b29d17bedf53c65660bb157bd4_.jpg | temp_file_disappeared_after_3_attempts
[RETRY] 36065a23a322dfecb82aea96fc57124c_.jpg | attempt=2 | err=FileNotFoundError: Resolved file disappeared: C:\Users\Felipe\Documents\WeChat Files\wxid_xd3703k0ih2p22\FileStorage\Temp\36065a23a322dfecb82aea96fc57124c_.jpg
[OK] a59feda9ab706d76852a7c31d3cc1708.dat | cliente=1 | banco=AMD | valor=2533.85 | data=28/07/2026 10:32 | sink=staged | resolution=direct_image | verification=CONFIRMADO | manual_open_to_claim_ms=2125 | open_ms=5 | prep_ms=1 | ocr_ms=1169 | parse_ms=1 | manual_open_to_ingest_ms=3304
[SINK] committed | file_id=87a130147ddb05586fb6a94c022a7f3b4bb88064 | msg=- | talker=- | create_time=0 | sheet=Página1 | row=78 | ingest_to_commit_ms=1108 | manual_open_to_commit_ms=4412
[RETRY] a983ab7a5cc9828474964e3d46c1e5bc_.jpg | attempt=1 | err=FileNotFoundError: Resolved file disappeared: C:\Users\Felipe\Documents\WeChat Files\wxid_xd3703k0ih2p22\FileStorage\Temp\a983ab7a5cc9828474964e3d46c1e5bc_.jpg
[SKIP] f32536c685a14d45a2349e27b12ac502_.jpg | temp_file_disappeared_after_3_attempts
[RETRY] 8cc314315d8214af02a7bd512c87958b_.jpg | attempt=2 | err=FileNotFoundError: Resolved file disappeared: C:\Users\Felipe\Documents\WeChat Files\wxid_xd3703k0ih2p22\FileStorage\Temp\8cc314315d8214af02a7bd512c87958b_.jpg
[OK] 307afe4ce73f6754a0c238c45710e2e2.dat | cliente=1 | banco=AMD | valor=2000.0 | data=28/07/2026 - | sink=staged | resolution=direct_image | verification=CONFIRMADO | manual_open_to_claim_ms=1888 | open_ms=4 | prep_ms=1 | ocr_ms=1249 | parse_ms=1 | manual_open_to_ingest_ms=3147
[SINK] committed | file_id=faffde303fc038ea5d1f502c8c7f2bc1f296d12b | msg=- | talker=- | create_time=0 | sheet=Página1 | row=79 | ingest_to_commit_ms=1099 | manual_open_to_commit_ms=4246
[SKIP] ccc99efd0334fcb7c8e353c2a1e5750e_.jpg | temp_file_disappeared_after_3_attempts
[RETRY] b4052cb74e00e5dc80902b777ad1a5f4_.jpg | attempt=1 | err=FileNotFoundError: Resolved file disappeared: C:\Users\Felipe\Documents\WeChat Files\wxid_xd3703k0ih2p22\FileStorage\Temp\b4052cb74e00e5dc80902b777ad1a5f4_.jpg
[RETRY] 7fbde24fbd866a87f74a4dac57d9f8a7_.jpg | attempt=2 | err=FileNotFoundError: Resolved file disappeared: C:\Users\Felipe\Documents\WeChat Files\wxid_xd3703k0ih2p22\FileStorage\Temp\7fbde24fbd866a87f74a4dac57d9f8a7_.jpg
[OK] 1a02d9258e2c25228db3d7768d535b73.dat | cliente=1 | banco=AMD | valor=1277.0 | data=28/07/2026 10:59 | sink=staged | resolution=direct_image | verification=CONFIRMADO | manual_open_to_claim_ms=1738 | open_ms=6 | prep_ms=1 | ocr_ms=1101 | parse_ms=1 | manual_open_to_ingest_ms=2852
[SINK] committed | file_id=11c44c156906cf12b3bba818805e79a8782eb9d1 | msg=- | talker=- | create_time=0 | sheet=Página1 | row=80 | ingest_to_commit_ms=911 | manual_open_to_commit_ms=3764
[RETRY] 37e6dde83520cb57e6f68f0c37ffaffc_.jpg | attempt=1 | err=FileNotFoundError: Resolved file disappeared: C:\Users\Felipe\Documents\WeChat Files\wxid_xd3703k0ih2p22\FileStorage\Temp\37e6dde83520cb57e6f68f0c37ffaffc_.jpg
[SKIP] 2a8466f55c533986f5628f35a7d1f155_.jpg | temp_file_disappeared_after_3_attempts
[RETRY] 1f89784619d11210237bf1fcc54b377d_.jpg | attempt=2 | err=FileNotFoundError: Resolved file disappeared: C:\Users\Felipe\Documents\WeChat Files\wxid_xd3703k0ih2p22\FileStorage\Temp\1f89784619d11210237bf1fcc54b377d_.jpg
[OK] 13273c4c2ba448c34c520f48cc9f04f8.dat | cliente=1 | banco=AMD | valor=3000.0 | data=28/07/2026 10:58 | sink=staged | resolution=direct_image | verification=CONFIRMADO | manual_open_to_claim_ms=1213 | open_ms=4 | prep_ms=0 | ocr_ms=1279 | parse_ms=1 | manual_open_to_ingest_ms=2500
[SINK] committed | file_id=1c23d94b899a09dc31cd31e3781bd344195e6e6a | msg=- | talker=- | create_time=0 | sheet=Página1 | row=81 | ingest_to_commit_ms=1083 | manual_open_to_commit_ms=3583
[RETRY] 10c898727d9f18ed388470def989fd6c_.jpg | attempt=1 | err=FileNotFoundError: Resolved file disappeared: C:\Users\Felipe\Documents\WeChat Files\wxid_xd3703k0ih2p22\FileStorage\Temp\10c898727d9f18ed388470def989fd6c_.jpg
[SKIP] 5ec1349dc814ff351b8a2ece7bb13979_.jpg | temp_file_disappeared_after_3_attempts
[RETRY] a983ab7a5cc9828474964e3d46c1e5bc_.jpg | attempt=2 | err=FileNotFoundError: Resolved file disappeared: C:\Users\Felipe\Documents\WeChat Files\wxid_xd3703k0ih2p22\FileStorage\Temp\a983ab7a5cc9828474964e3d46c1e5bc_.jpg
[OK] 91cadf4f1c1ecab8d155f58299d4097f.dat | cliente=1 | banco=AMD | valor=2000.0 | data=28/07/2026 11:01 | sink=staged | resolution=direct_image | verification=CONFIRMADO | manual_open_to_claim_ms=1078 | open_ms=4 | prep_ms=0 | ocr_ms=863 | parse_ms=1 | manual_open_to_ingest_ms=1950
[SINK] committed | file_id=48b23337d782eb5349d96f2011d89c713123fc9b | msg=- | talker=- | create_time=0 | sheet=Página1 | row=82 | ingest_to_commit_ms=1068 | manual_open_to_commit_ms=3018
[RETRY] fae49ecf5bad4a67fa43aafe413b7344_.jpg | attempt=1 | err=FileNotFoundError: Resolved file disappeared: C:\Users\Felipe\Documents\WeChat Files\wxid_xd3703k0ih2p22\FileStorage\Temp\fae49ecf5bad4a67fa43aafe413b7344_.jpg
[SKIP] 9d9257bc6ab004f9eb49540b782b8206_.jpg | temp_file_disappeared_after_3_attempts
[RETRY] b4052cb74e00e5dc80902b777ad1a5f4_.jpg | attempt=2 | err=FileNotFoundError: Resolved file disappeared: C:\Users\Felipe\Documents\WeChat Files\wxid_xd3703k0ih2p22\FileStorage\Temp\b4052cb74e00e5dc80902b777ad1a5f4_.jpg
[OK] ec073e4729891a80ee88401432fbc69d.dat | cliente=1 | banco=AMD | valor=3000.0 | data=28/07/2026 11:02 | sink=staged | resolution=direct_image | verification=CONFIRMADO | manual_open_to_claim_ms=1724 | open_ms=5 | prep_ms=0 | ocr_ms=1935 | parse_ms=1 | manual_open_to_ingest_ms=3670
[SINK] committed | file_id=b680039b6e82e6bc3f2938a4a46bae4ab0593ed9 | msg=- | talker=- | create_time=0 | sheet=Página1 | row=83 | ingest_to_commit_ms=952 | manual_open_to_commit_ms=4622
[SKIP] 8fda6aa93e9f2df421e4102933290b41_.jpg | temp_file_disappeared_after_3_attempts
[RETRY] 6118c4eada6222aed2d2b58ba521b81b_.jpg | attempt=1 | err=FileNotFoundError: Resolved file disappeared: C:\Users\Felipe\Documents\WeChat Files\wxid_xd3703k0ih2p22\FileStorage\Temp\6118c4eada6222aed2d2b58ba521b81b_.jpg
[RETRY] 37e6dde83520cb57e6f68f0c37ffaffc_.jpg | attempt=2 | err=FileNotFoundError: Resolved file disappeared: C:\Users\Felipe\Documents\WeChat Files\wxid_xd3703k0ih2p22\FileStorage\Temp\37e6dde83520cb57e6f68f0c37ffaffc_.jpg
[OK] 3a549cf4a5bd5913b1e8a61639204b73.dat | cliente=1 | banco=AMD | valor=5000.0 | data=28/07/2026 11:03 | sink=staged | resolution=direct_image | verification=CONFIRMADO | manual_open_to_claim_ms=2104 | open_ms=5 | prep_ms=0 | ocr_ms=1552 | parse_ms=2 | manual_open_to_ingest_ms=3666
[SINK] committed | file_id=684468e5e4b49e176792df342fd432e345b4e5d4 | msg=- | talker=- | create_time=0 | sheet=Página1 | row=84 | ingest_to_commit_ms=930 | manual_open_to_commit_ms=4596
[SKIP] 36065a23a322dfecb82aea96fc57124c_.jpg | temp_file_disappeared_after_3_attempts
[RETRY] 99257e0dd6443436b48a17a9a7268219_.jpg | attempt=1 | err=FileNotFoundError: Resolved file disappeared: C:\Users\Felipe\Documents\WeChat Files\wxid_xd3703k0ih2p22\FileStorage\Temp\99257e0dd6443436b48a17a9a7268219_.jpg
[SCAN] reconcile complete | queued_or_refreshed=18
[OK] 8da2cafb3d1e1704c679c24bb524bfce.dat | cliente=1 | banco=AMD | valor=7000.0 | data=28/07/2026 11:39 | sink=staged | resolution=direct_image | verification=CONFIRMADO | manual_open_to_claim_ms=1060 | open_ms=5 | prep_ms=0 | ocr_ms=2188 | parse_ms=1 | manual_open_to_ingest_ms=3258
[SINK] committed | file_id=cf7d59cf4720bcc3505f9721fb34f6dab7eaa943 | msg=- | talker=- | create_time=0 | sheet=Página1 | row=85 | ingest_to_commit_ms=989 | manual_open_to_commit_ms=4247
[SKIP] 8cc314315d8214af02a7bd512c87958b_.jpg | temp_file_disappeared_after_3_attempts
[RETRY] 10c898727d9f18ed388470def989fd6c_.jpg | attempt=2 | err=FileNotFoundError: Resolved file disappeared: C:\Users\Felipe\Documents\WeChat Files\wxid_xd3703k0ih2p22\FileStorage\Temp\10c898727d9f18ed388470def989fd6c_.jpg
[RETRY] d06a6bebe3fb38bf64b8178f321fd00a_.jpg | attempt=1 | err=FileNotFoundError: Resolved file disappeared: C:\Users\Felipe\Documents\WeChat Files\wxid_xd3703k0ih2p22\FileStorage\Temp\d06a6bebe3fb38bf64b8178f321fd00a_.jpg
[RETRY] fae49ecf5bad4a67fa43aafe413b7344_.jpg | attempt=2 | err=FileNotFoundError: Resolved file disappeared: C:\Users\Felipe\Documents\WeChat Files\wxid_xd3703k0ih2p22\FileStorage\Temp\fae49ecf5bad4a67fa43aafe413b7344_.jpg
[OK] 96a287fb542d0332d3d4f2bc71513e51.dat | cliente=1 | banco=AMD | valor=3230.11 | data=28/07/2026 11:43 | sink=staged | resolution=direct_image | verification=CONFIRMADO | manual_open_to_claim_ms=1777 | open_ms=14 | prep_ms=35 | ocr_ms=1457 | parse_ms=1 | manual_open_to_ingest_ms=3293
[SINK] committed | file_id=9a9b7543cca741c9b28a86d6dc1b7979bbb6bd3b | msg=- | talker=- | create_time=0 | sheet=Página1 | row=86 | ingest_to_commit_ms=949 | manual_open_to_commit_ms=4243
[SKIP] 7fbde24fbd866a87f74a4dac57d9f8a7_.jpg | temp_file_disappeared_after_3_attempts
[RETRY] c1901c113c35250c70ca52086083e850_.jpg | attempt=1 | err=FileNotFoundError: Resolved file disappeared: C:\Users\Felipe\Documents\WeChat Files\wxid_xd3703k0ih2p22\FileStorage\Temp\c1901c113c35250c70ca52086083e850_.jpg
[RETRY] 6118c4eada6222aed2d2b58ba521b81b_.jpg | attempt=2 | err=FileNotFoundError: Resolved file disappeared: C:\Users\Felipe\Documents\WeChat Files\wxid_xd3703k0ih2p22\FileStorage\Temp\6118c4eada6222aed2d2b58ba521b81b_.jpg
[OK] cda1d1b7767e380b5ce3b993b00fa5e0.dat | cliente=1 | banco=AMD | valor=7100.0 | data=28/07/2026 11:10 | sink=staged | resolution=direct_image | verification=CONFIRMADO | manual_open_to_claim_ms=1678 | open_ms=5 | prep_ms=0 | ocr_ms=1604 | parse_ms=1 | manual_open_to_ingest_ms=3292
[SINK] committed | file_id=b2c6eb9caa3f243954fb5fc978a00c060d995b1c | msg=- | talker=- | create_time=0 | sheet=Página1 | row=87 | ingest_to_commit_ms=904 | manual_open_to_commit_ms=4196
[RETRY] 1179c5eba07cd2eea93c950a6868fcb1_.jpg | attempt=1 | err=FileNotFoundError: Resolved file disappeared: C:\Users\Felipe\Documents\WeChat Files\wxid_xd3703k0ih2p22\FileStorage\Temp\1179c5eba07cd2eea93c950a6868fcb1_.jpg
[SKIP] 1f89784619d11210237bf1fcc54b377d_.jpg | temp_file_disappeared_after_3_attempts
[RETRY] 99257e0dd6443436b48a17a9a7268219_.jpg | attempt=2 | err=FileNotFoundError: Resolved file disappeared: C:\Users\Felipe\Documents\WeChat Files\wxid_xd3703k0ih2p22\FileStorage\Temp\99257e0dd6443436b48a17a9a7268219_.jpg
[OK] 8ea3339523a047721a8073c59efc62db.dat | cliente=1 | banco=AMD | valor=504.0 | data=28/07/2026 11:48 | sink=staged | resolution=direct_image | verification=CONFIRMADO | manual_open_to_claim_ms=1695 | open_ms=6 | prep_ms=1 | ocr_ms=891 | parse_ms=1 | manual_open_to_ingest_ms=2598
[SINK] committed | file_id=f74c9fcbcc5a321c616e65114afe1cf201f84412 | msg=- | talker=- | create_time=0 | sheet=Página1 | row=88 | ingest_to_commit_ms=883 | manual_open_to_commit_ms=3481
[RETRY] c80a92eaff529aea774c3435f3dec922_.jpg | attempt=1 | err=FileNotFoundError: Resolved file disappeared: C:\Users\Felipe\Documents\WeChat Files\wxid_xd3703k0ih2p22\FileStorage\Temp\c80a92eaff529aea774c3435f3dec922_.jpg
[SKIP] a983ab7a5cc9828474964e3d46c1e5bc_.jpg | temp_file_disappeared_after_3_attempts
[RETRY] d06a6bebe3fb38bf64b8178f321fd00a_.jpg | attempt=2 | err=FileNotFoundError: Resolved file disappeared: C:\Users\Felipe\Documents\WeChat Files\wxid_xd3703k0ih2p22\FileStorage\Temp\d06a6bebe3fb38bf64b8178f321fd00a_.jpg
[OK] 5182999642ed37fa5a985bd6ef3955cf.dat | cliente=1 | banco=AMD | valor=3742.81 | data=28/07/2026 11:55 | sink=staged | resolution=direct_image | verification=CONFIRMADO | manual_open_to_claim_ms=2189 | open_ms=6 | prep_ms=0 | ocr_ms=2468 | parse_ms=1 | manual_open_to_ingest_ms=4669
[SINK] committed | file_id=2d690562b353b7cfa530fa3f93619e42f30b1185 | msg=- | talker=- | create_time=0 | sheet=Página1 | row=89 | ingest_to_commit_ms=909 | manual_open_to_commit_ms=5578
[SKIP] b4052cb74e00e5dc80902b777ad1a5f4_.jpg | temp_file_disappeared_after_3_attempts
[RETRY] b06032e57d8a09724ae23ee69c6030f3_.jpg | attempt=1 | err=FileNotFoundError: Resolved file disappeared: C:\Users\Felipe\Documents\WeChat Files\wxid_xd3703k0ih2p22\FileStorage\Temp\b06032e57d8a09724ae23ee69c6030f3_.jpg
[RETRY] c1901c113c35250c70ca52086083e850_.jpg | attempt=2 | err=FileNotFoundError: Resolved file disappeared: C:\Users\Felipe\Documents\WeChat Files\wxid_xd3703k0ih2p22\FileStorage\Temp\c1901c113c35250c70ca52086083e850_.jpg
[OK] 1cf569225f4616fac7f35d6e32e8265e.dat | cliente=1 | banco=AMD | valor=1082.61 | data=28/07/2020 10:40 | sink=staged | resolution=direct_image | verification=CONFIRMADO | manual_open_to_claim_ms=1784 | open_ms=4 | prep_ms=0 | ocr_ms=1109 | parse_ms=1 | manual_open_to_ingest_ms=2901
[SINK] committed | file_id=4eee50af4cffde32e8fdf73781930a80a3e4351e | msg=- | talker=- | create_time=0 | sheet=Página1 | row=90 | ingest_to_commit_ms=905 | manual_open_to_commit_ms=3806
[RETRY] 9921908447647e1c1bf5d499fc9f1062_.jpg | attempt=1 | err=FileNotFoundError: Resolved file disappeared: C:\Users\Felipe\Documents\WeChat Files\wxid_xd3703k0ih2p22\FileStorage\Temp\9921908447647e1c1bf5d499fc9f1062_.jpg
[SKIP] 37e6dde83520cb57e6f68f0c37ffaffc_.jpg | temp_file_disappeared_after_3_attempts
[RETRY] 1179c5eba07cd2eea93c950a6868fcb1_.jpg | attempt=2 | err=FileNotFoundError: Resolved file disappeared: C:\Users\Felipe\Documents\WeChat Files\wxid_xd3703k0ih2p22\FileStorage\Temp\1179c5eba07cd2eea93c950a6868fcb1_.jpg
[OK] e258b563a5bd770c5e211b52e68f77d1.dat | cliente=1 | banco=AMD | valor=504.0 | data=28/07/2026 12:33 | sink=staged | resolution=direct_image | verification=CONFIRMADO | manual_open_to_claim_ms=1300 | open_ms=5 | prep_ms=1 | ocr_ms=1426 | parse_ms=1 | manual_open_to_ingest_ms=2736
[SINK] committed | file_id=3798d78d266c8e89f9c767fdb0efe7debf4fc319 | msg=- | talker=- | create_time=0 | sheet=Página1 | row=91 | ingest_to_commit_ms=927 | manual_open_to_commit_ms=3663
[RETRY] 1134f2c74b04431e6fbe1e61a5a00b65_.jpg | attempt=1 | err=FileNotFoundError: Resolved file disappeared: C:\Users\Felipe\Documents\WeChat Files\wxid_xd3703k0ih2p22\FileStorage\Temp\1134f2c74b04431e6fbe1e61a5a00b65_.jpg
[RETRY] c80a92eaff529aea774c3435f3dec922_.jpg | attempt=2 | err=FileNotFoundError: Resolved file disappeared: C:\Users\Felipe\Documents\WeChat Files\wxid_xd3703k0ih2p22\FileStorage\Temp\c80a92eaff529aea774c3435f3dec922_.jpg
[OK] 54e643eea904c68e50b11a8debab94bd.dat | cliente=1 | banco=AMD | valor=4065.0 | data=28/07/2026 12:33 | sink=staged | resolution=direct_image | verification=CONFIRMADO | manual_open_to_claim_ms=1072 | open_ms=6 | prep_ms=1 | ocr_ms=2013 | parse_ms=2 | manual_open_to_ingest_ms=3097
[SINK] committed | file_id=7e6c8bd64d304f8ce0c7c66a2d8cee45f1185866 | msg=- | talker=- | create_time=0 | sheet=Página1 | row=92 | ingest_to_commit_ms=972 | manual_open_to_commit_ms=4070
[SKIP] 10c898727d9f18ed388470def989fd6c_.jpg | temp_file_disappeared_after_3_attempts
[SKIP] fae49ecf5bad4a67fa43aafe413b7344_.jpg | temp_file_disappeared_after_3_attempts
[RETRY] e6291f893912a0d10807c8801f6babf9_.jpg | attempt=1 | err=FileNotFoundError: Resolved file disappeared: C:\Users\Felipe\Documents\WeChat Files\wxid_xd3703k0ih2p22\FileStorage\Temp\e6291f893912a0d10807c8801f6babf9_.jpg
[RETRY] b06032e57d8a09724ae23ee69c6030f3_.jpg | attempt=2 | err=FileNotFoundError: Resolved file disappeared: C:\Users\Felipe\Documents\WeChat Files\wxid_xd3703k0ih2p22\FileStorage\Temp\b06032e57d8a09724ae23ee69c6030f3_.jpg
[OK] e67059cba211393a024ba00b57445cfd.dat | cliente=1 | banco=CLEEND | valor=1051.0 | data=28/07/2026 12:24 | sink=staged | resolution=direct_image | verification=CONFIRMADO | manual_open_to_claim_ms=1628 | open_ms=5 | prep_ms=0 | ocr_ms=1950 | parse_ms=2 | manual_open_to_ingest_ms=3589
[SINK] committed | file_id=9acd2a8d453c922a8c85af6e2e90b2746fbc30f5 | msg=- | talker=- | create_time=0 | sheet=Página1 | row=93 | ingest_to_commit_ms=915 | manual_open_to_commit_ms=4504
[RETRY] 5bd49377bbb7557abf9ec34fe2244a48_.jpg | attempt=1 | err=FileNotFoundError: Resolved file disappeared: C:\Users\Felipe\Documents\WeChat Files\wxid_xd3703k0ih2p22\FileStorage\Temp\5bd49377bbb7557abf9ec34fe2244a48_.jpg
[SKIP] 6118c4eada6222aed2d2b58ba521b81b_.jpg | temp_file_disappeared_after_3_attempts
[RETRY] 9921908447647e1c1bf5d499fc9f1062_.jpg | attempt=2 | err=FileNotFoundError: Resolved file disappeared: C:\Users\Felipe\Documents\WeChat Files\wxid_xd3703k0ih2p22\FileStorage\Temp\9921908447647e1c1bf5d499fc9f1062_.jpg
[OK] b014154640baedaa9a3faf57d2a71bd9.dat | cliente=1 | banco=AMD | valor=584.0 | data=28/07/2026 12:33 | sink=staged | resolution=direct_image | verification=CONFIRMADO | manual_open_to_claim_ms=1947 | open_ms=2 | prep_ms=0 | ocr_ms=955 | parse_ms=1 | manual_open_to_ingest_ms=2907
[SINK] committed | file_id=d20af92a70e4aca562f1a226b75a70d42c47da87 | msg=- | talker=- | create_time=0 | sheet=Página1 | row=94 | ingest_to_commit_ms=886 | manual_open_to_commit_ms=3793
[RETRY] 66b3d057c88ade4693f0b692c32dba11_.jpg | attempt=1 | err=FileNotFoundError: Resolved file disappeared: C:\Users\Felipe\Documents\WeChat Files\wxid_xd3703k0ih2p22\FileStorage\Temp\66b3d057c88ade4693f0b692c32dba11_.jpg
[SKIP] 99257e0dd6443436b48a17a9a7268219_.jpg | temp_file_disappeared_after_3_attempts
[SCAN] reconcile complete | queued_or_refreshed=17
[OK] c031eb95f144c421d611e2d1d74c23fb.dat | cliente=1 | banco=AMD | valor=2259.76 | data=28/07/2026 12:36 | sink=staged | resolution=direct_image | verification=CONFIRMADO | manual_open_to_claim_ms=1565 | open_ms=13 | prep_ms=36 | ocr_ms=1144 | parse_ms=2 | manual_open_to_ingest_ms=2769
[SINK] committed | file_id=30c5ecb37dc99aa4e46209cb26d4805828a64ebd | msg=- | talker=- | create_time=0 | sheet=Página1 | row=95 | ingest_to_commit_ms=911 | manual_open_to_commit_ms=3680
[RETRY] 1134f2c74b04431e6fbe1e61a5a00b65_.jpg | attempt=2 | err=FileNotFoundError: Resolved file disappeared: C:\Users\Felipe\Documents\WeChat Files\wxid_xd3703k0ih2p22\FileStorage\Temp\1134f2c74b04431e6fbe1e61a5a00b65_.jpg
[RETRY] eedab830a080fcfc50cc3269491bf74f_.jpg | attempt=1 | err=FileNotFoundError: Resolved file disappeared: C:\Users\Felipe\Documents\WeChat Files\wxid_xd3703k0ih2p22\FileStorage\Temp\eedab830a080fcfc50cc3269491bf74f_.jpg
[SKIP] d06a6bebe3fb38bf64b8178f321fd00a_.jpg | temp_file_disappeared_after_3_attempts
[RETRY] e6291f893912a0d10807c8801f6babf9_.jpg | attempt=2 | err=FileNotFoundError: Resolved file disappeared: C:\Users\Felipe\Documents\WeChat Files\wxid_xd3703k0ih2p22\FileStorage\Temp\e6291f893912a0d10807c8801f6babf9_.jpg
[OK] ed5b91fcfbc7346ee6f680eb61a29f9f.dat | cliente=1 | banco=AMD | valor=13720.0 | data=28/07/2026 13:00 | sink=staged | resolution=direct_image | verification=CONFIRMADO | manual_open_to_claim_ms=1041 | open_ms=4 | prep_ms=0 | ocr_ms=1184 | parse_ms=1 | manual_open_to_ingest_ms=2234
[SINK] committed | file_id=827fe25fadc807c78479348a5da6808d9220a47d | msg=- | talker=- | create_time=0 | sheet=Página1 | row=96 | ingest_to_commit_ms=1108 | manual_open_to_commit_ms=3343
[RETRY] 8b55b44b70c9ab32d7aae9735043a8e3_.jpg | attempt=1 | err=FileNotFoundError: Resolved file disappeared: C:\Users\Felipe\Documents\WeChat Files\wxid_xd3703k0ih2p22\FileStorage\Temp\8b55b44b70c9ab32d7aae9735043a8e3_.jpg
[SKIP] c1901c113c35250c70ca52086083e850_.jpg | temp_file_disappeared_after_3_attempts
[RETRY] 5bd49377bbb7557abf9ec34fe2244a48_.jpg | attempt=2 | err=FileNotFoundError: Resolved file disappeared: C:\Users\Felipe\Documents\WeChat Files\wxid_xd3703k0ih2p22\FileStorage\Temp\5bd49377bbb7557abf9ec34fe2244a48_.jpg
[OK] 4f3ea6cfbda12e75810e0afa686a4b7b.dat | cliente=1 | banco=CLEEND | valor=7382.45 | data=28/07/2026 12:49 | sink=staged | resolution=direct_image | verification=CONFIRMADO | manual_open_to_claim_ms=2216 | open_ms=4 | prep_ms=0 | ocr_ms=2086 | parse_ms=1 | manual_open_to_ingest_ms=4310
[SINK] committed | file_id=79ee4354923a5f3d867efb1778d39d553602abf9 | msg=- | talker=- | create_time=0 | sheet=Página1 | row=97 | ingest_to_commit_ms=950 | manual_open_to_commit_ms=5260
[SKIP] 1179c5eba07cd2eea93c950a6868fcb1_.jpg | temp_file_disappeared_after_3_attempts
[RETRY] 9deaa2606cb81436017e0d321829ffbf_.jpg | attempt=1 | err=FileNotFoundError: Resolved file disappeared: C:\Users\Felipe\Documents\WeChat Files\wxid_xd3703k0ih2p22\FileStorage\Temp\9deaa2606cb81436017e0d321829ffbf_.jpg
[RETRY] 66b3d057c88ade4693f0b692c32dba11_.jpg | attempt=2 | err=FileNotFoundError: Resolved file disappeared: C:\Users\Felipe\Documents\WeChat Files\wxid_xd3703k0ih2p22\FileStorage\Temp\66b3d057c88ade4693f0b692c32dba11_.jpg
[OK] 75a9992fb1e8cc8c8d24ba982565fc8e.dat | cliente=1 | banco=AMD | valor=123.5 | data=28/07/2026 13:21 | sink=staged | resolution=direct_image | verification=CONFIRMADO | manual_open_to_claim_ms=1499 | open_ms=5 | prep_ms=1 | ocr_ms=2167 | parse_ms=1 | manual_open_to_ingest_ms=3676
[SINK] committed | file_id=dde4b846fa01a5f9f04d5c063332fced613c3f55 | msg=- | talker=- | create_time=0 | sheet=Página1 | row=98 | ingest_to_commit_ms=912 | manual_open_to_commit_ms=4588
[SKIP] c80a92eaff529aea774c3435f3dec922_.jpg | temp_file_disappeared_after_3_attempts
[RETRY] fa3f32b3ed4fa1cdaf39c10d459c25d1_.jpg | attempt=1 | err=FileNotFoundError: Resolved file disappeared: C:\Users\Felipe\Documents\WeChat Files\wxid_xd3703k0ih2p22\FileStorage\Temp\fa3f32b3ed4fa1cdaf39c10d459c25d1_.jpg
[RETRY] eedab830a080fcfc50cc3269491bf74f_.jpg | attempt=2 | err=FileNotFoundError: Resolved file disappeared: C:\Users\Felipe\Documents\WeChat Files\wxid_xd3703k0ih2p22\FileStorage\Temp\eedab830a080fcfc50cc3269491bf74f_.jpg
[OK] b74d567a97e71e4abd760d379911d50b.dat | cliente=1 | banco=AMD | valor=2417.44 | data=28/07/2026 13:25 | sink=staged | resolution=direct_image | verification=CONFIRMADO | manual_open_to_claim_ms=2062 | open_ms=13 | prep_ms=35 | ocr_ms=1566 | parse_ms=1 | manual_open_to_ingest_ms=3686
[SINK] committed | file_id=9608f6457df4bdea84c27baf4e0ced871fa0dc8c | msg=- | talker=- | create_time=0 | sheet=Página1 | row=99 | ingest_to_commit_ms=988 | manual_open_to_commit_ms=4674
[RETRY] e32b337caf9bd7beddd53ab2cdd6e2fc_.jpg | attempt=1 | err=FileNotFoundError: Resolved file disappeared: C:\Users\Felipe\Documents\WeChat Files\wxid_xd3703k0ih2p22\FileStorage\Temp\e32b337caf9bd7beddd53ab2cdd6e2fc_.jpg
[SKIP] b06032e57d8a09724ae23ee69c6030f3_.jpg | temp_file_disappeared_after_3_attempts
[RETRY] 8b55b44b70c9ab32d7aae9735043a8e3_.jpg | attempt=2 | err=FileNotFoundError: Resolved file disappeared: C:\Users\Felipe\Documents\WeChat Files\wxid_xd3703k0ih2p22\FileStorage\Temp\8b55b44b70c9ab32d7aae9735043a8e3_.jpg
[OK] a08ffde18b7dd079ca54fff5eb75f59e.dat | cliente=1 | banco=AMD | valor=1683.4 | data=28/07/2026 13:54 | sink=staged | resolution=direct_image | verification=CONFIRMADO | manual_open_to_claim_ms=2161 | open_ms=10 | prep_ms=1 | ocr_ms=611 | parse_ms=1 | manual_open_to_ingest_ms=2789
[SINK] committed | file_id=6b4baf6b9a215dafb0cc2d8d1097003351b942e7 | msg=- | talker=- | create_time=0 | sheet=Página1 | row=100 | ingest_to_commit_ms=865 | manual_open_to_commit_ms=3655
[RETRY] eeb81d73283abd20503396291f31aeca_.jpg | attempt=1 | err=FileNotFoundError: Resolved file disappeared: C:\Users\Felipe\Documents\WeChat Files\wxid_xd3703k0ih2p22\FileStorage\Temp\eeb81d73283abd20503396291f31aeca_.jpg
[SKIP] 9921908447647e1c1bf5d499fc9f1062_.jpg | temp_file_disappeared_after_3_attempts
[RETRY] 9deaa2606cb81436017e0d321829ffbf_.jpg | attempt=2 | err=FileNotFoundError: Resolved file disappeared: C:\Users\Felipe\Documents\WeChat Files\wxid_xd3703k0ih2p22\FileStorage\Temp\9deaa2606cb81436017e0d321829ffbf_.jpg
[OK] 888bbbee0db9a2ae7a7441902db23c67.dat | cliente=1 | banco=AMD | valor=7887.07 | data=28/07/2026 13:57 | sink=staged | resolution=direct_image | verification=CONFIRMADO | manual_open_to_claim_ms=1114 | open_ms=7 | prep_ms=1 | ocr_ms=1387 | parse_ms=1 | manual_open_to_ingest_ms=2514
[SINK] committed | file_id=d7ba429701bf48239c4d3c8c1769e9eb30863f55 | msg=- | talker=- | create_time=0 | sheet=Página1 | row=101 | ingest_to_commit_ms=886 | manual_open_to_commit_ms=3401
[RETRY] 5fd412ecf910ac224319a5f830207d98_.jpg | attempt=1 | err=FileNotFoundError: Resolved file disappeared: C:\Users\Felipe\Documents\WeChat Files\wxid_xd3703k0ih2p22\FileStorage\Temp\5fd412ecf910ac224319a5f830207d98_.jpg
[RETRY] fa3f32b3ed4fa1cdaf39c10d459c25d1_.jpg | attempt=2 | err=FileNotFoundError: Resolved file disappeared: C:\Users\Felipe\Documents\WeChat Files\wxid_xd3703k0ih2p22\FileStorage\Temp\fa3f32b3ed4fa1cdaf39c10d459c25d1_.jpg
[SKIP] 1134f2c74b04431e6fbe1e61a5a00b65_.jpg | temp_file_disappeared_after_3_attempts
[OK] 47d1a2e96e4f4c9df7950823a486ba9e.dat | cliente=1 | banco=AMD | valor=844.1 | data=28/07/2026 14:28 | sink=staged | resolution=direct_image | verification=CONFIRMADO | manual_open_to_claim_ms=2127 | open_ms=4 | prep_ms=0 | ocr_ms=1139 | parse_ms=1 | manual_open_to_ingest_ms=3274
[SINK] committed | file_id=48fbd80a14e9467189ab53695135ed83bbb506ed | msg=- | talker=- | create_time=0 | sheet=Página1 | row=102 | ingest_to_commit_ms=895 | manual_open_to_commit_ms=4169
[RETRY] f63e96f0fda783dfbc46ecc51982cc03_.jpg | attempt=1 | err=FileNotFoundError: Resolved file disappeared: C:\Users\Felipe\Documents\WeChat Files\wxid_xd3703k0ih2p22\FileStorage\Temp\f63e96f0fda783dfbc46ecc51982cc03_.jpg
[SKIP] e6291f893912a0d10807c8801f6babf9_.jpg | temp_file_disappeared_after_3_attempts
[RETRY] e32b337caf9bd7beddd53ab2cdd6e2fc_.jpg | attempt=2 | err=FileNotFoundError: Resolved file disappeared: C:\Users\Felipe\Documents\WeChat Files\wxid_xd3703k0ih2p22\FileStorage\Temp\e32b337caf9bd7beddd53ab2cdd6e2fc_.jpg
[OK] 6c8757816c8946f9d201d153969adf7f.dat | cliente=1 | banco=AMD | valor=18259.0 | data=28/07/2026 14:33 | sink=staged | resolution=direct_image | verification=CONFIRMADO | manual_open_to_claim_ms=1637 | open_ms=5 | prep_ms=0 | ocr_ms=2514 | parse_ms=1 | manual_open_to_ingest_ms=4162
[SINK] committed | file_id=4ba3e6fbaf8e9989b1b33fa5544416aec67f23eb | msg=- | talker=- | create_time=0 | sheet=Página1 | row=103 | ingest_to_commit_ms=972 | manual_open_to_commit_ms=5134
[RETRY] ca8aea3ac755bccf50e450539d3c1852_.jpg | attempt=1 | err=FileNotFoundError: Resolved file disappeared: C:\Users\Felipe\Documents\WeChat Files\wxid_xd3703k0ih2p22\FileStorage\Temp\ca8aea3ac755bccf50e450539d3c1852_.jpg
[SKIP] 5bd49377bbb7557abf9ec34fe2244a48_.jpg | temp_file_disappeared_after_3_attempts
[RETRY] eeb81d73283abd20503396291f31aeca_.jpg | attempt=2 | err=FileNotFoundError: Resolved file disappeared: C:\Users\Felipe\Documents\WeChat Files\wxid_xd3703k0ih2p22\FileStorage\Temp\eeb81d73283abd20503396291f31aeca_.jpg
[OK] 6ececee349d13f1386e869f746e9f6d8.dat | cliente=1 | banco=AMD | valor=6657.4 | data=28/07/2026 14:34 | sink=staged | resolution=direct_image | verification=CONFIRMADO | manual_open_to_claim_ms=1209 | open_ms=13 | prep_ms=35 | ocr_ms=1543 | parse_ms=1 | manual_open_to_ingest_ms=2811
[SINK] committed | file_id=ea6d4013836247a3b6f64330031c85d2673e8e51 | msg=- | talker=- | create_time=0 | sheet=Página1 | row=104 | ingest_to_commit_ms=877 | manual_open_to_commit_ms=3689
[RETRY] 2cc9194a842d6efedf071c2d07bb1c32_.jpg | attempt=1 | err=FileNotFoundError: Resolved file disappeared: C:\Users\Felipe\Documents\WeChat Files\wxid_xd3703k0ih2p22\FileStorage\Temp\2cc9194a842d6efedf071c2d07bb1c32_.jpg
[SKIP] 66b3d057c88ade4693f0b692c32dba11_.jpg | temp_file_disappeared_after_3_attempts
[RETRY] 5fd412ecf910ac224319a5f830207d98_.jpg | attempt=2 | err=FileNotFoundError: Resolved file disappeared: C:\Users\Felipe\Documents\WeChat Files\wxid_xd3703k0ih2p22\FileStorage\Temp\5fd412ecf910ac224319a5f830207d98_.jpg
[SCAN] reconcile complete | queued_or_refreshed=17
[OK] d79f3ed3c1934011b4c37b6d5b550ab2.dat | cliente=1 | banco=AMD | valor=6329.5 | data=28/07/2026 13:46 | sink=staged | resolution=direct_image | verification=CONFIRMADO | manual_open_to_claim_ms=1578 | open_ms=15 | prep_ms=35 | ocr_ms=1102 | parse_ms=1 | manual_open_to_ingest_ms=2738
[SINK] committed | file_id=052dab6e355fb077b7d4dc07a2dbb4a0ea9770d5 | msg=- | talker=- | create_time=0 | sheet=Página1 | row=105 | ingest_to_commit_ms=927 | manual_open_to_commit_ms=3665
[RETRY] 29556f8bf3dbf41ab58727b00d13d7c8_.jpg | attempt=1 | err=FileNotFoundError: Resolved file disappeared: C:\Users\Felipe\Documents\WeChat Files\wxid_xd3703k0ih2p22\FileStorage\Temp\29556f8bf3dbf41ab58727b00d13d7c8_.jpg
[SKIP] eedab830a080fcfc50cc3269491bf74f_.jpg | temp_file_disappeared_after_3_attempts
[RETRY] f63e96f0fda783dfbc46ecc51982cc03_.jpg | attempt=2 | err=FileNotFoundError: Resolved file disappeared: C:\Users\Felipe\Documents\WeChat Files\wxid_xd3703k0ih2p22\FileStorage\Temp\f63e96f0fda783dfbc46ecc51982cc03_.jpg
[OK] 85bfbb40adf134a75bab46dd306abf2e.dat | cliente=1 | banco=AMD | valor=2053.4 | data=28/07/2026 14:46 | sink=staged | resolution=direct_image | verification=CONFIRMADO | manual_open_to_claim_ms=1127 | open_ms=15 | prep_ms=35 | ocr_ms=1008 | parse_ms=1 | manual_open_to_ingest_ms=2195
[SINK] committed | file_id=cb720176880d6762b34611463157cf118b525db6 | msg=- | talker=- | create_time=0 | sheet=Página1 | row=106 | ingest_to_commit_ms=947 | manual_open_to_commit_ms=3142
[RETRY] ff88b48d21f8451c05defab3263ca589_.jpg | attempt=1 | err=FileNotFoundError: Resolved file disappeared: C:\Users\Felipe\Documents\WeChat Files\wxid_xd3703k0ih2p22\FileStorage\Temp\ff88b48d21f8451c05defab3263ca589_.jpg
[SKIP] 8b55b44b70c9ab32d7aae9735043a8e3_.jpg | temp_file_disappeared_after_3_attempts
[RETRY] ca8aea3ac755bccf50e450539d3c1852_.jpg | attempt=2 | err=FileNotFoundError: Resolved file disappeared: C:\Users\Felipe\Documents\WeChat Files\wxid_xd3703k0ih2p22\FileStorage\Temp\ca8aea3ac755bccf50e450539d3c1852_.jpg
[OK] 0f2ff6c75b1e46c8a5d142e7d31e8b6b.dat | cliente=1 | banco=AMD | valor=793.0 | data=28/07/2026 15:01 | sink=staged | resolution=direct_image | verification=CONFIRMADO | manual_open_to_claim_ms=1866 | open_ms=4 | prep_ms=0 | ocr_ms=636 | parse_ms=1 | manual_open_to_ingest_ms=2511
[SINK] committed | file_id=2462adb529d4834c31a467578ef558f29fef59e1 | msg=- | talker=- | create_time=0 | sheet=Página1 | row=107 | ingest_to_commit_ms=1001 | manual_open_to_commit_ms=3512
[RETRY] f3a47b56478fed1bb90670a498f0c5b9_.jpg | attempt=1 | err=FileNotFoundError: Resolved file disappeared: C:\Users\Felipe\Documents\WeChat Files\wxid_xd3703k0ih2p22\FileStorage\Temp\f3a47b56478fed1bb90670a498f0c5b9_.jpg
[SKIP] 9deaa2606cb81436017e0d321829ffbf_.jpg | temp_file_disappeared_after_3_attempts
[RETRY] 2cc9194a842d6efedf071c2d07bb1c32_.jpg | attempt=2 | err=FileNotFoundError: Resolved file disappeared: C:\Users\Felipe\Documents\WeChat Files\wxid_xd3703k0ih2p22\FileStorage\Temp\2cc9194a842d6efedf071c2d07bb1c32_.jpg
[OK] 0fc63f4da56432945e6b22cf98affcb8.dat | cliente=1 | banco=CLEEND | valor=790.0 | data=28/07/2026 12:49 | sink=staged | resolution=direct_image | verification=CONFIRMADO | manual_open_to_claim_ms=2233 | open_ms=6 | prep_ms=1 | ocr_ms=2011 | parse_ms=1 | manual_open_to_ingest_ms=4256
[SINK] committed | file_id=c4230a846fd4dca8d6759f68ce16e3763a11ee3d | msg=- | talker=- | create_time=0 | sheet=Página1 | row=108 | ingest_to_commit_ms=914 | manual_open_to_commit_ms=5170
[RETRY] 1b983b9c29de3ef5b19b90b109320d22_.jpg | attempt=1 | err=FileNotFoundError: Resolved file disappeared: C:\Users\Felipe\Documents\WeChat Files\wxid_xd3703k0ih2p22\FileStorage\Temp\1b983b9c29de3ef5b19b90b109320d22_.jpg
[SKIP] fa3f32b3ed4fa1cdaf39c10d459c25d1_.jpg | temp_file_disappeared_after_3_attempts
[RETRY] 29556f8bf3dbf41ab58727b00d13d7c8_.jpg | attempt=2 | err=FileNotFoundError: Resolved file disappeared: C:\Users\Felipe\Documents\WeChat Files\wxid_xd3703k0ih2p22\FileStorage\Temp\29556f8bf3dbf41ab58727b00d13d7c8_.jpg
[OK] f566541511ff7d65889caa6226a9dddb.dat | cliente=1 | banco=AMD | valor=708.0 | data=28/07/2026 15:30 | sink=staged | resolution=direct_image | verification=CONFIRMADO | manual_open_to_claim_ms=1404 | open_ms=7 | prep_ms=1 | ocr_ms=699 | parse_ms=1 | manual_open_to_ingest_ms=2117
[SINK] committed | file_id=367aa7566e4349cbe5559439b3d7d1db92000aa5 | msg=- | talker=- | create_time=0 | sheet=Página1 | row=109 | ingest_to_commit_ms=841 | manual_open_to_commit_ms=2958
[RETRY] c94fbdcff0fbbfd00a334dc61d235c20_.jpg | attempt=1 | err=FileNotFoundError: Resolved file disappeared: C:\Users\Felipe\Documents\WeChat Files\wxid_xd3703k0ih2p22\FileStorage\Temp\c94fbdcff0fbbfd00a334dc61d235c20_.jpg
[SKIP] e32b337caf9bd7beddd53ab2cdd6e2fc_.jpg | temp_file_disappeared_after_3_attempts
[RETRY] ff88b48d21f8451c05defab3263ca589_.jpg | attempt=2 | err=FileNotFoundError: Resolved file disappeared: C:\Users\Felipe\Documents\WeChat Files\wxid_xd3703k0ih2p22\FileStorage\Temp\ff88b48d21f8451c05defab3263ca589_.jpg
[OK] 38d2bad0d3bb94d245a1380132988d04.dat | cliente=1 | banco=AMD | valor=1200.0 | data=28/07/2026 15:45 | sink=staged | resolution=direct_image | verification=CONFIRMADO | manual_open_to_claim_ms=1653 | open_ms=13 | prep_ms=35 | ocr_ms=642 | parse_ms=1 | manual_open_to_ingest_ms=2351
[SINK] committed | file_id=0c938ddefe2516ddc44441807b86da194a32ce81 | msg=- | talker=- | create_time=0 | sheet=Página1 | row=110 | ingest_to_commit_ms=925 | manual_open_to_commit_ms=3276
[RETRY] 2d0cdf8a8b7ac65ec7645641cfdb640f_.jpg | attempt=1 | err=FileNotFoundError: Resolved file disappeared: C:\Users\Felipe\Documents\WeChat Files\wxid_xd3703k0ih2p22\FileStorage\Temp\2d0cdf8a8b7ac65ec7645641cfdb640f_.jpg
[SKIP] eeb81d73283abd20503396291f31aeca_.jpg | temp_file_disappeared_after_3_attempts
[RETRY] f3a47b56478fed1bb90670a498f0c5b9_.jpg | attempt=2 | err=FileNotFoundError: Resolved file disappeared: C:\Users\Felipe\Documents\WeChat Files\wxid_xd3703k0ih2p22\FileStorage\Temp\f3a47b56478fed1bb90670a498f0c5b9_.jpg
[OK] d4864f2ad6d5fde2a67be98e50f96661.dat | cliente=1 | banco=AMD | valor=9902.68 | data=28/07/2026 14:39 | sink=staged | resolution=direct_image | verification=CONFIRMADO | manual_open_to_claim_ms=1997 | open_ms=13 | prep_ms=36 | ocr_ms=2699 | parse_ms=1 | manual_open_to_ingest_ms=4756
[SINK] committed | file_id=34d0ad6e2fb933d12a8de7cb29abc626c12ed09b | msg=- | talker=- | create_time=0 | sheet=Página1 | row=111 | ingest_to_commit_ms=905 | manual_open_to_commit_ms=5662
[SKIP] 5fd412ecf910ac224319a5f830207d98_.jpg | temp_file_disappeared_after_3_attempts
[RETRY] fb81a2d14a16e2fca931baaf5a0a7b2c_.jpg | attempt=1 | err=FileNotFoundError: Resolved file disappeared: C:\Users\Felipe\Documents\WeChat Files\wxid_xd3703k0ih2p22\FileStorage\Temp\fb81a2d14a16e2fca931baaf5a0a7b2c_.jpg
[RETRY] 1b983b9c29de3ef5b19b90b109320d22_.jpg | attempt=2 | err=FileNotFoundError: Resolved file disappeared: C:\Users\Felipe\Documents\WeChat Files\wxid_xd3703k0ih2p22\FileStorage\Temp\1b983b9c29de3ef5b19b90b109320d22_.jpg
[OK] 82fdbf65368e5155e9fba2a76db9d970.dat | cliente=1 | banco=AMD | valor=9800.0 | data=28/07/2026 14:43 | sink=staged | resolution=direct_image | verification=CONFIRMADO | manual_open_to_claim_ms=1892 | open_ms=12 | prep_ms=35 | ocr_ms=2662 | parse_ms=1 | manual_open_to_ingest_ms=4612
[SINK] committed | file_id=aed8b40c2d18ccb47418847477bb6d2a16a38370 | msg=- | talker=- | create_time=0 | sheet=Página1 | row=112 | ingest_to_commit_ms=997 | manual_open_to_commit_ms=5609
[SKIP] f63e96f0fda783dfbc46ecc51982cc03_.jpg | temp_file_disappeared_after_3_attempts
[RETRY] 3f72e9a6a1687459e8267571885e20b5_.jpg | attempt=1 | err=FileNotFoundError: Resolved file disappeared: C:\Users\Felipe\Documents\WeChat Files\wxid_xd3703k0ih2p22\FileStorage\Temp\3f72e9a6a1687459e8267571885e20b5_.jpg
[RETRY] c94fbdcff0fbbfd00a334dc61d235c20_.jpg | attempt=2 | err=FileNotFoundError: Resolved file disappeared: C:\Users\Felipe\Documents\WeChat Files\wxid_xd3703k0ih2p22\FileStorage\Temp\c94fbdcff0fbbfd00a334dc61d235c20_.jpg
[OK] 6371f897eacb2334d5949a1450d65ff7.dat | cliente=1 | banco=AMD | valor=888.17 | data=28/07/2026 16:09 | sink=staged | resolution=direct_image | verification=CONFIRMADO | manual_open_to_claim_ms=1832 | open_ms=6 | prep_ms=1 | ocr_ms=877 | parse_ms=1 | manual_open_to_ingest_ms=2721
[SINK] committed | file_id=3c0579fd74792842788ee2ab5e233f08b86bdbf0 | msg=- | talker=- | create_time=0 | sheet=Página1 | row=113 | ingest_to_commit_ms=1038 | manual_open_to_commit_ms=3759
[RETRY] 3ff80fa3213d7226d889599dbd64b3b5_.jpg | attempt=1 | err=FileNotFoundError: Resolved file disappeared: C:\Users\Felipe\Documents\WeChat Files\wxid_xd3703k0ih2p22\FileStorage\Temp\3ff80fa3213d7226d889599dbd64b3b5_.jpg
[SKIP] ca8aea3ac755bccf50e450539d3c1852_.jpg | temp_file_disappeared_after_3_attempts
[RETRY] 2d0cdf8a8b7ac65ec7645641cfdb640f_.jpg | attempt=2 | err=FileNotFoundError: Resolved file disappeared: C:\Users\Felipe\Documents\WeChat Files\wxid_xd3703k0ih2p22\FileStorage\Temp\2d0cdf8a8b7ac65ec7645641cfdb640f_.jpg
[OK] f7597dca81738041919d9d855f26fd4a.dat | cliente=1 | banco=AMD | valor=1105.29 | data=28/07/2026 16:11 | sink=staged | resolution=direct_image | verification=CONFIRMADO | manual_open_to_claim_ms=1242 | open_ms=14 | prep_ms=36 | ocr_ms=2186 | parse_ms=2 | manual_open_to_ingest_ms=3490
[SINK] committed | file_id=dc8974f0e3d41a6c2a6df59f24908d5d06494017 | msg=- | talker=- | create_time=0 | sheet=Página1 | row=114 | ingest_to_commit_ms=1056 | manual_open_to_commit_ms=4546
[SKIP] 2cc9194a842d6efedf071c2d07bb1c32_.jpg | temp_file_disappeared_after_3_attempts
[RETRY] 7b92e0ccf7507b4acbe217bb90830483_.jpg | attempt=1 | err=FileNotFoundError: Resolved file disappeared: C:\Users\Felipe\Documents\WeChat Files\wxid_xd3703k0ih2p22\FileStorage\Temp\7b92e0ccf7507b4acbe217bb90830483_.jpg
[SCAN] reconcile complete | queued_or_refreshed=17
[OK] 1391971b12e29790ae02db69882183e3.dat | cliente=1 | banco=AMD | valor=423.6 | data=28/07/2026 16:29 | sink=staged | resolution=direct_image | verification=CONFIRMADO | manual_open_to_claim_ms=2286 | open_ms=4 | prep_ms=0 | ocr_ms=1771 | parse_ms=1 | manual_open_to_ingest_ms=4066
[SINK] committed | file_id=246a023f1a4c1648846b87da11897438f4869114 | msg=- | talker=- | create_time=0 | sheet=Página1 | row=115 | ingest_to_commit_ms=916 | manual_open_to_commit_ms=4983
[SKIP] 29556f8bf3dbf41ab58727b00d13d7c8_.jpg | temp_file_disappeared_after_3_attempts
[RETRY] fb81a2d14a16e2fca931baaf5a0a7b2c_.jpg | attempt=2 | err=FileNotFoundError: Resolved file disappeared: C:\Users\Felipe\Documents\WeChat Files\wxid_xd3703k0ih2p22\FileStorage\Temp\fb81a2d14a16e2fca931baaf5a0a7b2c_.jpg
[RETRY] 73700a4039c143ec81c563b37ed17f4b_.jpg | attempt=1 | err=FileNotFoundError: Resolved file disappeared: C:\Users\Felipe\Documents\WeChat Files\wxid_xd3703k0ih2p22\FileStorage\Temp\73700a4039c143ec81c563b37ed17f4b_.jpg
[RETRY] 3f72e9a6a1687459e8267571885e20b5_.jpg | attempt=2 | err=FileNotFoundError: Resolved file disappeared: C:\Users\Felipe\Documents\WeChat Files\wxid_xd3703k0ih2p22\FileStorage\Temp\3f72e9a6a1687459e8267571885e20b5_.jpg
[OK] 4756b9aa19300a639e73fcd132a8b0c0.dat | cliente=1 | banco=AMD | valor=1436.1 | data=28/07/2026 15:32 | sink=staged | resolution=direct_image | verification=CONFIRMADO | manual_open_to_claim_ms=1228 | open_ms=9 | prep_ms=1 | ocr_ms=1142 | parse_ms=1 | manual_open_to_ingest_ms=2387
[SINK] committed | file_id=d89813ba50b038b229030116ed7f7971af19d576 | msg=- | talker=- | create_time=0 | sheet=Página1 | row=116 | ingest_to_commit_ms=978 | manual_open_to_commit_ms=3364
[RETRY] 1142756f926b7a00e18ced93af06d44b_.jpg | attempt=1 | err=FileNotFoundError: Resolved file disappeared: C:\Users\Felipe\Documents\WeChat Files\wxid_xd3703k0ih2p22\FileStorage\Temp\1142756f926b7a00e18ced93af06d44b_.jpg
[SKIP] ff88b48d21f8451c05defab3263ca589_.jpg | temp_file_disappeared_after_3_attempts
[RETRY] 3ff80fa3213d7226d889599dbd64b3b5_.jpg | attempt=2 | err=FileNotFoundError: Resolved file disappeared: C:\Users\Felipe\Documents\WeChat Files\wxid_xd3703k0ih2p22\FileStorage\Temp\3ff80fa3213d7226d889599dbd64b3b5_.jpg
[OK] 317da6e39de968f365bf56d7517741a2.dat | cliente=1 | banco=AMD | valor=450.0 | data=28/07/2026 15:50 | sink=staged | resolution=direct_image | verification=CONFIRMADO | manual_open_to_claim_ms=2097 | open_ms=20 | prep_ms=40 | ocr_ms=1491 | parse_ms=1 | manual_open_to_ingest_ms=3661
[SINK] committed | file_id=915e12818ff11e1907a98ba54c4866e12bec1a8a | msg=- | talker=- | create_time=0 | sheet=Página1 | row=117 | ingest_to_commit_ms=1068 | manual_open_to_commit_ms=4729
[SKIP] f3a47b56478fed1bb90670a498f0c5b9_.jpg | temp_file_disappeared_after_3_attempts
[RETRY] a04ff12fdbc30b7f46a3d2979a20ab87_.jpg | attempt=1 | err=FileNotFoundError: Resolved file disappeared: C:\Users\Felipe\Documents\WeChat Files\wxid_xd3703k0ih2p22\FileStorage\Temp\a04ff12fdbc30b7f46a3d2979a20ab87_.jpg
[RETRY] 7b92e0ccf7507b4acbe217bb90830483_.jpg | attempt=2 | err=FileNotFoundError: Resolved file disappeared: C:\Users\Felipe\Documents\WeChat Files\wxid_xd3703k0ih2p22\FileStorage\Temp\7b92e0ccf7507b4acbe217bb90830483_.jpg
[OK] 7aeaa9fc765547aa08946f24fdacf600.dat | cliente=1 | banco=AMD | valor=2205.44 | data=28/07/2026 16:50 | sink=staged | resolution=direct_image | verification=CONFIRMADO | manual_open_to_claim_ms=2124 | open_ms=13 | prep_ms=35 | ocr_ms=1154 | parse_ms=1 | manual_open_to_ingest_ms=3337
[SINK] committed | file_id=d609ddaae97c590f08622212a001348f64fbf878 | msg=- | talker=- | create_time=0 | sheet=Página1 | row=118 | ingest_to_commit_ms=943 | manual_open_to_commit_ms=4280
[RETRY] f6649f5eb44e2a64bd2a21cd7f2e3c05_.jpg | attempt=1 | err=FileNotFoundError: Resolved file disappeared: C:\Users\Felipe\Documents\WeChat Files\wxid_xd3703k0ih2p22\FileStorage\Temp\f6649f5eb44e2a64bd2a21cd7f2e3c05_.jpg
[SKIP] 1b983b9c29de3ef5b19b90b109320d22_.jpg | temp_file_disappeared_after_3_attempts
[RETRY] 73700a4039c143ec81c563b37ed17f4b_.jpg | attempt=2 | err=FileNotFoundError: Resolved file disappeared: C:\Users\Felipe\Documents\WeChat Files\wxid_xd3703k0ih2p22\FileStorage\Temp\73700a4039c143ec81c563b37ed17f4b_.jpg
[OK] 9f5e7a521abc6e25ecbecedc68f84c1e.dat | cliente=1 | banco=AMD | valor=900.0 | data=28/07/2026 16:34 | sink=staged | resolution=direct_image | verification=CONFIRMADO | manual_open_to_claim_ms=1809 | open_ms=6 | prep_ms=1 | ocr_ms=733 | parse_ms=1 | manual_open_to_ingest_ms=2555
[SINK] committed | file_id=b5faeb4b2bf550688ca96986e0af184f7a5b17fa | msg=- | talker=- | create_time=0 | sheet=Página1 | row=119 | ingest_to_commit_ms=899 | manual_open_to_commit_ms=3454
[RETRY] 27297c2c8728cbbe06f342be341edb08_.jpg | attempt=1 | err=FileNotFoundError: Resolved file disappeared: C:\Users\Felipe\Documents\WeChat Files\wxid_xd3703k0ih2p22\FileStorage\Temp\27297c2c8728cbbe06f342be341edb08_.jpg
[SKIP] c94fbdcff0fbbfd00a334dc61d235c20_.jpg | temp_file_disappeared_after_3_attempts
[RETRY] 1142756f926b7a00e18ced93af06d44b_.jpg | attempt=2 | err=FileNotFoundError: Resolved file disappeared: C:\Users\Felipe\Documents\WeChat Files\wxid_xd3703k0ih2p22\FileStorage\Temp\1142756f926b7a00e18ced93af06d44b_.jpg
[OK] 142131610ba87e32ebdcd0b773916932.dat | cliente=1 | banco=AMD | valor=767.0 | data=28/07/2026 16:47 | sink=staged | resolution=direct_image | verification=CONFIRMADO | manual_open_to_claim_ms=2189 | open_ms=5 | prep_ms=0 | ocr_ms=1835 | parse_ms=1 | manual_open_to_ingest_ms=4034
[SINK] committed | file_id=b94115ccd5a402ee986c5f1a834fc7eb90bb9d22 | msg=- | talker=- | create_time=0 | sheet=Página1 | row=120 | ingest_to_commit_ms=916 | manual_open_to_commit_ms=4950
[SKIP] 2d0cdf8a8b7ac65ec7645641cfdb640f_.jpg | temp_file_disappeared_after_3_attempts
[RETRY] d118608a2f03a29e9ae40e4ef788cfa5_.jpg | attempt=1 | err=FileNotFoundError: Resolved file disappeared: C:\Users\Felipe\Documents\WeChat Files\wxid_xd3703k0ih2p22\FileStorage\Temp\d118608a2f03a29e9ae40e4ef788cfa5_.jpg
[RETRY] a04ff12fdbc30b7f46a3d2979a20ab87_.jpg | attempt=2 | err=FileNotFoundError: Resolved file disappeared: C:\Users\Felipe\Documents\WeChat Files\wxid_xd3703k0ih2p22\FileStorage\Temp\a04ff12fdbc30b7f46a3d2979a20ab87_.jpg
[OK] 6233f50c6317ac37abc04fe591707a79.dat | cliente=1 | banco=AMD | valor=850.0 | data=28/07/2026 16:36 | sink=staged | resolution=direct_image | verification=CONFIRMADO | manual_open_to_claim_ms=1174 | open_ms=4 | prep_ms=0 | ocr_ms=1902 | parse_ms=1 | manual_open_to_ingest_ms=3085
[SINK] committed | file_id=8411b3372adc3f2d940a1393213f35de9aab1a5f | msg=- | talker=- | create_time=0 | sheet=Página1 | row=121 | ingest_to_commit_ms=917 | manual_open_to_commit_ms=4002
[RETRY] 4aac3ae4113bc49938b65c7ba57a2963_.jpg | attempt=1 | err=FileNotFoundError: Resolved file disappeared: C:\Users\Felipe\Documents\WeChat Files\wxid_xd3703k0ih2p22\FileStorage\Temp\4aac3ae4113bc49938b65c7ba57a2963_.jpg
[RETRY] f6649f5eb44e2a64bd2a21cd7f2e3c05_.jpg | attempt=2 | err=FileNotFoundError: Resolved file disappeared: C:\Users\Felipe\Documents\WeChat Files\wxid_xd3703k0ih2p22\FileStorage\Temp\f6649f5eb44e2a64bd2a21cd7f2e3c05_.jpg
[OK] 6a46d9807ce7f090095de29e943141d5.dat | cliente=1 | banco=AMD | valor=817.0 | data=28/07/2026 16:45 | sink=staged | resolution=direct_image | verification=CONFIRMADO | manual_open_to_claim_ms=1440 | open_ms=5 | prep_ms=1 | ocr_ms=1840 | parse_ms=1 | manual_open_to_ingest_ms=3292
[SINK] committed | file_id=1bd3664625630eee4f1b738468399ba1a924ee87 | msg=- | talker=- | create_time=0 | sheet=Página1 | row=122 | ingest_to_commit_ms=925 | manual_open_to_commit_ms=4217
[SKIP] fb81a2d14a16e2fca931baaf5a0a7b2c_.jpg | temp_file_disappeared_after_3_attempts
[RETRY] 20ab68ae21f763e4b54a57a88e89e78a_.jpg | attempt=1 | err=FileNotFoundError: Resolved file disappeared: C:\Users\Felipe\Documents\WeChat Files\wxid_xd3703k0ih2p22\FileStorage\Temp\20ab68ae21f763e4b54a57a88e89e78a_.jpg
[SKIP] 3f72e9a6a1687459e8267571885e20b5_.jpg | temp_file_disappeared_after_3_attempts
[RETRY] 27297c2c8728cbbe06f342be341edb08_.jpg | attempt=2 | err=FileNotFoundError: Resolved file disappeared: C:\Users\Felipe\Documents\WeChat Files\wxid_xd3703k0ih2p22\FileStorage\Temp\27297c2c8728cbbe06f342be341edb08_.jpg
[OK] ca441a634f717050eacc72746a1b1f46.dat | cliente=1 | banco=AMD | valor=1278.0 | data=27/07/2026 11:48 | sink=staged | resolution=direct_image | verification=CONFIRMADO | manual_open_to_claim_ms=1725 | open_ms=8 | prep_ms=0 | ocr_ms=1954 | parse_ms=1 | manual_open_to_ingest_ms=3692
[SINK] committed | file_id=9877a5dc1fdb0ffe6ca2c4ebdbf65b9c8b39d5e0 | msg=- | talker=- | create_time=0 | sheet=Página1 | row=123 | ingest_to_commit_ms=1096 | manual_open_to_commit_ms=4787
[SKIP] 3ff80fa3213d7226d889599dbd64b3b5_.jpg | temp_file_disappeared_after_3_attempts
[RETRY] 7dbc377cb974e653d2df0d9b7498a936_.jpg | attempt=1 | err=FileNotFoundError: Resolved file disappeared: C:\Users\Felipe\Documents\WeChat Files\wxid_xd3703k0ih2p22\FileStorage\Temp\7dbc377cb974e653d2df0d9b7498a936_.jpg
[RETRY] d118608a2f03a29e9ae40e4ef788cfa5_.jpg | attempt=2 | err=FileNotFoundError: Resolved file disappeared: C:\Users\Felipe\Documents\WeChat Files\wxid_xd3703k0ih2p22\FileStorage\Temp\d118608a2f03a29e9ae40e4ef788cfa5_.jpg
[OK] c06643e14925d63d03095c729dc8c88e.dat | cliente=1 | banco=AMD | valor=1562.6 | data=27/07/2026 14:18 | sink=staged | resolution=direct_image | verification=CONFIRMADO | manual_open_to_claim_ms=2193 | open_ms=51 | prep_ms=41 | ocr_ms=2306 | parse_ms=1 | manual_open_to_ingest_ms=4605
[SINK] committed | file_id=de10fc57eaf8332589b55517b500e8f91d9123ae | msg=- | talker=- | create_time=0 | sheet=Página1 | row=124 | ingest_to_commit_ms=1074 | manual_open_to_commit_ms=5679
[SKIP] 7b92e0ccf7507b4acbe217bb90830483_.jpg | temp_file_disappeared_after_3_attempts
[RETRY] ce2392be43e35263a049f0b31d527255_.jpg | attempt=1 | err=FileNotFoundError: Resolved file disappeared: C:\Users\Felipe\Documents\WeChat Files\wxid_xd3703k0ih2p22\FileStorage\Temp\ce2392be43e35263a049f0b31d527255_.jpg
[RETRY] 4aac3ae4113bc49938b65c7ba57a2963_.jpg | attempt=2 | err=FileNotFoundError: Resolved file disappeared: C:\Users\Felipe\Documents\WeChat Files\wxid_xd3703k0ih2p22\FileStorage\Temp\4aac3ae4113bc49938b65c7ba57a2963_.jpg
[SCAN] reconcile complete | queued_or_refreshed=17
[OK] 5aff42cba5144c15ad1517791c24b686.dat | cliente=1 | banco=AMD | valor=2652.8 | data=27/07/2026 10:56 | sink=staged | resolution=direct_image | verification=CONFIRMADO | manual_open_to_claim_ms=2287 | open_ms=3 | prep_ms=0 | ocr_ms=914 | parse_ms=1 | manual_open_to_ingest_ms=3208
[SINK] committed | file_id=a84209364e914b77a452b77dc08e5c2bde119ef9 | msg=- | talker=- | create_time=0 | sheet=Página1 | row=125 | ingest_to_commit_ms=939 | manual_open_to_commit_ms=4147
[RETRY] 20f5e864bcda2ad30be9e8907390cc1d_.jpg | attempt=1 | err=FileNotFoundError: Resolved file disappeared: C:\Users\Felipe\Documents\WeChat Files\wxid_xd3703k0ih2p22\FileStorage\Temp\20f5e864bcda2ad30be9e8907390cc1d_.jpg
[SKIP] 73700a4039c143ec81c563b37ed17f4b_.jpg | temp_file_disappeared_after_3_attempts
[RETRY] 20ab68ae21f763e4b54a57a88e89e78a_.jpg | attempt=2 | err=FileNotFoundError: Resolved file disappeared: C:\Users\Felipe\Documents\WeChat Files\wxid_xd3703k0ih2p22\FileStorage\Temp\20ab68ae21f763e4b54a57a88e89e78a_.jpg
[OK] 310caa4c6fb3b643da540c966149e3fa.dat | cliente=1 | banco=AMD | valor=1767.08 | data=28/07/2026 11:03 | sink=staged | resolution=direct_image | verification=CONFIRMADO | manual_open_to_claim_ms=1576 | open_ms=16 | prep_ms=0 | ocr_ms=623 | parse_ms=1 | manual_open_to_ingest_ms=2219
[SINK] committed | file_id=4270c96f85e720e32d8e48c01bcea7b578d434c5 | msg=- | talker=- | create_time=0 | sheet=Página1 | row=126 | ingest_to_commit_ms=1087 | manual_open_to_commit_ms=3306
[RETRY] 4a8fc5ebc934a68aa4f590f7ffba94ad_.jpg | attempt=1 | err=FileNotFoundError: Resolved file disappeared: C:\Users\Felipe\Documents\WeChat Files\wxid_xd3703k0ih2p22\FileStorage\Temp\4a8fc5ebc934a68aa4f590f7ffba94ad_.jpg
[SKIP] 1142756f926b7a00e18ced93af06d44b_.jpg | temp_file_disappeared_after_3_attempts
[RETRY] 7dbc377cb974e653d2df0d9b7498a936_.jpg | attempt=2 | err=FileNotFoundError: Resolved file disappeared: C:\Users\Felipe\Documents\WeChat Files\wxid_xd3703k0ih2p22\FileStorage\Temp\7dbc377cb974e653d2df0d9b7498a936_.jpg
[OK] a21c465e637a8285bea2cf1dbdf72a4e.dat | cliente=1 | banco=AMD | valor=7583.46 | data=27/07/2026 18:13 | sink=staged | resolution=direct_image | verification=CONFIRMADO | manual_open_to_claim_ms=2036 | open_ms=17 | prep_ms=1 | ocr_ms=873 | parse_ms=1 | manual_open_to_ingest_ms=2931
[SINK] committed | file_id=6cf7ba8a45788aa158dcfd863840185b75a3b286 | msg=- | talker=- | create_time=0 | sheet=Página1 | row=127 | ingest_to_commit_ms=970 | manual_open_to_commit_ms=3902
[RETRY] cd7157a01c6e3f76e64e550431983eae_.jpg | attempt=1 | err=FileNotFoundError: Resolved file disappeared: C:\Users\Felipe\Documents\WeChat Files\wxid_xd3703k0ih2p22\FileStorage\Temp\cd7157a01c6e3f76e64e550431983eae_.jpg
[SKIP] a04ff12fdbc30b7f46a3d2979a20ab87_.jpg | temp_file_disappeared_after_3_attempts
[RETRY] ce2392be43e35263a049f0b31d527255_.jpg | attempt=2 | err=FileNotFoundError: Resolved file disappeared: C:\Users\Felipe\Documents\WeChat Files\wxid_xd3703k0ih2p22\FileStorage\Temp\ce2392be43e35263a049f0b31d527255_.jpg
[OK] 59f1b521e3fbecd50268f04dec94a6fa.dat | cliente=1 | banco=AMD | valor=2736.12 | data=27/07/2026 12:24 | sink=staged | resolution=direct_image | verification=CONFIRMADO | manual_open_to_claim_ms=1414 | open_ms=3 | prep_ms=0 | ocr_ms=849 | parse_ms=1 | manual_open_to_ingest_ms=2270
[SINK] committed | file_id=bd0fcb0fb5babd305250bdcbdd80f2f474fea1c2 | msg=- | talker=- | create_time=0 | sheet=Página1 | row=128 | ingest_to_commit_ms=983 | manual_open_to_commit_ms=3253
[RETRY] d77c076e3323782c61dbb371d5214bb7_.jpg | attempt=1 | err=FileNotFoundError: Resolved file disappeared: C:\Users\Felipe\Documents\WeChat Files\wxid_xd3703k0ih2p22\FileStorage\Temp\d77c076e3323782c61dbb371d5214bb7_.jpg
[SKIP] f6649f5eb44e2a64bd2a21cd7f2e3c05_.jpg | temp_file_disappeared_after_3_attempts
[RETRY] 20f5e864bcda2ad30be9e8907390cc1d_.jpg | attempt=2 | err=FileNotFoundError: Resolved file disappeared: C:\Users\Felipe\Documents\WeChat Files\wxid_xd3703k0ih2p22\FileStorage\Temp\20f5e864bcda2ad30be9e8907390cc1d_.jpg
[OK] 70547688361372ca2667866d0ea47f22.dat | cliente=1 | banco=AMD | valor=912.0 | data=27/07/2026 11:15 | sink=staged | resolution=direct_image | verification=CONFIRMADO | manual_open_to_claim_ms=1941 | open_ms=8 | prep_ms=0 | ocr_ms=3026 | parse_ms=1 | manual_open_to_ingest_ms=4981
[SINK] committed | file_id=4eaa804f67a7d0c6eee3c15319dbda3e9dd23034 | msg=- | talker=- | create_time=0 | sheet=Página1 | row=129 | ingest_to_commit_ms=977 | manual_open_to_commit_ms=5957
[SKIP] 27297c2c8728cbbe06f342be341edb08_.jpg | temp_file_disappeared_after_3_attempts
[RETRY] eb1549502ccc6ad7e1e4e8b0fbb8d763_.jpg | attempt=1 | err=FileNotFoundError: Resolved file disappeared: C:\Users\Felipe\Documents\WeChat Files\wxid_xd3703k0ih2p22\FileStorage\Temp\eb1549502ccc6ad7e1e4e8b0fbb8d763_.jpg
[RETRY] 4a8fc5ebc934a68aa4f590f7ffba94ad_.jpg | attempt=2 | err=FileNotFoundError: Resolved file disappeared: C:\Users\Felipe\Documents\WeChat Files\wxid_xd3703k0ih2p22\FileStorage\Temp\4a8fc5ebc934a68aa4f590f7ffba94ad_.jpg
[OK] 1d5b78b35f38e6ad78c9f3ce43090548.dat | cliente=1 | banco=AMD | valor=2710.0 | data=27/07/2026 11:15 | sink=staged | resolution=direct_image | verification=CONFIRMADO | manual_open_to_claim_ms=2200 | open_ms=10 | prep_ms=1 | ocr_ms=1579 | parse_ms=1 | manual_open_to_ingest_ms=3796
[SINK] committed | file_id=8fc3fefe664a63bb3605f6d5cd0e65ed340c52dd | msg=- | talker=- | create_time=0 | sheet=Página1 | row=130 | ingest_to_commit_ms=957 | manual_open_to_commit_ms=4752
[RETRY] 24d806dfd19aa3e96366e88ba6cd5b2a_.jpg | attempt=1 | err=FileNotFoundError: Resolved file disappeared: C:\Users\Felipe\Documents\WeChat Files\wxid_xd3703k0ih2p22\FileStorage\Temp\24d806dfd19aa3e96366e88ba6cd5b2a_.jpg
[SKIP] d118608a2f03a29e9ae40e4ef788cfa5_.jpg | temp_file_disappeared_after_3_attempts
[RETRY] cd7157a01c6e3f76e64e550431983eae_.jpg | attempt=2 | err=FileNotFoundError: Resolved file disappeared: C:\Users\Felipe\Documents\WeChat Files\wxid_xd3703k0ih2p22\FileStorage\Temp\cd7157a01c6e3f76e64e550431983eae_.jpg
[OK] 0a3762d84c9ea49f66d731d9777ea360.dat | cliente=1 | banco=AMD | valor=2798.0 | data=27/07/2026 11:37 | sink=staged | resolution=direct_image | verification=CONFIRMADO | manual_open_to_claim_ms=2220 | open_ms=17 | prep_ms=1 | ocr_ms=1738 | parse_ms=1 | manual_open_to_ingest_ms=3982
[SINK] committed | file_id=5ff05753cad4ce5d715b6b7eab9db91b3ebd465c | msg=- | talker=- | create_time=0 | sheet=Página1 | row=131 | ingest_to_commit_ms=935 | manual_open_to_commit_ms=4917
[SKIP] 4aac3ae4113bc49938b65c7ba57a2963_.jpg | temp_file_disappeared_after_3_attempts
[RETRY] 549df0fd1b6ec25df787d94ee264a773_.jpg | attempt=1 | err=FileNotFoundError: Resolved file disappeared: C:\Users\Felipe\Documents\WeChat Files\wxid_xd3703k0ih2p22\FileStorage\Temp\549df0fd1b6ec25df787d94ee264a773_.jpg
[RETRY] d77c076e3323782c61dbb371d5214bb7_.jpg | attempt=2 | err=FileNotFoundError: Resolved file disappeared: C:\Users\Felipe\Documents\WeChat Files\wxid_xd3703k0ih2p22\FileStorage\Temp\d77c076e3323782c61dbb371d5214bb7_.jpg
[OK] 52156ea29d4778a623b56ddc6037a5b2.dat | cliente=1 | banco=AMD | valor=2506.0 | data=27/07/2026 12:28 | sink=staged | resolution=direct_image | verification=CONFIRMADO | manual_open_to_claim_ms=1081 | open_ms=67 | prep_ms=2 | ocr_ms=1290 | parse_ms=1 | manual_open_to_ingest_ms=2448
[SINK] committed | file_id=3e4d5a45e48bbbd5e68e39c06fe5d0048e58a5b8 | msg=- | talker=- | create_time=0 | sheet=Página1 | row=132 | ingest_to_commit_ms=975 | manual_open_to_commit_ms=3423
[RETRY] a18ac33a7ced913f79882c8f01d2ca2c_.jpg | attempt=1 | err=FileNotFoundError: Resolved file disappeared: C:\Users\Felipe\Documents\WeChat Files\wxid_xd3703k0ih2p22\FileStorage\Temp\a18ac33a7ced913f79882c8f01d2ca2c_.jpg
[SKIP] 20ab68ae21f763e4b54a57a88e89e78a_.jpg | temp_file_disappeared_after_3_attempts
[RETRY] eb1549502ccc6ad7e1e4e8b0fbb8d763_.jpg | attempt=2 | err=FileNotFoundError: Resolved file disappeared: C:\Users\Felipe\Documents\WeChat Files\wxid_xd3703k0ih2p22\FileStorage\Temp\eb1549502ccc6ad7e1e4e8b0fbb8d763_.jpg
[OK] 0bf1941f66fb46041ed3eb94c4b55dca.dat | cliente=1 | banco=AMD | valor=1755.67 | data=27/07/2026 10:02 | sink=staged | resolution=direct_image | verification=CONFIRMADO | manual_open_to_claim_ms=2192 | open_ms=5 | prep_ms=0 | ocr_ms=776 | parse_ms=1 | manual_open_to_ingest_ms=2977
[SINK] committed | file_id=a026bca401ca592d50cff5fc316f4bc65a3512b2 | msg=- | talker=- | create_time=0 | sheet=Página1 | row=133 | ingest_to_commit_ms=981 | manual_open_to_commit_ms=3958
[RETRY] ab9c6b893cbb81502c7bd91550e54b3b_.jpg | attempt=1 | err=FileNotFoundError: Resolved file disappeared: C:\Users\Felipe\Documents\WeChat Files\wxid_xd3703k0ih2p22\FileStorage\Temp\ab9c6b893cbb81502c7bd91550e54b3b_.jpg
[SKIP] 7dbc377cb974e653d2df0d9b7498a936_.jpg | temp_file_disappeared_after_3_attempts
[RETRY] 24d806dfd19aa3e96366e88ba6cd5b2a_.jpg | attempt=2 | err=FileNotFoundError: Resolved file disappeared: C:\Users\Felipe\Documents\WeChat Files\wxid_xd3703k0ih2p22\FileStorage\Temp\24d806dfd19aa3e96366e88ba6cd5b2a_.jpg
[OK] 2677dc5fac58b677a5a165e6b5fdc754.dat | cliente=1 | banco=AMD | valor=2550.0 | data=24/07/2026 17:17 | sink=staged | resolution=direct_image | verification=CONFIRMADO | manual_open_to_claim_ms=1432 | open_ms=14 | prep_ms=0 | ocr_ms=2161 | parse_ms=1 | manual_open_to_ingest_ms=3612
[SINK] committed | file_id=c6c1eec86d78754195d0af55bef17610057f6502 | msg=- | talker=- | create_time=0 | sheet=Página1 | row=134 | ingest_to_commit_ms=1004 | manual_open_to_commit_ms=4616
[RETRY] a475dc9ef1ff4810da0bc4f1a1102216_.jpg | attempt=1 | err=FileNotFoundError: Resolved file disappeared: C:\Users\Felipe\Documents\WeChat Files\wxid_xd3703k0ih2p22\FileStorage\Temp\a475dc9ef1ff4810da0bc4f1a1102216_.jpg
[SKIP] ce2392be43e35263a049f0b31d527255_.jpg | temp_file_disappeared_after_3_attempts
[SCAN] reconcile complete | queued_or_refreshed=17
[OK] c21f52f7d819b23c3362f6bdb855aa77.dat | cliente=1 | banco=AMD | valor=76.85 | data=27/07/2026 15:13 | sink=staged | resolution=direct_image | verification=CONFIRMADO | manual_open_to_claim_ms=2369 | open_ms=10 | prep_ms=0 | ocr_ms=1431 | parse_ms=1 | manual_open_to_ingest_ms=3815
[SINK] committed | file_id=8f77d7ad72fa88af97e4dc40bff9425ca1bf48f0 | msg=- | talker=- | create_time=0 | sheet=Página1 | row=135 | ingest_to_commit_ms=952 | manual_open_to_commit_ms=4767
[RETRY] 549df0fd1b6ec25df787d94ee264a773_.jpg | attempt=2 | err=FileNotFoundError: Resolved file disappeared: C:\Users\Felipe\Documents\WeChat Files\wxid_xd3703k0ih2p22\FileStorage\Temp\549df0fd1b6ec25df787d94ee264a773_.jpg
[RETRY] 76b2fdab4a157683b8b22031bdfd6aa2_.jpg | attempt=1 | err=FileNotFoundError: Resolved file disappeared: C:\Users\Felipe\Documents\WeChat Files\wxid_xd3703k0ih2p22\FileStorage\Temp\76b2fdab4a157683b8b22031bdfd6aa2_.jpg
[SKIP] 20f5e864bcda2ad30be9e8907390cc1d_.jpg | temp_file_disappeared_after_3_attempts
[RETRY] a18ac33a7ced913f79882c8f01d2ca2c_.jpg | attempt=2 | err=FileNotFoundError: Resolved file disappeared: C:\Users\Felipe\Documents\WeChat Files\wxid_xd3703k0ih2p22\FileStorage\Temp\a18ac33a7ced913f79882c8f01d2ca2c_.jpg
[OK] d434b28ce13a23f59c6ed81d424ee333.dat | cliente=1 | banco=AMD | valor=5725.8 | data=20/07/2026 13:34 | sink=staged | resolution=direct_image | verification=CONFIRMADO | manual_open_to_claim_ms=1079 | open_ms=15 | prep_ms=0 | ocr_ms=2058 | parse_ms=1 | manual_open_to_ingest_ms=3157
[SINK] committed | file_id=01c603a4b4cf9dd6033b05b5e69f524d62e06309 | msg=- | talker=- | create_time=0 | sheet=Página1 | row=136 | ingest_to_commit_ms=879 | manual_open_to_commit_ms=4036
[RETRY] ea94de82d1d011962878dfca2b780131_.jpg | attempt=1 | err=FileNotFoundError: Resolved file disappeared: C:\Users\Felipe\Documents\WeChat Files\wxid_xd3703k0ih2p22\FileStorage\Temp\ea94de82d1d011962878dfca2b780131_.jpg
[SKIP] 4a8fc5ebc934a68aa4f590f7ffba94ad_.jpg | temp_file_disappeared_after_3_attempts
[RETRY] ab9c6b893cbb81502c7bd91550e54b3b_.jpg | attempt=2 | err=FileNotFoundError: Resolved file disappeared: C:\Users\Felipe\Documents\WeChat Files\wxid_xd3703k0ih2p22\FileStorage\Temp\ab9c6b893cbb81502c7bd91550e54b3b_.jpg
[OK] ea72c7325f5b9f456cb6668b0f77ffe3.dat | cliente=1 | banco=AMD | valor=750.0 | data=27/07/2026 - | sink=staged | resolution=direct_image | verification=CONFIRMADO | manual_open_to_claim_ms=1381 | open_ms=117 | prep_ms=1 | ocr_ms=1019 | parse_ms=2 | manual_open_to_ingest_ms=2528
[SINK] committed | file_id=a6f13dd845935a5f829e73c40dba8c3a0f9684c3 | msg=- | talker=- | create_time=0 | sheet=Página1 | row=137 | ingest_to_commit_ms=914 | manual_open_to_commit_ms=3443
[RETRY] 42893050fe3f4a607e3a24f35b94a422_.jpg | attempt=1 | err=FileNotFoundError: Resolved file disappeared: C:\Users\Felipe\Documents\WeChat Files\wxid_xd3703k0ih2p22\FileStorage\Temp\42893050fe3f4a607e3a24f35b94a422_.jpg
[SKIP] cd7157a01c6e3f76e64e550431983eae_.jpg | temp_file_disappeared_after_3_attempts
[RETRY] a475dc9ef1ff4810da0bc4f1a1102216_.jpg | attempt=2 | err=FileNotFoundError: Resolved file disappeared: C:\Users\Felipe\Documents\WeChat Files\wxid_xd3703k0ih2p22\FileStorage\Temp\a475dc9ef1ff4810da0bc4f1a1102216_.jpg
[OK] 135a87849f8e944c4a3658aeb36413a7.dat | cliente=1 | banco=AMD | valor=3344.01 | data=27/07/2026 15:25 | sink=staged | resolution=direct_image | verification=CONFIRMADO | manual_open_to_claim_ms=1050 | open_ms=16 | prep_ms=1 | ocr_ms=805 | parse_ms=1 | manual_open_to_ingest_ms=1875
[SINK] committed | file_id=2410fc8bedd2be0d0e1508c5fa54953bd4fc8dd7 | msg=- | talker=- | create_time=0 | sheet=Página1 | row=138 | ingest_to_commit_ms=928 | manual_open_to_commit_ms=2804
[SKIP] d77c076e3323782c61dbb371d5214bb7_.jpg | temp_file_disappeared_after_3_attempts
[RETRY] 17aaabce66612dee6b0604957b23dcad_.jpg | attempt=1 | err=FileNotFoundError: Resolved file disappeared: C:\Users\Felipe\Documents\WeChat Files\wxid_xd3703k0ih2p22\FileStorage\Temp\17aaabce66612dee6b0604957b23dcad_.jpg
[RETRY] 76b2fdab4a157683b8b22031bdfd6aa2_.jpg | attempt=2 | err=FileNotFoundError: Resolved file disappeared: C:\Users\Felipe\Documents\WeChat Files\wxid_xd3703k0ih2p22\FileStorage\Temp\76b2fdab4a157683b8b22031bdfd6aa2_.jpg
[OK] f4a7d163d93949aed44284be841455c4.dat | cliente=1 | banco=AMD | valor=1570.52 | data=27/07/2026 17:04 | sink=staged | resolution=direct_image | verification=CONFIRMADO | manual_open_to_claim_ms=1561 | open_ms=3 | prep_ms=0 | ocr_ms=979 | parse_ms=1 | manual_open_to_ingest_ms=2547
[SINK] committed | file_id=5e4ac4df430fa81da9f001b9d396ceeba8325dad | msg=- | talker=- | create_time=0 | sheet=Página1 | row=139 | ingest_to_commit_ms=907 | manual_open_to_commit_ms=3454
[RETRY] c7fa82711af94c8780249b35bb82743a_.jpg | attempt=1 | err=FileNotFoundError: Resolved file disappeared: C:\Users\Felipe\Documents\WeChat Files\wxid_xd3703k0ih2p22\FileStorage\Temp\c7fa82711af94c8780249b35bb82743a_.jpg
[SKIP] eb1549502ccc6ad7e1e4e8b0fbb8d763_.jpg | temp_file_disappeared_after_3_attempts
[RETRY] ea94de82d1d011962878dfca2b780131_.jpg | attempt=2 | err=FileNotFoundError: Resolved file disappeared: C:\Users\Felipe\Documents\WeChat Files\wxid_xd3703k0ih2p22\FileStorage\Temp\ea94de82d1d011962878dfca2b780131_.jpg
[OK] f497924c5134d86da971dd22e0fc18b7.dat | cliente=1 | banco=AMD | valor=1741.62 | data=27/07/2026 17:07 | sink=staged | resolution=direct_image | verification=CONFIRMADO | manual_open_to_claim_ms=2131 | open_ms=6 | prep_ms=0 | ocr_ms=1127 | parse_ms=1 | manual_open_to_ingest_ms=3269
[SINK] committed | file_id=ece818dc233db658e54ed4dcaaad991f41d790bc | msg=- | talker=- | create_time=0 | sheet=Página1 | row=140 | ingest_to_commit_ms=946 | manual_open_to_commit_ms=4215
[RETRY] dd16cc386332b0c64b01702158f380bb_.jpg | attempt=1 | err=FileNotFoundError: Resolved file disappeared: C:\Users\Felipe\Documents\WeChat Files\wxid_xd3703k0ih2p22\FileStorage\Temp\dd16cc386332b0c64b01702158f380bb_.jpg
[SKIP] 24d806dfd19aa3e96366e88ba6cd5b2a_.jpg | temp_file_disappeared_after_3_attempts
[RETRY] 42893050fe3f4a607e3a24f35b94a422_.jpg | attempt=2 | err=FileNotFoundError: Resolved file disappeared: C:\Users\Felipe\Documents\WeChat Files\wxid_xd3703k0ih2p22\FileStorage\Temp\42893050fe3f4a607e3a24f35b94a422_.jpg
[OK] ca6e78443ef70d25562ae4439c92f89a.dat | cliente=1 | banco=AMD | valor=1974.29 | data=27/07/2026 19:49 | sink=staged | resolution=direct_image | verification=CONFIRMADO | manual_open_to_claim_ms=1677 | open_ms=9 | prep_ms=0 | ocr_ms=1699 | parse_ms=1 | manual_open_to_ingest_ms=3389
[SINK] committed | file_id=92952d080cf52d3bc63cf4a1803f65eefbd2aaa4 | msg=- | talker=- | create_time=0 | sheet=Página1 | row=141 | ingest_to_commit_ms=926 | manual_open_to_commit_ms=4315
[RETRY] 41c455ede003e9b20af370d99b226f6b_.jpg | attempt=1 | err=FileNotFoundError: Resolved file disappeared: C:\Users\Felipe\Documents\WeChat Files\wxid_xd3703k0ih2p22\FileStorage\Temp\41c455ede003e9b20af370d99b226f6b_.jpg
[RETRY] 17aaabce66612dee6b0604957b23dcad_.jpg | attempt=2 | err=FileNotFoundError: Resolved file disappeared: C:\Users\Felipe\Documents\WeChat Files\wxid_xd3703k0ih2p22\FileStorage\Temp\17aaabce66612dee6b0604957b23dcad_.jpg
[OK] 2294768415dae272e9ba040d889b7aff.dat | cliente=1 | banco=AMD | valor=2488.6 | data=28/07/2026 07:43 | sink=staged | resolution=direct_image | verification=CONFIRMADO | manual_open_to_claim_ms=1731 | open_ms=3 | prep_ms=0 | ocr_ms=881 | parse_ms=1 | manual_open_to_ingest_ms=2618
[SINK] committed | file_id=1bee9ba4f7f6ae3c90f4a9403322fa82e6bb83a6 | msg=- | talker=- | create_time=0 | sheet=Página1 | row=142 | ingest_to_commit_ms=860 | manual_open_to_commit_ms=3478
[SKIP] 549df0fd1b6ec25df787d94ee264a773_.jpg | temp_file_disappeared_after_3_attempts
[RETRY] fdff1eeeba36267e92e4ceb82344a781_.jpg | attempt=1 | err=FileNotFoundError: Resolved file disappeared: C:\Users\Felipe\Documents\WeChat Files\wxid_xd3703k0ih2p22\FileStorage\Temp\fdff1eeeba36267e92e4ceb82344a781_.jpg
[SKIP] a18ac33a7ced913f79882c8f01d2ca2c_.jpg | temp_file_disappeared_after_3_attempts
[RETRY] c7fa82711af94c8780249b35bb82743a_.jpg | attempt=2 | err=FileNotFoundError: Resolved file disappeared: C:\Users\Felipe\Documents\WeChat Files\wxid_xd3703k0ih2p22\FileStorage\Temp\c7fa82711af94c8780249b35bb82743a_.jpg
[OK] b114ec8ce2ede0e9659a0bc9a247c7b2.dat | cliente=1 | banco=AMD | valor=1428.0 | data=28/07/2026 08:34 | sink=staged | resolution=direct_image | verification=CONFIRMADO | manual_open_to_claim_ms=1018 | open_ms=13 | prep_ms=0 | ocr_ms=1970 | parse_ms=2 | manual_open_to_ingest_ms=3008
[SINK] committed | file_id=9ab1aec960c10447b991fd0cf612d25eac6b6ff0 | msg=- | talker=- | create_time=0 | sheet=Página1 | row=143 | ingest_to_commit_ms=994 | manual_open_to_commit_ms=4002
[RETRY] afcdd9538d22cbcb56bc50a7c5057285_.jpg | attempt=1 | err=FileNotFoundError: Resolved file disappeared: C:\Users\Felipe\Documents\WeChat Files\wxid_xd3703k0ih2p22\FileStorage\Temp\afcdd9538d22cbcb56bc50a7c5057285_.jpg
[SKIP] ab9c6b893cbb81502c7bd91550e54b3b_.jpg | temp_file_disappeared_after_3_attempts
[RETRY] dd16cc386332b0c64b01702158f380bb_.jpg | attempt=2 | err=FileNotFoundError: Resolved file disappeared: C:\Users\Felipe\Documents\WeChat Files\wxid_xd3703k0ih2p22\FileStorage\Temp\dd16cc386332b0c64b01702158f380bb_.jpg
[OK] 0428fffbc526120a429ab1aaaf77701d.dat | cliente=1 | banco=AMD | valor=1554.0 | data=27/07/2026 15:32 | sink=staged | resolution=direct_image | verification=CONFIRMADO | manual_open_to_claim_ms=1302 | open_ms=4 | prep_ms=0 | ocr_ms=1920 | parse_ms=1 | manual_open_to_ingest_ms=3231
[SINK] committed | file_id=a2b17a46f26ada917f17c55c7a9bca070e22fa33 | msg=- | talker=- | create_time=0 | sheet=Página1 | row=144 | ingest_to_commit_ms=959 | manual_open_to_commit_ms=4189
[RETRY] fac0555c2ee018c7703371e6569a3e35_.jpg | attempt=1 | err=FileNotFoundError: Resolved file disappeared: C:\Users\Felipe\Documents\WeChat Files\wxid_xd3703k0ih2p22\FileStorage\Temp\fac0555c2ee018c7703371e6569a3e35_.jpg
[SKIP] a475dc9ef1ff4810da0bc4f1a1102216_.jpg | temp_file_disappeared_after_3_attempts
[RETRY] 41c455ede003e9b20af370d99b226f6b_.jpg | attempt=2 | err=FileNotFoundError: Resolved file disappeared: C:\Users\Felipe\Documents\WeChat Files\wxid_xd3703k0ih2p22\FileStorage\Temp\41c455ede003e9b20af370d99b226f6b_.jpg
[SCAN] reconcile complete | queued_or_refreshed=17
[OK] d8ddbb926ca476f22570cc3221827614.dat | cliente=1 | banco=AMD | valor=2446.0 | data=28/07/2026 14:19 | sink=staged | resolution=direct_image | verification=CONFIRMADO | manual_open_to_claim_ms=3105 | open_ms=65 | prep_ms=1 | ocr_ms=1446 | parse_ms=1 | manual_open_to_ingest_ms=4624
[SINK] committed | file_id=6c739226623191d89de98937d8646e5ee2a0e745 | msg=- | talker=- | create_time=0 | sheet=Página1 | row=145 | ingest_to_commit_ms=989 | manual_open_to_commit_ms=5613
[SKIP] 76b2fdab4a157683b8b22031bdfd6aa2_.jpg | temp_file_disappeared_after_3_attempts
[RETRY] 3612d30fe0a1cb464aa8f4a7169e0779_.jpg | attempt=1 | err=FileNotFoundError: Resolved file disappeared: C:\Users\Felipe\Documents\WeChat Files\wxid_xd3703k0ih2p22\FileStorage\Temp\3612d30fe0a1cb464aa8f4a7169e0779_.jpg
[RETRY] fdff1eeeba36267e92e4ceb82344a781_.jpg | attempt=2 | err=FileNotFoundError: Resolved file disappeared: C:\Users\Felipe\Documents\WeChat Files\wxid_xd3703k0ih2p22\FileStorage\Temp\fdff1eeeba36267e92e4ceb82344a781_.jpg
[OK] 50606d24340600f46904b9091ebb55fe.dat | cliente=1 | banco=AMD | valor=2135.0 | data=28/07/2026 13:00 | sink=staged | resolution=direct_image | verification=CONFIRMADO | manual_open_to_claim_ms=1975 | open_ms=3 | prep_ms=0 | ocr_ms=548 | parse_ms=1 | manual_open_to_ingest_ms=2530
[SINK] committed | file_id=5f0b3fb6ebdd732fdd42dc7c522b412f0c75be97 | msg=- | talker=- | create_time=0 | sheet=Página1 | row=146 | ingest_to_commit_ms=1165 | manual_open_to_commit_ms=3695
[RETRY] 762f5ab7345fc12c6710bb6cbebff22b_.jpg | attempt=1 | err=FileNotFoundError: Resolved file disappeared: C:\Users\Felipe\Documents\WeChat Files\wxid_xd3703k0ih2p22\FileStorage\Temp\762f5ab7345fc12c6710bb6cbebff22b_.jpg
[SKIP] ea94de82d1d011962878dfca2b780131_.jpg | temp_file_disappeared_after_3_attempts
[RETRY] afcdd9538d22cbcb56bc50a7c5057285_.jpg | attempt=2 | err=FileNotFoundError: Resolved file disappeared: C:\Users\Felipe\Documents\WeChat Files\wxid_xd3703k0ih2p22\FileStorage\Temp\afcdd9538d22cbcb56bc50a7c5057285_.jpg
[OK] 54073ae7ca5fa4748d231e588c35d24b.dat | cliente=1 | banco=AMD | valor=1254.0 | data=28/07/2026 08:30 | sink=staged | resolution=direct_image | verification=CONFIRMADO | manual_open_to_claim_ms=1180 | open_ms=18 | prep_ms=42 | ocr_ms=1551 | parse_ms=2 | manual_open_to_ingest_ms=2807
[SINK] committed | file_id=c25e82a68447b17d5aef09dd2e4675b39c446a48 | msg=- | talker=- | create_time=0 | sheet=Página1 | row=147 | ingest_to_commit_ms=1077 | manual_open_to_commit_ms=3884
[SKIP] 42893050fe3f4a607e3a24f35b94a422_.jpg | temp_file_disappeared_after_3_attempts
[RETRY] 8a69b5466e4bbb58f5f61ff10123281c_.jpg | attempt=1 | err=FileNotFoundError: Resolved file disappeared: C:\Users\Felipe\Documents\WeChat Files\wxid_xd3703k0ih2p22\FileStorage\Temp\8a69b5466e4bbb58f5f61ff10123281c_.jpg
[RETRY] fac0555c2ee018c7703371e6569a3e35_.jpg | attempt=2 | err=FileNotFoundError: Resolved file disappeared: C:\Users\Felipe\Documents\WeChat Files\wxid_xd3703k0ih2p22\FileStorage\Temp\fac0555c2ee018c7703371e6569a3e35_.jpg
[OK] a9f1f8a12100ffc158730e2ad0c2122b.dat | cliente=1 | banco=AMD | valor=2000.0 | data=28/07/2026 07:00 | sink=staged | resolution=direct_image | verification=CONFIRMADO | manual_open_to_claim_ms=1350 | open_ms=16 | prep_ms=42 | ocr_ms=1971 | parse_ms=2 | manual_open_to_ingest_ms=3393
[SINK] committed | file_id=0a907db97ed41ab018fc95a4999a5179e95ef8db | msg=- | talker=- | create_time=0 | sheet=Página1 | row=148 | ingest_to_commit_ms=987 | manual_open_to_commit_ms=4379
[RETRY] 4884f256066e44879ea2c78b69b67731_.jpg | attempt=1 | err=FileNotFoundError: Resolved file disappeared: C:\Users\Felipe\Documents\WeChat Files\wxid_xd3703k0ih2p22\FileStorage\Temp\4884f256066e44879ea2c78b69b67731_.jpg
[SKIP] 17aaabce66612dee6b0604957b23dcad_.jpg | temp_file_disappeared_after_3_attempts
[RETRY] 3612d30fe0a1cb464aa8f4a7169e0779_.jpg | attempt=2 | err=FileNotFoundError: Resolved file disappeared: C:\Users\Felipe\Documents\WeChat Files\wxid_xd3703k0ih2p22\FileStorage\Temp\3612d30fe0a1cb464aa8f4a7169e0779_.jpg
[OK] 0c3c677408675946e0f85a945f4b47c4.dat | cliente=1 | banco=AMD | valor=3100.0 | data=27/07/2026 23:01 | sink=staged | resolution=direct_image | verification=CONFIRMADO | manual_open_to_claim_ms=1852 | open_ms=13 | prep_ms=41 | ocr_ms=834 | parse_ms=1 | manual_open_to_ingest_ms=2751
[SINK] committed | file_id=7abe90829e8943d0c0cda0637d44476314abe549 | msg=- | talker=- | create_time=0 | sheet=Página1 | row=149 | ingest_to_commit_ms=929 | manual_open_to_commit_ms=3680
[RETRY] 6dd4626eaa6d78230d65214291e4f292_.jpg | attempt=1 | err=FileNotFoundError: Resolved file disappeared: C:\Users\Felipe\Documents\WeChat Files\wxid_xd3703k0ih2p22\FileStorage\Temp\6dd4626eaa6d78230d65214291e4f292_.jpg
[SKIP] c7fa82711af94c8780249b35bb82743a_.jpg | temp_file_disappeared_after_3_attempts
[RETRY] 762f5ab7345fc12c6710bb6cbebff22b_.jpg | attempt=2 | err=FileNotFoundError: Resolved file disappeared: C:\Users\Felipe\Documents\WeChat Files\wxid_xd3703k0ih2p22\FileStorage\Temp\762f5ab7345fc12c6710bb6cbebff22b_.jpg
[OK] 68eac49850ee8a3377502ff0b54a45ce.dat | cliente=1 | banco=AMD | valor=651.0 | data=28/07/2026 09:57 | sink=staged | resolution=direct_image | verification=CONFIRMADO | manual_open_to_claim_ms=1167 | open_ms=15 | prep_ms=41 | ocr_ms=2230 | parse_ms=1 | manual_open_to_ingest_ms=3465
[SINK] committed | file_id=0ceed4b25af8189699a55abdb56c2fbed09bc00c | msg=- | talker=- | create_time=0 | sheet=Página1 | row=150 | ingest_to_commit_ms=940 | manual_open_to_commit_ms=4404
[RETRY] 3b72512659aea0d6a5f8ccd6cabd7e76_.jpg | attempt=1 | err=FileNotFoundError: Resolved file disappeared: C:\Users\Felipe\Documents\WeChat Files\wxid_xd3703k0ih2p22\FileStorage\Temp\3b72512659aea0d6a5f8ccd6cabd7e76_.jpg
[SKIP] dd16cc386332b0c64b01702158f380bb_.jpg | temp_file_disappeared_after_3_attempts
[RETRY] 8a69b5466e4bbb58f5f61ff10123281c_.jpg | attempt=2 | err=FileNotFoundError: Resolved file disappeared: C:\Users\Felipe\Documents\WeChat Files\wxid_xd3703k0ih2p22\FileStorage\Temp\8a69b5466e4bbb58f5f61ff10123281c_.jpg
[OK] bcffe8b3572c967885bcd306f7028110.dat | cliente=1 | banco=AMD | valor=1758.0 | data=28/07/2026 09:35 | sink=staged | resolution=direct_image | verification=CONFIRMADO | manual_open_to_claim_ms=1918 | open_ms=15 | prep_ms=43 | ocr_ms=999 | parse_ms=1 | manual_open_to_ingest_ms=2986
[SINK] committed | file_id=a021ddbe694a9c589f587ad44af5f5316d18f25e | msg=- | talker=- | create_time=0 | sheet=Página1 | row=151 | ingest_to_commit_ms=1006 | manual_open_to_commit_ms=3993
[RETRY] bba93d5e045c83ff235dae32f54f1e59_.jpg | attempt=1 | err=FileNotFoundError: Resolved file disappeared: C:\Users\Felipe\Documents\WeChat Files\wxid_xd3703k0ih2p22\FileStorage\Temp\bba93d5e045c83ff235dae32f54f1e59_.jpg
[SKIP] 41c455ede003e9b20af370d99b226f6b_.jpg | temp_file_disappeared_after_3_attempts
[RETRY] 4884f256066e44879ea2c78b69b67731_.jpg | attempt=2 | err=FileNotFoundError: Resolved file disappeared: C:\Users\Felipe\Documents\WeChat Files\wxid_xd3703k0ih2p22\FileStorage\Temp\4884f256066e44879ea2c78b69b67731_.jpg
[OK] 32971c834c7a469fac7dc365af8a1a8d.dat | cliente=1 | banco=AMD | valor=172.0 | data=28/07/2026 10:28 | sink=staged | resolution=direct_image | verification=CONFIRMADO | manual_open_to_claim_ms=1493 | open_ms=13 | prep_ms=41 | ocr_ms=1005 | parse_ms=1 | manual_open_to_ingest_ms=2563
[SINK] committed | file_id=e85557a55684069b40918febbbd8a88ce224e89f | msg=- | talker=- | create_time=0 | sheet=Página1 | row=152 | ingest_to_commit_ms=874 | manual_open_to_commit_ms=3437
[RETRY] f78675fe4bee73715580d3c0fa72e113_.jpg | attempt=1 | err=FileNotFoundError: Resolved file disappeared: C:\Users\Felipe\Documents\WeChat Files\wxid_xd3703k0ih2p22\FileStorage\Temp\f78675fe4bee73715580d3c0fa72e113_.jpg
[SKIP] fdff1eeeba36267e92e4ceb82344a781_.jpg | temp_file_disappeared_after_3_attempts
[RETRY] 6dd4626eaa6d78230d65214291e4f292_.jpg | attempt=2 | err=FileNotFoundError: Resolved file disappeared: C:\Users\Felipe\Documents\WeChat Files\wxid_xd3703k0ih2p22\FileStorage\Temp\6dd4626eaa6d78230d65214291e4f292_.jpg
[OK] 711d8c3b47c0990e45625d9b6caa6844.dat | cliente=1 | banco=AMD | valor=121.0 | data=28/07/2026 11:08 | sink=staged | resolution=direct_image | verification=CONFIRMADO | manual_open_to_claim_ms=2121 | open_ms=15 | prep_ms=41 | ocr_ms=1234 | parse_ms=1 | manual_open_to_ingest_ms=3424
[SINK] committed | file_id=a4b9de23dba2c45d56c07ea987739a0c1c9beae8 | msg=- | talker=- | create_time=0 | sheet=Página1 | row=153 | ingest_to_commit_ms=1009 | manual_open_to_commit_ms=4433
[RETRY] 32d7e84d7f11b1a0a4b5593a1983dd5b_.jpg | attempt=1 | err=FileNotFoundError: Resolved file disappeared: C:\Users\Felipe\Documents\WeChat Files\wxid_xd3703k0ih2p22\FileStorage\Temp\32d7e84d7f11b1a0a4b5593a1983dd5b_.jpg
[SKIP] afcdd9538d22cbcb56bc50a7c5057285_.jpg | temp_file_disappeared_after_3_attempts
[RETRY] 3b72512659aea0d6a5f8ccd6cabd7e76_.jpg | attempt=2 | err=FileNotFoundError: Resolved file disappeared: C:\Users\Felipe\Documents\WeChat Files\wxid_xd3703k0ih2p22\FileStorage\Temp\3b72512659aea0d6a5f8ccd6cabd7e76_.jpg
[OK] 2e05b0db8b0156a5c8765146cfcbc4d8.dat | cliente=1 | banco=AMD | valor=8500.0 | data=28/07/2026 11:10 | sink=staged | resolution=direct_image | verification=CONFIRMADO | manual_open_to_claim_ms=1921 | open_ms=15 | prep_ms=41 | ocr_ms=1164 | parse_ms=1 | manual_open_to_ingest_ms=3153
[SINK] committed | file_id=28fb481f7bf5140504b242f48b07e0bf44edff66 | msg=- | talker=- | create_time=0 | sheet=Página1 | row=154 | ingest_to_commit_ms=962 | manual_open_to_commit_ms=4115
[RETRY] 94db47dece4611f01fedcfd830d94174_.jpg | attempt=1 | err=FileNotFoundError: Resolved file disappeared: C:\Users\Felipe\Documents\WeChat Files\wxid_xd3703k0ih2p22\FileStorage\Temp\94db47dece4611f01fedcfd830d94174_.jpg
[SKIP] fac0555c2ee018c7703371e6569a3e35_.jpg | temp_file_disappeared_after_3_attempts
[RETRY] bba93d5e045c83ff235dae32f54f1e59_.jpg | attempt=2 | err=FileNotFoundError: Resolved file disappeared: C:\Users\Felipe\Documents\WeChat Files\wxid_xd3703k0ih2p22\FileStorage\Temp\bba93d5e045c83ff235dae32f54f1e59_.jpg
[SCAN] reconcile complete | queued_or_refreshed=17
[OK] e6818196ac4994f0d3d5c003ddff3528.dat | cliente=1 | banco=AMD | valor=1000.0 | data=28/07/2026 11:10 | sink=staged | resolution=direct_image | verification=CONFIRMADO | manual_open_to_claim_ms=4250 | open_ms=13 | prep_ms=42 | ocr_ms=1262 | parse_ms=2 | manual_open_to_ingest_ms=5580
[SINK] committed | file_id=172338158712c77c112c5e41ac4a03c6eef3add1 | msg=- | talker=- | create_time=0 | sheet=Página1 | row=155 | ingest_to_commit_ms=1068 | manual_open_to_commit_ms=6648
[SKIP] 3612d30fe0a1cb464aa8f4a7169e0779_.jpg | temp_file_disappeared_after_3_attempts
[RETRY] f78675fe4bee73715580d3c0fa72e113_.jpg | attempt=2 | err=FileNotFoundError: Resolved file disappeared: C:\Users\Felipe\Documents\WeChat Files\wxid_xd3703k0ih2p22\FileStorage\Temp\f78675fe4bee73715580d3c0fa72e113_.jpg
[RETRY] f3d40db81ffb5ac89c66894bfad040ce_.jpg | attempt=1 | err=FileNotFoundError: Resolved file disappeared: C:\Users\Felipe\Documents\WeChat Files\wxid_xd3703k0ih2p22\FileStorage\Temp\f3d40db81ffb5ac89c66894bfad040ce_.jpg
[OK] 1653f087d0099a614b3ff4f20956f1d7.dat | cliente=1 | banco=AMD | valor=8000.0 | data=28/07/2026 11:16 | sink=staged | resolution=direct_image | verification=CONFIRMADO | manual_open_to_claim_ms=1650 | open_ms=15 | prep_ms=41 | ocr_ms=1616 | parse_ms=2 | manual_open_to_ingest_ms=3335
[SINK] committed | file_id=f8d3cccbb4cf5820e8010e775c4624ef4a1c2e38 | msg=- | talker=- | create_time=0 | sheet=Página1 | row=156 | ingest_to_commit_ms=1002 | manual_open_to_commit_ms=4337
[RETRY] 1f658565574fdcf052b806dbd98e34a1_.jpg | attempt=1 | err=FileNotFoundError: Resolved file disappeared: C:\Users\Felipe\Documents\WeChat Files\wxid_xd3703k0ih2p22\FileStorage\Temp\1f658565574fdcf052b806dbd98e34a1_.jpg
[SKIP] 762f5ab7345fc12c6710bb6cbebff22b_.jpg | temp_file_disappeared_after_3_attempts
[RETRY] 32d7e84d7f11b1a0a4b5593a1983dd5b_.jpg | attempt=2 | err=FileNotFoundError: Resolved file disappeared: C:\Users\Felipe\Documents\WeChat Files\wxid_xd3703k0ih2p22\FileStorage\Temp\32d7e84d7f11b1a0a4b5593a1983dd5b_.jpg
[OK] 5f166e7174b5713317fa598121bda35f.dat | cliente=1 | banco=CLEEND | valor=1500.0 | data=28/07/2026 10:07 | sink=staged | resolution=direct_image | verification=CONFIRMADO | manual_open_to_claim_ms=1767 | open_ms=15 | prep_ms=41 | ocr_ms=1852 | parse_ms=1 | manual_open_to_ingest_ms=3687
[SINK] committed | file_id=ad025f7883a82e641809d133fdd024f2443fdf7a | msg=- | talker=- | create_time=0 | sheet=Página1 | row=157 | ingest_to_commit_ms=983 | manual_open_to_commit_ms=4670
[SKIP] 8a69b5466e4bbb58f5f61ff10123281c_.jpg | temp_file_disappeared_after_3_attempts
[RETRY] fdcc809e511532910aec8a3224f13879_.jpg | attempt=1 | err=FileNotFoundError: Resolved file disappeared: C:\Users\Felipe\Documents\WeChat Files\wxid_xd3703k0ih2p22\FileStorage\Temp\fdcc809e511532910aec8a3224f13879_.jpg
[RETRY] 94db47dece4611f01fedcfd830d94174_.jpg | attempt=2 | err=FileNotFoundError: Resolved file disappeared: C:\Users\Felipe\Documents\WeChat Files\wxid_xd3703k0ih2p22\FileStorage\Temp\94db47dece4611f01fedcfd830d94174_.jpg
[OK] 310edb9a949ebaa8a44e89f42537efcf.dat | cliente=1 | banco=AMD | valor=78.75 | data=28/07/2026 11:03 | sink=staged | resolution=direct_image | verification=CONFIRMADO | manual_open_to_claim_ms=2167 | open_ms=15 | prep_ms=41 | ocr_ms=785 | parse_ms=1 | manual_open_to_ingest_ms=3019
[SINK] committed | file_id=bff7bcd1fea0388cfef60134faa932a659db4d5e | msg=- | talker=- | create_time=0 | sheet=Página1 | row=158 | ingest_to_commit_ms=983 | manual_open_to_commit_ms=4003
[RETRY] 33119255399d5ed670b088a5b2e14c8e_.jpg | attempt=1 | err=FileNotFoundError: Resolved file disappeared: C:\Users\Felipe\Documents\WeChat Files\wxid_xd3703k0ih2p22\FileStorage\Temp\33119255399d5ed670b088a5b2e14c8e_.jpg
[SKIP] 4884f256066e44879ea2c78b69b67731_.jpg | temp_file_disappeared_after_3_attempts
[OK] affacc5f52c151b4d16d600008cd1ef6.dat | cliente=1 | banco=AMD | valor=500.0 | data=28/07/2026 11:08 | sink=staged | resolution=direct_image | verification=CONFIRMADO | manual_open_to_claim_ms=1398 | open_ms=14 | prep_ms=41 | ocr_ms=1040 | parse_ms=1 | manual_open_to_ingest_ms=2505
[SINK] committed | file_id=5ac3ad931394ef89b2020a453fd2877a8c26ecb2 | msg=- | talker=- | create_time=0 | sheet=Página1 | row=159 | ingest_to_commit_ms=1109 | manual_open_to_commit_ms=3614
[RETRY] f3d40db81ffb5ac89c66894bfad040ce_.jpg | attempt=2 | err=FileNotFoundError: Resolved file disappeared: C:\Users\Felipe\Documents\WeChat Files\wxid_xd3703k0ih2p22\FileStorage\Temp\f3d40db81ffb5ac89c66894bfad040ce_.jpg
[RETRY] c989537d15801ccd2f265030306c60c1_.jpg | attempt=1 | err=FileNotFoundError: Resolved file disappeared: C:\Users\Felipe\Documents\WeChat Files\wxid_xd3703k0ih2p22\FileStorage\Temp\c989537d15801ccd2f265030306c60c1_.jpg
[SKIP] 6dd4626eaa6d78230d65214291e4f292_.jpg | temp_file_disappeared_after_3_attempts
[RETRY] 1f658565574fdcf052b806dbd98e34a1_.jpg | attempt=2 | err=FileNotFoundError: Resolved file disappeared: C:\Users\Felipe\Documents\WeChat Files\wxid_xd3703k0ih2p22\FileStorage\Temp\1f658565574fdcf052b806dbd98e34a1_.jpg
[OK] 175ffcb7bd1cccd7ec17a0edc5c9c0bc.dat | cliente=1 | banco=AMD | valor=2435.0 | data=28/07/2026 10:47 | sink=staged | resolution=direct_image | verification=CONFIRMADO | manual_open_to_claim_ms=1146 | open_ms=14 | prep_ms=42 | ocr_ms=1982 | parse_ms=1 | manual_open_to_ingest_ms=3197
[SINK] committed | file_id=5205538fb41e409dbb56777d2f14f0af5b7876ec | msg=- | talker=- | create_time=0 | sheet=Página1 | row=160 | ingest_to_commit_ms=1014 | manual_open_to_commit_ms=4211
[RETRY] 01e2989c8b2dc2345127f846a7b705f1_.jpg | attempt=1 | err=FileNotFoundError: Resolved file disappeared: C:\Users\Felipe\Documents\WeChat Files\wxid_xd3703k0ih2p22\FileStorage\Temp\01e2989c8b2dc2345127f846a7b705f1_.jpg
[SKIP] 3b72512659aea0d6a5f8ccd6cabd7e76_.jpg | temp_file_disappeared_after_3_attempts
[RETRY] fdcc809e511532910aec8a3224f13879_.jpg | attempt=2 | err=FileNotFoundError: Resolved file disappeared: C:\Users\Felipe\Documents\WeChat Files\wxid_xd3703k0ih2p22\FileStorage\Temp\fdcc809e511532910aec8a3224f13879_.jpg
[OK] 34abd8ba2ef30412362e28306cb48008.dat | cliente=1 | banco=AMD | valor=262.0 | data=28/07/2026 11:50 | sink=staged | resolution=direct_image | verification=CONFIRMADO | manual_open_to_claim_ms=1593 | open_ms=14 | prep_ms=42 | ocr_ms=1777 | parse_ms=2 | manual_open_to_ingest_ms=3439
[SINK] committed | file_id=6309862880d358faf9cdb4df594873a09ef4a497 | msg=- | talker=- | create_time=0 | sheet=Página1 | row=161 | ingest_to_commit_ms=952 | manual_open_to_commit_ms=4392
[RETRY] 4fbd8cd6b9cd1d726812885e209ab16f_.jpg | attempt=1 | err=FileNotFoundError: Resolved file disappeared: C:\Users\Felipe\Documents\WeChat Files\wxid_xd3703k0ih2p22\FileStorage\Temp\4fbd8cd6b9cd1d726812885e209ab16f_.jpg
[SKIP] bba93d5e045c83ff235dae32f54f1e59_.jpg | temp_file_disappeared_after_3_attempts
[RETRY] 33119255399d5ed670b088a5b2e14c8e_.jpg | attempt=2 | err=FileNotFoundError: Resolved file disappeared: C:\Users\Felipe\Documents\WeChat Files\wxid_xd3703k0ih2p22\FileStorage\Temp\33119255399d5ed670b088a5b2e14c8e_.jpg
[OK] a5638c77d11ef9653e0883ed2b583f89.dat | cliente=1 | banco=AMD | valor=351.0 | data=28/07/2026 12:32 | sink=staged | resolution=direct_image | verification=CONFIRMADO | manual_open_to_claim_ms=1979 | open_ms=15 | prep_ms=44 | ocr_ms=1300 | parse_ms=1 | manual_open_to_ingest_ms=3349
[SINK] committed | file_id=9f8dd99a6434750fe5ee2c12f468f2d72b7854e4 | msg=- | talker=- | create_time=0 | sheet=Página1 | row=162 | ingest_to_commit_ms=1217 | manual_open_to_commit_ms=4566
[SKIP] f78675fe4bee73715580d3c0fa72e113_.jpg | temp_file_disappeared_after_3_attempts
[RETRY] 2215a31de7f14a1236314fe73333f1ca_.jpg | attempt=1 | err=FileNotFoundError: Resolved file disappeared: C:\Users\Felipe\Documents\WeChat Files\wxid_xd3703k0ih2p22\FileStorage\Temp\2215a31de7f14a1236314fe73333f1ca_.jpg
[RETRY] c989537d15801ccd2f265030306c60c1_.jpg | attempt=2 | err=FileNotFoundError: Resolved file disappeared: C:\Users\Felipe\Documents\WeChat Files\wxid_xd3703k0ih2p22\FileStorage\Temp\c989537d15801ccd2f265030306c60c1_.jpg
[OK] 643fb4ff70e39dabd30ed9d48f7f4157.dat | cliente=1 | banco=AMD | valor=746.0 | data=28/07/2026 12:39 | sink=staged | resolution=direct_image | verification=CONFIRMADO | manual_open_to_claim_ms=2071 | open_ms=14 | prep_ms=44 | ocr_ms=1871 | parse_ms=1 | manual_open_to_ingest_ms=4012
[SINK] committed | file_id=9836ca0c86ce2c4c96553d2da478e429cd870e91 | msg=- | talker=- | create_time=0 | sheet=Página1 | row=163 | ingest_to_commit_ms=1049 | manual_open_to_commit_ms=5061
[RETRY] 0ef7f0ef5cf06db2c2257bcbad37a1cc_.jpg | attempt=1 | err=FileNotFoundError: Resolved file disappeared: C:\Users\Felipe\Documents\WeChat Files\wxid_xd3703k0ih2p22\FileStorage\Temp\0ef7f0ef5cf06db2c2257bcbad37a1cc_.jpg
[SKIP] 32d7e84d7f11b1a0a4b5593a1983dd5b_.jpg | temp_file_disappeared_after_3_attempts
[RETRY] 01e2989c8b2dc2345127f846a7b705f1_.jpg | attempt=2 | err=FileNotFoundError: Resolved file disappeared: C:\Users\Felipe\Documents\WeChat Files\wxid_xd3703k0ih2p22\FileStorage\Temp\01e2989c8b2dc2345127f846a7b705f1_.jpg
[OK] fb00a36272478bb6d85d2a6a172df22b.dat | cliente=1 | banco=AMD | valor=180.0 | data=27/07/2026 17:20 | sink=staged | resolution=direct_image | verification=CONFIRMADO | manual_open_to_claim_ms=1305 | open_ms=14 | prep_ms=42 | ocr_ms=1611 | parse_ms=1 | manual_open_to_ingest_ms=2985
[SINK] committed | file_id=5ca4aaf0c1b7682a2ad096e53dd515865c4f8f26 | msg=- | talker=- | create_time=0 | sheet=Página1 | row=164 | ingest_to_commit_ms=959 | manual_open_to_commit_ms=3944
[RETRY] 268bea3bfccbdf85a3a908b296e9706c_.jpg | attempt=1 | err=FileNotFoundError: Resolved file disappeared: C:\Users\Felipe\Documents\WeChat Files\wxid_xd3703k0ih2p22\FileStorage\Temp\268bea3bfccbdf85a3a908b296e9706c_.jpg
[SKIP] 94db47dece4611f01fedcfd830d94174_.jpg | temp_file_disappeared_after_3_attempts
[RETRY] 4fbd8cd6b9cd1d726812885e209ab16f_.jpg | attempt=2 | err=FileNotFoundError: Resolved file disappeared: C:\Users\Felipe\Documents\WeChat Files\wxid_xd3703k0ih2p22\FileStorage\Temp\4fbd8cd6b9cd1d726812885e209ab16f_.jpg
[OK] b70c9044d01b4d047c20ae8e3b3ac54a.dat | cliente=1 | banco=AMD | valor=226.0 | data=28/07/2026 13:20 | sink=staged | resolution=direct_image | verification=CONFIRMADO | manual_open_to_claim_ms=1580 | open_ms=14 | prep_ms=43 | ocr_ms=1430 | parse_ms=2 | manual_open_to_ingest_ms=3080
[SINK] committed | file_id=060968f8e55d102cd8d6cf573fd2f46f1902b0b5 | msg=- | talker=- | create_time=0 | sheet=Página1 | row=165 | ingest_to_commit_ms=975 | manual_open_to_commit_ms=4055
[SCAN] reconcile complete | queued_or_refreshed=17
[RETRY] f9bac4cf5a84d6e9989422640750279f_.jpg | attempt=1 | err=FileNotFoundError: Resolved file disappeared: C:\Users\Felipe\Documents\WeChat Files\wxid_xd3703k0ih2p22\FileStorage\Temp\f9bac4cf5a84d6e9989422640750279f_.jpg
[RETRY] 2215a31de7f14a1236314fe73333f1ca_.jpg | attempt=2 | err=FileNotFoundError: Resolved file disappeared: C:\Users\Felipe\Documents\WeChat Files\wxid_xd3703k0ih2p22\FileStorage\Temp\2215a31de7f14a1236314fe73333f1ca_.jpg
[SKIP] f3d40db81ffb5ac89c66894bfad040ce_.jpg | temp_file_disappeared_after_3_attempts
[OK] d5941c95cd2321ed4d439bb15c73fc8a.dat | cliente=1 | banco=AMD | valor=5384.0 | data=28/07/2026 14:08 | sink=staged | resolution=direct_image | verification=CONFIRMADO | manual_open_to_claim_ms=1056 | open_ms=16 | prep_ms=45 | ocr_ms=990 | parse_ms=1 | manual_open_to_ingest_ms=2119
[SINK] committed | file_id=81ff0a4d31d49f57e8bd6b2b951852a601a08668 | msg=- | talker=- | create_time=0 | sheet=Página1 | row=166 | ingest_to_commit_ms=891 | manual_open_to_commit_ms=3010
[RETRY] 714fbda596821f4aa4599223d6bc7439_.jpg | attempt=1 | err=FileNotFoundError: Resolved file disappeared: C:\Users\Felipe\Documents\WeChat Files\wxid_xd3703k0ih2p22\FileStorage\Temp\714fbda596821f4aa4599223d6bc7439_.jpg
[SKIP] 1f658565574fdcf052b806dbd98e34a1_.jpg | temp_file_disappeared_after_3_attempts
[RETRY] 0ef7f0ef5cf06db2c2257bcbad37a1cc_.jpg | attempt=2 | err=FileNotFoundError: Resolved file disappeared: C:\Users\Felipe\Documents\WeChat Files\wxid_xd3703k0ih2p22\FileStorage\Temp\0ef7f0ef5cf06db2c2257bcbad37a1cc_.jpg
[OK] ed18a730b5c2c6a6c236e5a5001acf74.dat | cliente=1 | banco=AMD | valor=5000.0 | data=28/07/2026 14:09 | sink=staged | resolution=direct_image | verification=CONFIRMADO | manual_open_to_claim_ms=1798 | open_ms=14 | prep_ms=55 | ocr_ms=1516 | parse_ms=2 | manual_open_to_ingest_ms=3397
[SINK] committed | file_id=d761c2ef60b0559b91b2d4a8c328f10e6adb01ca | msg=- | talker=- | create_time=0 | sheet=Página1 | row=167 | ingest_to_commit_ms=943 | manual_open_to_commit_ms=4339
[RETRY] 38ea1aeebdd293e42f827d6402610e8c_.jpg | attempt=1 | err=FileNotFoundError: Resolved file disappeared: C:\Users\Felipe\Documents\WeChat Files\wxid_xd3703k0ih2p22\FileStorage\Temp\38ea1aeebdd293e42f827d6402610e8c_.jpg
[SKIP] fdcc809e511532910aec8a3224f13879_.jpg | temp_file_disappeared_after_3_attempts
[RETRY] 268bea3bfccbdf85a3a908b296e9706c_.jpg | attempt=2 | err=FileNotFoundError: Resolved file disappeared: C:\Users\Felipe\Documents\WeChat Files\wxid_xd3703k0ih2p22\FileStorage\Temp\268bea3bfccbdf85a3a908b296e9706c_.jpg
[OK] 4b3d51671ad652d81a6c91279e5a0430.dat | cliente=1 | banco=AMD | valor=23.0 | data=28/07/2026 14:04 | sink=staged | resolution=direct_image | verification=CONFIRMADO | manual_open_to_claim_ms=1869 | open_ms=14 | prep_ms=45 | ocr_ms=1973 | parse_ms=2 | manual_open_to_ingest_ms=3916
[SINK] committed | file_id=f9a020db8d03ca3f992e5116d2ed8413659a8d84 | msg=- | talker=- | create_time=0 | sheet=Página1 | row=168 | ingest_to_commit_ms=955 | manual_open_to_commit_ms=4871
[SKIP] 33119255399d5ed670b088a5b2e14c8e_.jpg | temp_file_disappeared_after_3_attempts
[RETRY] 2421856edc81d2e14327154459e8e0ba_.jpg | attempt=1 | err=FileNotFoundError: Resolved file disappeared: C:\Users\Felipe\Documents\WeChat Files\wxid_xd3703k0ih2p22\FileStorage\Temp\2421856edc81d2e14327154459e8e0ba_.jpg
[OK] 035c1d72d235d18109667bba99b16531.dat | cliente=1 | banco=AMD | valor=993.0 | data=28/07/2026 14:28 | sink=staged | resolution=direct_image | verification=CONFIRMADO | manual_open_to_claim_ms=1044 | open_ms=16 | prep_ms=43 | ocr_ms=2375 | parse_ms=2 | manual_open_to_ingest_ms=3492
[SINK] committed | file_id=d661314483c0d22b1f85a858579285bfc825eef5 | msg=- | talker=- | create_time=0 | sheet=Página1 | row=169 | ingest_to_commit_ms=1002 | manual_open_to_commit_ms=4494
[SKIP] c989537d15801ccd2f265030306c60c1_.jpg | temp_file_disappeared_after_3_attempts
[RETRY] f9bac4cf5a84d6e9989422640750279f_.jpg | attempt=2 | err=FileNotFoundError: Resolved file disappeared: C:\Users\Felipe\Documents\WeChat Files\wxid_xd3703k0ih2p22\FileStorage\Temp\f9bac4cf5a84d6e9989422640750279f_.jpg
[RETRY] 0e4485c3ea378c2d0b9770c040e8001f_.jpg | attempt=1 | err=FileNotFoundError: Resolved file disappeared: C:\Users\Felipe\Documents\WeChat Files\wxid_xd3703k0ih2p22\FileStorage\Temp\0e4485c3ea378c2d0b9770c040e8001f_.jpg
[RETRY] 714fbda596821f4aa4599223d6bc7439_.jpg | attempt=2 | err=FileNotFoundError: Resolved file disappeared: C:\Users\Felipe\Documents\WeChat Files\wxid_xd3703k0ih2p22\FileStorage\Temp\714fbda596821f4aa4599223d6bc7439_.jpg
[OK] d33cfc00d6e3fb92506b063052d07426.dat | cliente=1 | banco=AMD | valor=364.0 | data=28/07/2026 15:24 | sink=staged | resolution=direct_image | verification=CONFIRMADO | manual_open_to_claim_ms=2053 | open_ms=13 | prep_ms=43 | ocr_ms=967 | parse_ms=2 | manual_open_to_ingest_ms=3091
[SINK] committed | file_id=7a3e01fb54678c6cccebb34021e162d65e052265 | msg=- | talker=- | create_time=0 | sheet=Página1 | row=170 | ingest_to_commit_ms=948 | manual_open_to_commit_ms=4039
[RETRY] e11b9e52941d9065c362a03e73eb44e6_.jpg | attempt=1 | err=FileNotFoundError: Resolved file disappeared: C:\Users\Felipe\Documents\WeChat Files\wxid_xd3703k0ih2p22\FileStorage\Temp\e11b9e52941d9065c362a03e73eb44e6_.jpg
[SKIP] 01e2989c8b2dc2345127f846a7b705f1_.jpg | temp_file_disappeared_after_3_attempts
[RETRY] 38ea1aeebdd293e42f827d6402610e8c_.jpg | attempt=2 | err=FileNotFoundError: Resolved file disappeared: C:\Users\Felipe\Documents\WeChat Files\wxid_xd3703k0ih2p22\FileStorage\Temp\38ea1aeebdd293e42f827d6402610e8c_.jpg
[OK] acdb644d97a2978ab8b946ec93ffa10e.dat | cliente=1 | banco=AMD | valor=2010.0 | data=28/07/2026 15:37 | sink=staged | resolution=direct_image | verification=CONFIRMADO | manual_open_to_claim_ms=1516 | open_ms=15 | prep_ms=43 | ocr_ms=872 | parse_ms=1 | manual_open_to_ingest_ms=2458
[SINK] committed | file_id=83c5fec61d4164fbed80d937be21eade32dddf68 | msg=- | talker=- | create_time=0 | sheet=Página1 | row=171 | ingest_to_commit_ms=910 | manual_open_to_commit_ms=3368
[RETRY] 7882dfc83cda635216bf5df323705a42_.jpg | attempt=1 | err=FileNotFoundError: Resolved file disappeared: C:\Users\Felipe\Documents\WeChat Files\wxid_xd3703k0ih2p22\FileStorage\Temp\7882dfc83cda635216bf5df323705a42_.jpg
[SKIP] 4fbd8cd6b9cd1d726812885e209ab16f_.jpg | temp_file_disappeared_after_3_attempts
[RETRY] 2421856edc81d2e14327154459e8e0ba_.jpg | attempt=2 | err=FileNotFoundError: Resolved file disappeared: C:\Users\Felipe\Documents\WeChat Files\wxid_xd3703k0ih2p22\FileStorage\Temp\2421856edc81d2e14327154459e8e0ba_.jpg
[OK] 2126a80cb1ce5bc5ae22e54a3da4df3b.dat | cliente=1 | banco=AMD | valor=8.0 | data=28/07/2026 16:43 | sink=staged | resolution=direct_image | verification=CONFIRMADO | manual_open_to_claim_ms=2115 | open_ms=15 | prep_ms=42 | ocr_ms=1112 | parse_ms=1 | manual_open_to_ingest_ms=3296
[SINK] committed | file_id=29c2aeca85243bd44fd293dbd8045bde225027a9 | msg=- | talker=- | create_time=0 | sheet=Página1 | row=172 | ingest_to_commit_ms=939 | manual_open_to_commit_ms=4235
[RETRY] c5e0baf5ef5cdd255e21108ca2810b26_.jpg | attempt=1 | err=FileNotFoundError: Resolved file disappeared: C:\Users\Felipe\Documents\WeChat Files\wxid_xd3703k0ih2p22\FileStorage\Temp\c5e0baf5ef5cdd255e21108ca2810b26_.jpg
[SKIP] 2215a31de7f14a1236314fe73333f1ca_.jpg | temp_file_disappeared_after_3_attempts
[RETRY] 0e4485c3ea378c2d0b9770c040e8001f_.jpg | attempt=2 | err=FileNotFoundError: Resolved file disappeared: C:\Users\Felipe\Documents\WeChat Files\wxid_xd3703k0ih2p22\FileStorage\Temp\0e4485c3ea378c2d0b9770c040e8001f_.jpg
[OK] 96eefd084dec5c09eb50c45d8fa70f84.dat | cliente=1 | banco=AMD | valor=15240.0 | data=28/07/2026 10:44 | sink=staged | resolution=direct_image | verification=CONFIRMADO | manual_open_to_claim_ms=1698 | open_ms=21 | prep_ms=44 | ocr_ms=2058 | parse_ms=1 | manual_open_to_ingest_ms=3835
[SINK] committed | file_id=5b7eb1cff4fa056a4a816faa2fbed274c33a06bd | msg=- | talker=- | create_time=0 | sheet=Página1 | row=173 | ingest_to_commit_ms=1123 | manual_open_to_commit_ms=4959
[RETRY] a770eb80b44967e546b5303cc74f1659_.jpg | attempt=1 | err=FileNotFoundError: Resolved file disappeared: C:\Users\Felipe\Documents\WeChat Files\wxid_xd3703k0ih2p22\FileStorage\Temp\a770eb80b44967e546b5303cc74f1659_.jpg
[SKIP] 0ef7f0ef5cf06db2c2257bcbad37a1cc_.jpg | temp_file_disappeared_after_3_attempts
[RETRY] e11b9e52941d9065c362a03e73eb44e6_.jpg | attempt=2 | err=FileNotFoundError: Resolved file disappeared: C:\Users\Felipe\Documents\WeChat Files\wxid_xd3703k0ih2p22\FileStorage\Temp\e11b9e52941d9065c362a03e73eb44e6_.jpg
[OK] 2acda6441f00b8438e973e6748825c3f.dat | cliente=1 | banco=AMD | valor=7550.0 | data=27/07/2026 23:06 | sink=staged | resolution=direct_image | verification=CONFIRMADO | manual_open_to_claim_ms=1186 | open_ms=6 | prep_ms=1 | ocr_ms=1193 | parse_ms=1 | manual_open_to_ingest_ms=2390
[SINK] committed | file_id=db4b8fa85862a675616cbef6cb172c3b35fdedf8 | msg=- | talker=- | create_time=0 | sheet=Página1 | row=174 | ingest_to_commit_ms=896 | manual_open_to_commit_ms=3287
[RETRY] 3e569fe47d8063e299b50a6a670c8643_.jpg | attempt=1 | err=FileNotFoundError: Resolved file disappeared: C:\Users\Felipe\Documents\WeChat Files\wxid_xd3703k0ih2p22\FileStorage\Temp\3e569fe47d8063e299b50a6a670c8643_.jpg
[SKIP] 268bea3bfccbdf85a3a908b296e9706c_.jpg | temp_file_disappeared_after_3_attempts
[RETRY] 7882dfc83cda635216bf5df323705a42_.jpg | attempt=2 | err=FileNotFoundError: Resolved file disappeared: C:\Users\Felipe\Documents\WeChat Files\wxid_xd3703k0ih2p22\FileStorage\Temp\7882dfc83cda635216bf5df323705a42_.jpg
[OK] be5d3d0e2d15d251c106a09618100720.dat | cliente=1 | banco=AMD | valor=49268.0 | data=28/07/2026 08:54 | sink=staged | resolution=direct_image | verification=CONFIRMADO | manual_open_to_claim_ms=2022 | open_ms=7 | prep_ms=1 | ocr_ms=2468 | parse_ms=1 | manual_open_to_ingest_ms=4504
[SINK] committed | file_id=dd27b518bab5c17955cc6d3ac492bd9d08f439f3 | msg=- | talker=- | create_time=0 | sheet=Página1 | row=175 | ingest_to_commit_ms=949 | manual_open_to_commit_ms=5453
[SCAN] reconcile complete | queued_or_refreshed=17
[RETRY] c5e0baf5ef5cdd255e21108ca2810b26_.jpg | attempt=2 | err=FileNotFoundError: Resolved file disappeared: C:\Users\Felipe\Documents\WeChat Files\wxid_xd3703k0ih2p22\FileStorage\Temp\c5e0baf5ef5cdd255e21108ca2810b26_.jpg
[RETRY] adfa9758aa40424402a2da2d0f9c7008_.jpg | attempt=1 | err=FileNotFoundError: Resolved file disappeared: C:\Users\Felipe\Documents\WeChat Files\wxid_xd3703k0ih2p22\FileStorage\Temp\adfa9758aa40424402a2da2d0f9c7008_.jpg
[OK] 7ba4b6231fa8ec94e9ac1df370b6d063.dat | cliente=1 | banco=AMD | valor=9340.0 | data=28/07/2026 09:45 | sink=staged | resolution=direct_image | verification=CONFIRMADO | manual_open_to_claim_ms=1965 | open_ms=4 | prep_ms=0 | ocr_ms=2255 | parse_ms=1 | manual_open_to_ingest_ms=4230
[SINK] committed | file_id=52bfb6c2e65b5b1dada427ce4d676c1673b29b10 | msg=- | talker=- | create_time=0 | sheet=Página1 | row=176 | ingest_to_commit_ms=1100 | manual_open_to_commit_ms=5329
[SKIP] f9bac4cf5a84d6e9989422640750279f_.jpg | temp_file_disappeared_after_3_attempts
[SKIP] 714fbda596821f4aa4599223d6bc7439_.jpg | temp_file_disappeared_after_3_attempts
[RETRY] b47dd025c3747d8b2747785d07525cbb_.jpg | attempt=1 | err=FileNotFoundError: Resolved file disappeared: C:\Users\Felipe\Documents\WeChat Files\wxid_xd3703k0ih2p22\FileStorage\Temp\b47dd025c3747d8b2747785d07525cbb_.jpg
[RETRY] a770eb80b44967e546b5303cc74f1659_.jpg | attempt=2 | err=FileNotFoundError: Resolved file disappeared: C:\Users\Felipe\Documents\WeChat Files\wxid_xd3703k0ih2p22\FileStorage\Temp\a770eb80b44967e546b5303cc74f1659_.jpg
[OK] 126f4db747302c8ef9adf6455d289767.dat | cliente=1 | banco=AMD | valor=2138.0 | data=28/07/2026 10:12 | sink=staged | resolution=direct_image | verification=CONFIRMADO | manual_open_to_claim_ms=1613 | open_ms=5 | prep_ms=0 | ocr_ms=1360 | parse_ms=1 | manual_open_to_ingest_ms=2984
[SINK] committed | file_id=131cd8f2ac171d730fbadc60d3dbc979ed29b452 | msg=- | talker=- | create_time=0 | sheet=Página1 | row=177 | ingest_to_commit_ms=993 | manual_open_to_commit_ms=3978
[RETRY] 4118a3f8468367c197baf40d773831f4_.jpg | attempt=1 | err=FileNotFoundError: Resolved file disappeared: C:\Users\Felipe\Documents\WeChat Files\wxid_xd3703k0ih2p22\FileStorage\Temp\4118a3f8468367c197baf40d773831f4_.jpg
[SKIP] 38ea1aeebdd293e42f827d6402610e8c_.jpg | temp_file_disappeared_after_3_attempts
[RETRY] 3e569fe47d8063e299b50a6a670c8643_.jpg | attempt=2 | err=FileNotFoundError: Resolved file disappeared: C:\Users\Felipe\Documents\WeChat Files\wxid_xd3703k0ih2p22\FileStorage\Temp\3e569fe47d8063e299b50a6a670c8643_.jpg
[OK] 28793e13348fcab5bcc74c0a46671745.dat | cliente=1 | banco=None | valor=4977.0 | data=28/07/2026 10:27 | sink=staged | resolution=direct_image | verification=CONFIRMADO | manual_open_to_claim_ms=1449 | open_ms=7 | prep_ms=1 | ocr_ms=1460 | parse_ms=1 | manual_open_to_ingest_ms=2922
[SINK] committed | file_id=023f701bb3e3880bf36d468cc78c02dc67734904 | msg=- | talker=- | create_time=0 | sheet=Página1 | row=178 | ingest_to_commit_ms=937 | manual_open_to_commit_ms=3859
[RETRY] d41431cf97e0260a751de1f5c56ddb22_.jpg | attempt=1 | err=FileNotFoundError: Resolved file disappeared: C:\Users\Felipe\Documents\WeChat Files\wxid_xd3703k0ih2p22\FileStorage\Temp\d41431cf97e0260a751de1f5c56ddb22_.jpg
[SKIP] 2421856edc81d2e14327154459e8e0ba_.jpg | temp_file_disappeared_after_3_attempts
[OK] 33aca809e00c712083f5cfd18c77ff47.dat | cliente=1 | banco=AMD | valor=17963.0 | data=28/07/2026 10:28 | sink=staged | resolution=direct_image | verification=CONFIRMADO | manual_open_to_claim_ms=1316 | open_ms=5 | prep_ms=0 | ocr_ms=1794 | parse_ms=1 | manual_open_to_ingest_ms=3120
[SINK] committed | file_id=8578eb49e671068f17c58802f7d0da8b33fcc5b9 | msg=- | talker=- | create_time=0 | sheet=Página1 | row=179 | ingest_to_commit_ms=940 | manual_open_to_commit_ms=4061
[RETRY] adfa9758aa40424402a2da2d0f9c7008_.jpg | attempt=2 | err=FileNotFoundError: Resolved file disappeared: C:\Users\Felipe\Documents\WeChat Files\wxid_xd3703k0ih2p22\FileStorage\Temp\adfa9758aa40424402a2da2d0f9c7008_.jpg
[RETRY] 01a997a2a509ee97a18110c573290021_.jpg | attempt=1 | err=FileNotFoundError: Resolved file disappeared: C:\Users\Felipe\Documents\WeChat Files\wxid_xd3703k0ih2p22\FileStorage\Temp\01a997a2a509ee97a18110c573290021_.jpg
[SKIP] 0e4485c3ea378c2d0b9770c040e8001f_.jpg | temp_file_disappeared_after_3_attempts
[RETRY] b47dd025c3747d8b2747785d07525cbb_.jpg | attempt=2 | err=FileNotFoundError: Resolved file disappeared: C:\Users\Felipe\Documents\WeChat Files\wxid_xd3703k0ih2p22\FileStorage\Temp\b47dd025c3747d8b2747785d07525cbb_.jpg
[OK] 0d9d1ea6efd98327ca0c0f59487476a2.dat | cliente=1 | banco=AMD | valor=5280.0 | data=28/07/2026 12:03 | sink=staged | resolution=direct_image | verification=CONFIRMADO | manual_open_to_claim_ms=1652 | open_ms=4 | prep_ms=1 | ocr_ms=1719 | parse_ms=2 | manual_open_to_ingest_ms=3380
[SINK] committed | file_id=c3c1e3388eb609b23e26852abb04a00df108c711 | msg=- | talker=- | create_time=0 | sheet=Página1 | row=180 | ingest_to_commit_ms=1022 | manual_open_to_commit_ms=4402
[RETRY] e42b58e0ee0a3453ef7fcf66ec6ec77c_.jpg | attempt=1 | err=FileNotFoundError: Resolved file disappeared: C:\Users\Felipe\Documents\WeChat Files\wxid_xd3703k0ih2p22\FileStorage\Temp\e42b58e0ee0a3453ef7fcf66ec6ec77c_.jpg
[SKIP] e11b9e52941d9065c362a03e73eb44e6_.jpg | temp_file_disappeared_after_3_attempts
[RETRY] 4118a3f8468367c197baf40d773831f4_.jpg | attempt=2 | err=FileNotFoundError: Resolved file disappeared: C:\Users\Felipe\Documents\WeChat Files\wxid_xd3703k0ih2p22\FileStorage\Temp\4118a3f8468367c197baf40d773831f4_.jpg
[OK] 6e2d09d5b4aaf45dbf488311ef00ce31.dat | cliente=1 | banco=AMD | valor=878.0 | data=28/07/2026 13:21 | sink=staged | resolution=direct_image | verification=CONFIRMADO | manual_open_to_claim_ms=1900 | open_ms=6 | prep_ms=0 | ocr_ms=2535 | parse_ms=1 | manual_open_to_ingest_ms=4447
[SINK] committed | file_id=1cc4ab16b9cdf303e87723fceee51e211a022532 | msg=- | talker=- | create_time=0 | sheet=Página1 | row=181 | ingest_to_commit_ms=961 | manual_open_to_commit_ms=5408
[SKIP] 7882dfc83cda635216bf5df323705a42_.jpg | temp_file_disappeared_after_3_attempts
[RETRY] c6cfef2c9cbd522e49253379c0742afe_.jpg | attempt=1 | err=FileNotFoundError: Resolved file disappeared: C:\Users\Felipe\Documents\WeChat Files\wxid_xd3703k0ih2p22\FileStorage\Temp\c6cfef2c9cbd522e49253379c0742afe_.jpg
[RETRY] d41431cf97e0260a751de1f5c56ddb22_.jpg | attempt=2 | err=FileNotFoundError: Resolved file disappeared: C:\Users\Felipe\Documents\WeChat Files\wxid_xd3703k0ih2p22\FileStorage\Temp\d41431cf97e0260a751de1f5c56ddb22_.jpg
[OK] 1bd4fe96c74dad5dc50671e807cb9f83.dat | cliente=1 | banco=AMD | valor=145.0 | data=28/07/2026 13:29 | sink=staged | resolution=direct_image | verification=CONFIRMADO | manual_open_to_claim_ms=1701 | open_ms=5 | prep_ms=0 | ocr_ms=1945 | parse_ms=1 | manual_open_to_ingest_ms=3657
[SINK] committed | file_id=2ec4235eb2db2a0811c2049421962760cb77c92c | msg=- | talker=- | create_time=0 | sheet=Página1 | row=182 | ingest_to_commit_ms=903 | manual_open_to_commit_ms=4561
[RETRY] 8f72839b180a109b386777ef370c53a6_.jpg | attempt=1 | err=FileNotFoundError: Resolved file disappeared: C:\Users\Felipe\Documents\WeChat Files\wxid_xd3703k0ih2p22\FileStorage\Temp\8f72839b180a109b386777ef370c53a6_.jpg
[SKIP] c5e0baf5ef5cdd255e21108ca2810b26_.jpg | temp_file_disappeared_after_3_attempts
[RETRY] 01a997a2a509ee97a18110c573290021_.jpg | attempt=2 | err=FileNotFoundError: Resolved file disappeared: C:\Users\Felipe\Documents\WeChat Files\wxid_xd3703k0ih2p22\FileStorage\Temp\01a997a2a509ee97a18110c573290021_.jpg
[OK] a6c94907c155cd2029ceae2a3fdde5b9.dat | cliente=1 | banco=AMD | valor=3018.64 | data=28/07/2026 13:50 | sink=staged | resolution=direct_image | verification=CONFIRMADO | manual_open_to_claim_ms=2079 | open_ms=20 | prep_ms=60 | ocr_ms=2301 | parse_ms=3 | manual_open_to_ingest_ms=4475
[SINK] committed | file_id=d0b44f18905d2c1feee1e04e4792f186b8114070 | msg=- | talker=- | create_time=0 | sheet=Página1 | row=183 | ingest_to_commit_ms=978 | manual_open_to_commit_ms=5453
[SKIP] a770eb80b44967e546b5303cc74f1659_.jpg | temp_file_disappeared_after_3_attempts
[RETRY] 30cff62ddb17784580edfc3b4dc66648_.jpg | attempt=1 | err=FileNotFoundError: Resolved file disappeared: C:\Users\Felipe\Documents\WeChat Files\wxid_xd3703k0ih2p22\FileStorage\Temp\30cff62ddb17784580edfc3b4dc66648_.jpg
[RETRY] e42b58e0ee0a3453ef7fcf66ec6ec77c_.jpg | attempt=2 | err=FileNotFoundError: Resolved file disappeared: C:\Users\Felipe\Documents\WeChat Files\wxid_xd3703k0ih2p22\FileStorage\Temp\e42b58e0ee0a3453ef7fcf66ec6ec77c_.jpg
[OK] f77857a99cf9e57a08af2bf3c209beab.dat | cliente=1 | banco=AMD | valor=1332.0 | data=28/07/2026 14:35 | sink=staged | resolution=direct_image | verification=CONFIRMADO | manual_open_to_claim_ms=1670 | open_ms=5 | prep_ms=0 | ocr_ms=2570 | parse_ms=1 | manual_open_to_ingest_ms=4250
[SINK] committed | file_id=8b5193649f4cc7c6e755503cb7763265ac92e766 | msg=- | talker=- | create_time=0 | sheet=Página1 | row=184 | ingest_to_commit_ms=923 | manual_open_to_commit_ms=5173
[SKIP] 3e569fe47d8063e299b50a6a670c8643_.jpg | temp_file_disappeared_after_3_attempts
[RETRY] c0407feb45cfaab2512997e0e9186db3_.jpg | attempt=1 | err=FileNotFoundError: Resolved file disappeared: C:\Users\Felipe\Documents\WeChat Files\wxid_xd3703k0ih2p22\FileStorage\Temp\c0407feb45cfaab2512997e0e9186db3_.jpg
[RETRY] c6cfef2c9cbd522e49253379c0742afe_.jpg | attempt=2 | err=FileNotFoundError: Resolved file disappeared: C:\Users\Felipe\Documents\WeChat Files\wxid_xd3703k0ih2p22\FileStorage\Temp\c6cfef2c9cbd522e49253379c0742afe_.jpg
[OK] 51bc3093d26a1ed16aedd822c843ce82.dat | cliente=1 | banco=CLEEND | valor=1080.0 | data=28/07/2026 14:54 | sink=staged | resolution=direct_image | verification=CONFIRMADO | manual_open_to_claim_ms=1505 | open_ms=18 | prep_ms=45 | ocr_ms=1981 | parse_ms=2 | manual_open_to_ingest_ms=3563
[SINK] committed | file_id=54e2fdfe7d19c941ec1097df1b3d550e618948ea | msg=- | talker=- | create_time=0 | sheet=Página1 | row=185 | ingest_to_commit_ms=909 | manual_open_to_commit_ms=4471
[RETRY] de2624d443be679004f3db17a1fc4603_.jpg | attempt=1 | err=FileNotFoundError: Resolved file disappeared: C:\Users\Felipe\Documents\WeChat Files\wxid_xd3703k0ih2p22\FileStorage\Temp\de2624d443be679004f3db17a1fc4603_.jpg
[SCAN] reconcile complete | queued_or_refreshed=17
[RETRY] 8f72839b180a109b386777ef370c53a6_.jpg | attempt=2 | err=FileNotFoundError: Resolved file disappeared: C:\Users\Felipe\Documents\WeChat Files\wxid_xd3703k0ih2p22\FileStorage\Temp\8f72839b180a109b386777ef370c53a6_.jpg
[OK] 4f4aec48ed690b29aecdbf980e568e43.dat | cliente=1 | banco=AMD | valor=1000.0 | data=28/07/2026 07:27 | sink=staged | resolution=direct_image | verification=CONFIRMADO | manual_open_to_claim_ms=1084 | open_ms=5 | prep_ms=1 | ocr_ms=1940 | parse_ms=1 | manual_open_to_ingest_ms=3035
[SINK] committed | file_id=9d01df5c2792c31fa5bd728173d3821602cc9dbe | msg=- | talker=- | create_time=0 | sheet=Página1 | row=186 | ingest_to_commit_ms=916 | manual_open_to_commit_ms=3951
[SKIP] adfa9758aa40424402a2da2d0f9c7008_.jpg | temp_file_disappeared_after_3_attempts
[RETRY] c9fb32856cdd512193787b27e47a4ffa_.jpg | attempt=1 | err=FileNotFoundError: Resolved file disappeared: C:\Users\Felipe\Documents\WeChat Files\wxid_xd3703k0ih2p22\FileStorage\Temp\c9fb32856cdd512193787b27e47a4ffa_.jpg
[SKIP] b47dd025c3747d8b2747785d07525cbb_.jpg | temp_file_disappeared_after_3_attempts
[RETRY] 30cff62ddb17784580edfc3b4dc66648_.jpg | attempt=2 | err=FileNotFoundError: Resolved file disappeared: C:\Users\Felipe\Documents\WeChat Files\wxid_xd3703k0ih2p22\FileStorage\Temp\30cff62ddb17784580edfc3b4dc66648_.jpg
[OK] 118b42618cd29a774a95c8b3e59a73ad.dat | cliente=1 | banco=AMD | valor=5370.0 | data=27/07/2026 13:48 | sink=staged | resolution=direct_image | verification=CONFIRMADO | manual_open_to_claim_ms=1582 | open_ms=16 | prep_ms=38 | ocr_ms=1583 | parse_ms=2 | manual_open_to_ingest_ms=3234
[SINK] committed | file_id=437a0681a50cead4d409ad35560b54fc3796e76c | msg=- | talker=- | create_time=0 | sheet=Página1 | row=187 | ingest_to_commit_ms=930 | manual_open_to_commit_ms=4163
[SKIP] 4118a3f8468367c197baf40d773831f4_.jpg | temp_file_disappeared_after_3_attempts
[RETRY] a3877b75939ebcdac8fab8b83a8562d6_.jpg | attempt=1 | err=FileNotFoundError: Resolved file disappeared: C:\Users\Felipe\Documents\WeChat Files\wxid_xd3703k0ih2p22\FileStorage\Temp\a3877b75939ebcdac8fab8b83a8562d6_.jpg
[RETRY] c0407feb45cfaab2512997e0e9186db3_.jpg | attempt=2 | err=FileNotFoundError: Resolved file disappeared: C:\Users\Felipe\Documents\WeChat Files\wxid_xd3703k0ih2p22\FileStorage\Temp\c0407feb45cfaab2512997e0e9186db3_.jpg
[OK] 60d288d2b7284f739161f1fc0b6364d8.dat | cliente=1 | banco=AMD | valor=976.0 | data=28/07/2026 08:38 | sink=staged | resolution=direct_image | verification=CONFIRMADO | manual_open_to_claim_ms=1701 | open_ms=5 | prep_ms=0 | ocr_ms=1719 | parse_ms=2 | manual_open_to_ingest_ms=3431
[SINK] committed | file_id=985ba1db8d96f334c7adfa2433242bf31c3fc76a | msg=- | talker=- | create_time=0 | sheet=Página1 | row=188 | ingest_to_commit_ms=1009 | manual_open_to_commit_ms=4440
[RETRY] 7f2972d051162103a6db1af16538062b_.jpg | attempt=1 | err=FileNotFoundError: Resolved file disappeared: C:\Users\Felipe\Documents\WeChat Files\wxid_xd3703k0ih2p22\FileStorage\Temp\7f2972d051162103a6db1af16538062b_.jpg
[SKIP] d41431cf97e0260a751de1f5c56ddb22_.jpg | temp_file_disappeared_after_3_attempts
[RETRY] de2624d443be679004f3db17a1fc4603_.jpg | attempt=2 | err=FileNotFoundError: Resolved file disappeared: C:\Users\Felipe\Documents\WeChat Files\wxid_xd3703k0ih2p22\FileStorage\Temp\de2624d443be679004f3db17a1fc4603_.jpg
[OK] 6aac8c49d6b065ffe60692c993e75a2a.dat | cliente=1 | banco=AMD | valor=21000.0 | data=28/07/2026 12:00 | sink=staged | resolution=direct_image | verification=CONFIRMADO | manual_open_to_claim_ms=2022 | open_ms=13 | prep_ms=2 | ocr_ms=1402 | parse_ms=2 | manual_open_to_ingest_ms=3449
[SINK] committed | file_id=378c086e0fbadb285da3dc1f06c2cd7b4a27abe6 | msg=- | talker=- | create_time=0 | sheet=Página1 | row=189 | ingest_to_commit_ms=1036 | manual_open_to_commit_ms=4485
[SKIP] 01a997a2a509ee97a18110c573290021_.jpg | temp_file_disappeared_after_3_attempts
[RETRY] 5817b43b5b4addb8b3f97e682132bc56_.jpg | attempt=1 | err=FileNotFoundError: Resolved file disappeared: C:\Users\Felipe\Documents\WeChat Files\wxid_xd3703k0ih2p22\FileStorage\Temp\5817b43b5b4addb8b3f97e682132bc56_.jpg
[RETRY] c9fb32856cdd512193787b27e47a4ffa_.jpg | attempt=2 | err=FileNotFoundError: Resolved file disappeared: C:\Users\Felipe\Documents\WeChat Files\wxid_xd3703k0ih2p22\FileStorage\Temp\c9fb32856cdd512193787b27e47a4ffa_.jpg
[OK] a4db960afb94fc3669ff62afbabd4688.dat | cliente=1 | banco=AMD | valor=1680.0 | data=28/07/2026 11:59 | sink=staged | resolution=direct_image | verification=CONFIRMADO | manual_open_to_claim_ms=2064 | open_ms=12 | prep_ms=1 | ocr_ms=1216 | parse_ms=1 | manual_open_to_ingest_ms=3301
[SINK] committed | file_id=a2326d0302051479f79406e2eb818307646d8915 | msg=- | talker=- | create_time=0 | sheet=Página1 | row=190 | ingest_to_commit_ms=1119 | manual_open_to_commit_ms=4420
[RETRY] f06fe04ac2efc24b4695cbaf682d974d_.jpg | attempt=1 | err=FileNotFoundError: Resolved file disappeared: C:\Users\Felipe\Documents\WeChat Files\wxid_xd3703k0ih2p22\FileStorage\Temp\f06fe04ac2efc24b4695cbaf682d974d_.jpg
[SKIP] e42b58e0ee0a3453ef7fcf66ec6ec77c_.jpg | temp_file_disappeared_after_3_attempts
[RETRY] a3877b75939ebcdac8fab8b83a8562d6_.jpg | attempt=2 | err=FileNotFoundError: Resolved file disappeared: C:\Users\Felipe\Documents\WeChat Files\wxid_xd3703k0ih2p22\FileStorage\Temp\a3877b75939ebcdac8fab8b83a8562d6_.jpg
[OK] 324c1769115142170b605b1393289aaa.dat | cliente=1 | banco=AMD | valor=770.0 | data=28/07/2026 13:15 | sink=staged | resolution=direct_image | verification=CONFIRMADO | manual_open_to_claim_ms=1986 | open_ms=9 | prep_ms=1 | ocr_ms=2141 | parse_ms=1 | manual_open_to_ingest_ms=4143
[SINK] committed | file_id=d4728054ad7858a3142b8b0845440abed4b274bc | msg=- | talker=- | create_time=0 | sheet=Página1 | row=191 | ingest_to_commit_ms=971 | manual_open_to_commit_ms=5114
[RETRY] dcb8478ee1a18579b1e2ffdb5937faf4_.jpg | attempt=1 | err=FileNotFoundError: Resolved file disappeared: C:\Users\Felipe\Documents\WeChat Files\wxid_xd3703k0ih2p22\FileStorage\Temp\dcb8478ee1a18579b1e2ffdb5937faf4_.jpg
[SKIP] c6cfef2c9cbd522e49253379c0742afe_.jpg | temp_file_disappeared_after_3_attempts
[RETRY] 7f2972d051162103a6db1af16538062b_.jpg | attempt=2 | err=FileNotFoundError: Resolved file disappeared: C:\Users\Felipe\Documents\WeChat Files\wxid_xd3703k0ih2p22\FileStorage\Temp\7f2972d051162103a6db1af16538062b_.jpg
[OK] 3f6015fb976673029410e5b5b4c4a1ba.dat | cliente=1 | banco=AMD | valor=1700.0 | data=28/07/2026 15:34 | sink=staged | resolution=direct_image | verification=CONFIRMADO | manual_open_to_claim_ms=2210 | open_ms=9 | prep_ms=1 | ocr_ms=1422 | parse_ms=1 | manual_open_to_ingest_ms=3656
[SINK] committed | file_id=a2545e0d21f6a3e1bfe8265e78707a6bd9f7a44d | msg=- | talker=- | create_time=0 | sheet=Página1 | row=192 | ingest_to_commit_ms=965 | manual_open_to_commit_ms=4621
[RETRY] 8605f158a57abd8860d36d9cdcaec09f_.jpg | attempt=1 | err=FileNotFoundError: Resolved file disappeared: C:\Users\Felipe\Documents\WeChat Files\wxid_xd3703k0ih2p22\FileStorage\Temp\8605f158a57abd8860d36d9cdcaec09f_.jpg
[SKIP] 8f72839b180a109b386777ef370c53a6_.jpg | temp_file_disappeared_after_3_attempts
[RETRY] 5817b43b5b4addb8b3f97e682132bc56_.jpg | attempt=2 | err=FileNotFoundError: Resolved file disappeared: C:\Users\Felipe\Documents\WeChat Files\wxid_xd3703k0ih2p22\FileStorage\Temp\5817b43b5b4addb8b3f97e682132bc56_.jpg
[OK] 09914699a8c1f3d37ae2c08317f98b5c.dat | cliente=1 | banco=AMD | valor=1122.0 | data=28/07/2026 15:13 | sink=staged | resolution=direct_image | verification=CONFIRMADO | manual_open_to_claim_ms=1341 | open_ms=7 | prep_ms=1 | ocr_ms=1887 | parse_ms=2 | manual_open_to_ingest_ms=3244
[SINK] committed | file_id=0d97ba390678d12f66c1819ab948d4808b8912bb | msg=- | talker=- | create_time=0 | sheet=Página1 | row=193 | ingest_to_commit_ms=1648 | manual_open_to_commit_ms=4892
[RETRY] 9754c71fedef67103a9eaea46c8c545b_.jpg | attempt=1 | err=FileNotFoundError: Resolved file disappeared: C:\Users\Felipe\Documents\WeChat Files\wxid_xd3703k0ih2p22\FileStorage\Temp\9754c71fedef67103a9eaea46c8c545b_.jpg
[SKIP] 30cff62ddb17784580edfc3b4dc66648_.jpg | temp_file_disappeared_after_3_attempts
[RETRY] f06fe04ac2efc24b4695cbaf682d974d_.jpg | attempt=2 | err=FileNotFoundError: Resolved file disappeared: C:\Users\Felipe\Documents\WeChat Files\wxid_xd3703k0ih2p22\FileStorage\Temp\f06fe04ac2efc24b4695cbaf682d974d_.jpg
[OK] e4d97feed284bfa9bf2821cc804836f7.dat | cliente=1 | banco=AMD | valor=5800.0 | data=28/07/2026 16:02 | sink=staged | resolution=direct_image | verification=CONFIRMADO | manual_open_to_claim_ms=1593 | open_ms=6 | prep_ms=1 | ocr_ms=1415 | parse_ms=1 | manual_open_to_ingest_ms=3020
[SINK] committed | file_id=964796a7e132c72321379fbc0f2f233159557a8e | msg=- | talker=- | create_time=0 | sheet=Página1 | row=194 | ingest_to_commit_ms=963 | manual_open_to_commit_ms=3983
[RETRY] 88bde522b1d7a8eace95bf77d830e742_.jpg | attempt=1 | err=FileNotFoundError: Resolved file disappeared: C:\Users\Felipe\Documents\WeChat Files\wxid_xd3703k0ih2p22\FileStorage\Temp\88bde522b1d7a8eace95bf77d830e742_.jpg
[SKIP] c0407feb45cfaab2512997e0e9186db3_.jpg | temp_file_disappeared_after_3_attempts
[RETRY] dcb8478ee1a18579b1e2ffdb5937faf4_.jpg | attempt=2 | err=FileNotFoundError: Resolved file disappeared: C:\Users\Felipe\Documents\WeChat Files\wxid_xd3703k0ih2p22\FileStorage\Temp\dcb8478ee1a18579b1e2ffdb5937faf4_.jpg
[OK] c711075b774689ffed9df8dad1c45813.dat | cliente=1 | banco=AMD | valor=11000.0 | data=28/07/2026 10:33 | sink=staged | resolution=direct_image | verification=CONFIRMADO | manual_open_to_claim_ms=1551 | open_ms=10 | prep_ms=1 | ocr_ms=1043 | parse_ms=1 | manual_open_to_ingest_ms=2610
[SINK] committed | file_id=c4e5ffe1470971a08f2379c5584ccdcebd2c9042 | msg=- | talker=- | create_time=0 | sheet=Página1 | row=195 | ingest_to_commit_ms=990 | manual_open_to_commit_ms=3600
[RETRY] 810d55684bf96e6e356426fe8441a217_.jpg | attempt=1 | err=FileNotFoundError: Resolved file disappeared: C:\Users\Felipe\Documents\WeChat Files\wxid_xd3703k0ih2p22\FileStorage\Temp\810d55684bf96e6e356426fe8441a217_.jpg
[SCAN] reconcile complete | queued_or_refreshed=18
[OK] 2458011f35cc34bcf4b939c6daf4778b.dat | cliente=1 | banco=AMD | valor=24760.0 | data=28/07/2026 15:05 | sink=staged | resolution=direct_image | verification=CONFIRMADO | manual_open_to_claim_ms=3291 | open_ms=7 | prep_ms=1 | ocr_ms=1181 | parse_ms=1 | manual_open_to_ingest_ms=4485
[SINK] committed | file_id=deeb9be477885955cad035f73519b3ef74b7a530 | msg=- | talker=- | create_time=0 | sheet=Página1 | row=196 | ingest_to_commit_ms=1019 | manual_open_to_commit_ms=5504
[SKIP] de2624d443be679004f3db17a1fc4603_.jpg | temp_file_disappeared_after_3_attempts
[SKIP] c9fb32856cdd512193787b27e47a4ffa_.jpg | temp_file_disappeared_after_3_attempts
[RETRY] 8605f158a57abd8860d36d9cdcaec09f_.jpg | attempt=2 | err=FileNotFoundError: Resolved file disappeared: C:\Users\Felipe\Documents\WeChat Files\wxid_xd3703k0ih2p22\FileStorage\Temp\8605f158a57abd8860d36d9cdcaec09f_.jpg
[RETRY] febceec7b1f10fec30ca227841b028c9_.jpg | attempt=1 | err=FileNotFoundError: Resolved file disappeared: C:\Users\Felipe\Documents\WeChat Files\wxid_xd3703k0ih2p22\FileStorage\Temp\febceec7b1f10fec30ca227841b028c9_.jpg
[RETRY] 9754c71fedef67103a9eaea46c8c545b_.jpg | attempt=2 | err=FileNotFoundError: Resolved file disappeared: C:\Users\Felipe\Documents\WeChat Files\wxid_xd3703k0ih2p22\FileStorage\Temp\9754c71fedef67103a9eaea46c8c545b_.jpg
[SKIP] a3877b75939ebcdac8fab8b83a8562d6_.jpg | temp_file_disappeared_after_3_attempts
[RETRY] 88bde522b1d7a8eace95bf77d830e742_.jpg | attempt=2 | err=FileNotFoundError: Resolved file disappeared: C:\Users\Felipe\Documents\WeChat Files\wxid_xd3703k0ih2p22\FileStorage\Temp\88bde522b1d7a8eace95bf77d830e742_.jpg
[SKIP] 7f2972d051162103a6db1af16538062b_.jpg | temp_file_disappeared_after_3_attempts
[RETRY] 810d55684bf96e6e356426fe8441a217_.jpg | attempt=2 | err=FileNotFoundError: Resolved file disappeared: C:\Users\Felipe\Documents\WeChat Files\wxid_xd3703k0ih2p22\FileStorage\Temp\810d55684bf96e6e356426fe8441a217_.jpg
[SKIP] 5817b43b5b4addb8b3f97e682132bc56_.jpg | temp_file_disappeared_after_3_attempts
[RETRY] febceec7b1f10fec30ca227841b028c9_.jpg | attempt=2 | err=FileNotFoundError: Resolved file disappeared: C:\Users\Felipe\Documents\WeChat Files\wxid_xd3703k0ih2p22\FileStorage\Temp\febceec7b1f10fec30ca227841b028c9_.jpg
[SKIP] f06fe04ac2efc24b4695cbaf682d974d_.jpg | temp_file_disappeared_after_3_attempts
[SKIP] dcb8478ee1a18579b1e2ffdb5937faf4_.jpg | temp_file_disappeared_after_3_attempts
[SKIP] 8605f158a57abd8860d36d9cdcaec09f_.jpg | temp_file_disappeared_after_3_attempts
[SKIP] 9754c71fedef67103a9eaea46c8c545b_.jpg | temp_file_disappeared_after_3_attempts
[SKIP] 88bde522b1d7a8eace95bf77d830e742_.jpg | temp_file_disappeared_after_3_attempts
[SKIP] 810d55684bf96e6e356426fe8441a217_.jpg | temp_file_disappeared_after_3_attempts
[SCAN] reconcile complete | queued_or_refreshed=7
[SKIP] febceec7b1f10fec30ca227841b028c9_.jpg | temp_file_disappeared_after_3_attempts
[SCAN] reconcile complete | queued_or_refreshed=4
[SCAN] reconcile complete | queued_or_refreshed=0
[SCAN] reconcile complete | queued_or_refreshed=0
[SCAN] reconcile complete | queued_or_refreshed=0
[SCAN] reconcile complete | queued_or_refreshed=0
[SCAN] reconcile complete | queued_or_refreshed=0
[SCAN] reconcile complete | queued_or_refreshed=0
[SCAN] reconcile complete | queued_or_refreshed=0
[SCAN] reconcile complete | queued_or_refreshed=0
[SCAN] reconcile complete | queued_or_refreshed=0
[SCAN] reconcile complete | queued_or_refreshed=0
[SCAN] reconcile complete | queued_or_refreshed=0
[SCAN] reconcile complete | queued_or_refreshed=0
[SCAN] reconcile complete | queued_or_refreshed=0
[SCAN] reconcile complete | queued_or_refreshed=0
[SCAN] reconcile complete | queued_or_refreshed=0
[SCAN] reconcile complete | queued_or_refreshed=0
[SCAN] reconcile complete | queued_or_refreshed=0
[SCAN] reconcile complete | queued_or_refreshed=0
[SCAN] reconcile complete | queued_or_refreshed=0
[SCAN] reconcile complete | queued_or_refreshed=0
[SCAN] reconcile complete | queued_or_refreshed=0
[SCAN] reconcile complete | queued_or_refreshed=0
[SCAN] reconcile complete | queued_or_refreshed=0
[SCAN] reconcile complete | queued_or_refreshed=0
[SCAN] reconcile complete | queued_or_refreshed=0
[SCAN] reconcile complete | queued_or_refreshed=0
[SCAN] reconcile complete | queued_or_refreshed=0
[SCAN] reconcile complete | queued_or_refreshed=0
[SCAN] reconcile complete | queued_or_refreshed=0
[SCAN] reconcile complete | queued_or_refreshed=0
[SCAN] reconcile complete | queued_or_refreshed=0
[SCAN] reconcile complete | queued_or_refreshed=0
[SCAN] reconcile complete | queued_or_refreshed=0
[SCAN] reconcile complete | queued_or_refreshed=0
[SCAN] reconcile complete | queued_or_refreshed=0
[SCAN] reconcile complete | queued_or_refreshed=0
[SCAN] reconcile complete | queued_or_refreshed=0
[SCAN] reconcile complete | queued_or_refreshed=0
[SCAN] reconcile complete | queued_or_refreshed=0
[SCAN] reconcile complete | queued_or_refreshed=0
[SCAN] reconcile complete | queued_or_refreshed=0
[SCAN] reconcile complete | queued_or_refreshed=0
[SCAN] reconcile complete | queued_or_refreshed=0
[SCAN] reconcile complete | queued_or_refreshed=0
[SCAN] reconcile complete | queued_or_refreshed=0
[SCAN] reconcile complete | queued_or_refreshed=0
[SCAN] reconcile complete | queued_or_refreshed=0
[SCAN] reconcile complete | queued_or_refreshed=0
[SCAN] reconcile complete | queued_or_refreshed=0
[SCAN] reconcile complete | queued_or_refreshed=0
[SCAN] reconcile complete | queued_or_refreshed=0
[SCAN] reconcile complete | queued_or_refreshed=0
[SCAN] reconcile complete | queued_or_refreshed=0
[SCAN] reconcile complete | queued_or_refreshed=0
[SCAN] reconcile complete | queued_or_refreshed=0
[SCAN] reconcile complete | queued_or_refreshed=0
[SCAN] reconcile complete | queued_or_refreshed=0
[SCAN] reconcile complete | queued_or_refreshed=0
[SCAN] reconcile complete | queued_or_refreshed=0
[SCAN] reconcile complete | queued_or_refreshed=0
[SCAN] reconcile complete | queued_or_refreshed=0
[SCAN] reconcile complete | queued_or_refreshed=0
[SCAN] reconcile complete | queued_or_refreshed=0
[HOLD] 1785295139419.png | waiting_temp_context
[HOLD] 1785295139456.png | waiting_temp_context
[SKIP] 1785295139419.png | temp_without_unique_context
[SKIP] 1785295139456.png | temp_without_unique_context
[SCAN] reconcile complete | queued_or_refreshed=2
[SCAN] reconcile complete | queued_or_refreshed=2
[SCAN] reconcile complete | queued_or_refreshed=2
[SCAN] reconcile complete | queued_or_refreshed=0
[SCAN] reconcile complete | queued_or_refreshed=0
[SCAN] reconcile complete | queued_or_refreshed=0
[SCAN] reconcile complete | queued_or_refreshed=0
[SCAN] reconcile complete | queued_or_refreshed=0
[SCAN] reconcile complete | queued_or_refreshed=0
[SCAN] reconcile complete | queued_or_refreshed=0
[SCAN] reconcile complete | queued_or_refreshed=0
[SCAN] reconcile complete | queued_or_refreshed=0
[SCAN] reconcile complete | queued_or_refreshed=0
[SCAN] reconcile complete | queued_or_refreshed=0
[SCAN] reconcile complete | queued_or_refreshed=0
[SCAN] reconcile complete | queued_or_refreshed=0
[SCAN] reconcile complete | queued_or_refreshed=0
[SCAN] reconcile complete | queued_or_refreshed=0
[SCAN] reconcile complete | queued_or_refreshed=0
[SCAN] reconcile complete | queued_or_refreshed=0
[SCAN] reconcile complete | queued_or_refreshed=0
[SCAN] reconcile complete | queued_or_refreshed=0
[SCAN] reconcile complete | queued_or_refreshed=0
[SCAN] reconcile complete | queued_or_refreshed=0
[SCAN] reconcile complete | queued_or_refreshed=0
[SCAN] reconcile complete | queued_or_refreshed=0
[SCAN] reconcile complete | queued_or_refreshed=0
[SCAN] reconcile complete | queued_or_refreshed=0
[SCAN] reconcile complete | queued_or_refreshed=0
[SCAN] reconcile complete | queued_or_refreshed=0
[SCAN] reconcile complete | queued_or_refreshed=0
[SCAN] reconcile complete | queued_or_refreshed=0
[SCAN] reconcile complete | queued_or_refreshed=0
[SCAN] reconcile complete | queued_or_refreshed=0
[SCAN] reconcile complete | queued_or_refreshed=0
[SCAN] reconcile complete | queued_or_refreshed=0
[SCAN] reconcile complete | queued_or_refreshed=0
[SCAN] reconcile complete | queued_or_refreshed=0
[SCAN] reconcile complete | queued_or_refreshed=0
[SCAN] reconcile complete | queued_or_refreshed=0
[SCAN] reconcile complete | queued_or_refreshed=0
[SCAN] reconcile complete | queued_or_refreshed=0
[SCAN] reconcile complete | queued_or_refreshed=0
[SCAN] reconcile complete | queued_or_refreshed=0
[SCAN] reconcile complete | queued_or_refreshed=0
[SCAN] reconcile complete | queued_or_refreshed=0
[SCAN] reconcile complete | queued_or_refreshed=0
[SCAN] reconcile complete | queued_or_refreshed=0
[SCAN] reconcile complete | queued_or_refreshed=0
[SCAN] reconcile complete | queued_or_refreshed=0
[SCAN] reconcile complete | queued_or_refreshed=0
[SCAN] reconcile complete | queued_or_refreshed=0
[SCAN] reconcile complete | queued_or_refreshed=0
[SCAN] reconcile complete | queued_or_refreshed=0
[SCAN] reconcile complete | queued_or_refreshed=0
[SCAN] reconcile complete | queued_or_refreshed=0
[SCAN] reconcile complete | queued_or_refreshed=0
[SCAN] reconcile complete | queued_or_refreshed=0
[SCAN] reconcile complete | queued_or_refreshed=0
[SCAN] reconcile complete | queued_or_refreshed=0
[SCAN] reconcile complete | queued_or_refreshed=0
[SCAN] reconcile complete | queued_or_refreshed=0
[SCAN] reconcile complete | queued_or_refreshed=0
[SCAN] reconcile complete | queued_or_refreshed=0
[SCAN] reconcile complete | queued_or_refreshed=0
[SCAN] reconcile complete | queued_or_refreshed=0
[SCAN] reconcile complete | queued_or_refreshed=0
[SCAN] reconcile complete | queued_or_refreshed=0
[SCAN] reconcile complete | queued_or_refreshed=0
[SCAN] reconcile complete | queued_or_refreshed=0
[SCAN] reconcile complete | queued_or_refreshed=0
[SCAN] reconcile complete | queued_or_refreshed=0
[SCAN] reconcile complete | queued_or_refreshed=0
[SCAN] reconcile complete | queued_or_refreshed=0
[SCAN] reconcile complete | queued_or_refreshed=0
[SCAN] reconcile complete | queued_or_refreshed=0
[SCAN] reconcile complete | queued_or_refreshed=0
[SCAN] reconcile complete | queued_or_refreshed=0
[SCAN] reconcile complete | queued_or_refreshed=0
[SCAN] reconcile complete | queued_or_refreshed=0
[SCAN] reconcile complete | queued_or_refreshed=0
[SCAN] reconcile complete | queued_or_refreshed=0
[SCAN] reconcile complete | queued_or_refreshed=0
[SCAN] reconcile complete | queued_or_refreshed=0
[SCAN] reconcile complete | queued_or_refreshed=0
[SCAN] reconcile complete | queued_or_refreshed=0
[SCAN] reconcile complete | queued_or_refreshed=0
[SCAN] reconcile complete | queued_or_refreshed=0
[SCAN] reconcile complete | queued_or_refreshed=0
[SCAN] reconcile complete | queued_or_refreshed=0
[SCAN] reconcile complete | queued_or_refreshed=0
[SCAN] reconcile complete | queued_or_refreshed=0
[SCAN] reconcile complete | queued_or_refreshed=0
[SCAN] reconcile complete | queued_or_refreshed=0
[SCAN] reconcile complete | queued_or_refreshed=0
[SCAN] reconcile complete | queued_or_refreshed=0
[SCAN] reconcile complete | queued_or_refreshed=0
[SCAN] reconcile complete | queued_or_refreshed=0
[SCAN] reconcile complete | queued_or_refreshed=0
[SCAN] reconcile complete | queued_or_refreshed=0
[SCAN] reconcile complete | queued_or_refreshed=0
[SCAN] reconcile complete | queued_or_refreshed=0
[SCAN] reconcile complete | queued_or_refreshed=0
[SCAN] reconcile complete | queued_or_refreshed=0
[SCAN] reconcile complete | queued_or_refreshed=0
[SCAN] reconcile complete | queued_or_refreshed=0
[SCAN] reconcile complete | queued_or_refreshed=0
[SCAN] reconcile complete | queued_or_refreshed=0
[SCAN] reconcile complete | queued_or_refreshed=0
[SCAN] reconcile complete | queued_or_refreshed=0
[SCAN] reconcile complete | queued_or_refreshed=0
[SCAN] reconcile complete | queued_or_refreshed=0
[SCAN] reconcile complete | queued_or_refreshed=0
[SCAN] reconcile complete | queued_or_refreshed=0
[SCAN] reconcile complete | queued_or_refreshed=0
[SCAN] reconcile complete | queued_or_refreshed=0
[SCAN] reconcile complete | queued_or_refreshed=0
[SCAN] reconcile complete | queued_or_refreshed=0
[SCAN] reconcile complete | queued_or_refreshed=0
[SCAN] reconcile complete | queued_or_refreshed=0
[SCAN] reconcile complete | queued_or_refreshed=0
[SCAN] reconcile complete | queued_or_refreshed=0
[SCAN] reconcile complete | queued_or_refreshed=0
[SCAN] reconcile complete | queued_or_refreshed=0
[SCAN] reconcile complete | queued_or_refreshed=0
[SCAN] reconcile complete | queued_or_refreshed=0
[SCAN] reconcile complete | queued_or_refreshed=0
[SCAN] reconcile complete | queued_or_refreshed=0
[SCAN] reconcile complete | queued_or_refreshed=0
[SCAN] reconcile complete | queued_or_refreshed=0
[SCAN] reconcile complete | queued_or_refreshed=0
[SCAN] reconcile complete | queued_or_refreshed=0
[SCAN] reconcile complete | queued_or_refreshed=0
[SCAN] reconcile complete | queued_or_refreshed=0
[SCAN] reconcile complete | queued_or_refreshed=0
[SCAN] reconcile complete | queued_or_refreshed=0
[SCAN] reconcile complete | queued_or_refreshed=0
[SCAN] reconcile complete | queued_or_refreshed=0
[SCAN] reconcile complete | queued_or_refreshed=0
[SCAN] reconcile complete | queued_or_refreshed=0
[SCAN] reconcile complete | queued_or_refreshed=0
[SCAN] reconcile complete | queued_or_refreshed=0
[SCAN] reconcile complete | queued_or_refreshed=0
[SCAN] reconcile complete | queued_or_refreshed=0
[SCAN] reconcile complete | queued_or_refreshed=0
[SCAN] reconcile complete | queued_or_refreshed=0
[SCAN] reconcile complete | queued_or_refreshed=0
[SCAN] reconcile complete | queued_or_refreshed=0
[SCAN] reconcile complete | queued_or_refreshed=0
[SCAN] reconcile complete | queued_or_refreshed=0
[SCAN] reconcile complete | queued_or_refreshed=0
[SCAN] reconcile complete | queued_or_refreshed=0
[SCAN] reconcile complete | queued_or_refreshed=0
[SCAN] reconcile complete | queued_or_refreshed=0
[SCAN] reconcile complete | queued_or_refreshed=0
[SCAN] reconcile complete | queued_or_refreshed=0
[SCAN] reconcile complete | queued_or_refreshed=0
[SCAN] reconcile complete | queued_or_refreshed=0
[SCAN] reconcile complete | queued_or_refreshed=0
[SCAN] reconcile complete | queued_or_refreshed=0
[SCAN] reconcile complete | queued_or_refreshed=0
[SCAN] reconcile complete | queued_or_refreshed=0
[SCAN] reconcile complete | queued_or_refreshed=0
[SCAN] reconcile complete | queued_or_refreshed=0
[SCAN] reconcile complete | queued_or_refreshed=0
[SCAN] reconcile complete | queued_or_refreshed=0
[SCAN] reconcile complete | queued_or_refreshed=0
[SCAN] reconcile complete | queued_or_refreshed=0
[SCAN] reconcile complete | queued_or_refreshed=0
[SCAN] reconcile complete | queued_or_refreshed=0
[SCAN] reconcile complete | queued_or_refreshed=0
[SCAN] reconcile complete | queued_or_refreshed=0
[SCAN] reconcile complete | queued_or_refreshed=0
[SCAN] reconcile complete | queued_or_refreshed=0
[SCAN] reconcile complete | queued_or_refreshed=0
[SCAN] reconcile complete | queued_or_refreshed=0
[SCAN] reconcile complete | queued_or_refreshed=0
[SCAN] reconcile complete | queued_or_refreshed=0
[SCAN] reconcile complete | queued_or_refreshed=0
[SCAN] reconcile complete | queued_or_refreshed=0
[SCAN] reconcile complete | queued_or_refreshed=0
[SCAN] reconcile complete | queued_or_refreshed=0
[SCAN] reconcile complete | queued_or_refreshed=0
[SCAN] reconcile complete | queued_or_refreshed=0
[SCAN] reconcile complete | queued_or_refreshed=0
[SCAN] reconcile complete | queued_or_refreshed=0
[SCAN] reconcile complete | queued_or_refreshed=0
[SCAN] reconcile complete | queued_or_refreshed=0
[SCAN] reconcile complete | queued_or_refreshed=0
[SCAN] reconcile complete | queued_or_refreshed=0
[SCAN] reconcile complete | queued_or_refreshed=0
[SCAN] reconcile complete | queued_or_refreshed=0
[SCAN] reconcile complete | queued_or_refreshed=0
[SCAN] reconcile complete | queued_or_refreshed=0
[SCAN] reconcile complete | queued_or_refreshed=0
[SCAN] reconcile complete | queued_or_refreshed=0
[SCAN] reconcile complete | queued_or_refreshed=0
[SCAN] reconcile complete | queued_or_refreshed=0
[SCAN] reconcile complete | queued_or_refreshed=0
[SCAN] reconcile complete | queued_or_refreshed=0
[SCAN] reconcile complete | queued_or_refreshed=0
[SCAN] reconcile complete | queued_or_refreshed=0
[SCAN] reconcile complete | queued_or_refreshed=0
[SCAN] reconcile complete | queued_or_refreshed=0
[SCAN] reconcile complete | queued_or_refreshed=0
[SCAN] reconcile complete | queued_or_refreshed=0
[SCAN] reconcile complete | queued_or_refreshed=0
[SCAN] reconcile complete | queued_or_refreshed=0
[SCAN] reconcile complete | queued_or_refreshed=0
[SCAN] reconcile complete | queued_or_refreshed=0
[SCAN] reconcile complete | queued_or_refreshed=0
[SCAN] reconcile complete | queued_or_refreshed=0
[SCAN] reconcile complete | queued_or_refreshed=0
[SCAN] reconcile complete | queued_or_refreshed=0
[SCAN] reconcile complete | queued_or_refreshed=0
[SCAN] reconcile complete | queued_or_refreshed=0
[SCAN] reconcile complete | queued_or_refreshed=0
[SCAN] reconcile complete | queued_or_refreshed=0
[SCAN] reconcile complete | queued_or_refreshed=0
[SCAN] reconcile complete | queued_or_refreshed=0
[SCAN] reconcile complete | queued_or_refreshed=0
[SCAN] reconcile complete | queued_or_refreshed=0
[SCAN] reconcile complete | queued_or_refreshed=0
[SCAN] reconcile complete | queued_or_refreshed=0
[SCAN] reconcile complete | queued_or_refreshed=0
[SCAN] reconcile complete | queued_or_refreshed=0
[SCAN] reconcile complete | queued_or_refreshed=0
[SCAN] reconcile complete | queued_or_refreshed=0
[SCAN] reconcile complete | queued_or_refreshed=0
[SCAN] reconcile complete | queued_or_refreshed=0
[SCAN] reconcile complete | queued_or_refreshed=0
[SCAN] reconcile complete | queued_or_refreshed=0
[SCAN] reconcile complete | queued_or_refreshed=0
[SCAN] reconcile complete | queued_or_refreshed=0
[SCAN] reconcile complete | queued_or_refreshed=0
[SCAN] reconcile complete | queued_or_refreshed=0
[SCAN] reconcile complete | queued_or_refreshed=0
[SCAN] reconcile complete | queued_or_refreshed=0
[SCAN] reconcile complete | queued_or_refreshed=0
[SCAN] reconcile complete | queued_or_refreshed=0
[SCAN] reconcile complete | queued_or_refreshed=0
[SCAN] reconcile complete | queued_or_refreshed=0
[SCAN] reconcile complete | queued_or_refreshed=0
[SCAN] reconcile complete | queued_or_refreshed=0
[SCAN] reconcile complete | queued_or_refreshed=0
[SCAN] reconcile complete | queued_or_refreshed=0
[SCAN] reconcile complete | queued_or_refreshed=0
[SCAN] reconcile complete | queued_or_refreshed=0
[SCAN] reconcile complete | queued_or_refreshed=0
[SCAN] reconcile complete | queued_or_refreshed=0
[SCAN] reconcile complete | queued_or_refreshed=0
[SCAN] reconcile complete | queued_or_refreshed=0
[SCAN] reconcile complete | queued_or_refreshed=0
[SCAN] reconcile complete | queued_or_refreshed=0
[SCAN] reconcile complete | queued_or_refreshed=0
[SCAN] reconcile complete | queued_or_refreshed=0
[SCAN] reconcile complete | queued_or_refreshed=0
[SCAN] reconcile complete | queued_or_refreshed=0
[SCAN] reconcile complete | queued_or_refreshed=0
[SCAN] reconcile complete | queued_or_refreshed=0
[SCAN] reconcile complete | queued_or_refreshed=0
[SCAN] reconcile complete | queued_or_refreshed=0
[SCAN] reconcile complete | queued_or_refreshed=0
[SCAN] reconcile complete | queued_or_refreshed=0
[SCAN] reconcile complete | queued_or_refreshed=0
[SCAN] reconcile complete | queued_or_refreshed=0
[SCAN] reconcile complete | queued_or_refreshed=0
[SCAN] reconcile complete | queued_or_refreshed=0
[SCAN] reconcile complete | queued_or_refreshed=0
[SCAN] reconcile complete | queued_or_refreshed=0
[SCAN] reconcile complete | queued_or_refreshed=0
[SCAN] reconcile complete | queued_or_refreshed=0
[SCAN] reconcile complete | queued_or_refreshed=0
[SCAN] reconcile complete | queued_or_refreshed=0
[SCAN] reconcile complete | queued_or_refreshed=0
[SCAN] reconcile complete | queued_or_refreshed=0
[SCAN] reconcile complete | queued_or_refreshed=0
[SCAN] reconcile complete | queued_or_refreshed=0
[SCAN] reconcile complete | queued_or_refreshed=0
[SCAN] reconcile complete | queued_or_refreshed=0
[SCAN] reconcile complete | queued_or_refreshed=0
[SCAN] reconcile complete | queued_or_refreshed=0
[SCAN] reconcile complete | queued_or_refreshed=0
[SCAN] reconcile complete | queued_or_refreshed=0
[SCAN] reconcile complete | queued_or_refreshed=0
[SCAN] reconcile complete | queued_or_refreshed=0
[SCAN] reconcile complete | queued_or_refreshed=0
[SCAN] reconcile complete | queued_or_refreshed=0
[SCAN] reconcile complete | queued_or_refreshed=0
[SCAN] reconcile complete | queued_or_refreshed=0
[SCAN] reconcile complete | queued_or_refreshed=0
[SCAN] reconcile complete | queued_or_refreshed=0
[SCAN] reconcile complete | queued_or_refreshed=0
[SCAN] reconcile complete | queued_or_refreshed=0
[SCAN] reconcile complete | queued_or_refreshed=0
[SCAN] reconcile complete | queued_or_refreshed=0
[SCAN] reconcile complete | queued_or_refreshed=0
[SCAN] reconcile complete | queued_or_refreshed=0
[SCAN] reconcile complete | queued_or_refreshed=0
[SCAN] reconcile complete | queued_or_refreshed=0
[SCAN] reconcile complete | queued_or_refreshed=0
[SCAN] reconcile complete | queued_or_refreshed=0
[SCAN] reconcile complete | queued_or_refreshed=0
[SCAN] reconcile complete | queued_or_refreshed=0
[SCAN] reconcile complete | queued_or_refreshed=0
[SCAN] reconcile complete | queued_or_refreshed=0
[SCAN] reconcile complete | queued_or_refreshed=0
[SCAN] reconcile complete | queued_or_refreshed=0
[SCAN] reconcile complete | queued_or_refreshed=0
[SCAN] reconcile complete | queued_or_refreshed=0
[SCAN] reconcile complete | queued_or_refreshed=0
[SCAN] reconcile complete | queued_or_refreshed=0
[SCAN] reconcile complete | queued_or_refreshed=0
[SCAN] reconcile complete | queued_or_refreshed=0
[SCAN] reconcile complete | queued_or_refreshed=0
[SCAN] reconcile complete | queued_or_refreshed=0
[SCAN] reconcile complete | queued_or_refreshed=0
[SCAN] reconcile complete | queued_or_refreshed=0
[SCAN] reconcile complete | queued_or_refreshed=0
[SCAN] reconcile complete | queued_or_refreshed=0
[SCAN] reconcile complete | queued_or_refreshed=0
[SCAN] reconcile complete | queued_or_refreshed=0
[SCAN] reconcile complete | queued_or_refreshed=0
[SCAN] reconcile complete | queued_or_refreshed=0
[SCAN] reconcile complete | queued_or_refreshed=0
[SCAN] reconcile complete | queued_or_refreshed=0
[SCAN] reconcile complete | queued_or_refreshed=0
[SCAN] reconcile complete | queued_or_refreshed=0
[SCAN] reconcile complete | queued_or_refreshed=0
[SCAN] reconcile complete | queued_or_refreshed=0
[SCAN] reconcile complete | queued_or_refreshed=0
[SCAN] reconcile complete | queued_or_refreshed=0
[SCAN] reconcile complete | queued_or_refreshed=0
[SCAN] reconcile complete | queued_or_refreshed=0
[SCAN] reconcile complete | queued_or_refreshed=0
[HOLD] 1785325324436.png | waiting_temp_context
[HOLD] 1785325324449.png | waiting_temp_context
[SKIP] 1785325324436.png | temp_without_unique_context
[SKIP] 1785325324449.png | temp_without_unique_context
[SCAN] reconcile complete | queued_or_refreshed=2
[SCAN] reconcile complete | queued_or_refreshed=2
[SCAN] reconcile complete | queued_or_refreshed=0
[SCAN] reconcile complete | queued_or_refreshed=0
[SCAN] reconcile complete | queued_or_refreshed=0
[SCAN] reconcile complete | queued_or_refreshed=0
[SCAN] reconcile complete | queued_or_refreshed=0
[SCAN] reconcile complete | queued_or_refreshed=0
[SCAN] reconcile complete | queued_or_refreshed=0
[SCAN] reconcile complete | queued_or_refreshed=0
[SCAN] reconcile complete | queued_or_refreshed=0
[SCAN] reconcile complete | queued_or_refreshed=0
[SCAN] reconcile complete | queued_or_refreshed=0
[SCAN] reconcile complete | queued_or_refreshed=0
[SCAN] reconcile complete | queued_or_refreshed=0
[SCAN] reconcile complete | queued_or_refreshed=0
[SCAN] reconcile complete | queued_or_refreshed=0
[SCAN] reconcile complete | queued_or_refreshed=0
[SCAN] reconcile complete | queued_or_refreshed=0
[SCAN] reconcile complete | queued_or_refreshed=0
[SCAN] reconcile complete | queued_or_refreshed=0
[SCAN] reconcile complete | queued_or_refreshed=0
[SCAN] reconcile complete | queued_or_refreshed=0
[SCAN] reconcile complete | queued_or_refreshed=0
[SCAN] reconcile complete | queued_or_refreshed=0
[SCAN] reconcile complete | queued_or_refreshed=0
[SCAN] reconcile complete | queued_or_refreshed=0
[SCAN] reconcile complete | queued_or_refreshed=0
[SCAN] reconcile complete | queued_or_refreshed=0
[SCAN] reconcile complete | queued_or_refreshed=0
[SCAN] reconcile complete | queued_or_refreshed=0
[SCAN] reconcile complete | queued_or_refreshed=0
[SCAN] reconcile complete | queued_or_refreshed=0
[SCAN] reconcile complete | queued_or_refreshed=0
[SCAN] reconcile complete | queued_or_refreshed=0
[SCAN] reconcile complete | queued_or_refreshed=0
[SCAN] reconcile complete | queued_or_refreshed=0
[SCAN] reconcile complete | queued_or_refreshed=0
[SCAN] reconcile complete | queued_or_refreshed=0
[SCAN] reconcile complete | queued_or_refreshed=0
[SCAN] reconcile complete | queued_or_refreshed=0
[SCAN] reconcile complete | queued_or_refreshed=0
[SCAN] reconcile complete | queued_or_refreshed=0
[SCAN] reconcile complete | queued_or_refreshed=0
[SCAN] reconcile complete | queued_or_refreshed=0
[SCAN] reconcile complete | queued_or_refreshed=0
[SCAN] reconcile complete | queued_or_refreshed=0
[HOLD] Bradesco_27072026_UM 22500,00 AMD REPRES.(4).pdf | grupo_sem_mapa=SEM_GRUPO
[HOLD] Bradesco_28072026_UM 47500,00 AMD(2).pdf | grupo_sem_mapa=SEM_GRUPO
[SCAN] reconcile complete | queued_or_refreshed=0
[HOLD] Bradesco_27072026_UM 22500,00 AMD REPRES.(4).pdf | grupo_sem_mapa=SEM_GRUPO
[HOLD] Bradesco_28072026_UM 47500,00 AMD(2).pdf | grupo_sem_mapa=SEM_GRUPO
[SCAN] reconcile complete | queued_or_refreshed=0
[HOLD] Bradesco_27072026_UM 22500,00 AMD REPRES.(4).pdf | grupo_sem_mapa=SEM_GRUPO
[HOLD] Bradesco_28072026_UM 47500,00 AMD(2).pdf | grupo_sem_mapa=SEM_GRUPO
[SCAN] reconcile complete | queued_or_refreshed=0
[SCAN] reconcile complete | queued_or_refreshed=0
[HOLD] Bradesco_27072026_UM 22500,00 AMD REPRES.(4).pdf | grupo_sem_mapa=SEM_GRUPO
[HOLD] Bradesco_28072026_UM 47500,00 AMD(2).pdf | grupo_sem_mapa=SEM_GRUPO
[SCAN] reconcile complete | queued_or_refreshed=0
[INFO] Bradesco_27072026_UM 22500,00 AMD REPRES.(4).pdf | grupo_sem_mapa=SEM_GRUPO mas prosseguindo (abertura manual/file_transfer)
[OK] Bradesco_27072026_UM 22500,00 AMD REPRES.(4).pdf | cliente=- | banco=AMD | valor=22500.0 | data=27/07/2026 14:07 | sink=staged | resolution=file_pdf | verification=CONFIRMADO | manual_open_to_claim_ms=483336 | open_ms=58 | prep_ms=0 | ocr_ms=0 | parse_ms=2 | manual_open_to_ingest_ms=483409
[SINK] committed | file_id=430433103f7994e4421a3f48f657eb3ee13f1acb | msg=- | talker=- | create_time=0 | sheet=Página1 | row=198 | ingest_to_commit_ms=2018 | manual_open_to_commit_ms=485427
[INFO] Bradesco_28072026_UM 47500,00 AMD(2).pdf | grupo_sem_mapa=SEM_GRUPO mas prosseguindo (abertura manual/file_transfer)
[OK] Bradesco_28072026_UM 47500,00 AMD(2).pdf | cliente=- | banco=AMD | valor=47500.0 | data=28/07/2026 13:40 | sink=staged | resolution=file_pdf | verification=CONFIRMADO | manual_open_to_claim_ms=483723 | open_ms=4 | prep_ms=0 | ocr_ms=0 | parse_ms=2 | manual_open_to_ingest_ms=483733
[SINK] committed | file_id=4420439e578b662768b2f19386403c954c07df9a | msg=- | talker=- | create_time=0 | sheet=Página1 | row=199 | ingest_to_commit_ms=901 | manual_open_to_commit_ms=484634
[SCAN] reconcile complete | queued_or_refreshed=0
[SCAN] reconcile complete | queued_or_refreshed=0
[SCAN] reconcile complete | queued_or_refreshed=0
[SCAN] reconcile complete | queued_or_refreshed=0
[HOLD] bradesco.pdf | grupo_sem_mapa=SEM_GRUPO
[HOLD] 1783079930023.pdf | grupo_sem_mapa=SEM_GRUPO
[HOLD] COMPROVANTE AMD CAJU.pdf | grupo_sem_mapa=SEM_GRUPO
[HOLD] 2026-07-01_140022.pdf | grupo_sem_mapa=SEM_GRUPO
[HOLD] COMPROVANTE WALISSON (1).pdf | grupo_sem_mapa=SEM_GRUPO
[HOLD] Comprovante Walisson  (1).pdf | grupo_sem_mapa=SEM_GRUPO
[HOLD] 1783009609125.pdf | grupo_sem_mapa=SEM_GRUPO
[HOLD] Comprovante_03-07-2026_150430 (1).pdf | grupo_sem_mapa=SEM_GRUPO
[HOLD] Comprovante-FA76D5F5-604F-42D1-AB38-B373A85E62BC.pdf | grupo_sem_mapa=SEM_GRUPO
[HOLD] comprovante_picpay_pix_01-07-2026-16-10-33 (1).pdf | grupo_sem_mapa=SEM_GRUPO
[HOLD] comprovante_pix_enviado - 2026-07-01T115128.413.pdf | grupo_sem_mapa=SEM_GRUPO
[HOLD] 1782911345401.pdf | grupo_sem_mapa=SEM_GRUPO
[HOLD] 1782852390312 (1).pdf | grupo_sem_mapa=SEM_GRUPO
[HOLD] file (41).pdf | grupo_sem_mapa=SEM_GRUPO
[HOLD] Comprovante-7B59E269-DA9D-44A8-8988-F0DC89838211(1).pdf | grupo_sem_mapa=SEM_GRUPO
[HOLD] comprovante_pix_enviado - 2026-07-06T125407.038.pdf | grupo_sem_mapa=SEM_GRUPO
[HOLD] 2026-06-26_154931.pdf | grupo_sem_mapa=SEM_GRUPO
[HOLD] Saldo  cliente 03.07.26.pdf | grupo_sem_mapa=SEM_GRUPO
[HOLD] Saldo  cliente 06.07.26(1).pdf | grupo_sem_mapa=SEM_GRUPO
[HOLD] Comprovante_09-06-2026 110851 (2)(1).pdf | grupo_sem_mapa=SEM_GRUPO
[HOLD] Comprovante-891783FF-BB3E-406E-A37C-B465BF4CD205.pdf | grupo_sem_mapa=SEM_GRUPO
[HOLD] SantanderComprovantes (2).pdf | grupo_sem_mapa=SEM_GRUPO
[HOLD] SICOOB_2026_01_07_07_03_13_PIX.pdf | grupo_sem_mapa=SEM_GRUPO
[HOLD] SICOOB_2026_26_06_07_33_07_PIX.pdf | grupo_sem_mapa=SEM_GRUPO
[HOLD] sicredi_1783022054352.pdf | grupo_sem_mapa=SEM_GRUPO
[HOLD] sicredi_1782912520364.pdf | grupo_sem_mapa=SEM_GRUPO
[HOLD] VALEG + OUT 03.07.2026.pdf | grupo_sem_mapa=SEM_GRUPO
[HOLD] VALEG + OUT 06.07.2026(1).pdf | grupo_sem_mapa=SEM_GRUPO
[HOLD] COMPROVANTE ATO INDUSTRIA.pdf | grupo_sem_mapa=SEM_GRUPO
[HOLD] zipe.pdf | grupo_sem_mapa=SEM_GRUPO
[HOLD] OCEANA_PF DA NF 17355_07.07.2026 (1).pdf | grupo_sem_mapa=SEM_GRUPO
[HOLD] doc01837320260707140304.pdf | grupo_sem_mapa=SEM_GRUPO
[HOLD] SICOOB_2026_06_07_13_24_49_PIX.pdf | grupo_sem_mapa=SEM_GRUPO
[HOLD] CLEEND ELETRONICOS - 06.07.pdf | grupo_sem_mapa=SEM_GRUPO
[HOLD] file (27) (1).pdf | grupo_sem_mapa=SEM_GRUPO
[HOLD] VALEG + OUT 07.07.2026.pdf | grupo_sem_mapa=SEM_GRUPO
[HOLD] Saldo  cliente 07.07.26.pdf | grupo_sem_mapa=SEM_GRUPO
[HOLD] 1783519102519.pdf | grupo_sem_mapa=SEM_GRUPO
[HOLD] Bradesco_08072026_125135.PDF | grupo_sem_mapa=SEM_GRUPO
[HOLD] comprovante_pix_enviado - 2026-07-07T155737.447.pdf | grupo_sem_mapa=SEM_GRUPO
[HOLD] Saldo  cliente 08.07.26.pdf | grupo_sem_mapa=SEM_GRUPO
[HOLD] VALEG + OUT 08.07.2026.pdf | grupo_sem_mapa=SEM_GRUPO
[HOLD] Comprovante Walisson  (2).pdf | grupo_sem_mapa=SEM_GRUPO
[HOLD] COMPROVANTE CAJU AMD.pdf | grupo_sem_mapa=SEM_GRUPO
[HOLD] sicredi_1783511331 (1).pdf | grupo_sem_mapa=SEM_GRUPO
[HOLD] Comprovante_10-07-2026_084059.pdf | grupo_sem_mapa=SEM_GRUPO
[HOLD] file (28) (1).pdf | grupo_sem_mapa=SEM_GRUPO
[HOLD] Comprovante_10-07-2026_094426.pdf | grupo_sem_mapa=SEM_GRUPO
[HOLD] 000difjgg1.pdf | grupo_sem_mapa=SEM_GRUPO
[HOLD] Comprovante Walisson 2 (1).pdf | grupo_sem_mapa=SEM_GRUPO
[HOLD] Comprovante Walisson (3).pdf | grupo_sem_mapa=SEM_GRUPO
[HOLD] Comprovante - 2026-07-13T142357.818.pdf | grupo_sem_mapa=SEM_GRUPO
[HOLD] Comprovante_20260708_122735.pdf | grupo_sem_mapa=SEM_GRUPO
[HOLD] Comprovante (50).pdf | grupo_sem_mapa=SEM_GRUPO
[HOLD] Comprovante_07-07-2026_164750.pdf | grupo_sem_mapa=SEM_GRUPO
[HOLD] Comprovante-4d373a68-e34b-4171-94b3-cca49558e7cd.pdf | grupo_sem_mapa=SEM_GRUPO
[HOLD] 000dg2xhcj.pdf | grupo_sem_mapa=SEM_GRUPO
[HOLD] mercadopago_comprovante_000.pdf | grupo_sem_mapa=SEM_GRUPO
[HOLD] VALEG + OUT 13.07.2026.pdf | grupo_sem_mapa=SEM_GRUPO
[HOLD] Saldo  cliente 13.07.26.pdf | grupo_sem_mapa=SEM_GRUPO
[HOLD] mercadopago_comprovante_000(1).pdf | grupo_sem_mapa=SEM_GRUPO
[HOLD] Comprovante_14-07-2026_094431.pdf | grupo_sem_mapa=SEM_GRUPO
[HOLD] doc01850020260713185029.pdf | grupo_sem_mapa=SEM_GRUPO
[HOLD] mercadopago_comprovante_000 (1).pdf | grupo_sem_mapa=SEM_GRUPO
[HOLD] 2026-07-14_140114.pdf | grupo_sem_mapa=SEM_GRUPO
[HOLD] Comprovante de Pagamento  (2).pdf | grupo_sem_mapa=SEM_GRUPO
[HOLD] SICOOB_2026_14_07_12_47_06_PIX.pdf | grupo_sem_mapa=SEM_GRUPO
[HOLD] VALEG + OUT 14.07.2026.pdf | grupo_sem_mapa=SEM_GRUPO
[HOLD] Saldo  cliente 14.07.26.pdf | grupo_sem_mapa=SEM_GRUPO
[HOLD] Dercio FEF 3923,88 AMD 14.7.26(1).pdf | grupo_sem_mapa=SEM_GRUPO
[HOLD] Joao Paulo 1400,00 14.7.26(1).pdf | grupo_sem_mapa=SEM_GRUPO
[HOLD] DK 2 cheq dev. 680,00 15.7.26 Comprovante(1).pdf | grupo_sem_mapa=SEM_GRUPO
[HOLD] DK cheq dev. 4200,00 15.7.26(1).pdf | grupo_sem_mapa=SEM_GRUPO
[HOLD] Comprovante-5323D23F-0AA0-454D-A243-099F76B7D361.pdf | grupo_sem_mapa=SEM_GRUPO
[HOLD] #4002 master comprovante-especial 4637,97 15.7.26(1).pdf | grupo_sem_mapa=SEM_GRUPO
[HOLD] VALEG + OUT 15.07.2026.pdf | grupo_sem_mapa=SEM_GRUPO
[HOLD] Saldo  cliente 15.07.26.pdf | grupo_sem_mapa=SEM_GRUPO
[HOLD] Joao Paulo 1750,00 AMD 16.7.26.pdf | grupo_sem_mapa=SEM_GRUPO
[HOLD] Cezar 2000,00 16.7.26.pdf | grupo_sem_mapa=SEM_GRUPO
[HOLD] 1784215283378.pdf | grupo_sem_mapa=SEM_GRUPO
[HOLD] comprovante_pix_enviado - 2026-07-16T143349.543.pdf | grupo_sem_mapa=SEM_GRUPO
[HOLD] 2 (3).pdf | grupo_sem_mapa=SEM_GRUPO
[HOLD] Comprovante-3D6BE573-A576-42BB-BD27-B3574E8CC1AD.pdf | grupo_sem_mapa=SEM_GRUPO
[HOLD] comprovante_pix_enviado - 2026-07-15T115834.934.pdf | grupo_sem_mapa=SEM_GRUPO
[HOLD] mercadopago_comprovante_000 (2).pdf | grupo_sem_mapa=SEM_GRUPO
[HOLD] 000dmzqyvh.pdf | grupo_sem_mapa=SEM_GRUPO
[HOLD] comprovante_picpay_PIX_14072026165845.pdf | grupo_sem_mapa=SEM_GRUPO
[HOLD] leo Emerson 1842,66 #4054.pdf | grupo_sem_mapa=SEM_GRUPO
[HOLD] VALEG + OUT 16.07.2026.pdf | grupo_sem_mapa=SEM_GRUPO
[HOLD] Saldo  cliente 16.07.26.pdf | grupo_sem_mapa=SEM_GRUPO
[HOLD] Comprovante DK 3 cheques devolvido 1692,00 CLEEND 16.7.26.pdf | grupo_sem_mapa=SEM_GRUPO
[HOLD] 1784304412458.pdf | grupo_sem_mapa=SEM_GRUPO
[HOLD] 17072026_Comprovante Pagamento_1_DIAMOND SERVICES LTDA_15.000,00.pdf | grupo_sem_mapa=SEM_GRUPO
[HOLD] 17072026_Comprovante Pagamento_2_DIAMOND SERVICES LTDA_15.000,00.pdf | grupo_sem_mapa=SEM_GRUPO
[HOLD] 17072026_Comprovante Pagamento_3_DIAMOND SERVICES LTDA_15.000,00.pdf | grupo_sem_mapa=SEM_GRUPO
[HOLD] 17072026_Comprovante Pagamento_4_DIAMOND SERVICES LTDA_15.000,00.pdf | grupo_sem_mapa=SEM_GRUPO
[HOLD] Comprovante (51)(1).pdf | grupo_sem_mapa=SEM_GRUPO
[HOLD] bradesco (2)(1).pdf | grupo_sem_mapa=SEM_GRUPO
[HOLD] cometa 230,00 17.7.26.pdf | grupo_sem_mapa=SEM_GRUPO
[HOLD] Cezar 5000,00 17.7.26.pdf | grupo_sem_mapa=SEM_GRUPO
[HOLD] VALEG + OUT 17.07.2026.pdf | grupo_sem_mapa=SEM_GRUPO
[HOLD] Saldo  cliente 17.07.26.pdf | grupo_sem_mapa=SEM_GRUPO
[HOLD] comprovante.pdf | grupo_sem_mapa=SEM_GRUPO
[HOLD] comprovante(1).pdf | grupo_sem_mapa=SEM_GRUPO
[HOLD] file (43)(1).pdf | grupo_sem_mapa=SEM_GRUPO
[HOLD] comprovante_pix_enviado - 2026-07-17T103645.241.pdf | grupo_sem_mapa=SEM_GRUPO
[HOLD] mercadopago_comprovante_000 (3).pdf | grupo_sem_mapa=SEM_GRUPO
[HOLD] Comprovante (58).pdf | grupo_sem_mapa=SEM_GRUPO
[HOLD] 1784290557010.pdf | grupo_sem_mapa=SEM_GRUPO
[HOLD] 2026-07-17_133208.pdf | grupo_sem_mapa=SEM_GRUPO
[SCAN] reconcile complete | queued_or_refreshed=0
[HOLD] 000dqc2lez.pdf | grupo_sem_mapa=SEM_GRUPO
[HOLD] 000dq19idn.pdf | grupo_sem_mapa=SEM_GRUPO
[HOLD] 000dojykeo (1).pdf | grupo_sem_mapa=SEM_GRUPO
[HOLD] COMPROVANTE AMD CAJU (1).pdf | grupo_sem_mapa=SEM_GRUPO
[HOLD] mercadopago_comprovante_000 (2) (1).pdf | grupo_sem_mapa=SEM_GRUPO
[HOLD] 1784572132926.pdf | grupo_sem_mapa=SEM_GRUPO
[HOLD] 2026_07_20_16_36_33_857_receipt(1).pdf | grupo_sem_mapa=SEM_GRUPO
[HOLD] Comprovante-b82ce657-ea1c-4563-a02d-226ab206506a.pdf | grupo_sem_mapa=SEM_GRUPO
[HOLD] VALEG + OUT 20.07.2026.pdf | grupo_sem_mapa=SEM_GRUPO
[HOLD] Saldo  cliente 20.07.26.pdf | grupo_sem_mapa=SEM_GRUPO
[HOLD] VALEG + OUT 21.07.2026.pdf | grupo_sem_mapa=SEM_GRUPO
[HOLD] Saldo  cliente 21.07.26.pdf | grupo_sem_mapa=SEM_GRUPO
[HOLD] doc01870920260721162844.pdf | grupo_sem_mapa=SEM_GRUPO
[HOLD] 1784656972118.pdf | grupo_sem_mapa=SEM_GRUPO
[HOLD] sicredi_1784634885.pdf | grupo_sem_mapa=SEM_GRUPO
[HOLD] 000dudq0ah.pdf | grupo_sem_mapa=SEM_GRUPO
[HOLD] 000dud1dwf.pdf | grupo_sem_mapa=SEM_GRUPO
[HOLD] comprovante_picpay_PIX_21072026120717.pdf | grupo_sem_mapa=SEM_GRUPO
[HOLD] COMPROVANTE AMD CAJU (3).pdf | grupo_sem_mapa=SEM_GRUPO
[HOLD] Comprovante_21-07-2026 115821.pdf | grupo_sem_mapa=SEM_GRUPO
[HOLD] COMPROVANTE AMD CAJU (2).pdf | grupo_sem_mapa=SEM_GRUPO
[HOLD] Comprovante Iris .pdf | grupo_sem_mapa=SEM_GRUPO
[HOLD] Comprovante-0ee7f56a-970c-4c58-85de-b4d55025bdff.pdf | grupo_sem_mapa=SEM_GRUPO
[HOLD] mercadopago_comprovante_000 (3) (1).pdf | grupo_sem_mapa=SEM_GRUPO
[HOLD] 000dmyhbk4.pdf | grupo_sem_mapa=SEM_GRUPO
[HOLD] GCC ZIPER (1).PDF | grupo_sem_mapa=SEM_GRUPO
[HOLD] Saldo  cliente 22.07.26.pdf | grupo_sem_mapa=SEM_GRUPO
[HOLD] VALEG + OUT 22.07.2026.pdf | grupo_sem_mapa=SEM_GRUPO
[HOLD] file.pdf | grupo_sem_mapa=SEM_GRUPO
[HOLD] VALEG + OUT 23.07.2026.pdf | grupo_sem_mapa=SEM_GRUPO
[HOLD] Saldo  cliente 23.07.26.pdf | grupo_sem_mapa=SEM_GRUPO
[HOLD] Comprovante-578422ea-53ff-4bf5-abbd-e0a77247e584.pdf | grupo_sem_mapa=SEM_GRUPO
[HOLD] comprovante TMS 1.pdf | grupo_sem_mapa=SEM_GRUPO
[HOLD] Comprovante - 2026-07-23T140812.971.pdf | grupo_sem_mapa=SEM_GRUPO
[HOLD] Comprovante (60).pdf | grupo_sem_mapa=SEM_GRUPO
[HOLD] Comprovante-60ac02fc-c99c-4893-b884-3acfc07164db.pdf | grupo_sem_mapa=SEM_GRUPO
[HOLD] 1506403 comprovante .pdf | grupo_sem_mapa=SEM_GRUPO
[HOLD] doc01877220260724172901.pdf | grupo_sem_mapa=SEM_GRUPO
[HOLD] 1784899323032.pdf | grupo_sem_mapa=SEM_GRUPO
[HOLD] comprovante Tasnim  (2).pdf | grupo_sem_mapa=SEM_GRUPO
[HOLD] 1506303 comprovante .pdf | grupo_sem_mapa=SEM_GRUPO
[HOLD] 2026-07-23_115518.pdf | grupo_sem_mapa=SEM_GRUPO
[HOLD] comprovante Tasnim 2.pdf | grupo_sem_mapa=SEM_GRUPO
[HOLD] Comprovante-75454bcd-3d6c-4153-bbc5-8585cd46eca7.pdf | grupo_sem_mapa=SEM_GRUPO
[HOLD] comprovante_pix_enviado - 2026-07-21T111016.950.pdf | grupo_sem_mapa=SEM_GRUPO
[HOLD] Comprovante-90fbc331-36af-4981-91ef-8eab7a5f32da.pdf | grupo_sem_mapa=SEM_GRUPO
[HOLD] VALEG + OUT 24.07.2026.pdf | grupo_sem_mapa=SEM_GRUPO
[HOLD] Saldo  cliente 24.07.26.pdf | grupo_sem_mapa=SEM_GRUPO
[HOLD] COMPROVANTE -AMD REPRESENTACOES E SERVICOS LTDA -43.000,00.pdf | grupo_sem_mapa=SEM_GRUPO
[HOLD] COMPROVANTE -AMD REPRESENTACOES E SERVICOS LTDA-27.000,00.pdf | grupo_sem_mapa=SEM_GRUPO
[HOLD] Bradesco_27072026_UM 22500,00 AMD REPRES.(1).pdf | grupo_sem_mapa=SEM_GRUPO
[HOLD] comprovante (61).pdf | grupo_sem_mapa=SEM_GRUPO
[HOLD] 1785170662672.pdf | grupo_sem_mapa=SEM_GRUPO
[HOLD] comprovante2.pdf | grupo_sem_mapa=SEM_GRUPO
[HOLD] comprovante2026-07-21_100635 (1).pdf | grupo_sem_mapa=SEM_GRUPO
[HOLD] Comprovante_20260723_084240.pdf | grupo_sem_mapa=SEM_GRUPO
[HOLD] SICOOB_2026_21_07_06_27_10_PIX.pdf | grupo_sem_mapa=SEM_GRUPO
[HOLD] SantanderComprovantes (54).pdf | grupo_sem_mapa=SEM_GRUPO
[HOLD] OCEANA_PF DA NF 17702_24.07.2026.pdf | grupo_sem_mapa=SEM_GRUPO
[HOLD] Comprovante - 2026-07-24T143148.993.pdf | grupo_sem_mapa=SEM_GRUPO
[HOLD] VALEG + OUT 27.07.2026.pdf | grupo_sem_mapa=SEM_GRUPO
[HOLD] Saldo  cliente 27.07.26.pdf | grupo_sem_mapa=SEM_GRUPO
[SCAN] reconcile complete | queued_or_refreshed=0
[HOLD] comprovante_picpay_pix_01-07-2026-16-10-33 (1).pdf | grupo_sem_mapa=SEM_GRUPO
[HOLD] Comprovante_03-07-2026_150430 (1).pdf | grupo_sem_mapa=SEM_GRUPO
[HOLD] file (41).pdf | grupo_sem_mapa=SEM_GRUPO
[HOLD] SantanderComprovantes (2).pdf | grupo_sem_mapa=SEM_GRUPO
[HOLD] SICOOB_2026_01_07_07_03_13_PIX.pdf | grupo_sem_mapa=SEM_GRUPO
[HOLD] SICOOB_2026_26_06_07_33_07_PIX.pdf | grupo_sem_mapa=SEM_GRUPO
[HOLD] sicredi_1783022054352.pdf | grupo_sem_mapa=SEM_GRUPO
[HOLD] sicredi_1782912520364.pdf | grupo_sem_mapa=SEM_GRUPO
[HOLD] Comprovante-FA76D5F5-604F-42D1-AB38-B373A85E62BC.pdf | grupo_sem_mapa=SEM_GRUPO
[HOLD] comprovante_pix_enviado - 2026-07-01T115128.413.pdf | grupo_sem_mapa=SEM_GRUPO
[HOLD] COMPROVANTE AMD CAJU.pdf | grupo_sem_mapa=SEM_GRUPO
[HOLD] zipe.pdf | grupo_sem_mapa=SEM_GRUPO
[HOLD] bradesco.pdf | grupo_sem_mapa=SEM_GRUPO
[HOLD] 1783079930023.pdf | grupo_sem_mapa=SEM_GRUPO
[HOLD] COMPROVANTE WALISSON (1).pdf | grupo_sem_mapa=SEM_GRUPO
[HOLD] Comprovante Walisson  (1).pdf | grupo_sem_mapa=SEM_GRUPO
[HOLD] 2026-07-01_140022.pdf | grupo_sem_mapa=SEM_GRUPO
[HOLD] 1783009609125.pdf | grupo_sem_mapa=SEM_GRUPO
[HOLD] 1782911345401.pdf | grupo_sem_mapa=SEM_GRUPO
[HOLD] 1782852390312 (1).pdf | grupo_sem_mapa=SEM_GRUPO
[HOLD] VALEG + OUT 03.07.2026.pdf | grupo_sem_mapa=SEM_GRUPO
[HOLD] Saldo  cliente 03.07.26.pdf | grupo_sem_mapa=SEM_GRUPO
[HOLD] Comprovante-7B59E269-DA9D-44A8-8988-F0DC89838211(1).pdf | grupo_sem_mapa=SEM_GRUPO
[HOLD] comprovante_pix_enviado - 2026-07-06T125407.038.pdf | grupo_sem_mapa=SEM_GRUPO
[HOLD] 2026-06-26_154931.pdf | grupo_sem_mapa=SEM_GRUPO
[HOLD] VALEG + OUT 06.07.2026(1).pdf | grupo_sem_mapa=SEM_GRUPO
[HOLD] Saldo  cliente 06.07.26(1).pdf | grupo_sem_mapa=SEM_GRUPO
[HOLD] Comprovante_09-06-2026 110851 (2)(1).pdf | grupo_sem_mapa=SEM_GRUPO
[HOLD] Comprovante-891783FF-BB3E-406E-A37C-B465BF4CD205.pdf | grupo_sem_mapa=SEM_GRUPO
[HOLD] COMPROVANTE ATO INDUSTRIA.pdf | grupo_sem_mapa=SEM_GRUPO
[HOLD] OCEANA_PF DA NF 17355_07.07.2026 (1).pdf | grupo_sem_mapa=SEM_GRUPO
[HOLD] doc01837320260707140304.pdf | grupo_sem_mapa=SEM_GRUPO
[HOLD] SICOOB_2026_06_07_13_24_49_PIX.pdf | grupo_sem_mapa=SEM_GRUPO
[HOLD] CLEEND ELETRONICOS - 06.07.pdf | grupo_sem_mapa=SEM_GRUPO
[HOLD] file (27) (1).pdf | grupo_sem_mapa=SEM_GRUPO
[HOLD] VALEG + OUT 07.07.2026.pdf | grupo_sem_mapa=SEM_GRUPO
[HOLD] Saldo  cliente 07.07.26.pdf | grupo_sem_mapa=SEM_GRUPO
[HOLD] 1783519102519.pdf | grupo_sem_mapa=SEM_GRUPO
[HOLD] Bradesco_08072026_125135.PDF | grupo_sem_mapa=SEM_GRUPO
[HOLD] comprovante_pix_enviado - 2026-07-07T155737.447.pdf | grupo_sem_mapa=SEM_GRUPO
[HOLD] Saldo  cliente 08.07.26.pdf | grupo_sem_mapa=SEM_GRUPO
[HOLD] VALEG + OUT 08.07.2026.pdf | grupo_sem_mapa=SEM_GRUPO
[HOLD] Comprovante Walisson  (2).pdf | grupo_sem_mapa=SEM_GRUPO
[HOLD] COMPROVANTE CAJU AMD.pdf | grupo_sem_mapa=SEM_GRUPO
[HOLD] sicredi_1783511331 (1).pdf | grupo_sem_mapa=SEM_GRUPO
[HOLD] Comprovante_10-07-2026_084059.pdf | grupo_sem_mapa=SEM_GRUPO
[HOLD] file (28) (1).pdf | grupo_sem_mapa=SEM_GRUPO
[HOLD] Comprovante_10-07-2026_094426.pdf | grupo_sem_mapa=SEM_GRUPO
[HOLD] 000difjgg1.pdf | grupo_sem_mapa=SEM_GRUPO
[HOLD] Comprovante Walisson 2 (1).pdf | grupo_sem_mapa=SEM_GRUPO
[HOLD] Comprovante Walisson (3).pdf | grupo_sem_mapa=SEM_GRUPO
[HOLD] Comprovante - 2026-07-13T142357.818.pdf | grupo_sem_mapa=SEM_GRUPO
[HOLD] Comprovante_20260708_122735.pdf | grupo_sem_mapa=SEM_GRUPO
[HOLD] Comprovante (50).pdf | grupo_sem_mapa=SEM_GRUPO
[HOLD] Comprovante_07-07-2026_164750.pdf | grupo_sem_mapa=SEM_GRUPO
[HOLD] Comprovante-4d373a68-e34b-4171-94b3-cca49558e7cd.pdf | grupo_sem_mapa=SEM_GRUPO
[HOLD] 000dg2xhcj.pdf | grupo_sem_mapa=SEM_GRUPO
[HOLD] mercadopago_comprovante_000.pdf | grupo_sem_mapa=SEM_GRUPO
[HOLD] VALEG + OUT 13.07.2026.pdf | grupo_sem_mapa=SEM_GRUPO
[HOLD] Saldo  cliente 13.07.26.pdf | grupo_sem_mapa=SEM_GRUPO
[HOLD] mercadopago_comprovante_000(1).pdf | grupo_sem_mapa=SEM_GRUPO
[HOLD] Comprovante_14-07-2026_094431.pdf | grupo_sem_mapa=SEM_GRUPO
[HOLD] doc01850020260713185029.pdf | grupo_sem_mapa=SEM_GRUPO
[HOLD] mercadopago_comprovante_000 (1).pdf | grupo_sem_mapa=SEM_GRUPO
[HOLD] 2026-07-14_140114.pdf | grupo_sem_mapa=SEM_GRUPO
[HOLD] Comprovante de Pagamento  (2).pdf | grupo_sem_mapa=SEM_GRUPO
[HOLD] SICOOB_2026_14_07_12_47_06_PIX.pdf | grupo_sem_mapa=SEM_GRUPO
[HOLD] VALEG + OUT 14.07.2026.pdf | grupo_sem_mapa=SEM_GRUPO
[HOLD] Saldo  cliente 14.07.26.pdf | grupo_sem_mapa=SEM_GRUPO
[HOLD] Dercio FEF 3923,88 AMD 14.7.26(1).pdf | grupo_sem_mapa=SEM_GRUPO
[HOLD] Joao Paulo 1400,00 14.7.26(1).pdf | grupo_sem_mapa=SEM_GRUPO
[HOLD] DK 2 cheq dev. 680,00 15.7.26 Comprovante(1).pdf | grupo_sem_mapa=SEM_GRUPO
[HOLD] DK cheq dev. 4200,00 15.7.26(1).pdf | grupo_sem_mapa=SEM_GRUPO
[HOLD] Comprovante-5323D23F-0AA0-454D-A243-099F76B7D361.pdf | grupo_sem_mapa=SEM_GRUPO
[HOLD] #4002 master comprovante-especial 4637,97 15.7.26(1).pdf | grupo_sem_mapa=SEM_GRUPO
[HOLD] VALEG + OUT 15.07.2026.pdf | grupo_sem_mapa=SEM_GRUPO
[HOLD] Saldo  cliente 15.07.26.pdf | grupo_sem_mapa=SEM_GRUPO
[HOLD] Joao Paulo 1750,00 AMD 16.7.26.pdf | grupo_sem_mapa=SEM_GRUPO
[HOLD] Cezar 2000,00 16.7.26.pdf | grupo_sem_mapa=SEM_GRUPO
[HOLD] 1784215283378.pdf | grupo_sem_mapa=SEM_GRUPO
[HOLD] comprovante_pix_enviado - 2026-07-16T143349.543.pdf | grupo_sem_mapa=SEM_GRUPO
[HOLD] 2 (3).pdf | grupo_sem_mapa=SEM_GRUPO
[HOLD] Comprovante-3D6BE573-A576-42BB-BD27-B3574E8CC1AD.pdf | grupo_sem_mapa=SEM_GRUPO
[HOLD] comprovante_pix_enviado - 2026-07-15T115834.934.pdf | grupo_sem_mapa=SEM_GRUPO
[HOLD] mercadopago_comprovante_000 (2).pdf | grupo_sem_mapa=SEM_GRUPO
[HOLD] 000dmzqyvh.pdf | grupo_sem_mapa=SEM_GRUPO
[HOLD] comprovante_picpay_PIX_14072026165845.pdf | grupo_sem_mapa=SEM_GRUPO
[HOLD] leo Emerson 1842,66 #4054.pdf | grupo_sem_mapa=SEM_GRUPO
[HOLD] VALEG + OUT 16.07.2026.pdf | grupo_sem_mapa=SEM_GRUPO
[HOLD] Saldo  cliente 16.07.26.pdf | grupo_sem_mapa=SEM_GRUPO
[HOLD] Comprovante DK 3 cheques devolvido 1692,00 CLEEND 16.7.26.pdf | grupo_sem_mapa=SEM_GRUPO
[HOLD] 1784304412458.pdf | grupo_sem_mapa=SEM_GRUPO
[HOLD] 17072026_Comprovante Pagamento_1_DIAMOND SERVICES LTDA_15.000,00.pdf | grupo_sem_mapa=SEM_GRUPO
[HOLD] 17072026_Comprovante Pagamento_2_DIAMOND SERVICES LTDA_15.000,00.pdf | grupo_sem_mapa=SEM_GRUPO
[HOLD] 17072026_Comprovante Pagamento_3_DIAMOND SERVICES LTDA_15.000,00.pdf | grupo_sem_mapa=SEM_GRUPO
[HOLD] 17072026_Comprovante Pagamento_4_DIAMOND SERVICES LTDA_15.000,00.pdf | grupo_sem_mapa=SEM_GRUPO
[HOLD] Comprovante (51)(1).pdf | grupo_sem_mapa=SEM_GRUPO
[HOLD] bradesco (2)(1).pdf | grupo_sem_mapa=SEM_GRUPO
[HOLD] cometa 230,00 17.7.26.pdf | grupo_sem_mapa=SEM_GRUPO
[HOLD] Cezar 5000,00 17.7.26.pdf | grupo_sem_mapa=SEM_GRUPO
[HOLD] VALEG + OUT 17.07.2026.pdf | grupo_sem_mapa=SEM_GRUPO
[HOLD] Saldo  cliente 17.07.26.pdf | grupo_sem_mapa=SEM_GRUPO
[HOLD] comprovante.pdf | grupo_sem_mapa=SEM_GRUPO
[HOLD] comprovante(1).pdf | grupo_sem_mapa=SEM_GRUPO
[HOLD] file (43)(1).pdf | grupo_sem_mapa=SEM_GRUPO
[HOLD] comprovante_pix_enviado - 2026-07-17T103645.241.pdf | grupo_sem_mapa=SEM_GRUPO
[HOLD] mercadopago_comprovante_000 (3).pdf | grupo_sem_mapa=SEM_GRUPO
[HOLD] Comprovante (58).pdf | grupo_sem_mapa=SEM_GRUPO
[HOLD] 1784290557010.pdf | grupo_sem_mapa=SEM_GRUPO
[HOLD] 2026-07-17_133208.pdf | grupo_sem_mapa=SEM_GRUPO
[HOLD] 000dqc2lez.pdf | grupo_sem_mapa=SEM_GRUPO
[HOLD] 000dq19idn.pdf | grupo_sem_mapa=SEM_GRUPO
[HOLD] 000dojykeo (1).pdf | grupo_sem_mapa=SEM_GRUPO
[HOLD] COMPROVANTE AMD CAJU (1).pdf | grupo_sem_mapa=SEM_GRUPO
[HOLD] mercadopago_comprovante_000 (2) (1).pdf | grupo_sem_mapa=SEM_GRUPO
[HOLD] 1784572132926.pdf | grupo_sem_mapa=SEM_GRUPO
[HOLD] 2026_07_20_16_36_33_857_receipt(1).pdf | grupo_sem_mapa=SEM_GRUPO
[HOLD] Comprovante-b82ce657-ea1c-4563-a02d-226ab206506a.pdf | grupo_sem_mapa=SEM_GRUPO
[HOLD] VALEG + OUT 20.07.2026.pdf | grupo_sem_mapa=SEM_GRUPO
[HOLD] Saldo  cliente 20.07.26.pdf | grupo_sem_mapa=SEM_GRUPO
[HOLD] VALEG + OUT 21.07.2026.pdf | grupo_sem_mapa=SEM_GRUPO
[HOLD] Saldo  cliente 21.07.26.pdf | grupo_sem_mapa=SEM_GRUPO
[HOLD] doc01870920260721162844.pdf | grupo_sem_mapa=SEM_GRUPO
[HOLD] 1784656972118.pdf | grupo_sem_mapa=SEM_GRUPO
[HOLD] sicredi_1784634885.pdf | grupo_sem_mapa=SEM_GRUPO
[HOLD] 000dudq0ah.pdf | grupo_sem_mapa=SEM_GRUPO
[HOLD] 000dud1dwf.pdf | grupo_sem_mapa=SEM_GRUPO
[HOLD] comprovante_picpay_PIX_21072026120717.pdf | grupo_sem_mapa=SEM_GRUPO
[HOLD] COMPROVANTE AMD CAJU (3).pdf | grupo_sem_mapa=SEM_GRUPO
[HOLD] Comprovante_21-07-2026 115821.pdf | grupo_sem_mapa=SEM_GRUPO
[HOLD] COMPROVANTE AMD CAJU (2).pdf | grupo_sem_mapa=SEM_GRUPO
[HOLD] Comprovante Iris .pdf | grupo_sem_mapa=SEM_GRUPO
[HOLD] Comprovante-0ee7f56a-970c-4c58-85de-b4d55025bdff.pdf | grupo_sem_mapa=SEM_GRUPO
[HOLD] mercadopago_comprovante_000 (3) (1).pdf | grupo_sem_mapa=SEM_GRUPO
[HOLD] 000dmyhbk4.pdf | grupo_sem_mapa=SEM_GRUPO
[HOLD] GCC ZIPER (1).PDF | grupo_sem_mapa=SEM_GRUPO
[HOLD] Saldo  cliente 22.07.26.pdf | grupo_sem_mapa=SEM_GRUPO
[HOLD] VALEG + OUT 22.07.2026.pdf | grupo_sem_mapa=SEM_GRUPO
[HOLD] file.pdf | grupo_sem_mapa=SEM_GRUPO
[HOLD] VALEG + OUT 23.07.2026.pdf | grupo_sem_mapa=SEM_GRUPO
[HOLD] Saldo  cliente 23.07.26.pdf | grupo_sem_mapa=SEM_GRUPO
[HOLD] Comprovante-578422ea-53ff-4bf5-abbd-e0a77247e584.pdf | grupo_sem_mapa=SEM_GRUPO
[HOLD] comprovante TMS 1.pdf | grupo_sem_mapa=SEM_GRUPO
[HOLD] Comprovante - 2026-07-23T140812.971.pdf | grupo_sem_mapa=SEM_GRUPO
[HOLD] Comprovante (60).pdf | grupo_sem_mapa=SEM_GRUPO
[HOLD] Comprovante-60ac02fc-c99c-4893-b884-3acfc07164db.pdf | grupo_sem_mapa=SEM_GRUPO
[HOLD] 1506403 comprovante .pdf | grupo_sem_mapa=SEM_GRUPO
[HOLD] doc01877220260724172901.pdf | grupo_sem_mapa=SEM_GRUPO
[HOLD] 1784899323032.pdf | grupo_sem_mapa=SEM_GRUPO
[HOLD] comprovante Tasnim  (2).pdf | grupo_sem_mapa=SEM_GRUPO
[HOLD] 1506303 comprovante .pdf | grupo_sem_mapa=SEM_GRUPO
[HOLD] 2026-07-23_115518.pdf | grupo_sem_mapa=SEM_GRUPO
[HOLD] comprovante Tasnim 2.pdf | grupo_sem_mapa=SEM_GRUPO
[HOLD] Comprovante-75454bcd-3d6c-4153-bbc5-8585cd46eca7.pdf | grupo_sem_mapa=SEM_GRUPO
[HOLD] comprovante_pix_enviado - 2026-07-21T111016.950.pdf | grupo_sem_mapa=SEM_GRUPO
[HOLD] Comprovante-90fbc331-36af-4981-91ef-8eab7a5f32da.pdf | grupo_sem_mapa=SEM_GRUPO
[HOLD] VALEG + OUT 24.07.2026.pdf | grupo_sem_mapa=SEM_GRUPO
[HOLD] Saldo  cliente 24.07.26.pdf | grupo_sem_mapa=SEM_GRUPO
[HOLD] COMPROVANTE -AMD REPRESENTACOES E SERVICOS LTDA -43.000,00.pdf | grupo_sem_mapa=SEM_GRUPO
[HOLD] COMPROVANTE -AMD REPRESENTACOES E SERVICOS LTDA-27.000,00.pdf | grupo_sem_mapa=SEM_GRUPO
[HOLD] Bradesco_27072026_UM 22500,00 AMD REPRES.(1).pdf | grupo_sem_mapa=SEM_GRUPO
[HOLD] comprovante (61).pdf | grupo_sem_mapa=SEM_GRUPO
[HOLD] 1785170662672.pdf | grupo_sem_mapa=SEM_GRUPO
[HOLD] comprovante2.pdf | grupo_sem_mapa=SEM_GRUPO
[HOLD] comprovante2026-07-21_100635 (1).pdf | grupo_sem_mapa=SEM_GRUPO
[HOLD] Comprovante_20260723_084240.pdf | grupo_sem_mapa=SEM_GRUPO
[HOLD] SICOOB_2026_21_07_06_27_10_PIX.pdf | grupo_sem_mapa=SEM_GRUPO
[HOLD] SantanderComprovantes (54).pdf | grupo_sem_mapa=SEM_GRUPO
[HOLD] OCEANA_PF DA NF 17702_24.07.2026.pdf | grupo_sem_mapa=SEM_GRUPO
[HOLD] Comprovante - 2026-07-24T143148.993.pdf | grupo_sem_mapa=SEM_GRUPO
[HOLD] VALEG + OUT 27.07.2026.pdf | grupo_sem_mapa=SEM_GRUPO
[HOLD] Saldo  cliente 27.07.26.pdf | grupo_sem_mapa=SEM_GRUPO
[SCAN] reconcile complete | queued_or_refreshed=0
[HOLD] zipe.pdf | grupo_sem_mapa=SEM_GRUPO
[HOLD] SICOOB_2026_26_06_07_33_07_PIX.pdf | grupo_sem_mapa=SEM_GRUPO
[HOLD] SICOOB_2026_01_07_07_03_13_PIX.pdf | grupo_sem_mapa=SEM_GRUPO
[HOLD] sicredi_1783022054352.pdf | grupo_sem_mapa=SEM_GRUPO
[HOLD] sicredi_1782912520364.pdf | grupo_sem_mapa=SEM_GRUPO
[HOLD] SantanderComprovantes (2).pdf | grupo_sem_mapa=SEM_GRUPO
[HOLD] comprovante_picpay_pix_01-07-2026-16-10-33 (1).pdf | grupo_sem_mapa=SEM_GRUPO
[HOLD] Comprovante_03-07-2026_150430 (1).pdf | grupo_sem_mapa=SEM_GRUPO
[HOLD] file (41).pdf | grupo_sem_mapa=SEM_GRUPO
[HOLD] Comprovante-FA76D5F5-604F-42D1-AB38-B373A85E62BC.pdf | grupo_sem_mapa=SEM_GRUPO
[HOLD] comprovante_pix_enviado - 2026-07-01T115128.413.pdf | grupo_sem_mapa=SEM_GRUPO
[HOLD] COMPROVANTE AMD CAJU.pdf | grupo_sem_mapa=SEM_GRUPO
[HOLD] bradesco.pdf | grupo_sem_mapa=SEM_GRUPO
[HOLD] 1783079930023.pdf | grupo_sem_mapa=SEM_GRUPO
[HOLD] COMPROVANTE WALISSON (1).pdf | grupo_sem_mapa=SEM_GRUPO
[HOLD] Comprovante Walisson  (1).pdf | grupo_sem_mapa=SEM_GRUPO
[HOLD] 2026-07-01_140022.pdf | grupo_sem_mapa=SEM_GRUPO
[HOLD] 1783009609125.pdf | grupo_sem_mapa=SEM_GRUPO
[HOLD] 1782911345401.pdf | grupo_sem_mapa=SEM_GRUPO
[HOLD] 1782852390312 (1).pdf | grupo_sem_mapa=SEM_GRUPO
[HOLD] VALEG + OUT 03.07.2026.pdf | grupo_sem_mapa=SEM_GRUPO
[HOLD] Saldo  cliente 03.07.26.pdf | grupo_sem_mapa=SEM_GRUPO
[HOLD] Comprovante-7B59E269-DA9D-44A8-8988-F0DC89838211(1).pdf | grupo_sem_mapa=SEM_GRUPO
[HOLD] comprovante_pix_enviado - 2026-07-06T125407.038.pdf | grupo_sem_mapa=SEM_GRUPO
[HOLD] 2026-06-26_154931.pdf | grupo_sem_mapa=SEM_GRUPO
[HOLD] VALEG + OUT 06.07.2026(1).pdf | grupo_sem_mapa=SEM_GRUPO
[HOLD] Saldo  cliente 06.07.26(1).pdf | grupo_sem_mapa=SEM_GRUPO
[HOLD] Comprovante_09-06-2026 110851 (2)(1).pdf | grupo_sem_mapa=SEM_GRUPO
[HOLD] Comprovante-891783FF-BB3E-406E-A37C-B465BF4CD205.pdf | grupo_sem_mapa=SEM_GRUPO
[HOLD] COMPROVANTE ATO INDUSTRIA.pdf | grupo_sem_mapa=SEM_GRUPO
[HOLD] OCEANA_PF DA NF 17355_07.07.2026 (1).pdf | grupo_sem_mapa=SEM_GRUPO
[HOLD] doc01837320260707140304.pdf | grupo_sem_mapa=SEM_GRUPO
[HOLD] SICOOB_2026_06_07_13_24_49_PIX.pdf | grupo_sem_mapa=SEM_GRUPO
[HOLD] CLEEND ELETRONICOS - 06.07.pdf | grupo_sem_mapa=SEM_GRUPO
[HOLD] file (27) (1).pdf | grupo_sem_mapa=SEM_GRUPO
[HOLD] VALEG + OUT 07.07.2026.pdf | grupo_sem_mapa=SEM_GRUPO
[HOLD] Saldo  cliente 07.07.26.pdf | grupo_sem_mapa=SEM_GRUPO
[HOLD] 1783519102519.pdf | grupo_sem_mapa=SEM_GRUPO
[HOLD] Bradesco_08072026_125135.PDF | grupo_sem_mapa=SEM_GRUPO
[HOLD] comprovante_pix_enviado - 2026-07-07T155737.447.pdf | grupo_sem_mapa=SEM_GRUPO
[HOLD] Saldo  cliente 08.07.26.pdf | grupo_sem_mapa=SEM_GRUPO
[HOLD] VALEG + OUT 08.07.2026.pdf | grupo_sem_mapa=SEM_GRUPO
[HOLD] Comprovante Walisson  (2).pdf | grupo_sem_mapa=SEM_GRUPO
[HOLD] COMPROVANTE CAJU AMD.pdf | grupo_sem_mapa=SEM_GRUPO
[HOLD] sicredi_1783511331 (1).pdf | grupo_sem_mapa=SEM_GRUPO
[HOLD] Comprovante_10-07-2026_084059.pdf | grupo_sem_mapa=SEM_GRUPO
[HOLD] file (28) (1).pdf | grupo_sem_mapa=SEM_GRUPO
[HOLD] Comprovante_10-07-2026_094426.pdf | grupo_sem_mapa=SEM_GRUPO
[HOLD] 000difjgg1.pdf | grupo_sem_mapa=SEM_GRUPO
[HOLD] Comprovante Walisson 2 (1).pdf | grupo_sem_mapa=SEM_GRUPO
[HOLD] Comprovante Walisson (3).pdf | grupo_sem_mapa=SEM_GRUPO
[HOLD] Comprovante - 2026-07-13T142357.818.pdf | grupo_sem_mapa=SEM_GRUPO
[HOLD] Comprovante_20260708_122735.pdf | grupo_sem_mapa=SEM_GRUPO
[HOLD] Comprovante (50).pdf | grupo_sem_mapa=SEM_GRUPO
[HOLD] Comprovante_07-07-2026_164750.pdf | grupo_sem_mapa=SEM_GRUPO
[HOLD] Comprovante-4d373a68-e34b-4171-94b3-cca49558e7cd.pdf | grupo_sem_mapa=SEM_GRUPO
[HOLD] 000dg2xhcj.pdf | grupo_sem_mapa=SEM_GRUPO
[HOLD] mercadopago_comprovante_000.pdf | grupo_sem_mapa=SEM_GRUPO
[HOLD] VALEG + OUT 13.07.2026.pdf | grupo_sem_mapa=SEM_GRUPO
[HOLD] Saldo  cliente 13.07.26.pdf | grupo_sem_mapa=SEM_GRUPO
[HOLD] mercadopago_comprovante_000(1).pdf | grupo_sem_mapa=SEM_GRUPO
[HOLD] Comprovante_14-07-2026_094431.pdf | grupo_sem_mapa=SEM_GRUPO
[HOLD] doc01850020260713185029.pdf | grupo_sem_mapa=SEM_GRUPO
[HOLD] mercadopago_comprovante_000 (1).pdf | grupo_sem_mapa=SEM_GRUPO
[HOLD] 2026-07-14_140114.pdf | grupo_sem_mapa=SEM_GRUPO
[HOLD] Comprovante de Pagamento  (2).pdf | grupo_sem_mapa=SEM_GRUPO
[HOLD] SICOOB_2026_14_07_12_47_06_PIX.pdf | grupo_sem_mapa=SEM_GRUPO
[HOLD] VALEG + OUT 14.07.2026.pdf | grupo_sem_mapa=SEM_GRUPO
[HOLD] Saldo  cliente 14.07.26.pdf | grupo_sem_mapa=SEM_GRUPO
[HOLD] Dercio FEF 3923,88 AMD 14.7.26(1).pdf | grupo_sem_mapa=SEM_GRUPO
[HOLD] Joao Paulo 1400,00 14.7.26(1).pdf | grupo_sem_mapa=SEM_GRUPO
[HOLD] DK 2 cheq dev. 680,00 15.7.26 Comprovante(1).pdf | grupo_sem_mapa=SEM_GRUPO
[HOLD] DK cheq dev. 4200,00 15.7.26(1).pdf | grupo_sem_mapa=SEM_GRUPO
[HOLD] Comprovante-5323D23F-0AA0-454D-A243-099F76B7D361.pdf | grupo_sem_mapa=SEM_GRUPO
[HOLD] #4002 master comprovante-especial 4637,97 15.7.26(1).pdf | grupo_sem_mapa=SEM_GRUPO
[HOLD] VALEG + OUT 15.07.2026.pdf | grupo_sem_mapa=SEM_GRUPO
[HOLD] Saldo  cliente 15.07.26.pdf | grupo_sem_mapa=SEM_GRUPO
[HOLD] Joao Paulo 1750,00 AMD 16.7.26.pdf | grupo_sem_mapa=SEM_GRUPO
[HOLD] Cezar 2000,00 16.7.26.pdf | grupo_sem_mapa=SEM_GRUPO
[HOLD] 1784215283378.pdf | grupo_sem_mapa=SEM_GRUPO
[HOLD] comprovante_pix_enviado - 2026-07-16T143349.543.pdf | grupo_sem_mapa=SEM_GRUPO
[HOLD] 2 (3).pdf | grupo_sem_mapa=SEM_GRUPO
[HOLD] Comprovante-3D6BE573-A576-42BB-BD27-B3574E8CC1AD.pdf | grupo_sem_mapa=SEM_GRUPO
[HOLD] comprovante_pix_enviado - 2026-07-15T115834.934.pdf | grupo_sem_mapa=SEM_GRUPO
[HOLD] mercadopago_comprovante_000 (2).pdf | grupo_sem_mapa=SEM_GRUPO
[HOLD] 000dmzqyvh.pdf | grupo_sem_mapa=SEM_GRUPO
[HOLD] comprovante_picpay_PIX_14072026165845.pdf | grupo_sem_mapa=SEM_GRUPO
[HOLD] leo Emerson 1842,66 #4054.pdf | grupo_sem_mapa=SEM_GRUPO
[HOLD] VALEG + OUT 16.07.2026.pdf | grupo_sem_mapa=SEM_GRUPO
[HOLD] Saldo  cliente 16.07.26.pdf | grupo_sem_mapa=SEM_GRUPO
[HOLD] Comprovante DK 3 cheques devolvido 1692,00 CLEEND 16.7.26.pdf | grupo_sem_mapa=SEM_GRUPO
[HOLD] 1784304412458.pdf | grupo_sem_mapa=SEM_GRUPO
[HOLD] 17072026_Comprovante Pagamento_1_DIAMOND SERVICES LTDA_15.000,00.pdf | grupo_sem_mapa=SEM_GRUPO
[HOLD] 17072026_Comprovante Pagamento_2_DIAMOND SERVICES LTDA_15.000,00.pdf | grupo_sem_mapa=SEM_GRUPO
[HOLD] 17072026_Comprovante Pagamento_3_DIAMOND SERVICES LTDA_15.000,00.pdf | grupo_sem_mapa=SEM_GRUPO
[HOLD] 17072026_Comprovante Pagamento_4_DIAMOND SERVICES LTDA_15.000,00.pdf | grupo_sem_mapa=SEM_GRUPO
[HOLD] Comprovante (51)(1).pdf | grupo_sem_mapa=SEM_GRUPO
[HOLD] bradesco (2)(1).pdf | grupo_sem_mapa=SEM_GRUPO
[HOLD] cometa 230,00 17.7.26.pdf | grupo_sem_mapa=SEM_GRUPO
[HOLD] Cezar 5000,00 17.7.26.pdf | grupo_sem_mapa=SEM_GRUPO
[HOLD] VALEG + OUT 17.07.2026.pdf | grupo_sem_mapa=SEM_GRUPO
[HOLD] Saldo  cliente 17.07.26.pdf | grupo_sem_mapa=SEM_GRUPO
[HOLD] comprovante.pdf | grupo_sem_mapa=SEM_GRUPO
[HOLD] comprovante(1).pdf | grupo_sem_mapa=SEM_GRUPO
[HOLD] file (43)(1).pdf | grupo_sem_mapa=SEM_GRUPO
[HOLD] comprovante_pix_enviado - 2026-07-17T103645.241.pdf | grupo_sem_mapa=SEM_GRUPO
[HOLD] mercadopago_comprovante_000 (3).pdf | grupo_sem_mapa=SEM_GRUPO
[HOLD] Comprovante (58).pdf | grupo_sem_mapa=SEM_GRUPO
[HOLD] 1784290557010.pdf | grupo_sem_mapa=SEM_GRUPO
[HOLD] 2026-07-17_133208.pdf | grupo_sem_mapa=SEM_GRUPO
[HOLD] 000dqc2lez.pdf | grupo_sem_mapa=SEM_GRUPO
[HOLD] 000dq19idn.pdf | grupo_sem_mapa=SEM_GRUPO
[HOLD] 000dojykeo (1).pdf | grupo_sem_mapa=SEM_GRUPO
[HOLD] COMPROVANTE AMD CAJU (1).pdf | grupo_sem_mapa=SEM_GRUPO
[HOLD] mercadopago_comprovante_000 (2) (1).pdf | grupo_sem_mapa=SEM_GRUPO
[HOLD] 1784572132926.pdf | grupo_sem_mapa=SEM_GRUPO
[HOLD] 2026_07_20_16_36_33_857_receipt(1).pdf | grupo_sem_mapa=SEM_GRUPO
[HOLD] Comprovante-b82ce657-ea1c-4563-a02d-226ab206506a.pdf | grupo_sem_mapa=SEM_GRUPO
[HOLD] VALEG + OUT 20.07.2026.pdf | grupo_sem_mapa=SEM_GRUPO
[HOLD] Saldo  cliente 20.07.26.pdf | grupo_sem_mapa=SEM_GRUPO
[HOLD] VALEG + OUT 21.07.2026.pdf | grupo_sem_mapa=SEM_GRUPO
[HOLD] Saldo  cliente 21.07.26.pdf | grupo_sem_mapa=SEM_GRUPO
[HOLD] doc01870920260721162844.pdf | grupo_sem_mapa=SEM_GRUPO
[HOLD] 1784656972118.pdf | grupo_sem_mapa=SEM_GRUPO
[HOLD] sicredi_1784634885.pdf | grupo_sem_mapa=SEM_GRUPO
[HOLD] 000dudq0ah.pdf | grupo_sem_mapa=SEM_GRUPO
[HOLD] 000dud1dwf.pdf | grupo_sem_mapa=SEM_GRUPO
[HOLD] comprovante_picpay_PIX_21072026120717.pdf | grupo_sem_mapa=SEM_GRUPO
[HOLD] COMPROVANTE AMD CAJU (3).pdf | grupo_sem_mapa=SEM_GRUPO
[HOLD] Comprovante_21-07-2026 115821.pdf | grupo_sem_mapa=SEM_GRUPO
[HOLD] COMPROVANTE AMD CAJU (2).pdf | grupo_sem_mapa=SEM_GRUPO
[HOLD] Comprovante Iris .pdf | grupo_sem_mapa=SEM_GRUPO
[HOLD] Comprovante-0ee7f56a-970c-4c58-85de-b4d55025bdff.pdf | grupo_sem_mapa=SEM_GRUPO
[HOLD] mercadopago_comprovante_000 (3) (1).pdf | grupo_sem_mapa=SEM_GRUPO
[HOLD] 000dmyhbk4.pdf | grupo_sem_mapa=SEM_GRUPO
[HOLD] GCC ZIPER (1).PDF | grupo_sem_mapa=SEM_GRUPO
[HOLD] Saldo  cliente 22.07.26.pdf | grupo_sem_mapa=SEM_GRUPO
[HOLD] VALEG + OUT 22.07.2026.pdf | grupo_sem_mapa=SEM_GRUPO
[HOLD] file.pdf | grupo_sem_mapa=SEM_GRUPO
[HOLD] VALEG + OUT 23.07.2026.pdf | grupo_sem_mapa=SEM_GRUPO
[HOLD] Saldo  cliente 23.07.26.pdf | grupo_sem_mapa=SEM_GRUPO
[HOLD] Comprovante-578422ea-53ff-4bf5-abbd-e0a77247e584.pdf | grupo_sem_mapa=SEM_GRUPO
[HOLD] comprovante TMS 1.pdf | grupo_sem_mapa=SEM_GRUPO
[HOLD] Comprovante - 2026-07-23T140812.971.pdf | grupo_sem_mapa=SEM_GRUPO
[HOLD] Comprovante (60).pdf | grupo_sem_mapa=SEM_GRUPO
[HOLD] Comprovante-60ac02fc-c99c-4893-b884-3acfc07164db.pdf | grupo_sem_mapa=SEM_GRUPO
[HOLD] 1506403 comprovante .pdf | grupo_sem_mapa=SEM_GRUPO
[HOLD] doc01877220260724172901.pdf | grupo_sem_mapa=SEM_GRUPO
[HOLD] 1784899323032.pdf | grupo_sem_mapa=SEM_GRUPO
[HOLD] comprovante Tasnim  (2).pdf | grupo_sem_mapa=SEM_GRUPO
[HOLD] 1506303 comprovante .pdf | grupo_sem_mapa=SEM_GRUPO
[HOLD] 2026-07-23_115518.pdf | grupo_sem_mapa=SEM_GRUPO
[HOLD] comprovante Tasnim 2.pdf | grupo_sem_mapa=SEM_GRUPO
[HOLD] Comprovante-75454bcd-3d6c-4153-bbc5-8585cd46eca7.pdf | grupo_sem_mapa=SEM_GRUPO
[HOLD] comprovante_pix_enviado - 2026-07-21T111016.950.pdf | grupo_sem_mapa=SEM_GRUPO
[HOLD] Comprovante-90fbc331-36af-4981-91ef-8eab7a5f32da.pdf | grupo_sem_mapa=SEM_GRUPO
[HOLD] VALEG + OUT 24.07.2026.pdf | grupo_sem_mapa=SEM_GRUPO
[HOLD] Saldo  cliente 24.07.26.pdf | grupo_sem_mapa=SEM_GRUPO
[HOLD] COMPROVANTE -AMD REPRESENTACOES E SERVICOS LTDA -43.000,00.pdf | grupo_sem_mapa=SEM_GRUPO
[HOLD] COMPROVANTE -AMD REPRESENTACOES E SERVICOS LTDA-27.000,00.pdf | grupo_sem_mapa=SEM_GRUPO
[HOLD] Bradesco_27072026_UM 22500,00 AMD REPRES.(1).pdf | grupo_sem_mapa=SEM_GRUPO
[HOLD] comprovante (61).pdf | grupo_sem_mapa=SEM_GRUPO
[HOLD] 1785170662672.pdf | grupo_sem_mapa=SEM_GRUPO
[HOLD] comprovante2.pdf | grupo_sem_mapa=SEM_GRUPO
[HOLD] comprovante2026-07-21_100635 (1).pdf | grupo_sem_mapa=SEM_GRUPO
[HOLD] Comprovante_20260723_084240.pdf | grupo_sem_mapa=SEM_GRUPO
[HOLD] SICOOB_2026_21_07_06_27_10_PIX.pdf | grupo_sem_mapa=SEM_GRUPO
[HOLD] SantanderComprovantes (54).pdf | grupo_sem_mapa=SEM_GRUPO
[HOLD] OCEANA_PF DA NF 17702_24.07.2026.pdf | grupo_sem_mapa=SEM_GRUPO
[HOLD] Comprovante - 2026-07-24T143148.993.pdf | grupo_sem_mapa=SEM_GRUPO
[HOLD] VALEG + OUT 27.07.2026.pdf | grupo_sem_mapa=SEM_GRUPO
[HOLD] Saldo  cliente 27.07.26.pdf | grupo_sem_mapa=SEM_GRUPO
[SCAN] reconcile complete | queued_or_refreshed=0
[HOLD] zipe.pdf | grupo_sem_mapa=SEM_GRUPO
[HOLD] SICOOB_2026_26_06_07_33_07_PIX.pdf | grupo_sem_mapa=SEM_GRUPO
[HOLD] SICOOB_2026_01_07_07_03_13_PIX.pdf | grupo_sem_mapa=SEM_GRUPO
[HOLD] sicredi_1783022054352.pdf | grupo_sem_mapa=SEM_GRUPO
[HOLD] sicredi_1782912520364.pdf | grupo_sem_mapa=SEM_GRUPO
[HOLD] SantanderComprovantes (2).pdf | grupo_sem_mapa=SEM_GRUPO
[HOLD] comprovante_picpay_pix_01-07-2026-16-10-33 (1).pdf | grupo_sem_mapa=SEM_GRUPO
[HOLD] Comprovante_03-07-2026_150430 (1).pdf | grupo_sem_mapa=SEM_GRUPO
[HOLD] file (41).pdf | grupo_sem_mapa=SEM_GRUPO
[HOLD] Comprovante-FA76D5F5-604F-42D1-AB38-B373A85E62BC.pdf | grupo_sem_mapa=SEM_GRUPO
[HOLD] comprovante_pix_enviado - 2026-07-01T115128.413.pdf | grupo_sem_mapa=SEM_GRUPO
[HOLD] COMPROVANTE AMD CAJU.pdf | grupo_sem_mapa=SEM_GRUPO
[HOLD] bradesco.pdf | grupo_sem_mapa=SEM_GRUPO
[HOLD] 1783079930023.pdf | grupo_sem_mapa=SEM_GRUPO
[HOLD] COMPROVANTE WALISSON (1).pdf | grupo_sem_mapa=SEM_GRUPO
[HOLD] Comprovante Walisson  (1).pdf | grupo_sem_mapa=SEM_GRUPO
[HOLD] 2026-07-01_140022.pdf | grupo_sem_mapa=SEM_GRUPO
[HOLD] 1783009609125.pdf | grupo_sem_mapa=SEM_GRUPO
[HOLD] 1782911345401.pdf | grupo_sem_mapa=SEM_GRUPO
[HOLD] 1782852390312 (1).pdf | grupo_sem_mapa=SEM_GRUPO
[HOLD] VALEG + OUT 03.07.2026.pdf | grupo_sem_mapa=SEM_GRUPO
[HOLD] Saldo  cliente 03.07.26.pdf | grupo_sem_mapa=SEM_GRUPO
[HOLD] Comprovante-7B59E269-DA9D-44A8-8988-F0DC89838211(1).pdf | grupo_sem_mapa=SEM_GRUPO
[HOLD] comprovante_pix_enviado - 2026-07-06T125407.038.pdf | grupo_sem_mapa=SEM_GRUPO
[HOLD] 2026-06-26_154931.pdf | grupo_sem_mapa=SEM_GRUPO
[HOLD] VALEG + OUT 06.07.2026(1).pdf | grupo_sem_mapa=SEM_GRUPO
[HOLD] Saldo  cliente 06.07.26(1).pdf | grupo_sem_mapa=SEM_GRUPO
[HOLD] Comprovante_09-06-2026 110851 (2)(1).pdf | grupo_sem_mapa=SEM_GRUPO
[HOLD] Comprovante-891783FF-BB3E-406E-A37C-B465BF4CD205.pdf | grupo_sem_mapa=SEM_GRUPO
[HOLD] COMPROVANTE ATO INDUSTRIA.pdf | grupo_sem_mapa=SEM_GRUPO
[HOLD] OCEANA_PF DA NF 17355_07.07.2026 (1).pdf | grupo_sem_mapa=SEM_GRUPO
[HOLD] doc01837320260707140304.pdf | grupo_sem_mapa=SEM_GRUPO
[HOLD] SICOOB_2026_06_07_13_24_49_PIX.pdf | grupo_sem_mapa=SEM_GRUPO
[HOLD] CLEEND ELETRONICOS - 06.07.pdf | grupo_sem_mapa=SEM_GRUPO
[HOLD] file (27) (1).pdf | grupo_sem_mapa=SEM_GRUPO
[HOLD] VALEG + OUT 07.07.2026.pdf | grupo_sem_mapa=SEM_GRUPO
[HOLD] Saldo  cliente 07.07.26.pdf | grupo_sem_mapa=SEM_GRUPO
[HOLD] 1783519102519.pdf | grupo_sem_mapa=SEM_GRUPO
[HOLD] Bradesco_08072026_125135.PDF | grupo_sem_mapa=SEM_GRUPO
[HOLD] comprovante_pix_enviado - 2026-07-07T155737.447.pdf | grupo_sem_mapa=SEM_GRUPO
[HOLD] Saldo  cliente 08.07.26.pdf | grupo_sem_mapa=SEM_GRUPO
[HOLD] VALEG + OUT 08.07.2026.pdf | grupo_sem_mapa=SEM_GRUPO
[HOLD] Comprovante Walisson  (2).pdf | grupo_sem_mapa=SEM_GRUPO
[HOLD] COMPROVANTE CAJU AMD.pdf | grupo_sem_mapa=SEM_GRUPO
[HOLD] sicredi_1783511331 (1).pdf | grupo_sem_mapa=SEM_GRUPO
[HOLD] Comprovante_10-07-2026_084059.pdf | grupo_sem_mapa=SEM_GRUPO
[HOLD] file (28) (1).pdf | grupo_sem_mapa=SEM_GRUPO
[HOLD] Comprovante_10-07-2026_094426.pdf | grupo_sem_mapa=SEM_GRUPO
[HOLD] 000difjgg1.pdf | grupo_sem_mapa=SEM_GRUPO
[HOLD] Comprovante Walisson 2 (1).pdf | grupo_sem_mapa=SEM_GRUPO
[HOLD] Comprovante Walisson (3).pdf | grupo_sem_mapa=SEM_GRUPO
[HOLD] Comprovante - 2026-07-13T142357.818.pdf | grupo_sem_mapa=SEM_GRUPO
[HOLD] Comprovante_20260708_122735.pdf | grupo_sem_mapa=SEM_GRUPO
[HOLD] Comprovante (50).pdf | grupo_sem_mapa=SEM_GRUPO
[HOLD] Comprovante_07-07-2026_164750.pdf | grupo_sem_mapa=SEM_GRUPO
[HOLD] Comprovante-4d373a68-e34b-4171-94b3-cca49558e7cd.pdf | grupo_sem_mapa=SEM_GRUPO
[HOLD] 000dg2xhcj.pdf | grupo_sem_mapa=SEM_GRUPO
[HOLD] mercadopago_comprovante_000.pdf | grupo_sem_mapa=SEM_GRUPO
[HOLD] VALEG + OUT 13.07.2026.pdf | grupo_sem_mapa=SEM_GRUPO
[HOLD] Saldo  cliente 13.07.26.pdf | grupo_sem_mapa=SEM_GRUPO
[HOLD] mercadopago_comprovante_000(1).pdf | grupo_sem_mapa=SEM_GRUPO
[HOLD] Comprovante_14-07-2026_094431.pdf | grupo_sem_mapa=SEM_GRUPO
[HOLD] doc01850020260713185029.pdf | grupo_sem_mapa=SEM_GRUPO
[HOLD] mercadopago_comprovante_000 (1).pdf | grupo_sem_mapa=SEM_GRUPO
[HOLD] 2026-07-14_140114.pdf | grupo_sem_mapa=SEM_GRUPO
[HOLD] Comprovante de Pagamento  (2).pdf | grupo_sem_mapa=SEM_GRUPO
[HOLD] SICOOB_2026_14_07_12_47_06_PIX.pdf | grupo_sem_mapa=SEM_GRUPO
[HOLD] VALEG + OUT 14.07.2026.pdf | grupo_sem_mapa=SEM_GRUPO
[HOLD] Saldo  cliente 14.07.26.pdf | grupo_sem_mapa=SEM_GRUPO
[HOLD] Dercio FEF 3923,88 AMD 14.7.26(1).pdf | grupo_sem_mapa=SEM_GRUPO
[HOLD] Joao Paulo 1400,00 14.7.26(1).pdf | grupo_sem_mapa=SEM_GRUPO
[HOLD] DK 2 cheq dev. 680,00 15.7.26 Comprovante(1).pdf | grupo_sem_mapa=SEM_GRUPO
[HOLD] DK cheq dev. 4200,00 15.7.26(1).pdf | grupo_sem_mapa=SEM_GRUPO
[HOLD] Comprovante-5323D23F-0AA0-454D-A243-099F76B7D361.pdf | grupo_sem_mapa=SEM_GRUPO
[HOLD] #4002 master comprovante-especial 4637,97 15.7.26(1).pdf | grupo_sem_mapa=SEM_GRUPO
[HOLD] VALEG + OUT 15.07.2026.pdf | grupo_sem_mapa=SEM_GRUPO
[HOLD] Saldo  cliente 15.07.26.pdf | grupo_sem_mapa=SEM_GRUPO
[HOLD] Joao Paulo 1750,00 AMD 16.7.26.pdf | grupo_sem_mapa=SEM_GRUPO
[HOLD] Cezar 2000,00 16.7.26.pdf | grupo_sem_mapa=SEM_GRUPO
[HOLD] 1784215283378.pdf | grupo_sem_mapa=SEM_GRUPO
[HOLD] comprovante_pix_enviado - 2026-07-16T143349.543.pdf | grupo_sem_mapa=SEM_GRUPO
[HOLD] 2 (3).pdf | grupo_sem_mapa=SEM_GRUPO
[HOLD] Comprovante-3D6BE573-A576-42BB-BD27-B3574E8CC1AD.pdf | grupo_sem_mapa=SEM_GRUPO
[HOLD] comprovante_pix_enviado - 2026-07-15T115834.934.pdf | grupo_sem_mapa=SEM_GRUPO
[HOLD] mercadopago_comprovante_000 (2).pdf | grupo_sem_mapa=SEM_GRUPO
[HOLD] 000dmzqyvh.pdf | grupo_sem_mapa=SEM_GRUPO
[HOLD] comprovante_picpay_PIX_14072026165845.pdf | grupo_sem_mapa=SEM_GRUPO
[HOLD] leo Emerson 1842,66 #4054.pdf | grupo_sem_mapa=SEM_GRUPO
[HOLD] VALEG + OUT 16.07.2026.pdf | grupo_sem_mapa=SEM_GRUPO
[HOLD] Saldo  cliente 16.07.26.pdf | grupo_sem_mapa=SEM_GRUPO
[HOLD] Comprovante DK 3 cheques devolvido 1692,00 CLEEND 16.7.26.pdf | grupo_sem_mapa=SEM_GRUPO
[HOLD] 1784304412458.pdf | grupo_sem_mapa=SEM_GRUPO
[HOLD] 17072026_Comprovante Pagamento_1_DIAMOND SERVICES LTDA_15.000,00.pdf | grupo_sem_mapa=SEM_GRUPO
[HOLD] 17072026_Comprovante Pagamento_2_DIAMOND SERVICES LTDA_15.000,00.pdf | grupo_sem_mapa=SEM_GRUPO
[HOLD] 17072026_Comprovante Pagamento_3_DIAMOND SERVICES LTDA_15.000,00.pdf | grupo_sem_mapa=SEM_GRUPO
[HOLD] 17072026_Comprovante Pagamento_4_DIAMOND SERVICES LTDA_15.000,00.pdf | grupo_sem_mapa=SEM_GRUPO
[HOLD] Comprovante (51)(1).pdf | grupo_sem_mapa=SEM_GRUPO
[HOLD] bradesco (2)(1).pdf | grupo_sem_mapa=SEM_GRUPO
[HOLD] cometa 230,00 17.7.26.pdf | grupo_sem_mapa=SEM_GRUPO
[HOLD] Cezar 5000,00 17.7.26.pdf | grupo_sem_mapa=SEM_GRUPO
[HOLD] VALEG + OUT 17.07.2026.pdf | grupo_sem_mapa=SEM_GRUPO
[HOLD] Saldo  cliente 17.07.26.pdf | grupo_sem_mapa=SEM_GRUPO
[HOLD] comprovante.pdf | grupo_sem_mapa=SEM_GRUPO
[HOLD] comprovante(1).pdf | grupo_sem_mapa=SEM_GRUPO
[HOLD] file (43)(1).pdf | grupo_sem_mapa=SEM_GRUPO
[HOLD] comprovante_pix_enviado - 2026-07-17T103645.241.pdf | grupo_sem_mapa=SEM_GRUPO
[HOLD] mercadopago_comprovante_000 (3).pdf | grupo_sem_mapa=SEM_GRUPO
[HOLD] Comprovante (58).pdf | grupo_sem_mapa=SEM_GRUPO
[HOLD] 1784290557010.pdf | grupo_sem_mapa=SEM_GRUPO
[HOLD] 2026-07-17_133208.pdf | grupo_sem_mapa=SEM_GRUPO
[SCAN] reconcile complete | queued_or_refreshed=0
[HOLD] 000dqc2lez.pdf | grupo_sem_mapa=SEM_GRUPO
[HOLD] 000dq19idn.pdf | grupo_sem_mapa=SEM_GRUPO
[HOLD] 000dojykeo (1).pdf | grupo_sem_mapa=SEM_GRUPO
[HOLD] COMPROVANTE AMD CAJU (1).pdf | grupo_sem_mapa=SEM_GRUPO
[HOLD] mercadopago_comprovante_000 (2) (1).pdf | grupo_sem_mapa=SEM_GRUPO
[HOLD] 1784572132926.pdf | grupo_sem_mapa=SEM_GRUPO
[HOLD] 2026_07_20_16_36_33_857_receipt(1).pdf | grupo_sem_mapa=SEM_GRUPO
[HOLD] Comprovante-b82ce657-ea1c-4563-a02d-226ab206506a.pdf | grupo_sem_mapa=SEM_GRUPO
[HOLD] VALEG + OUT 20.07.2026.pdf | grupo_sem_mapa=SEM_GRUPO
[HOLD] Saldo  cliente 20.07.26.pdf | grupo_sem_mapa=SEM_GRUPO
[HOLD] VALEG + OUT 21.07.2026.pdf | grupo_sem_mapa=SEM_GRUPO
[HOLD] Saldo  cliente 21.07.26.pdf | grupo_sem_mapa=SEM_GRUPO
[HOLD] doc01870920260721162844.pdf | grupo_sem_mapa=SEM_GRUPO
[HOLD] 1784656972118.pdf | grupo_sem_mapa=SEM_GRUPO
[HOLD] sicredi_1784634885.pdf | grupo_sem_mapa=SEM_GRUPO
[HOLD] 000dudq0ah.pdf | grupo_sem_mapa=SEM_GRUPO
[HOLD] 000dud1dwf.pdf | grupo_sem_mapa=SEM_GRUPO
[HOLD] comprovante_picpay_PIX_21072026120717.pdf | grupo_sem_mapa=SEM_GRUPO
[HOLD] COMPROVANTE AMD CAJU (3).pdf | grupo_sem_mapa=SEM_GRUPO
[HOLD] Comprovante_21-07-2026 115821.pdf | grupo_sem_mapa=SEM_GRUPO
[HOLD] COMPROVANTE AMD CAJU (2).pdf | grupo_sem_mapa=SEM_GRUPO
[HOLD] Comprovante Iris .pdf | grupo_sem_mapa=SEM_GRUPO
[HOLD] Comprovante-0ee7f56a-970c-4c58-85de-b4d55025bdff.pdf | grupo_sem_mapa=SEM_GRUPO
[HOLD] mercadopago_comprovante_000 (3) (1).pdf | grupo_sem_mapa=SEM_GRUPO
[HOLD] 000dmyhbk4.pdf | grupo_sem_mapa=SEM_GRUPO
[HOLD] GCC ZIPER (1).PDF | grupo_sem_mapa=SEM_GRUPO
[HOLD] Saldo  cliente 22.07.26.pdf | grupo_sem_mapa=SEM_GRUPO
[HOLD] VALEG + OUT 22.07.2026.pdf | grupo_sem_mapa=SEM_GRUPO
[HOLD] file.pdf | grupo_sem_mapa=SEM_GRUPO
[HOLD] VALEG + OUT 23.07.2026.pdf | grupo_sem_mapa=SEM_GRUPO
[HOLD] Saldo  cliente 23.07.26.pdf | grupo_sem_mapa=SEM_GRUPO
[HOLD] Comprovante-578422ea-53ff-4bf5-abbd-e0a77247e584.pdf | grupo_sem_mapa=SEM_GRUPO
[HOLD] comprovante TMS 1.pdf | grupo_sem_mapa=SEM_GRUPO
[HOLD] Comprovante - 2026-07-23T140812.971.pdf | grupo_sem_mapa=SEM_GRUPO
[HOLD] Comprovante (60).pdf | grupo_sem_mapa=SEM_GRUPO
[HOLD] Comprovante-60ac02fc-c99c-4893-b884-3acfc07164db.pdf | grupo_sem_mapa=SEM_GRUPO
[HOLD] 1506403 comprovante .pdf | grupo_sem_mapa=SEM_GRUPO
[HOLD] doc01877220260724172901.pdf | grupo_sem_mapa=SEM_GRUPO
[HOLD] 1784899323032.pdf | grupo_sem_mapa=SEM_GRUPO
[HOLD] comprovante Tasnim  (2).pdf | grupo_sem_mapa=SEM_GRUPO
[HOLD] 1506303 comprovante .pdf | grupo_sem_mapa=SEM_GRUPO
[HOLD] 2026-07-23_115518.pdf | grupo_sem_mapa=SEM_GRUPO
[HOLD] comprovante Tasnim 2.pdf | grupo_sem_mapa=SEM_GRUPO
[HOLD] Comprovante-75454bcd-3d6c-4153-bbc5-8585cd46eca7.pdf | grupo_sem_mapa=SEM_GRUPO
[HOLD] comprovante_pix_enviado - 2026-07-21T111016.950.pdf | grupo_sem_mapa=SEM_GRUPO
[HOLD] Comprovante-90fbc331-36af-4981-91ef-8eab7a5f32da.pdf | grupo_sem_mapa=SEM_GRUPO
[HOLD] VALEG + OUT 24.07.2026.pdf | grupo_sem_mapa=SEM_GRUPO
[HOLD] Saldo  cliente 24.07.26.pdf | grupo_sem_mapa=SEM_GRUPO
[HOLD] COMPROVANTE -AMD REPRESENTACOES E SERVICOS LTDA -43.000,00.pdf | grupo_sem_mapa=SEM_GRUPO
[HOLD] COMPROVANTE -AMD REPRESENTACOES E SERVICOS LTDA-27.000,00.pdf | grupo_sem_mapa=SEM_GRUPO
[HOLD] Bradesco_27072026_UM 22500,00 AMD REPRES.(1).pdf | grupo_sem_mapa=SEM_GRUPO
[HOLD] comprovante (61).pdf | grupo_sem_mapa=SEM_GRUPO
[HOLD] 1785170662672.pdf | grupo_sem_mapa=SEM_GRUPO
[HOLD] comprovante2.pdf | grupo_sem_mapa=SEM_GRUPO
[HOLD] comprovante2026-07-21_100635 (1).pdf | grupo_sem_mapa=SEM_GRUPO
[HOLD] Comprovante_20260723_084240.pdf | grupo_sem_mapa=SEM_GRUPO
[HOLD] SICOOB_2026_21_07_06_27_10_PIX.pdf | grupo_sem_mapa=SEM_GRUPO
[HOLD] SantanderComprovantes (54).pdf | grupo_sem_mapa=SEM_GRUPO
[HOLD] OCEANA_PF DA NF 17702_24.07.2026.pdf | grupo_sem_mapa=SEM_GRUPO
[HOLD] Comprovante - 2026-07-24T143148.993.pdf | grupo_sem_mapa=SEM_GRUPO
[HOLD] VALEG + OUT 27.07.2026.pdf | grupo_sem_mapa=SEM_GRUPO
[HOLD] Saldo  cliente 27.07.26.pdf | grupo_sem_mapa=SEM_GRUPO
[SCAN] reconcile complete | queued_or_refreshed=0
[INFO] zipe.pdf | grupo_sem_mapa=SEM_GRUPO mas prosseguindo (abertura manual/file_transfer)
[OK] zipe.pdf | cliente=- | banco=CLEEND | valor=668.0 | data=02/07/2026 08:55 | sink=staged | resolution=file_pdf | verification=CONFIRMADO | manual_open_to_claim_ms=481520 | open_ms=14 | prep_ms=0 | ocr_ms=0 | parse_ms=1 | manual_open_to_ingest_ms=481539
[SINK] committed | file_id=1df4ab24202d4b0da93302feb62ff84842270027 | msg=- | talker=- | create_time=0 | sheet=Página1 | row=198 | ingest_to_commit_ms=1556 | manual_open_to_commit_ms=483094
[INFO] SICOOB_2026_26_06_07_33_07_PIX.pdf | grupo_sem_mapa=SEM_GRUPO mas prosseguindo (abertura manual/file_transfer)
[OK] SICOOB_2026_26_06_07_33_07_PIX.pdf | cliente=- | banco=CLEEND | valor=361.68 | data=26/06/2026 07:33 | sink=staged | resolution=file_pdf | verification=CONFIRMADO | manual_open_to_claim_ms=483470 | open_ms=58 | prep_ms=32 | ocr_ms=1780 | parse_ms=2 | manual_open_to_ingest_ms=485355
[SINK] committed | file_id=4861fa0ba4e88ccb7a86ab1f7aa08af52920062a | msg=- | talker=- | create_time=0 | sheet=Página1 | row=199 | ingest_to_commit_ms=1061 | manual_open_to_commit_ms=486416
[INFO] SICOOB_2026_01_07_07_03_13_PIX.pdf | grupo_sem_mapa=SEM_GRUPO mas prosseguindo (abertura manual/file_transfer)
[OK] SICOOB_2026_01_07_07_03_13_PIX.pdf | cliente=- | banco=CLEEND | valor=6240.0 | data=01/07/2026 07:03 | sink=staged | resolution=file_pdf | verification=CONFIRMADO | manual_open_to_claim_ms=486534 | open_ms=33 | prep_ms=30 | ocr_ms=1814 | parse_ms=1 | manual_open_to_ingest_ms=488424
[SINK] committed | file_id=38f1a8eeaf39dee855cfa39e8081002d22eb5210 | msg=- | talker=- | create_time=0 | sheet=Página1 | row=200 | ingest_to_commit_ms=1253 | manual_open_to_commit_ms=489676
[INFO] sicredi_1783022054352.pdf | grupo_sem_mapa=SEM_GRUPO mas prosseguindo (abertura manual/file_transfer)
[OK] sicredi_1783022054352.pdf | cliente=- | banco=AMD | valor=904.17 | data=02/07/2026 16:54 | sink=staged | resolution=file_pdf | verification=CONFIRMADO | manual_open_to_claim_ms=489684 | open_ms=3 | prep_ms=0 | ocr_ms=0 | parse_ms=1 | manual_open_to_ingest_ms=489692
[SINK] committed | file_id=6f00181f27c0071570ca9d606e45739fe713960a | msg=- | talker=- | create_time=0 | sheet=Página1 | row=201 | ingest_to_commit_ms=1264 | manual_open_to_commit_ms=490957
[INFO] sicredi_1782912520364.pdf | grupo_sem_mapa=SEM_GRUPO mas prosseguindo (abertura manual/file_transfer)
[OK] sicredi_1782912520364.pdf | cliente=- | banco=CLEEND | valor=1008.0 | data=01/07/2026 10:28 | sink=staged | resolution=file_pdf | verification=CONFIRMADO | manual_open_to_claim_ms=491009 | open_ms=4 | prep_ms=0 | ocr_ms=0 | parse_ms=2 | manual_open_to_ingest_ms=491018
[SINK] committed | file_id=be8fdafa98ec49461a2ec2798d11503980f7e988 | msg=- | talker=- | create_time=0 | sheet=Página1 | row=202 | ingest_to_commit_ms=1496 | manual_open_to_commit_ms=492514
[INFO] SantanderComprovantes (2).pdf | grupo_sem_mapa=SEM_GRUPO mas prosseguindo (abertura manual/file_transfer)
[OK] SantanderComprovantes (2).pdf | cliente=- | banco=AMD | valor=18333.33 | data=01/07/2026 18:03 | sink=staged | resolution=file_pdf | verification=CONFIRMADO | manual_open_to_claim_ms=492650 | open_ms=119 | prep_ms=98 | ocr_ms=1764 | parse_ms=1 | manual_open_to_ingest_ms=494663
[SINK] committed | file_id=1267c297a95ca17997cbb8fb503c0975d8ea4ac4 | msg=- | talker=- | create_time=0 | sheet=Página1 | row=203 | ingest_to_commit_ms=1066 | manual_open_to_commit_ms=495729
[INFO] comprovante_picpay_pix_01-07-2026-16-10-33 (1).pdf | grupo_sem_mapa=SEM_GRUPO mas prosseguindo (abertura manual/file_transfer)
[OK] comprovante_picpay_pix_01-07-2026-16-10-33 (1).pdf | cliente=- | banco=AMD | valor=962.55 | data=01/07/2026 16:10 | sink=staged | resolution=file_pdf | verification=CONFIRMADO | manual_open_to_claim_ms=496430 | open_ms=3 | prep_ms=0 | ocr_ms=0 | parse_ms=1 | manual_open_to_ingest_ms=496437
[SINK] committed | file_id=7671c0e0382bef30593389d6ee5dcbe83ebb09b8 | msg=- | talker=- | create_time=0 | sheet=Página1 | row=204 | ingest_to_commit_ms=902 | manual_open_to_commit_ms=497339
[INFO] Comprovante_03-07-2026_150430 (1).pdf | grupo_sem_mapa=SEM_GRUPO mas prosseguindo (abertura manual/file_transfer)
[OK] Comprovante_03-07-2026_150430 (1).pdf | cliente=- | banco=CLEEND | valor=1000.0 | data=03/07/2026 15:04 | sink=staged | resolution=file_pdf | verification=CONFIRMADO | manual_open_to_claim_ms=497485 | open_ms=4 | prep_ms=0 | ocr_ms=0 | parse_ms=2 | manual_open_to_ingest_ms=497495
[SINK] committed | file_id=856f1aa4c831d46f1ce6d59fc8d9f38d2f40e70e | msg=- | talker=- | create_time=0 | sheet=Página1 | row=205 | ingest_to_commit_ms=1084 | manual_open_to_commit_ms=498579
[INFO] file (41).pdf | grupo_sem_mapa=SEM_GRUPO mas prosseguindo (abertura manual/file_transfer)
[OK] file (41).pdf | cliente=- | banco=AMD | valor=5400.0 | data=03/07/2026 08:42 | sink=staged | resolution=file_pdf | verification=CONFIRMADO | manual_open_to_claim_ms=498327 | open_ms=3 | prep_ms=0 | ocr_ms=0 | parse_ms=1 | manual_open_to_ingest_ms=498334
[SINK] committed | file_id=8bc80fe072ade8b16bc75e7b45167083cff5c402 | msg=- | talker=- | create_time=0 | sheet=Página1 | row=206 | ingest_to_commit_ms=950 | manual_open_to_commit_ms=499284
[INFO] Comprovante-FA76D5F5-604F-42D1-AB38-B373A85E62BC.pdf | grupo_sem_mapa=SEM_GRUPO mas prosseguindo (abertura manual/file_transfer)
[OK] Comprovante-FA76D5F5-604F-42D1-AB38-B373A85E62BC.pdf | cliente=- | banco=AMD | valor=1210.0 | data=01/07/2026 13:47 | sink=staged | resolution=file_pdf | verification=CONFIRMADO | manual_open_to_claim_ms=499687 | open_ms=12 | prep_ms=0 | ocr_ms=0 | parse_ms=2 | manual_open_to_ingest_ms=499703
[SINK] committed | file_id=f12396c463dff59c8b4ebaefef428f2c33c044c8 | msg=- | talker=- | create_time=0 | sheet=Página1 | row=207 | ingest_to_commit_ms=1009 | manual_open_to_commit_ms=500712
[INFO] comprovante_pix_enviado - 2026-07-01T115128.413.pdf | grupo_sem_mapa=SEM_GRUPO mas prosseguindo (abertura manual/file_transfer)
[OK] comprovante_pix_enviado - 2026-07-01T115128.413.pdf | cliente=- | banco=CLEEND | valor=3575.2 | data=01/07/2026 11:51 | sink=staged | resolution=file_pdf | verification=CONFIRMADO | manual_open_to_claim_ms=500592 | open_ms=65 | prep_ms=43 | ocr_ms=2464 | parse_ms=1 | manual_open_to_ingest_ms=503177
[SINK] committed | file_id=c4f4014b7532e6eb682da1fdba2905e27dcc69c9 | msg=- | talker=- | create_time=0 | sheet=Página1 | row=208 | ingest_to_commit_ms=1137 | manual_open_to_commit_ms=504315
[INFO] COMPROVANTE AMD CAJU.pdf | grupo_sem_mapa=SEM_GRUPO mas prosseguindo (abertura manual/file_transfer)
[OK] COMPROVANTE AMD CAJU.pdf | cliente=- | banco=AMD | valor=757.0 | data=02/07/2026 14:19 | sink=staged | resolution=file_pdf | verification=CONFIRMADO | manual_open_to_claim_ms=504813 | open_ms=4 | prep_ms=0 | ocr_ms=0 | parse_ms=1 | manual_open_to_ingest_ms=504820
[SINK] committed | file_id=211b7590d133becb82040d1dba16178055642a58 | msg=- | talker=- | create_time=0 | sheet=Página1 | row=209 | ingest_to_commit_ms=892 | manual_open_to_commit_ms=505712
[INFO] bradesco.pdf | grupo_sem_mapa=SEM_GRUPO mas prosseguindo (abertura manual/file_transfer)
[OK] bradesco.pdf | cliente=- | banco=CLEEND | valor=1260.0 | data=26/06/2026 17:56 | sink=staged | resolution=file_pdf | verification=CONFIRMADO | manual_open_to_claim_ms=505983 | open_ms=3 | prep_ms=0 | ocr_ms=0 | parse_ms=1 | manual_open_to_ingest_ms=505988
[SINK] committed | file_id=03019a839cccf14a43a829211708d1a95e3fa127 | msg=- | talker=- | create_time=0 | sheet=Página1 | row=210 | ingest_to_commit_ms=937 | manual_open_to_commit_ms=506926
[INFO] 1783079930023.pdf | grupo_sem_mapa=SEM_GRUPO mas prosseguindo (abertura manual/file_transfer)
[OK] 1783079930023.pdf | cliente=- | banco=CLEEND | valor=1333.8 | data=03/07/2026 08:58 | sink=staged | resolution=file_pdf | verification=CONFIRMADO | manual_open_to_claim_ms=507171 | open_ms=3 | prep_ms=0 | ocr_ms=0 | parse_ms=1 | manual_open_to_ingest_ms=507179
[SINK] committed | file_id=53e10d7c547d4c4259bcf95307351e2964b11d0e | msg=- | talker=- | create_time=0 | sheet=Página1 | row=211 | ingest_to_commit_ms=849 | manual_open_to_commit_ms=508028
[INFO] COMPROVANTE WALISSON (1).pdf | grupo_sem_mapa=SEM_GRUPO mas prosseguindo (abertura manual/file_transfer)
[OK] COMPROVANTE WALISSON (1).pdf | cliente=- | banco=CLEEND | valor=840.6 | data=01/07/2026 08:33 | sink=staged | resolution=file_pdf | verification=CONFIRMADO | manual_open_to_claim_ms=507555 | open_ms=2 | prep_ms=0 | ocr_ms=0 | parse_ms=1 | manual_open_to_ingest_ms=507562
[SINK] committed | file_id=0431e15417393ac5eb7dd7037f0ff208c7f1f5d2 | msg=- | talker=- | create_time=0 | sheet=Página1 | row=212 | ingest_to_commit_ms=844 | manual_open_to_commit_ms=508407
[INFO] Comprovante Walisson  (1).pdf | grupo_sem_mapa=SEM_GRUPO mas prosseguindo (abertura manual/file_transfer)
[OK] Comprovante Walisson  (1).pdf | cliente=- | banco=CLEEND | valor=666.0 | data=02/07/2026 09:25 | sink=staged | resolution=file_pdf | verification=CONFIRMADO | manual_open_to_claim_ms=508491 | open_ms=3 | prep_ms=0 | ocr_ms=0 | parse_ms=2 | manual_open_to_ingest_ms=508500
[SINK] committed | file_id=e34cce0b453cc18a262b51fc17040add75acfb02 | msg=- | talker=- | create_time=0 | sheet=Página1 | row=213 | ingest_to_commit_ms=950 | manual_open_to_commit_ms=509449
[INFO] 2026-07-01_140022.pdf | grupo_sem_mapa=SEM_GRUPO mas prosseguindo (abertura manual/file_transfer)
[OK] 2026-07-01_140022.pdf | cliente=- | banco=CLEEND | valor=9282.24 | data=01/07/2026 14:00 | sink=staged | resolution=file_pdf | verification=CONFIRMADO | manual_open_to_claim_ms=509881 | open_ms=3 | prep_ms=0 | ocr_ms=0 | parse_ms=1 | manual_open_to_ingest_ms=509887
[SINK] committed | file_id=a504954c8d4c7986191af54908c1d1db28be3cec | msg=- | talker=- | create_time=0 | sheet=Página1 | row=214 | ingest_to_commit_ms=829 | manual_open_to_commit_ms=510716
[INFO] 1783009609125.pdf | grupo_sem_mapa=SEM_GRUPO mas prosseguindo (abertura manual/file_transfer)
[OK] 1783009609125.pdf | cliente=- | banco=CLEEND | valor=19665.0 | data=02/07/2026 13:26 | sink=staged | resolution=file_pdf | verification=CONFIRMADO | manual_open_to_claim_ms=510906 | open_ms=3 | prep_ms=0 | ocr_ms=0 | parse_ms=1 | manual_open_to_ingest_ms=510914
